id,認可年月日,認可年月日_和暦,区分,種別,銘柄,銘柄_正規化,製品の区分,内容量,単位,原産国,小売定価_円,改定前定価_円,実施日,出典PDF,出典ページ,抽出精度
05193e9d82d2fc82,2026-09-16,令和8年9月16日,認可,加熱式たばこ,ｾﾝﾃｨｱ･ｸﾞﾚｰﾌﾟﾌﾙｰﾂ･ｶﾌﾟｾﾙ,センティアグレープフルーツカプセル,ﾊｰﾄﾞﾊﾟｯｸ,,,ﾙｰﾏﾆｱｷﾞﾘｼｬ,590,,,https://www.mof.go.jp/policy/tab_salt/topics/20260916_kouriteika.pdf,1,高
688d15169c28a66e,2026-09-14,令和8年9月14日,変更認可,葉巻たばこ,ｴﾙ･ｶﾞｳﾁｮ･ｽｸｴｱ,エルガウチョスクエア,150mm 1本,1,本,ｲﾝﾄﾞﾈｼｱ,2500,,,https://www.mof.go.jp/policy/tab_salt/topics/20260914_kouriteika.pdf,1,高
c82f96324540b464,2026-09-14,令和8年9月14日,変更認可,かぎたばこ,ﾍﾞﾛ･ﾏﾝｺﾞｰ･ｱｲｽ･ﾐﾃﾞｨｱﾑ,ベロマンゴーアイスミディアム,15個缶,15,個,ﾊﾟｷｽﾀﾝ,380,,,https://www.mof.go.jp/policy/tab_salt/topics/20260914_kouriteika.pdf,1,高
6e8e2c5aa96d7ca4,2026-09-14,令和8年9月14日,変更認可,かぎたばこ,ﾍﾞﾛ ･ｱｲｼｰ･ﾍﾞﾘｰｽﾞ ･ｲﾝﾃﾝｽ,ベロアイシーベリーズインテンス,15個缶,15,個,ﾊﾟｷｽﾀﾝ,380,360,2026-11-01,https://www.mof.go.jp/policy/tab_salt/topics/20260914_kouriteikahenkou.pdf,1,中
51b522ebb703b1a2,2026-09-14,令和8年9月14日,変更認可,かぎたばこ,ﾍﾞﾛ ･ｱｲｼｰ･ﾍﾞﾘｰｽﾞ ･ｴｯｸｽｲﾝﾃﾝｽ,ベロアイシーベリーズエックスインテンス,15個缶,15,個,ﾊﾟｷｽﾀﾝ,380,360,2026-11-01,https://www.mof.go.jp/policy/tab_salt/topics/20260914_kouriteikahenkou.pdf,1,中
6f156085e44eb290,2026-09-14,令和8年9月14日,変更認可,かぎたばこ,ﾍﾞﾛ ･ｸﾞﾙｰﾋﾞｰ･ｸﾞﾚｰﾌﾟ ･ｲﾝﾃﾝｽ,ベログルービーグレープインテンス,15個缶,15,個,ﾊﾟｷｽﾀﾝ,380,360,2026-11-01,https://www.mof.go.jp/policy/tab_salt/topics/20260914_kouriteikahenkou.pdf,1,高
c2b6f253e0d618ae,2026-09-14,令和8年9月14日,変更認可,かぎたばこ,ﾍﾞﾛ ･ｸﾞﾙｰﾋﾞｰ･ｸﾞﾚｰﾌﾟ ･ﾐﾃﾞｨｱﾑ,ベログルービーグレープミディアム,15個缶,15,個,ﾊﾟｷｽﾀﾝ,380,360,2026-11-01,https://www.mof.go.jp/policy/tab_salt/topics/20260914_kouriteikahenkou.pdf,1,中
f5076d38b7483b04,2026-09-14,令和8年9月14日,変更認可,かぎたばこ,ﾍﾞﾛ ･ｽﾋﾟｯﾌｨｰ･ｽﾍﾟｱﾐﾝﾄ ･ｲﾝﾃﾝｽ,ベロスピッフィースペアミントインテンス,15個缶,15,個,ﾊﾟｷｽﾀﾝ,380,360,2026-11-01,https://www.mof.go.jp/policy/tab_salt/topics/20260914_kouriteikahenkou.pdf,1,中
77982d11f2332337,2026-09-14,令和8年9月14日,変更認可,かぎたばこ,ﾍﾞﾛ ･ｽﾋﾟｯﾌｨｰ･ｽﾍﾟｱﾐﾝﾄ ･ｴｯｸｽｲﾝﾃﾝｽ,ベロスピッフィースペアミントエックスインテンス,15個缶,15,個,ﾊﾟｷｽﾀﾝ,380,360,2026-11-01,https://www.mof.go.jp/policy/tab_salt/topics/20260914_kouriteikahenkou.pdf,1,中
b6d50b58fdd9e45c,2026-09-14,令和8年9月14日,変更認可,かぎたばこ,ﾍﾞﾛ ･ｽﾋﾟｯﾌｨｰ･ｽﾍﾟｱﾐﾝﾄ ･ﾐﾃﾞｨｱﾑ,ベロスピッフィースペアミントミディアム,15個缶,15,個,ﾊﾟｷｽﾀﾝ,380,360,2026-11-01,https://www.mof.go.jp/policy/tab_salt/topics/20260914_kouriteikahenkou.pdf,1,中
6eb9fea92ea27cc3,2026-09-14,令和8年9月14日,変更認可,かぎたばこ,ﾍﾞﾛ ･ｽﾑｰｽ･ﾍﾟﾊﾟｰﾐﾝﾄ･ﾐﾃﾞｨｱﾑ ･ｴｯｸｽｲﾝﾃﾝｽ,ベロスムースペパーミントミディアムエックスインテンス,15個缶,15,個,ﾊﾟｷｽﾀﾝ,380,360,2026-11-01,https://www.mof.go.jp/policy/tab_salt/topics/20260914_kouriteikahenkou.pdf,1,中
b74fbd9690366ded,2026-09-14,令和8年9月14日,変更認可,かぎたばこ,ﾍﾞﾛ ･ﾌﾞﾗｯｼｰ･ﾍﾞﾘｰ ･ｲﾝﾃﾝｽ,ベロブラッシーベリーインテンス,15個缶,15,個,ﾊﾟｷｽﾀﾝ,380,360,2026-11-01,https://www.mof.go.jp/policy/tab_salt/topics/20260914_kouriteikahenkou.pdf,1,中
58e2a89b958df79e,2026-09-14,令和8年9月14日,変更認可,かぎたばこ,ﾍﾞﾛ ･ﾌﾞﾗｯｼｰ･ﾍﾞﾘｰ ･ｴｯｸｽｲﾝﾃﾝｽ,ベロブラッシーベリーエックスインテンス,15個缶,15,個,ﾊﾟｷｽﾀﾝ,380,360,2026-11-01,https://www.mof.go.jp/policy/tab_salt/topics/20260914_kouriteikahenkou.pdf,1,中
0baf5042d8716bdb,2026-09-14,令和8年9月14日,変更認可,かぎたばこ,ﾍﾞﾛ ･ﾌﾞﾗｯｼｰ･ﾍﾞﾘｰ ･ﾐﾃﾞｨｱﾑ,ベロブラッシーベリーミディアム,15個缶,15,個,ﾊﾟｷｽﾀﾝ,380,360,2026-11-01,https://www.mof.go.jp/policy/tab_salt/topics/20260914_kouriteikahenkou.pdf,1,中
8959bf19be0ede9e,2026-09-14,令和8年9月14日,変更認可,かぎたばこ,ﾍﾞﾛ ･ﾏｲﾃｨｰ･ﾍﾟﾊﾟｰﾐﾝﾄ ･ｲﾝﾃﾝｽ,ベロマイティーペパーミントインテンス,15個缶,15,個,ﾊﾟｷｽﾀﾝ,380,360,2026-11-01,https://www.mof.go.jp/policy/tab_salt/topics/20260914_kouriteikahenkou.pdf,1,中
15d875df4d18b0a1,2026-09-14,令和8年9月14日,変更認可,かぎたばこ,ﾍﾞﾛ ･ﾏｲﾃｨｰ･ﾍﾟﾊﾟｰﾐﾝﾄ ･ｴｯｸｽｲﾝﾃﾝｽ,ベロマイティーペパーミントエックスインテンス,15個缶,15,個,ﾊﾟｷｽﾀﾝ,380,360,2026-11-01,https://www.mof.go.jp/policy/tab_salt/topics/20260914_kouriteikahenkou.pdf,1,中
823d5e147097a00e,2026-09-09,令和8年9月9日,変更認可,葉巻たばこ,Flor de Oliva 550 G 450 Robusto Round,FLORDEOLIVA550G450ROBUSTOROUND,114mm 1本,1,本,ﾆｶﾗｸﾞｱ,1540,,,https://www.mof.go.jp/policy/tab_salt/topics/20260909_kouriteika.pdf,1,高
0af5181ef0ea8866,2026-09-09,令和8年9月9日,変更認可,葉巻たばこ,Flor de Oliva 550 Maduro Robusto,FLORDEOLIVA550MADUROROBUSTO,127mm 1本,1,本,ﾆｶﾗｸﾞｱ,1320,,,https://www.mof.go.jp/policy/tab_salt/topics/20260909_kouriteika.pdf,1,高
e7b74d7dd1bad19d,2026-09-09,令和8年9月9日,変更認可,葉巻たばこ,Flor de Oliva 550 Robusto,FLORDEOLIVA550ROBUSTO,127mm 1本,1,本,ﾆｶﾗｸﾞｱ,1210,,,https://www.mof.go.jp/policy/tab_salt/topics/20260909_kouriteika.pdf,1,高
83c6a72f8def542e,2026-09-09,令和8年9月9日,変更認可,葉巻たばこ,Oliva Serie G 438 Petit Corona,OLIVASERIEG438PETITCORONA,100mm 1本,1,本,ﾆｶﾗｸﾞｱ,1210,,,https://www.mof.go.jp/policy/tab_salt/topics/20260909_kouriteika.pdf,1,高
9328bc5241f31ddb,2026-09-09,令和8年9月9日,変更認可,葉巻たばこ,Oliva Serie O 438 Petit Corona,OLIVASERIEO438PETITCORONA,100mm 1本,1,本,ﾆｶﾗｸﾞｱ,1320,,,https://www.mof.go.jp/policy/tab_salt/topics/20260909_kouriteika.pdf,1,高
cbc6d6df4654ad25,2026-09-09,令和8年9月9日,変更認可,パイプたばこ,ｺｯﾌﾟ･ﾘﾐﾃｯﾄﾞ ｴﾃﾞｨｼｮﾝ A CABANA,コップリミテッドエディションACABANA,100.0g缶,100,g,ﾄﾞｲﾂ,6000,,,https://www.mof.go.jp/policy/tab_salt/topics/20260909_kouriteika.pdf,1,高
871be52b592e0e4a,2026-09-09,令和8年9月9日,変更認可,パイプたばこ,ｺｯﾌﾟ･ﾘﾐﾃｯﾄﾞ ｴﾃﾞｨｼｮﾝ AHOY,コップリミテッドエディションAHOY,100.0g缶,100,g,ﾄﾞｲﾂ,6000,,,https://www.mof.go.jp/policy/tab_salt/topics/20260909_kouriteika.pdf,1,中
a7d66c68b6d63161,2026-09-09,令和8年9月9日,変更認可,パイプたばこ,ｼﾞｮﾝｴｲﾙｽﾞﾍﾞﾘｰ･ｳｲﾝﾀｰｴﾃﾞｨｼｮﾝ V Melanio 135 Aniversario 2026,ジョンエイルズベリーウインターエディションVMELANIO135ANIVERSARIO2026,140mm 1本,1,本,ﾄﾞｲﾂ,3520,,,https://www.mof.go.jp/policy/tab_salt/topics/20260909_kouriteika.pdf,1,高
6a8ff1866d5080fe,2026-09-09,令和8年9月9日,変更認可,紙巻たばこ,ﾃﾞｨｰｼﾞｪｰ ﾐｯｸｽ ｻｲｺﾞﾝ ･ｱｲｼｰﾋﾟﾝｸ,ディージェーミックスサイゴンアイシーピンク,ﾊｰﾄﾞﾊﾟｯｸFK 20本,20,本,ﾍﾞﾄﾅﾑ,550,,,https://www.mof.go.jp/policy/tab_salt/topics/20260909_kouriteika.pdf,1,中
35b1ddc9696c054d,2026-09-09,令和8年9月9日,変更認可,紙巻たばこ,ﾃﾞｨｰｼﾞｪｰ ﾐｯｸｽ ｻｲｺﾞﾝ ･ｱｲｼｰﾌﾞﾙｰ,ディージェーミックスサイゴンアイシーブルー,ﾊｰﾄﾞﾊﾟｯｸFK 20本,20,本,ﾍﾞﾄﾅﾑ,550,,,https://www.mof.go.jp/policy/tab_salt/topics/20260909_kouriteika.pdf,1,高
9ce0f370485eb020,2026-09-08,令和8年9月8日,変更認可,葉巻たばこ,ﾛｯｷｰﾊﾟﾃﾙ IT'S A BOY,ロッキーパテルIT'SABOY,152mm 1本,1,本,ﾆｶﾗｸﾞｱ,2200,1200,2026-09-12,https://www.mof.go.jp/policy/tab_salt/topics/20260908_kouriteikahenkou.pdf,1,中
268c5e98b62de389,2026-09-08,令和8年9月8日,変更認可,葉巻たばこ,ﾛｯｷｰﾊﾟﾃﾙ IT'S A GIRL,ロッキーパテルIT'SAGIRL,152mm 1本,1,本,ﾆｶﾗｸﾞｱ,2200,1200,2026-09-12,https://www.mof.go.jp/policy/tab_salt/topics/20260908_kouriteikahenkou.pdf,1,中
3a0277b14d6981e4,2026-09-07,令和8年9月7日,変更認可,加熱式たばこ,ｴﾎﾞ ･ﾌﾟﾙｰﾑ用,エボプルーム用,4.4g22本,4.4,g,日本,620,,,https://www.mof.go.jp/policy/tab_salt/topics/20260907_kouriteika.pdf,1,高
b72a95b5e50474f3,2026-09-07,令和8年9月7日,変更認可,加熱式たばこ,ｷｬﾒﾙ･ｵｰﾀﾑ･ﾌﾟﾚﾐｱﾑ･ﾚｷﾞｭﾗｰ･ﾌﾟﾙｰﾑ用,キャメルオータムプレミアムレギュラープルーム用,4.4g20本,4.4,g,日本,570,,,https://www.mof.go.jp/policy/tab_salt/topics/20260907_kouriteika.pdf,1,高
ac8ed578e47ed3c3,2026-09-07,令和8年9月7日,変更認可,加熱式たばこ,ﾒﾋﾞｳｽ･ｵｰﾀﾑ･ﾌﾟﾚﾐｱﾑ･ﾚｷﾞｭﾗｰ･ﾌﾟﾙｰﾑ用,メビウスオータムプレミアムレギュラープルーム用,4.4g20本,4.4,g,日本,590,,,https://www.mof.go.jp/policy/tab_salt/topics/20260907_kouriteika.pdf,1,高
1e701f7b750044cc,2026-09-07,令和8年9月7日,変更認可,加熱式たばこ,ﾒﾋﾞｳｽ･ﾄﾛﾋﾟｶﾙ･ｵﾌﾟｼｮﾝ･ﾌﾟﾙｰﾑ用,メビウストロピカルオプションプルーム用,4.0g20本,4,g,日本,590,,,https://www.mof.go.jp/policy/tab_salt/topics/20260907_kouriteika.pdf,1,高
9a4e2d3e1e8eeefb,2026-09-04,令和8年9月4日,変更認可,パイプたばこ,DEUS Base,DEUSBASE,30.0g箱,30,g,ﾛｼｱ,1500,,,https://www.mof.go.jp/policy/tab_salt/topics/20260904_kouriteika.pdf,1,中
6199c87c877c5d32,2026-09-04,令和8年9月4日,変更認可,パイプたばこ,DEUS Black Currant,DEUSBLACKCURRANT,30.0g箱,30,g,ﾛｼｱ,1500,,,https://www.mof.go.jp/policy/tab_salt/topics/20260904_kouriteika.pdf,1,中
16eb5dafc5f88fca,2026-09-04,令和8年9月4日,変更認可,パイプたばこ,DEUS Black Ji,DEUSBLACKJI,30.0g箱,30,g,ﾛｼｱ,1500,,,https://www.mof.go.jp/policy/tab_salt/topics/20260904_kouriteika.pdf,1,中
d25f04838c2b86f0,2026-09-04,令和8年9月4日,変更認可,パイプたばこ,DEUS Blackberry Wine,DEUSBLACKBERRYWINE,30.0g箱,30,g,ﾛｼｱ,1500,,,https://www.mof.go.jp/policy/tab_salt/topics/20260904_kouriteika.pdf,1,中
56d457b3d85b1421,2026-09-04,令和8年9月4日,変更認可,パイプたばこ,DEUS Blueberry Yogurt,DEUSBLUEBERRYYOGURT,30.0g箱,30,g,ﾛｼｱ,1500,,,https://www.mof.go.jp/policy/tab_salt/topics/20260904_kouriteika.pdf,1,中
1da8dd374c98b1b2,2026-09-04,令和8年9月4日,変更認可,パイプたばこ,DEUS Catmint,DEUSCATMINT,30.0g箱,30,g,ﾛｼｱ,1500,,,https://www.mof.go.jp/policy/tab_salt/topics/20260904_kouriteika.pdf,1,中
34d8acb53ea2465e,2026-09-04,令和8年9月4日,変更認可,パイプたばこ,DEUS Champagne,DEUSCHAMPAGNE,30.0g箱,30,g,ﾛｼｱ,1500,,,https://www.mof.go.jp/policy/tab_salt/topics/20260904_kouriteika.pdf,1,中
9b83fda496e84880,2026-09-04,令和8年9月4日,変更認可,パイプたばこ,DEUS Cherry Jelly,DEUSCHERRYJELLY,30.0g箱,30,g,ﾛｼｱ,1500,,,https://www.mof.go.jp/policy/tab_salt/topics/20260904_kouriteika.pdf,1,中
79753ab38364bc5c,2026-09-04,令和8年9月4日,変更認可,パイプたばこ,DEUS Cola,DEUSCOLA,30.0g箱,30,g,ﾛｼｱ,1500,,,https://www.mof.go.jp/policy/tab_salt/topics/20260904_kouriteika.pdf,1,中
247563859b28e69c,2026-09-04,令和8年9月4日,変更認可,パイプたばこ,DEUS Cooler,DEUSCOOLER,30.0g箱,30,g,ﾛｼｱ,1500,,,https://www.mof.go.jp/policy/tab_salt/topics/20260904_kouriteika.pdf,1,中
b1c83f91f2952cee,2026-09-04,令和8年9月4日,変更認可,パイプたばこ,DEUS Elderberry,DEUSELDERBERRY,30.0g箱,30,g,ﾛｼｱ,1500,,,https://www.mof.go.jp/policy/tab_salt/topics/20260904_kouriteika.pdf,1,高
d4ce37698d53c0d6,2026-09-04,令和8年9月4日,変更認可,パイプたばこ,DEUS Guinness,DEUSGUINNESS,30.0g箱,30,g,ﾛｼｱ,1500,,,https://www.mof.go.jp/policy/tab_salt/topics/20260904_kouriteika.pdf,1,中
112ad7f4ac46fa48,2026-09-04,令和8年9月4日,変更認可,パイプたばこ,DEUS Jasmine Pear,DEUSJASMINEPEAR,30.0g箱,30,g,ﾛｼｱ,1500,,,https://www.mof.go.jp/policy/tab_salt/topics/20260904_kouriteika.pdf,1,中
cefaa59879e03967,2026-09-04,令和8年9月4日,変更認可,パイプたばこ,DEUS Kiwi,DEUSKIWI,30.0g箱,30,g,ﾛｼｱ,1500,,,https://www.mof.go.jp/policy/tab_salt/topics/20260904_kouriteika.pdf,1,中
221a60fea2026c1e,2026-09-04,令和8年9月4日,変更認可,パイプたばこ,DEUS Love Is,DEUSLOVEIS,30.0g箱,30,g,ﾛｼｱ,1500,,,https://www.mof.go.jp/policy/tab_salt/topics/20260904_kouriteika.pdf,1,中
8200ca7fb0d39a02,2026-09-04,令和8年9月4日,変更認可,パイプたばこ,DEUS Melon,DEUSMELON,30.0g箱,30,g,ﾛｼｱ,1500,,,https://www.mof.go.jp/policy/tab_salt/topics/20260904_kouriteika.pdf,1,中
16c67f235aa87515,2026-09-04,令和8年9月4日,変更認可,パイプたばこ,DEUS Orange Blossom,DEUSORANGEBLOSSOM,30.0g箱,30,g,ﾛｼｱ,1500,,,https://www.mof.go.jp/policy/tab_salt/topics/20260904_kouriteika.pdf,1,中
94b52f0163ebe5d2,2026-09-04,令和8年9月4日,変更認可,パイプたばこ,DEUS Orange Tic Tac,DEUSORANGETICTAC,30.0g箱,30,g,ﾛｼｱ,1500,,,https://www.mof.go.jp/policy/tab_salt/topics/20260904_kouriteika.pdf,1,中
be2fe04783eae315,2026-09-04,令和8年9月4日,変更認可,パイプたばこ,DEUS Passion Fruit,DEUSPASSIONFRUIT,30.0g箱,30,g,ﾛｼｱ,1500,,,https://www.mof.go.jp/policy/tab_salt/topics/20260904_kouriteika.pdf,1,中
8c01e7e536c0e9de,2026-09-04,令和8年9月4日,変更認可,パイプたばこ,DEUS Peonies,DEUSPEONIES,30.0g箱,30,g,ﾛｼｱ,1500,,,https://www.mof.go.jp/policy/tab_salt/topics/20260904_kouriteika.pdf,1,中
adaa2024ba23898d,2026-09-04,令和8年9月4日,変更認可,パイプたばこ,DEUS Pine,DEUSPINE,30.0g箱,30,g,ﾛｼｱ,1500,,,https://www.mof.go.jp/policy/tab_salt/topics/20260904_kouriteika.pdf,1,中
6ab92825743ff7c4,2026-09-04,令和8年9月4日,変更認可,パイプたばこ,DEUS Pink Skittles,DEUSPINKSKITTLES,30.0g箱,30,g,ﾛｼｱ,1500,,,https://www.mof.go.jp/policy/tab_salt/topics/20260904_kouriteika.pdf,1,中
77331db2299e24f9,2026-09-04,令和8年9月4日,変更認可,パイプたばこ,DEUS Base,DEUSBASE,100.0g箱,100,g,ﾛｼｱ,4400,,,https://www.mof.go.jp/policy/tab_salt/topics/20260904_kouriteika.pdf,2,中
029a82ae39c8d2d4,2026-09-04,令和8年9月4日,変更認可,パイプたばこ,DEUS Black Currant,DEUSBLACKCURRANT,100.0g箱,100,g,ﾛｼｱ,4400,,,https://www.mof.go.jp/policy/tab_salt/topics/20260904_kouriteika.pdf,2,中
3523bfebeb688b7a,2026-09-04,令和8年9月4日,変更認可,パイプたばこ,DEUS Black Ji,DEUSBLACKJI,100.0g箱,100,g,ﾛｼｱ,4400,,,https://www.mof.go.jp/policy/tab_salt/topics/20260904_kouriteika.pdf,2,中
c0092e57537e29d6,2026-09-04,令和8年9月4日,変更認可,パイプたばこ,DEUS Blackberry Wine,DEUSBLACKBERRYWINE,100.0g箱,100,g,ﾛｼｱ,4400,,,https://www.mof.go.jp/policy/tab_salt/topics/20260904_kouriteika.pdf,2,中
3d8c18aaa7b103ee,2026-09-04,令和8年9月4日,変更認可,パイプたばこ,DEUS Blueberry Yogurt,DEUSBLUEBERRYYOGURT,100.0g箱,100,g,ﾛｼｱ,4400,,,https://www.mof.go.jp/policy/tab_salt/topics/20260904_kouriteika.pdf,2,中
4818ca80217e4884,2026-09-04,令和8年9月4日,変更認可,パイプたばこ,DEUS Catmint,DEUSCATMINT,100.0g箱,100,g,ﾛｼｱ,4400,,,https://www.mof.go.jp/policy/tab_salt/topics/20260904_kouriteika.pdf,2,中
49f490a512637786,2026-09-04,令和8年9月4日,変更認可,パイプたばこ,DEUS Champagne,DEUSCHAMPAGNE,100.0g箱,100,g,ﾛｼｱ,4400,,,https://www.mof.go.jp/policy/tab_salt/topics/20260904_kouriteika.pdf,2,中
3f9fd130a2c35581,2026-09-04,令和8年9月4日,変更認可,パイプたばこ,DEUS Cherry Jelly,DEUSCHERRYJELLY,100.0g箱,100,g,ﾛｼｱ,4400,,,https://www.mof.go.jp/policy/tab_salt/topics/20260904_kouriteika.pdf,2,高
4b78f74076fce0b7,2026-09-04,令和8年9月4日,変更認可,パイプたばこ,DEUS Cola,DEUSCOLA,100.0g箱,100,g,ﾛｼｱ,4400,,,https://www.mof.go.jp/policy/tab_salt/topics/20260904_kouriteika.pdf,2,中
30508f8fed5ab274,2026-09-04,令和8年9月4日,変更認可,パイプたばこ,DEUS Cooler,DEUSCOOLER,100.0g箱,100,g,ﾛｼｱ,4400,,,https://www.mof.go.jp/policy/tab_salt/topics/20260904_kouriteika.pdf,2,中
267af1204f00a914,2026-09-04,令和8年9月4日,変更認可,パイプたばこ,DEUS Elderberry,DEUSELDERBERRY,100.0g箱,100,g,ﾛｼｱ,4400,,,https://www.mof.go.jp/policy/tab_salt/topics/20260904_kouriteika.pdf,2,中
d5ca2309ec0590f9,2026-09-04,令和8年9月4日,変更認可,パイプたばこ,DEUS Guinness,DEUSGUINNESS,100.0g箱,100,g,ﾛｼｱ,4400,,,https://www.mof.go.jp/policy/tab_salt/topics/20260904_kouriteika.pdf,2,中
a2343d9da98d4f98,2026-09-04,令和8年9月4日,変更認可,パイプたばこ,DEUS Jasmine Pear,DEUSJASMINEPEAR,100.0g箱,100,g,ﾛｼｱ,4400,,,https://www.mof.go.jp/policy/tab_salt/topics/20260904_kouriteika.pdf,2,中
71e721a8d5a45e02,2026-09-04,令和8年9月4日,変更認可,パイプたばこ,DEUS Kiwi,DEUSKIWI,100.0g箱,100,g,ﾛｼｱ,4400,,,https://www.mof.go.jp/policy/tab_salt/topics/20260904_kouriteika.pdf,2,中
28dc6893dc4dce9d,2026-09-04,令和8年9月4日,変更認可,パイプたばこ,DEUS Love Is,DEUSLOVEIS,100.0g箱,100,g,ﾛｼｱ,4400,,,https://www.mof.go.jp/policy/tab_salt/topics/20260904_kouriteika.pdf,2,中
8c24353459058a7f,2026-09-04,令和8年9月4日,変更認可,パイプたばこ,DEUS Melon,DEUSMELON,100.0g箱,100,g,ﾛｼｱ,4400,,,https://www.mof.go.jp/policy/tab_salt/topics/20260904_kouriteika.pdf,2,中
e0f262f3d23a500c,2026-09-04,令和8年9月4日,変更認可,パイプたばこ,DEUS Pomegranate Mors,DEUSPOMEGRANATEMORS,30.0g箱,30,g,ﾛｼｱ,1500,,,https://www.mof.go.jp/policy/tab_salt/topics/20260904_kouriteika.pdf,2,中
10fda41f0ddae876,2026-09-04,令和8年9月4日,変更認可,パイプたばこ,DEUS Raspberry,DEUSRASPBERRY,30.0g箱,30,g,ﾛｼｱ,1500,,,https://www.mof.go.jp/policy/tab_salt/topics/20260904_kouriteika.pdf,2,中
391b7ebc1ff2180a,2026-09-04,令和8年9月4日,変更認可,パイプたばこ,DEUS Red,DEUSRED,30.0g箱,30,g,ﾛｼｱ,1500,,,https://www.mof.go.jp/policy/tab_salt/topics/20260904_kouriteika.pdf,2,中
623d8c0b7ad9327d,2026-09-04,令和8年9月4日,変更認可,パイプたばこ,DEUS Rose Grapefruit,DEUSROSEGRAPEFRUIT,30.0g箱,30,g,ﾛｼｱ,1500,,,https://www.mof.go.jp/policy/tab_salt/topics/20260904_kouriteika.pdf,2,中
4ae46c6d50aef331,2026-09-04,令和8年9月4日,変更認可,パイプたばこ,DEUS Skittles,DEUSSKITTLES,30.0g箱,30,g,ﾛｼｱ,1500,,,https://www.mof.go.jp/policy/tab_salt/topics/20260904_kouriteika.pdf,2,中
69314b78e1d9f06a,2026-09-04,令和8年9月4日,変更認可,パイプたばこ,DEUS Sour Berries,DEUSSOURBERRIES,30.0g箱,30,g,ﾛｼｱ,1500,,,https://www.mof.go.jp/policy/tab_salt/topics/20260904_kouriteika.pdf,2,中
50f562036b3e14ed,2026-09-04,令和8年9月4日,変更認可,パイプたばこ,DEUS Sour Pineapple,DEUSSOURPINEAPPLE,30.0g箱,30,g,ﾛｼｱ,1500,,,https://www.mof.go.jp/policy/tab_salt/topics/20260904_kouriteika.pdf,2,高
bb642428b2921202,2026-09-04,令和8年9月4日,変更認可,パイプたばこ,DEUS Tropic Soda,DEUSTROPICSODA,30.0g箱,30,g,ﾛｼｱ,1500,,,https://www.mof.go.jp/policy/tab_salt/topics/20260904_kouriteika.pdf,2,中
29759b57db0039b1,2026-09-04,令和8年9月4日,変更認可,パイプたばこ,DEUS Ultima,DEUSULTIMA,30.0g箱,30,g,ﾛｼｱ,1500,,,https://www.mof.go.jp/policy/tab_salt/topics/20260904_kouriteika.pdf,2,中
132636ec6a3a0aef,2026-09-04,令和8年9月4日,変更認可,パイプたばこ,DEUS Vanilla Berries,DEUSVANILLABERRIES,30.0g箱,30,g,ﾛｼｱ,1500,,,https://www.mof.go.jp/policy/tab_salt/topics/20260904_kouriteika.pdf,2,中
8220d1387a85a0fb,2026-09-04,令和8年9月4日,変更認可,パイプたばこ,DEUS Violet Zephyr,DEUSVIOLETZEPHYR,30.0g箱,30,g,ﾛｼｱ,1500,,,https://www.mof.go.jp/policy/tab_salt/topics/20260904_kouriteika.pdf,2,中
6dfd166d5295c539,2026-09-04,令和8年9月4日,変更認可,パイプたばこ,DEUS Watermelon Halls,DEUSWATERMELONHALLS,30.0g箱,30,g,ﾛｼｱ,1500,,,https://www.mof.go.jp/policy/tab_salt/topics/20260904_kouriteika.pdf,2,中
5e0907c21bd2d62d,2026-09-04,令和8年9月4日,変更認可,パイプたばこ,DEUS Yuzu,DEUSYUZU,30.0g箱,30,g,ﾛｼｱ,1500,,,https://www.mof.go.jp/policy/tab_salt/topics/20260904_kouriteika.pdf,2,中
79ebec900ae4da47,2026-09-04,令和8年9月4日,変更認可,パイプたばこ,DEUS Orange Blossom,DEUSORANGEBLOSSOM,100.0g箱,100,g,ﾛｼｱ,4400,,,https://www.mof.go.jp/policy/tab_salt/topics/20260904_kouriteika.pdf,3,中
7383ac5dcdbe5a8f,2026-09-04,令和8年9月4日,変更認可,パイプたばこ,DEUS Orange Tic Tac,DEUSORANGETICTAC,100.0g箱,100,g,ﾛｼｱ,4400,,,https://www.mof.go.jp/policy/tab_salt/topics/20260904_kouriteika.pdf,3,中
893589fa6519f226,2026-09-04,令和8年9月4日,変更認可,パイプたばこ,DEUS Passion Fruit,DEUSPASSIONFRUIT,100.0g箱,100,g,ﾛｼｱ,4400,,,https://www.mof.go.jp/policy/tab_salt/topics/20260904_kouriteika.pdf,3,中
5be80f431f58b419,2026-09-04,令和8年9月4日,変更認可,パイプたばこ,DEUS Peonies,DEUSPEONIES,100.0g箱,100,g,ﾛｼｱ,4400,,,https://www.mof.go.jp/policy/tab_salt/topics/20260904_kouriteika.pdf,3,中
c2b992c240baf8b3,2026-09-04,令和8年9月4日,変更認可,パイプたばこ,DEUS Pine,DEUSPINE,100.0g箱,100,g,ﾛｼｱ,4400,,,https://www.mof.go.jp/policy/tab_salt/topics/20260904_kouriteika.pdf,3,中
fbdfb90806d564d3,2026-09-04,令和8年9月4日,変更認可,パイプたばこ,DEUS Pink Skittles,DEUSPINKSKITTLES,100.0g箱,100,g,ﾛｼｱ,4400,,,https://www.mof.go.jp/policy/tab_salt/topics/20260904_kouriteika.pdf,3,中
47f90189675b662d,2026-09-04,令和8年9月4日,変更認可,パイプたばこ,DEUS Pomegranate Mors,DEUSPOMEGRANATEMORS,100.0g箱,100,g,ﾛｼｱ,4400,,,https://www.mof.go.jp/policy/tab_salt/topics/20260904_kouriteika.pdf,3,中
552cae7bf407499e,2026-09-04,令和8年9月4日,変更認可,パイプたばこ,DEUS Raspberry,DEUSRASPBERRY,100.0g箱,100,g,ﾛｼｱ,4400,,,https://www.mof.go.jp/policy/tab_salt/topics/20260904_kouriteika.pdf,3,中
40d159eb1e481bf8,2026-09-04,令和8年9月4日,変更認可,パイプたばこ,DEUS Red,DEUSRED,100.0g箱,100,g,ﾛｼｱ,4400,,,https://www.mof.go.jp/policy/tab_salt/topics/20260904_kouriteika.pdf,3,中
dbfaf44cf3c6261d,2026-09-04,令和8年9月4日,変更認可,パイプたばこ,DEUS Rose Grapefruit,DEUSROSEGRAPEFRUIT,100.0g箱,100,g,ﾛｼｱ,4400,,,https://www.mof.go.jp/policy/tab_salt/topics/20260904_kouriteika.pdf,3,高
77f93eb793dbb696,2026-09-04,令和8年9月4日,変更認可,パイプたばこ,DEUS Skittles,DEUSSKITTLES,100.0g箱,100,g,ﾛｼｱ,4400,,,https://www.mof.go.jp/policy/tab_salt/topics/20260904_kouriteika.pdf,3,中
967c69f116c494eb,2026-09-04,令和8年9月4日,変更認可,パイプたばこ,DEUS Sour Berries,DEUSSOURBERRIES,100.0g箱,100,g,ﾛｼｱ,4400,,,https://www.mof.go.jp/policy/tab_salt/topics/20260904_kouriteika.pdf,3,中
61f903a5f54e167c,2026-09-04,令和8年9月4日,変更認可,パイプたばこ,DEUS Sour Pineapple,DEUSSOURPINEAPPLE,100.0g箱,100,g,ﾛｼｱ,4400,,,https://www.mof.go.jp/policy/tab_salt/topics/20260904_kouriteika.pdf,3,中
4d9dc8c2c48c8af2,2026-09-04,令和8年9月4日,変更認可,パイプたばこ,DEUS Tropic Soda,DEUSTROPICSODA,100.0g箱,100,g,ﾛｼｱ,4400,,,https://www.mof.go.jp/policy/tab_salt/topics/20260904_kouriteika.pdf,3,中
b8879604f981c625,2026-09-04,令和8年9月4日,変更認可,パイプたばこ,DEUS Ultima,DEUSULTIMA,100.0g箱,100,g,ﾛｼｱ,4400,,,https://www.mof.go.jp/policy/tab_salt/topics/20260904_kouriteika.pdf,3,中
56c5ec6d776ed088,2026-09-04,令和8年9月4日,変更認可,パイプたばこ,DEUS Vanilla Berries,DEUSVANILLABERRIES,100.0g箱,100,g,ﾛｼｱ,4400,,,https://www.mof.go.jp/policy/tab_salt/topics/20260904_kouriteika.pdf,3,中
3417643b9ce4ffd8,2026-09-04,令和8年9月4日,変更認可,パイプたばこ,DEUS Violet Zephyr,DEUSVIOLETZEPHYR,100.0g箱,100,g,ﾛｼｱ,4400,,,https://www.mof.go.jp/policy/tab_salt/topics/20260904_kouriteika.pdf,3,中
69cecb93fde50e1e,2026-09-04,令和8年9月4日,変更認可,パイプたばこ,DEUS Watermelon Halls,DEUSWATERMELONHALLS,100.0g箱,100,g,ﾛｼｱ,4400,,,https://www.mof.go.jp/policy/tab_salt/topics/20260904_kouriteika.pdf,3,中
ce07dc1956bbbe7b,2026-09-04,令和8年9月4日,変更認可,パイプたばこ,DEUS Yuzu,DEUSYUZU,100.0g箱,100,g,ﾛｼｱ,4400,,,https://www.mof.go.jp/policy/tab_salt/topics/20260904_kouriteika.pdf,3,中
cb008347c166561b,2026-08-27,令和8年8月27日,変更認可,パイプたばこ,DOGMA APPLE PUNCH,DOGMAAPPLEPUNCH,80.0g瓶,80,g,ﾛｼｱ,7700,,,https://www.mof.go.jp/policy/tab_salt/topics/20260827_kouriteika.pdf,1,高
3c4feb47455f52cb,2026-08-27,令和8年8月27日,変更認可,パイプたばこ,DOGMA BASHKIR HONEY,DOGMABASHKIRHONEY,80.0g瓶,80,g,ﾛｼｱ,7900,,,https://www.mof.go.jp/policy/tab_salt/topics/20260827_kouriteika.pdf,1,中
3bc4f34466377668,2026-08-27,令和8年8月27日,変更認可,パイプたばこ,DOGMA BLACK ORCHID,DOGMABLACKORCHID,80.0g瓶,80,g,ﾛｼｱ,7900,,,https://www.mof.go.jp/policy/tab_salt/topics/20260827_kouriteika.pdf,1,中
2a29f615b344190f,2026-08-27,令和8年8月27日,変更認可,パイプたばこ,DOGMA CHINESE PEAR,DOGMACHINESEPEAR,80.0g瓶,80,g,ﾛｼｱ,7700,,,https://www.mof.go.jp/policy/tab_salt/topics/20260827_kouriteika.pdf,1,中
dd0a6805c07489f6,2026-08-27,令和8年8月27日,変更認可,パイプたばこ,DOGMA CRIMEAN LAVENDER,DOGMACRIMEANLAVENDER,80.0g瓶,80,g,ﾛｼｱ,7900,,,https://www.mof.go.jp/policy/tab_salt/topics/20260827_kouriteika.pdf,1,中
844c2581b1dd3217,2026-08-27,令和8年8月27日,変更認可,パイプたばこ,DOGMA CUBITA COLUMBIA,DOGMACUBITACOLUMBIA,80.0g瓶,80,g,ﾛｼｱ,7700,,,https://www.mof.go.jp/policy/tab_salt/topics/20260827_kouriteika.pdf,1,中
6af761b8e633af43,2026-08-27,令和8年8月27日,変更認可,パイプたばこ,DOGMA GUERLINADE FOR HIM,DOGMAGUERLINADEFORHIM,80.0g瓶,80,g,ﾛｼｱ,7900,,,https://www.mof.go.jp/policy/tab_salt/topics/20260827_kouriteika.pdf,1,中
7f55243045c74972,2026-08-27,令和8年8月27日,変更認可,パイプたばこ,DOGMA GUMMI BEARS,DOGMAGUMMIBEARS,80.0g瓶,80,g,ﾛｼｱ,7700,,,https://www.mof.go.jp/policy/tab_salt/topics/20260827_kouriteika.pdf,1,中
d4320a74c6d8ef79,2026-08-27,令和8年8月27日,変更認可,パイプたばこ,DOGMA HABANO GARCIA,DOGMAHABANOGARCIA,80.0g瓶,80,g,ﾛｼｱ,7700,,,https://www.mof.go.jp/policy/tab_salt/topics/20260827_kouriteika.pdf,1,中
44c96f9acca3306d,2026-08-27,令和8年8月27日,変更認可,パイプたばこ,DOGMA K-T BROADLEAF,DOGMAK-TBROADLEAF,80.0g瓶,80,g,ﾛｼｱ,7700,,,https://www.mof.go.jp/policy/tab_salt/topics/20260827_kouriteika.pdf,1,中
6b1ca34cb08b6a8c,2026-08-27,令和8年8月27日,変更認可,パイプたばこ,DOGMA LEMON DROPS,DOGMALEMONDROPS,80.0g瓶,80,g,ﾛｼｱ,7900,,,https://www.mof.go.jp/policy/tab_salt/topics/20260827_kouriteika.pdf,1,中
7638093f566efdc9,2026-08-27,令和8年8月27日,変更認可,パイプたばこ,DOGMA MATA FINA,DOGMAMATAFINA,80.0g瓶,80,g,ﾛｼｱ,7700,,,https://www.mof.go.jp/policy/tab_salt/topics/20260827_kouriteika.pdf,1,中
8331a39a9acfd028,2026-08-27,令和8年8月27日,変更認可,パイプたばこ,DOGMA OLOR CARBONELL,DOGMAOLORCARBONELL,80.0g瓶,80,g,ﾛｼｱ,7700,,,https://www.mof.go.jp/policy/tab_salt/topics/20260827_kouriteika.pdf,1,中
4ac40c2ce3775379,2026-08-27,令和8年8月27日,変更認可,パイプたばこ,DOGMA PILOTO CUBANO,DOGMAPILOTOCUBANO,80.0g瓶,80,g,ﾛｼｱ,7700,,,https://www.mof.go.jp/policy/tab_salt/topics/20260827_kouriteika.pdf,1,中
3bf061285ddafc5f,2026-08-27,令和8年8月27日,変更認可,パイプたばこ,DOGMA PLAY,DOGMAPLAY,80.0g瓶,80,g,ﾛｼｱ,7900,,,https://www.mof.go.jp/policy/tab_salt/topics/20260827_kouriteika.pdf,1,高
91005dfe22adedb5,2026-08-27,令和8年8月27日,変更認可,パイプたばこ,DOGMA PURE DOGMA,DOGMAPUREDOGMA,80.0g瓶,80,g,ﾛｼｱ,7700,,,https://www.mof.go.jp/policy/tab_salt/topics/20260827_kouriteika.pdf,1,中
163d6bb544d4fc36,2026-08-27,令和8年8月27日,変更認可,パイプたばこ,DOGMA RASPBERRY COMPOT,DOGMARASPBERRYCOMPOT,80.0g瓶,80,g,ﾛｼｱ,7900,,,https://www.mof.go.jp/policy/tab_salt/topics/20260827_kouriteika.pdf,1,中
8ffde12ed9a4a855,2026-08-27,令和8年8月27日,変更認可,パイプたばこ,DOGMA SAKURA,DOGMASAKURA,80.0g瓶,80,g,ﾛｼｱ,7700,,,https://www.mof.go.jp/policy/tab_salt/topics/20260827_kouriteika.pdf,1,中
15e551e96945702b,2026-08-27,令和8年8月27日,変更認可,パイプたばこ,NASH ｱﾛｴｽﾄﾛﾍﾞﾘｰ,NASHアロエストロベリー,40.0g箱,40,g,ﾛｼｱ,2400,2300,2026-09-19,https://www.mof.go.jp/policy/tab_salt/topics/20260827_kouriteikahenkou.pdf,1,中
5436b05729d137a7,2026-08-27,令和8年8月27日,変更認可,パイプたばこ,NASH ｸﾞﾚｰﾌﾟﾌﾙｰﾂ,NASHグレープフルーツ,40.0g箱,40,g,ﾛｼｱ,2400,2300,2026-09-19,https://www.mof.go.jp/policy/tab_salt/topics/20260827_kouriteikahenkou.pdf,1,中
820a4f6ecf86dfac,2026-08-27,令和8年8月27日,変更認可,パイプたばこ,NASH ｺｰﾗｷｬﾗﾒﾙ,NASHコーラキャラメル,40.0g箱,40,g,ﾛｼｱ,2400,2300,2026-09-19,https://www.mof.go.jp/policy/tab_salt/topics/20260827_kouriteikahenkou.pdf,1,中
9a7259f09c20355c,2026-08-27,令和8年8月27日,変更認可,パイプたばこ,NASH ﾊﾟｯｼｮﾝﾌﾙｰﾂ,NASHパッションフルーツ,40.0g箱,40,g,ﾛｼｱ,2400,2300,2026-09-19,https://www.mof.go.jp/policy/tab_salt/topics/20260827_kouriteikahenkou.pdf,1,中
278b54451d737d7d,2026-08-27,令和8年8月27日,変更認可,パイプたばこ,NASH ﾏﾝｺﾞｰ,NASHマンゴー,40.0g箱,40,g,ﾛｼｱ,2400,2300,2026-09-19,https://www.mof.go.jp/policy/tab_salt/topics/20260827_kouriteikahenkou.pdf,1,中
9bca9e5986e8db9c,2026-08-27,令和8年8月27日,変更認可,パイプたばこ,NASH ﾗｽﾄｻﾑﾗｲ,NASHラストサムライ,40.0g箱,40,g,ﾛｼｱ,2400,2300,2026-09-19,https://www.mof.go.jp/policy/tab_salt/topics/20260827_kouriteikahenkou.pdf,1,中
1e9eeed95bb8e007,2026-08-26,令和8年8月26日,変更認可,加熱式たばこ,ﾃﾘｱ ･ｲｴﾛｰ,テリアイエロー,5.5g,5.5,g,ｷﾞﾘｼｬ,640,620,2026-10-01,https://www.mof.go.jp/policy/tab_salt/topics/20260826_kouriteikahenkou.pdf,1,中
e676da35d7beb041,2026-08-26,令和8年8月26日,変更認可,加熱式たばこ,ﾃﾘｱ ･ｳｫｰﾑ,テリアウォーム,ﾊｰﾄﾞﾊﾟｯｸ5.3g,5.3,g,ｷﾞﾘｼｬ,640,620,2026-10-01,https://www.mof.go.jp/policy/tab_salt/topics/20260826_kouriteikahenkou.pdf,1,中
721177b29f8aab97,2026-08-26,令和8年8月26日,変更認可,加熱式たばこ,ﾃﾘｱ ･ｸﾘｱ,テリアクリア,F45 20ｽﾃｨｯｸ,20,スティック,ｲﾀﾘｱ,640,620,2026-10-01,https://www.mof.go.jp/policy/tab_salt/topics/20260826_kouriteikahenkou.pdf,1,中
1885ed3f7ce2f343,2026-08-26,令和8年8月26日,変更認可,加熱式たばこ,ﾃﾘｱ ･ｽﾑｰｽ,テリアスムース,ﾊｰﾄﾞﾊﾟｯｸ5.3g,5.3,g,ｲﾀﾘｱ,640,620,2026-10-01,https://www.mof.go.jp/policy/tab_salt/topics/20260826_kouriteikahenkou.pdf,1,中
dd62ac6db6d33d5e,2026-08-26,令和8年8月26日,変更認可,加熱式たばこ,ﾃﾘｱ ･ﾄﾛﾋﾟｶﾙ,テリアトロピカル,5.4g,5.4,g,ｲﾀﾘｱ,640,620,2026-10-01,https://www.mof.go.jp/policy/tab_salt/topics/20260826_kouriteikahenkou.pdf,1,中
a071f07355b4013b,2026-08-26,令和8年8月26日,変更認可,加熱式たばこ,ﾃﾘｱ ･ﾊﾟｰﾌﾟﾙ,テリアパープル,ﾊｰﾄﾞﾊﾟｯｸ,,,ｲﾀﾘｱ,640,620,2026-10-01,https://www.mof.go.jp/policy/tab_salt/topics/20260826_kouriteikahenkou.pdf,1,中
011e6d43500340cf,2026-08-26,令和8年8月26日,変更認可,加熱式たばこ,ﾃﾘｱ ･ﾌｭｰｼﾞｮﾝ,テリアフュージョン,F45 20ｽﾃｨｯｸ,20,スティック,ｲﾀﾘｱ,640,620,2026-10-01,https://www.mof.go.jp/policy/tab_salt/topics/20260826_kouriteikahenkou.pdf,1,中
e59f7b9da5a2e2fb,2026-08-26,令和8年8月26日,変更認可,加熱式たばこ,ﾃﾘｱ ･ﾌﾞﾗｲﾄ,テリアブライト,5.4g,5.4,g,ｲﾀﾘｱ,640,620,2026-10-01,https://www.mof.go.jp/policy/tab_salt/topics/20260826_kouriteikahenkou.pdf,1,中
3d4c4f764e33b475,2026-08-26,令和8年8月26日,変更認可,加熱式たばこ,ﾃﾘｱ ･ﾌﾞﾗｯｸ ･ﾙﾋﾞｰ,テリアブラックルビー,F45 20ｽﾃｨｯｸﾊｰﾄﾞﾊﾟｯｸ,20,スティック,ﾙｰﾏﾆｱｲﾀﾘｱ,640,620,2026-10-01,https://www.mof.go.jp/policy/tab_salt/topics/20260826_kouriteikahenkou.pdf,1,中
d28483ea3ee6bfaf,2026-08-26,令和8年8月26日,変更認可,加熱式たばこ,ﾃﾘｱ ･ﾐﾝﾄ,テリアミント,F45 20ｽﾃｨｯｸ,20,スティック,ﾙｰﾏﾆｱ,640,620,2026-10-01,https://www.mof.go.jp/policy/tab_salt/topics/20260826_kouriteikahenkou.pdf,1,中
56eb1a7ac49b1302,2026-08-26,令和8年8月26日,変更認可,加熱式たばこ,ﾃﾘｱ ･ﾒﾝｿｰﾙ,テリアメンソール,F45 20ｽﾃｨｯｸ,20,スティック,ｷﾞﾘｼｬ,640,620,2026-10-01,https://www.mof.go.jp/policy/tab_salt/topics/20260826_kouriteikahenkou.pdf,1,中
3456c2e1ed24a417,2026-08-26,令和8年8月26日,変更認可,加熱式たばこ,ﾃﾘｱ ･ﾙﾋﾞｰ,テリアルビー,F45 20ｽﾃｨｯｸ,20,スティック,ﾙｰﾏﾆｱ,640,620,2026-10-01,https://www.mof.go.jp/policy/tab_salt/topics/20260826_kouriteikahenkou.pdf,1,中
09011579085bdcc8,2026-08-26,令和8年8月26日,変更認可,加熱式たばこ,ﾐｯｸｽ ･ｱｲｽ,ミックスアイス,F45 20ｽﾃｨｯｸ,20,スティック,大韓民国,590,560,2026-10-01,https://www.mof.go.jp/policy/tab_salt/topics/20260826_kouriteikahenkou.pdf,1,中
86df27ce5d547fc8,2026-08-26,令和8年8月26日,変更認可,加熱式たばこ,ﾐｯｸｽ ･ｱｲｽ･ﾌﾟﾗｽ,ミックスアイスプラス,ﾊｰﾄﾞﾊﾟｯｸ,,,大韓民国,590,560,2026-10-01,https://www.mof.go.jp/policy/tab_salt/topics/20260826_kouriteikahenkou.pdf,1,高
c0c61a2d4db06d24,2026-08-26,令和8年8月26日,変更認可,加熱式たばこ,ﾐｯｸｽ ･ﾊﾞﾗﾝｽﾄﾞ ･ﾚｷﾞｭﾗｰ,ミックスバランスドレギュラー,ﾊｰﾄﾞﾊﾟｯｸ5.3g,5.3,g,ﾙｰﾏﾆｱｲﾀﾘｱ,590,560,2026-10-01,https://www.mof.go.jp/policy/tab_salt/topics/20260826_kouriteikahenkou.pdf,1,中
099985928f710490,2026-08-26,令和8年8月26日,変更認可,加熱式たばこ,ﾐｯｸｽ ･ﾍﾞﾙﾍﾞｯﾄ,ミックスベルベット,ﾊｰﾄﾞﾊﾟｯｸ,,,ｲﾀﾘｱ,590,560,2026-10-01,https://www.mof.go.jp/policy/tab_salt/topics/20260826_kouriteikahenkou.pdf,1,中
a333355d2d5cc73c,2026-08-26,令和8年8月26日,変更認可,加熱式たばこ,ﾐｯｸｽ ･ﾐｯｸｽ,ミックスミックス,5.4g,5.4,g,大韓民国,590,560,2026-10-01,https://www.mof.go.jp/policy/tab_salt/topics/20260826_kouriteikahenkou.pdf,1,中
31758912afe33a95,2026-08-26,令和8年8月26日,変更認可,加熱式たばこ,ﾐｯｸｽ ･ﾘｯﾁ,ミックスリッチ,5.4g,5.4,g,ｲﾀﾘｱ,590,560,2026-10-01,https://www.mof.go.jp/policy/tab_salt/topics/20260826_kouriteikahenkou.pdf,1,中
3efe78c31040f824,2026-08-26,令和8年8月26日,変更認可,加熱式たばこ,ｾﾝﾃｨｱ ･ｱｲｼｰ,センティアアイシー,F45 20ｽﾃｨｯｸ,20,スティック,ｲﾝﾄﾞﾈｼｱ,590,570,2026-10-01,https://www.mof.go.jp/policy/tab_salt/topics/20260826_kouriteikahenkou.pdf,2,中
01cdbcfc3a6481c7,2026-08-26,令和8年8月26日,変更認可,加熱式たばこ,ｾﾝﾃｨｱ ･ｱｲｼｰ･ﾚｯﾄﾞ,センティアアイシーレッド,ﾊｰﾄﾞﾊﾟｯｸ,,,大韓民国,590,570,2026-10-01,https://www.mof.go.jp/policy/tab_salt/topics/20260826_kouriteikahenkou.pdf,2,中
3eae54239621e1dc,2026-08-26,令和8年8月26日,変更認可,加熱式たばこ,ｾﾝﾃｨｱ ･ｸｰﾙ･ｼﾞｪｲﾄﾞ,センティアクールジェイド,ﾊｰﾄﾞﾊﾟｯｸ,,,ｷﾞﾘｼｬ,590,570,2026-10-01,https://www.mof.go.jp/policy/tab_salt/topics/20260826_kouriteikahenkou.pdf,2,中
2b769b88cc598711,2026-08-26,令和8年8月26日,変更認可,加熱式たばこ,ｾﾝﾃｨｱ ･ｸﾘｱ･ｼﾙﾊﾞｰ,センティアクリアシルバー,F45 20ｽﾃｨｯｸ,20,スティック,ｷﾞﾘｼｬ,590,570,2026-10-01,https://www.mof.go.jp/policy/tab_salt/topics/20260826_kouriteikahenkou.pdf,2,中
bd52ab15a7f5e97a,2026-08-26,令和8年8月26日,変更認可,加熱式たばこ,ｾﾝﾃｨｱ ･ｺﾊﾞﾙﾄ･ﾌﾞﾙｰ,センティアコバルトブルー,F45 20ｽﾃｨｯｸﾊｰﾄﾞﾊﾟｯｸ5.3g,20,スティック,大韓民国ｷﾞﾘｼｬﾙｰﾏﾆｱｲﾀﾘｱ,590,570,2026-10-01,https://www.mof.go.jp/policy/tab_salt/topics/20260826_kouriteikahenkou.pdf,2,中
c5b249f3d7ef1047,2026-08-26,令和8年8月26日,変更認可,加熱式たばこ,ｾﾝﾃｨｱ ･ｼﾞｭｰｼｰ･ﾚｯﾄﾞ,センティアジューシーレッド,ﾊｰﾄﾞﾊﾟｯｸ,,,ﾙｰﾏﾆｱ,590,570,2026-10-01,https://www.mof.go.jp/policy/tab_salt/topics/20260826_kouriteikahenkou.pdf,2,中
5b702dba2c5865db,2026-08-26,令和8年8月26日,変更認可,加熱式たばこ,ｾﾝﾃｨｱ ･ｽﾑｰｽ,センティアスムース,5.3g,5.3,g,ﾙｰﾏﾆｱ,590,570,2026-10-01,https://www.mof.go.jp/policy/tab_salt/topics/20260826_kouriteikahenkou.pdf,2,中
1b1e42ad4c1b45bb,2026-08-26,令和8年8月26日,変更認可,加熱式たばこ,ｾﾝﾃｨｱ ･ﾃﾞｨｰﾌﾟ･ﾌﾞﾛﾝｽﾞ,センティアディープブロンズ,5.3g,5.3,g,ｷﾞﾘｼｬ,590,570,2026-10-01,https://www.mof.go.jp/policy/tab_salt/topics/20260826_kouriteikahenkou.pdf,2,中
87867a8069022e7b,2026-08-26,令和8年8月26日,変更認可,加熱式たばこ,ｾﾝﾃｨｱ ･ﾄﾛﾋﾟｶﾙ･ｲｴﾛｰ,センティアトロピカルイエロー,ﾊｰﾄﾞﾊﾟｯｸ,,,ｷﾞﾘｼｬ,590,570,2026-10-01,https://www.mof.go.jp/policy/tab_salt/topics/20260826_kouriteikahenkou.pdf,2,中
98cd74bee86ef77f,2026-08-26,令和8年8月26日,変更認可,加熱式たばこ,ｾﾝﾃｨｱ ･ﾊﾟｰﾌﾟﾙ･ｶﾌﾟｾﾙ,センティアパープルカプセル,ﾊｰﾄﾞﾊﾟｯｸ,,,ﾙｰﾏﾆｱ,590,570,2026-10-01,https://www.mof.go.jp/policy/tab_salt/topics/20260826_kouriteikahenkou.pdf,2,中
c3c9c160a96d2536,2026-08-26,令和8年8月26日,変更認可,加熱式たばこ,ｾﾝﾃｨｱ ･ﾊﾟｯｼｮﾝ･ﾌﾙｰﾂ･ｶﾌﾟｾﾙ,センティアパッションフルーツカプセル,F45 20ｽﾃｨｯｸﾊｰﾄﾞﾊﾟｯｸ5.7g,20,スティック,ｷﾞﾘｼｬﾙｰﾏﾆｱ,590,570,2026-10-01,https://www.mof.go.jp/policy/tab_salt/topics/20260826_kouriteikahenkou.pdf,2,中
9f58aeecd1043789,2026-08-26,令和8年8月26日,変更認可,加熱式たばこ,ｾﾝﾃｨｱ ･ﾋﾟｭｱ･ﾃｨｰｸ,センティアピュアティーク,F45 20ｽﾃｨｯｸ,20,スティック,ｷﾞﾘｼｬ,590,570,2026-10-01,https://www.mof.go.jp/policy/tab_salt/topics/20260826_kouriteikahenkou.pdf,2,中
f1d63f5167603695,2026-08-26,令和8年8月26日,変更認可,加熱式たばこ,ｾﾝﾃｨｱ ･ﾌﾚｯｼｭ ･ｴﾒﾗﾙﾄﾞ,センティアフレッシュエメラルド,F45 20ｽﾃｨｯｸﾊｰﾄﾞﾊﾟｯｸ5.4g,20,スティック,ｲﾀﾘｱ,590,570,2026-10-01,https://www.mof.go.jp/policy/tab_salt/topics/20260826_kouriteikahenkou.pdf,2,中
3a7e7de2baa54e22,2026-08-26,令和8年8月26日,変更認可,加熱式たばこ,ｾﾝﾃｨｱ ･ﾌﾛｽﾄ･ｸﾞﾘｰﾝ,センティアフロストグリーン,F45 20ｽﾃｨｯｸﾊｰﾄﾞﾊﾟｯｸ5.4g,20,スティック,ｷﾞﾘｼｬﾙｰﾏﾆｱｲﾀﾘｱ,590,570,2026-10-01,https://www.mof.go.jp/policy/tab_salt/topics/20260826_kouriteikahenkou.pdf,2,中
5a85f2c1f04f9f68,2026-08-26,令和8年8月26日,変更認可,加熱式たばこ,ﾃﾘｱ ･ｵｱｼｽ,テリアオアシス,5.7g,5.7,g,ﾙｰﾏﾆｱ,640,620,2026-10-01,https://www.mof.go.jp/policy/tab_salt/topics/20260826_kouriteikahenkou.pdf,2,中
55439d358ea497b7,2026-08-26,令和8年8月26日,変更認可,加熱式たばこ,ﾃﾘｱ ･ｺﾞｰﾙﾃﾞﾝ･ﾌﾞﾘｰｽﾞ,テリアゴールデンブリーズ,5.7g,5.7,g,ｲﾀﾘｱ,640,620,2026-10-01,https://www.mof.go.jp/policy/tab_salt/topics/20260826_kouriteikahenkou.pdf,2,中
b0a7cb78b2d71e5f,2026-08-26,令和8年8月26日,変更認可,加熱式たばこ,ﾃﾘｱ ･ｻﾝ,テリアサン,F45 20ｽﾃｨｯｸ,20,スティック,ｷﾞﾘｼｬ,640,620,2026-10-01,https://www.mof.go.jp/policy/tab_salt/topics/20260826_kouriteikahenkou.pdf,2,中
86cf3dc99946e9c5,2026-08-26,令和8年8月26日,変更認可,加熱式たばこ,ﾃﾘｱ ･ｼﾄﾗｽ･ｸﾞﾘｰﾝ,テリアシトラスグリーン,F45 20ｽﾃｨｯｸﾊｰﾄﾞﾊﾟｯｸ5.4g,20,スティック,大韓民国ｷﾞﾘｼｬﾙｰﾏﾆｱｲﾀﾘｱ,640,620,2026-10-01,https://www.mof.go.jp/policy/tab_salt/topics/20260826_kouriteikahenkou.pdf,2,中
536cf082c4e92ecd,2026-08-26,令和8年8月26日,変更認可,加熱式たばこ,ﾃﾘｱ ･ｼｬｲﾝ,テリアシャイン,F45 20ｽﾃｨｯｸ,20,スティック,ｷﾞﾘｼｬ,640,620,2026-10-01,https://www.mof.go.jp/policy/tab_salt/topics/20260826_kouriteikahenkou.pdf,2,中
bb5b12caf52e4a9a,2026-08-26,令和8年8月26日,変更認可,加熱式たばこ,ﾃﾘｱ ･ｽﾃﾗｰ,テリアステラー,F45 20ｽﾃｨｯｸ,20,スティック,大韓民国,640,620,2026-10-01,https://www.mof.go.jp/policy/tab_salt/topics/20260826_kouriteikahenkou.pdf,2,中
fe63577fc7caa75c,2026-08-26,令和8年8月26日,変更認可,加熱式たばこ,ﾃﾘｱ ･ﾊﾞﾗﾝｽﾄﾞ,テリアバランスド,ﾊｰﾄﾞﾊﾟｯｸ,,,大韓民国,640,620,2026-10-01,https://www.mof.go.jp/policy/tab_salt/topics/20260826_kouriteikahenkou.pdf,2,中
542f7e5173f06867,2026-08-26,令和8年8月26日,変更認可,加熱式たばこ,ﾃﾘｱ ･ﾌﾞﾗｯｸ･ﾐﾝﾄ,テリアブラックミント,5.7g,5.7,g,大韓民国,640,620,2026-10-01,https://www.mof.go.jp/policy/tab_salt/topics/20260826_kouriteikahenkou.pdf,2,中
eb6f50793c3a1033,2026-08-26,令和8年8月26日,変更認可,加熱式たばこ,ﾃﾘｱ ･ﾌﾞﾛｯｻﾑ,テリアブロッサム,F45 20ｽﾃｨｯｸ,20,スティック,大韓民国,640,620,2026-10-01,https://www.mof.go.jp/policy/tab_salt/topics/20260826_kouriteikahenkou.pdf,2,中
15055a3d85d43a62,2026-08-26,令和8年8月26日,変更認可,加熱式たばこ,ﾃﾘｱ ･ﾍﾞﾙﾍﾞｯﾄ,テリアベルベット,ﾊｰﾄﾞﾊﾟｯｸ,,,ｷﾞﾘｼｬ,640,620,2026-10-01,https://www.mof.go.jp/policy/tab_salt/topics/20260826_kouriteikahenkou.pdf,2,中
675b36fe1b5c5e05,2026-08-26,令和8年8月26日,変更認可,加熱式たばこ,ﾃﾘｱ ･ﾘﾋﾞｴﾗ,テリアリビエラ,F45 20ｽﾃｨｯｸ,20,スティック,ｽｲｽ,640,620,2026-10-01,https://www.mof.go.jp/policy/tab_salt/topics/20260826_kouriteikahenkou.pdf,2,中
40394629a73b8e16,2026-08-25,令和8年8月25日,変更認可,かぎたばこ,ｱﾙﾌｫﾝｿ･ﾃﾞ･ﾗ･ﾄｰﾚ ﾗ･ｴｽﾊﾟﾀﾞ ･ｱｲｼｰﾐﾝﾄ,アルフォンソデラトーレラエスパダアイシーミント,124mm 1本,1,本,ｷｭｰﾊﾞ,4200,,,https://www.mof.go.jp/policy/tab_salt/topics/20260825_kouriteika.pdf,1,中
ab12cc0be22e741c,2026-08-25,令和8年8月25日,変更認可,葉巻たばこ,ｼﾞｪｲﾑｽﾞ J. ﾌｫｯｸｽ ｾﾚｸｼｵﾝ No.1,ジェイムズJ.フォックスセレクシオンNO.1,101mm 1本,1,本,ﾎﾝｼﾞｭﾗｽ,3800,,,https://www.mof.go.jp/policy/tab_salt/topics/20260825_kouriteika.pdf,1,高
6d95a431cd1a2d0c,2026-08-25,令和8年8月25日,変更認可,葉巻たばこ,ｼﾞｪｲﾑｽﾞ J. ﾌｫｯｸｽ ｾﾚｸｼｵﾝ No.4,ジェイムズJ.フォックスセレクシオンNO.4,142mm 1本,1,本,ﾎﾝｼﾞｭﾗｽ,4400,,,https://www.mof.go.jp/policy/tab_salt/topics/20260825_kouriteika.pdf,1,高
1c74b78b6803a716,2026-08-25,令和8年8月25日,変更認可,葉巻たばこ,ｼﾞｪｲﾑｽﾞ J. ﾌｫｯｸｽ ｾﾚｸｼｵﾝ No.7,ジェイムズJ.フォックスセレクシオンNO.7,139mm 1本,1,本,ﾎﾝｼﾞｭﾗｽ,4800,,,https://www.mof.go.jp/policy/tab_salt/topics/20260825_kouriteika.pdf,1,高
a4d9695b4fc8e62a,2026-08-25,令和8年8月25日,変更認可,かぎたばこ,ﾕｯﾋﾟｰ ･ﾐﾝﾄ,ユッピーミント,7.5g缶,7.5,g,ﾗｵｽ,350,,,https://www.mof.go.jp/policy/tab_salt/topics/20260825_kouriteika.pdf,1,高
3fa42062581398b3,2026-08-25,令和8年8月25日,変更認可,パイプたばこ,ｵｰﾘｯｸ ｺﾞｰﾙﾃﾞﾝｽﾗｲｽﾄﾞ,オーリックゴールデンスライスド,50.0g ﾊﾟｳﾁ,50,g,ｵﾗﾝﾀﾞ,2350,1900,2026-09-01,https://www.mof.go.jp/policy/tab_salt/topics/20260825_kouriteikahenkou.pdf,1,高
967cf3f791ab821c,2026-08-25,令和8年8月25日,変更認可,葉巻たばこ,ﾉｰﾍﾞﾙ ﾌﾟﾃｨ ﾋﾟｭｱ ｶﾘﾋﾞｱﾝﾌｨﾗｰ(ﾊﾊﾞﾅﾌｨﾗｰ),ノーベルプティピュアカリビアンフィラー(ハバナフィラー),89mm 20本紙箱,20,本,ﾃﾞﾝﾏｰｸ,1850,1550,2026-09-01,https://www.mof.go.jp/policy/tab_salt/topics/20260825_kouriteikahenkou.pdf,1,高
4539ee3a320a7828,2026-08-25,令和8年8月25日,変更認可,パイプたばこ,ﾋﾟｰﾀｰｿﾝ ﾃﾞﾗｯｸｽ ﾈｲﾋﾞｰ ﾛｰﾙｽﾞ,ピーターソンデラックスネイビーロールズ,50.0g 缶,50,g,ﾃﾞﾝﾏｰｸ,3450,2600,2026-09-01,https://www.mof.go.jp/policy/tab_salt/topics/20260825_kouriteikahenkou.pdf,1,高
8f145a689c0d9a30,2026-08-25,令和8年8月25日,変更認可,パイプたばこ,ﾍﾝﾘｰｳｲﾝﾀｰﾏﾝｽﾞ ﾊｰﾌ ｺﾛﾅ,ヘンリーウインターマンズハーフコロナ,101.6mm 5本紙箱,5,本,ｵﾗﾝﾀﾞ,1170,1100,2026-09-01,https://www.mof.go.jp/policy/tab_salt/topics/20260825_kouriteikahenkou.pdf,1,高
a12e2453f4ca64ac,2026-08-25,令和8年8月25日,変更認可,葉巻たばこ,ﾗ ｴｽﾄﾚﾗ ﾎﾟﾗｰ,ラエストレラポラー,114mm 1本,1,本,ﾎﾝｼﾞｭﾗｽ,780,700,2026-09-01,https://www.mof.go.jp/policy/tab_salt/topics/20260825_kouriteikahenkou.pdf,1,中
5ceba6e57f4cba98,2026-08-25,令和8年8月25日,変更認可,パイプたばこ,ﾗｰﾙｾﾝ ｼｸﾞﾅﾁｭｱ,ラールセンシグナチュア,100.0g 缶,100,g,ﾃﾞﾝﾏｰｸ,5300,4700,2026-09-01,https://www.mof.go.jp/policy/tab_salt/topics/20260825_kouriteikahenkou.pdf,1,高
254c10cad498da57,2026-08-21,令和8年8月21日,変更認可,紙巻たばこ,L.A.･ﾒﾝｿｰﾙ ｵﾘｼﾞﾝ ﾛﾌﾞｽﾄ ･ｶﾘﾌﾞ,L.A.メンソールオリジンロブストカリブ,ﾊｰﾄﾞﾊﾟｯｸFK 16本,16,本,ｲﾝﾄﾞﾈｼｱ,500,,,https://www.mof.go.jp/policy/tab_salt/topics/20260821_kouriteika.pdf,1,中
0fcad1645aec4a9f,2026-08-21,令和8年8月21日,変更認可,紙巻たばこ,L.A.･ﾒﾝｿｰﾙ ｼｶﾞｰﾗｲﾝ ｷｬﾛｯﾄ,L.A.メンソールシガーラインキャロット,ﾊｰﾄﾞﾊﾟｯｸFK 16本,16,本,ｲﾝﾄﾞﾈｼｱ,500,,,https://www.mof.go.jp/policy/tab_salt/topics/20260821_kouriteika.pdf,1,中
f066a866a595bf28,2026-08-21,令和8年8月21日,変更認可,パイプたばこ,NASH ｼｶﾞｰﾗｲﾝ ｼﾞﾝ,NASHシガーラインジン,30.0g箱,30,g,ﾛｼｱ,2800,,,https://www.mof.go.jp/policy/tab_salt/topics/20260821_kouriteika.pdf,1,高
e7e073673cd3a0df,2026-08-21,令和8年8月21日,変更認可,パイプたばこ,NASH ｼｶﾞｰﾗｲﾝ ﾌﾞﾗｯｸﾍﾟｯﾊﾟｰ,NASHシガーラインブラックペッパー,30.0g箱,30,g,ﾛｼｱ,2800,,,https://www.mof.go.jp/policy/tab_salt/topics/20260821_kouriteika.pdf,1,中
37140eb83d86fafb,2026-08-21,令和8年8月21日,変更認可,パイプたばこ,NASH ﾎﾜｲﾄﾗｲﾝ ﾚﾃﾞｨｼｰｸﾚｯﾄ,NASHホワイトラインレディシークレット,40.0g箱,40,g,ﾛｼｱ,2400,,,https://www.mof.go.jp/policy/tab_salt/topics/20260821_kouriteika.pdf,1,高
a6c4cca9e8a81d09,2026-08-21,令和8年8月21日,変更認可,パイプたばこ,NASH ﾎﾜｲﾄﾗｲﾝ ﾛｰﾀｽﾋﾞｽｺｽ,NASHホワイトラインロータスビスコス,40.0g箱,40,g,ﾛｼｱ,2400,,,https://www.mof.go.jp/policy/tab_salt/topics/20260821_kouriteika.pdf,1,中
47b35a7576f5835f,2026-08-21,令和8年8月21日,変更認可,パイプたばこ,TUMBAKI 1880 ﾛｻｰﾄﾞ ･ｺﾞﾙﾃﾞｨｰﾄ,TUMBAKI1880ロサードゴルディート,100mm 1本,1,本,ﾄﾙｺ,1550,,,https://www.mof.go.jp/policy/tab_salt/topics/20260821_kouriteika.pdf,1,高
7026be14b4c659b4,2026-08-21,令和8年8月21日,変更認可,葉巻たばこ,ｶｰｻ･ﾄｳﾗﾝﾄ 1880 ﾛｻｰﾄﾞ ･ｻﾝ ｱﾝﾄﾞﾚｽ,カーサトウラント1880ロサードサンアンドレス,135mm 1本,1,本,ﾒｷｼｺ,1600,,,https://www.mof.go.jp/policy/tab_salt/topics/20260821_kouriteika.pdf,1,中
1e4a4489f838fcd7,2026-08-21,令和8年8月21日,変更認可,葉巻たばこ,ｶｰｻ･ﾄｳﾗﾝﾄ 1880 ﾛｻｰﾄﾞ ･ﾛﾌﾞｽﾄ,カーサトウラント1880ロサードロブスト,100mm 1本,1,本,ﾒｷｼｺ,1600,,,https://www.mof.go.jp/policy/tab_salt/topics/20260821_kouriteika.pdf,1,高
af56b9a781e95485,2026-08-21,令和8年8月21日,変更認可,葉巻たばこ,ｶｰｻ･ﾄｳﾗﾝﾄ ｵﾘｼﾞﾝ ﾛﾌﾞｽﾄ ･ﾆｶﾗｸﾞｱ,カーサトウラントオリジンロブストニカラグア,135mm 1本,1,本,ﾒｷｼｺ,1400,,,https://www.mof.go.jp/policy/tab_salt/topics/20260821_kouriteika.pdf,1,中
8889a15edc2e0819,2026-08-21,令和8年8月21日,変更認可,葉巻たばこ,ｶｰｻ･ﾄｳﾗﾝﾄ ｵﾘｼﾞﾝ ﾛﾌﾞｽﾄ ･ﾏｲｱﾐ,カーサトウラントオリジンロブストマイアミ,135mm 1本,1,本,ﾒｷｼｺ,1400,,,https://www.mof.go.jp/policy/tab_salt/topics/20260821_kouriteika.pdf,1,中
4a194aafd6fd56ff,2026-08-17,令和8年8月17日,変更認可,加熱式たばこ,ｹﾝﾄ･ﾄｩﾙｰ ･ｸﾗｼｯｸ,ケントトゥルークラシック,ﾊｰﾄﾞﾊﾟｯｸ,,,大韓民国,550,520,2026-10-01,https://www.mof.go.jp/policy/tab_salt/topics/20260817_kouriteikahenkou.pdf,1,中
09e6b0f9f5858af7,2026-08-17,令和8年8月17日,変更認可,加熱式たばこ,ｹﾝﾄ･ﾄｩﾙｰ ･ｽﾑｰｽ ･ﾀﾊﾞｺ,ケントトゥルースムースタバコ,ﾌｨﾙﾀｰ付 20本,20,本,大韓民国,550,520,2026-10-01,https://www.mof.go.jp/policy/tab_salt/topics/20260817_kouriteikahenkou.pdf,1,中
19087690570cacab,2026-08-17,令和8年8月17日,変更認可,加熱式たばこ,ｹﾝﾄ･ﾄｩﾙｰ ･ﾀﾊﾞｺ,ケントトゥルータバコ,ﾌｨﾙﾀｰ付 20本,20,本,大韓民国,550,520,2026-10-01,https://www.mof.go.jp/policy/tab_salt/topics/20260817_kouriteikahenkou.pdf,1,中
ee3a35830e70247a,2026-08-17,令和8年8月17日,変更認可,加熱式たばこ,ｹﾝﾄ･ﾄｩﾙｰ ･ﾍﾞﾘｰ･ﾌﾞｰｽﾄ,ケントトゥルーベリーブースト,ﾊｰﾄﾞﾊﾟｯｸ,,,大韓民国,550,520,2026-10-01,https://www.mof.go.jp/policy/tab_salt/topics/20260817_kouriteikahenkou.pdf,1,中
aa0e9b9e43459bb2,2026-08-17,令和8年8月17日,変更認可,加熱式たばこ,ｹﾝﾄ･ﾄｩﾙｰ ･ﾏｲﾙﾄﾞ,ケントトゥルーマイルド,5.4g,5.4,g,大韓民国,550,520,2026-10-01,https://www.mof.go.jp/policy/tab_salt/topics/20260817_kouriteikahenkou.pdf,1,中
a6c1bcdad252db20,2026-08-17,令和8年8月17日,変更認可,加熱式たばこ,ｹﾝﾄ･ﾄｩﾙｰ ･ﾒﾝｿｰﾙ,ケントトゥルーメンソール,ﾌｨﾙﾀｰ付 20本,20,本,大韓民国,550,520,2026-10-01,https://www.mof.go.jp/policy/tab_salt/topics/20260817_kouriteikahenkou.pdf,1,中
73eefd2f12c25ce5,2026-08-17,令和8年8月17日,変更認可,加熱式たばこ,ｹﾝﾄ･ﾄｩﾙｰ ･ﾘｯﾁ ･glo hyper用,ケントトゥルーリッチGLOHYPER用,5.2g,5.2,g,大韓民国,550,520,2026-10-01,https://www.mof.go.jp/policy/tab_salt/topics/20260817_kouriteikahenkou.pdf,1,高
f58af95c47fdd95a,2026-08-17,令和8年8月17日,変更認可,加熱式たばこ,ﾈｵ ･ｱｰｸﾃｨｯｸ,ネオアークティック,ﾌｨﾙﾀｰ付 20本,20,本,大韓民国,570,530,2026-10-01,https://www.mof.go.jp/policy/tab_salt/topics/20260817_kouriteikahenkou.pdf,1,中
0d70e3f58793a334,2026-08-17,令和8年8月17日,変更認可,加熱式たばこ,ﾈｵ ･ｱｲｽﾄﾞ ･ﾒﾝｿｰﾙ,ネオアイスドメンソール,ﾌｨﾙﾀｰ付 20本,20,本,大韓民国,570,530,2026-10-01,https://www.mof.go.jp/policy/tab_salt/topics/20260817_kouriteikahenkou.pdf,1,中
d6927ce93faa8c83,2026-08-17,令和8年8月17日,変更認可,加熱式たばこ,ﾈｵ ･ｸﾗｼｯｸ･ﾀﾊﾞｺ･hyper用,ネオクラシックタバコHYPER用,5.2g,5.2,g,大韓民国,570,530,2026-10-01,https://www.mof.go.jp/policy/tab_salt/topics/20260817_kouriteikahenkou.pdf,1,中
0b91822d76a35874,2026-08-17,令和8年8月17日,変更認可,加熱式たばこ,ﾈｵ ･ﾁﾙﾄﾞ,ネオチルド,5.4g,5.4,g,大韓民国,570,530,2026-10-01,https://www.mof.go.jp/policy/tab_salt/topics/20260817_kouriteikahenkou.pdf,1,中
cefe51f99a977f86,2026-08-17,令和8年8月17日,変更認可,加熱式たばこ,ﾈｵ ･ﾄﾛﾋﾟｶﾙ･ｽﾜｰﾙ,ネオトロピカルスワール,ﾌｨﾙﾀｰ付 20本,20,本,大韓民国,570,530,2026-10-01,https://www.mof.go.jp/policy/tab_salt/topics/20260817_kouriteikahenkou.pdf,1,高
a81f7eb9d3753c5b,2026-08-17,令和8年8月17日,変更認可,加熱式たばこ,ﾈｵ ･ﾌﾘｰｽﾞ･ﾒﾝｿｰﾙ･ｽﾃｨｯｸ,ネオフリーズメンソールスティック,5.2g,5.2,g,大韓民国,570,530,2026-10-01,https://www.mof.go.jp/policy/tab_salt/topics/20260817_kouriteikahenkou.pdf,1,中
f3ba5f35986881b0,2026-08-17,令和8年8月17日,変更認可,加熱式たばこ,ﾈｵ ･ﾌﾞﾘﾘｱﾝﾄ ･ﾚｯﾄﾞﾌﾙｰﾂ,ネオブリリアントレッドフルーツ,5.4g,5.4,g,大韓民国,570,530,2026-10-01,https://www.mof.go.jp/policy/tab_salt/topics/20260817_kouriteikahenkou.pdf,1,中
4e0cbe44949c4776,2026-08-17,令和8年8月17日,変更認可,加熱式たばこ,ﾈｵ ･ﾌﾞﾘﾘｱﾝﾄ･ﾍﾞﾘｰ,ネオブリリアントベリー,ﾌｨﾙﾀｰ付 20本,20,本,大韓民国,570,530,2026-10-01,https://www.mof.go.jp/policy/tab_salt/topics/20260817_kouriteikahenkou.pdf,1,中
8acd920831f19549,2026-08-17,令和8年8月17日,変更認可,加熱式たばこ,ﾈｵ ･ﾌﾚｯｼｭ･ﾒﾝｿｰﾙ,ネオフレッシュメンソール,5.2g,5.2,g,大韓民国,570,530,2026-10-01,https://www.mof.go.jp/policy/tab_salt/topics/20260817_kouriteikahenkou.pdf,1,中
8a9e4e6dda81de88,2026-08-17,令和8年8月17日,変更認可,加熱式たばこ,ﾈｵ ･ﾏｯｸｽ･ﾒﾝｿｰﾙ,ネオマックスメンソール,5.2g,5.2,g,大韓民国,570,530,2026-10-01,https://www.mof.go.jp/policy/tab_salt/topics/20260817_kouriteikahenkou.pdf,1,中
45ce29331e6613c5,2026-08-17,令和8年8月17日,変更認可,加熱式たばこ,ｳﾞｧﾙﾄ ･ｱｲｽﾄﾞ･ﾍﾞﾘｰ,ヴァルトアイスドベリー,5.3g,5.3,g,ｲﾝﾄﾞﾈｼｱ,600,580,2026-10-01,https://www.mof.go.jp/policy/tab_salt/topics/20260817_kouriteikahenkou.pdf,2,中
60840bae23128cc3,2026-08-17,令和8年8月17日,変更認可,加熱式たばこ,ｳﾞｧﾙﾄ ･ｱｲｽﾄﾞ･ﾒﾝｿｰﾙ,ヴァルトアイスドメンソール,ﾌｨﾙﾀｰ付 20本,20,本,ｲﾝﾄﾞﾈｼｱ,600,580,2026-10-01,https://www.mof.go.jp/policy/tab_salt/topics/20260817_kouriteikahenkou.pdf,2,中
f20d1f8870314d87,2026-08-17,令和8年8月17日,変更認可,加熱式たばこ,ｳﾞｧﾙﾄ ･ｸﾗｼｯｸ,ヴァルトクラシック,5.2g,5.2,g,ｲﾝﾄﾞﾈｼｱ,600,580,2026-10-01,https://www.mof.go.jp/policy/tab_salt/topics/20260817_kouriteikahenkou.pdf,2,中
d2c31debe616c820,2026-08-17,令和8年8月17日,変更認可,加熱式たばこ,ｳﾞｧﾙﾄ ･ﾀﾞｰｸ,ヴァルトダーク,ﾌｨﾙﾀｰ付 20本,20,本,ｲﾝﾄﾞﾈｼｱ,600,580,2026-10-01,https://www.mof.go.jp/policy/tab_salt/topics/20260817_kouriteikahenkou.pdf,2,中
699945b2c8db60c6,2026-08-17,令和8年8月17日,変更認可,加熱式たばこ,ｳﾞｧﾙﾄ ･ﾊﾞﾗﾝｽﾄﾞ,ヴァルトバランスド,ﾌｨﾙﾀｰ付 20本,20,本,ｲﾝﾄﾞﾈｼｱ,600,580,2026-10-01,https://www.mof.go.jp/policy/tab_salt/topics/20260817_kouriteikahenkou.pdf,2,中
1511631ae3296582,2026-08-17,令和8年8月17日,変更認可,加熱式たばこ,ｳﾞｧﾙﾄ ･ﾌﾞﾗｲﾄ･ﾁｪﾘｰ,ヴァルトブライトチェリー,5.2g,5.2,g,ｲﾝﾄﾞﾈｼｱ,600,580,2026-10-01,https://www.mof.go.jp/policy/tab_salt/topics/20260817_kouriteikahenkou.pdf,2,中
0c042291fd59d1af,2026-08-17,令和8年8月17日,変更認可,加熱式たばこ,ｳﾞｧﾙﾄ ･ﾌﾞﾗｲﾄ･ﾋﾟｰﾁ,ヴァルトブライトピーチ,5.3g,5.3,g,ｲﾝﾄﾞﾈｼｱ,600,580,2026-10-01,https://www.mof.go.jp/policy/tab_salt/topics/20260817_kouriteikahenkou.pdf,2,中
0b58a0e61666f2d1,2026-08-17,令和8年8月17日,変更認可,加熱式たばこ,ｳﾞｧﾙﾄ ･ﾍﾞﾘｰ ･ｸﾘｯｸ,ヴァルトベリークリック,ﾊｰﾄﾞﾊﾟｯｸ,,,ｲﾝﾄﾞﾈｼｱ,600,580,2026-10-01,https://www.mof.go.jp/policy/tab_salt/topics/20260817_kouriteikahenkou.pdf,2,中
da44a381024ef1ff,2026-08-17,令和8年8月17日,変更認可,加熱式たばこ,ｳﾞｧﾙﾄ ･ﾐﾝﾄ,ヴァルトミント,ﾌｨﾙﾀｰ付 20本,20,本,ｲﾝﾄﾞﾈｼｱ,600,580,2026-10-01,https://www.mof.go.jp/policy/tab_salt/topics/20260817_kouriteikahenkou.pdf,2,中
d000d0c7c4aff658,2026-08-17,令和8年8月17日,変更認可,加熱式たばこ,ｳﾞｧﾙﾄ ･ﾒﾛﾝ,ヴァルトメロン,5.3g,5.3,g,ｲﾝﾄﾞﾈｼｱ,600,580,2026-10-01,https://www.mof.go.jp/policy/tab_salt/topics/20260817_kouriteikahenkou.pdf,2,中
20f3ac7d3f0f105d,2026-08-17,令和8年8月17日,変更認可,加熱式たばこ,ｳﾞｧﾙﾄ ･ﾒﾝｿｰﾙ,ヴァルトメンソール,ﾌｨﾙﾀｰ付 20本,20,本,ｲﾝﾄﾞﾈｼｱ,600,580,2026-10-01,https://www.mof.go.jp/policy/tab_salt/topics/20260817_kouriteikahenkou.pdf,2,高
1a2197b19e9d8b22,2026-08-17,令和8年8月17日,変更認可,加熱式たばこ,ｳﾞｧﾙﾄ ･ﾗｳﾝﾃﾞｯﾄﾞ,ヴァルトラウンデッド,5.2g,5.2,g,ｲﾝﾄﾞﾈｼｱ,600,580,2026-10-01,https://www.mof.go.jp/policy/tab_salt/topics/20260817_kouriteikahenkou.pdf,2,中
9d14398a7573642a,2026-08-17,令和8年8月17日,変更認可,加熱式たばこ,ｳﾞｧﾙﾄ ･ﾚｯﾄﾞﾌﾙｰﾂ,ヴァルトレッドフルーツ,5.3g,5.3,g,ｲﾝﾄﾞﾈｼｱ,600,580,2026-10-01,https://www.mof.go.jp/policy/tab_salt/topics/20260817_kouriteikahenkou.pdf,2,中
fcb8c4f76f0c9d12,2026-08-17,令和8年8月17日,変更認可,加熱式たばこ,ﾗｯｷｰ･ｽﾄﾗｲｸ ･ｽﾑｰｽ･ﾀﾊﾞｺ,ラッキーストライクスムースタバコ,5.2g,5.2,g,大韓民国,500,480,2026-10-01,https://www.mof.go.jp/policy/tab_salt/topics/20260817_kouriteikahenkou.pdf,2,高
41d3e3e47d21b956,2026-08-17,令和8年8月17日,変更認可,加熱式たばこ,ﾗｯｷｰ･ｽﾄﾗｲｸ ･ﾀﾞｰｸ,ラッキーストライクダーク,ﾌｨﾙﾀｰ付 20本,20,本,大韓民国,500,480,2026-10-01,https://www.mof.go.jp/policy/tab_salt/topics/20260817_kouriteikahenkou.pdf,2,中
96eb0dc9f7271e03,2026-08-17,令和8年8月17日,変更認可,加熱式たばこ,ﾗｯｷｰ･ｽﾄﾗｲｸ ･ﾀﾞｰｸ,ラッキーストライクダーク,5.2g,5.2,g,大韓民国,500,480,2026-10-01,https://www.mof.go.jp/policy/tab_salt/topics/20260817_kouriteikahenkou.pdf,2,中
7226d7510d1c1f88,2026-08-17,令和8年8月17日,変更認可,加熱式たばこ,ﾗｯｷｰ･ｽﾄﾗｲｸ ･ﾄﾛﾋﾟｶﾙ,ラッキーストライクトロピカル,ﾊｰﾄﾞﾊﾟｯｸ,,,大韓民国,500,480,2026-10-01,https://www.mof.go.jp/policy/tab_salt/topics/20260817_kouriteikahenkou.pdf,2,中
2f7976851d11fe9e,2026-08-17,令和8年8月17日,変更認可,加熱式たばこ,ﾗｯｷｰ･ｽﾄﾗｲｸ ･ﾄﾛﾋﾟｶﾙ,ラッキーストライクトロピカル,5.4g,5.4,g,大韓民国,500,480,2026-10-01,https://www.mof.go.jp/policy/tab_salt/topics/20260817_kouriteikahenkou.pdf,2,中
a7bb5d2623411703,2026-08-17,令和8年8月17日,変更認可,加熱式たばこ,ﾗｯｷｰ･ｽﾄﾗｲｸ ･ﾍﾞﾘｰ,ラッキーストライクベリー,ﾌｨﾙﾀｰ付 20本,20,本,大韓民国,500,480,2026-10-01,https://www.mof.go.jp/policy/tab_salt/topics/20260817_kouriteikahenkou.pdf,2,中
3c36ac095cf1f32f,2026-08-17,令和8年8月17日,変更認可,加熱式たばこ,ﾗｯｷｰ･ｽﾄﾗｲｸ ･ﾍﾞﾘｰ,ラッキーストライクベリー,5.4g,5.4,g,大韓民国,500,480,2026-10-01,https://www.mof.go.jp/policy/tab_salt/topics/20260817_kouriteikahenkou.pdf,2,中
265627dd23fd79ac,2026-08-17,令和8年8月17日,変更認可,加熱式たばこ,ﾗｯｷｰ･ｽﾄﾗｲｸ ･ﾒﾝｿｰﾙ,ラッキーストライクメンソール,ﾌｨﾙﾀｰ付 20本,20,本,大韓民国,500,480,2026-10-01,https://www.mof.go.jp/policy/tab_salt/topics/20260817_kouriteikahenkou.pdf,2,中
1552e2f2991bd864,2026-08-17,令和8年8月17日,変更認可,加熱式たばこ,ﾗｯｷｰ･ｽﾄﾗｲｸ ･ﾘｯﾁ,ラッキーストライクリッチ,ﾌｨﾙﾀｰ付 20本,20,本,大韓民国,500,480,2026-10-01,https://www.mof.go.jp/policy/tab_salt/topics/20260817_kouriteikahenkou.pdf,2,中
bbd03f767484b056,2026-08-05,令和8年8月5日,変更認可,加熱式たばこ,ｴﾎﾞ ･ｶｶｵ･ﾐﾝﾄ,エボカカオミント,4.0g20本,4,g,日本,620,580,2026-10-01,https://www.mof.go.jp/policy/tab_salt/topics/20260805_kouriteikahenkou.pdf,1,中
0baee92f7ff69612,2026-08-05,令和8年8月5日,変更認可,加熱式たばこ,ｴﾎﾞ ･ｸﾞﾘｰﾝ,エボグリーン,4.4g,4.4,g,日本,620,580,2026-10-01,https://www.mof.go.jp/policy/tab_salt/topics/20260805_kouriteikahenkou.pdf,1,中
854165d90516c797,2026-08-05,令和8年8月5日,変更認可,加熱式たばこ,ｴﾎﾞ ･ｺｰﾙﾄﾞ,エボコールド,4.4g,4.4,g,日本,620,580,2026-10-01,https://www.mof.go.jp/policy/tab_salt/topics/20260805_kouriteikahenkou.pdf,1,中
ee5d1a35cb4d4854,2026-08-05,令和8年8月5日,変更認可,加熱式たばこ,ｴﾎﾞ ･ﾃﾞｨｰﾌﾟ･ｻｸﾗ ･ﾚｷﾞｭﾗｰ,エボディープサクラレギュラー,4.4g20本,4.4,g,日本,620,580,2026-10-01,https://www.mof.go.jp/policy/tab_salt/topics/20260805_kouriteikahenkou.pdf,1,中
1c38beca57aecb58,2026-08-05,令和8年8月5日,変更認可,加熱式たばこ,ｴﾎﾞ ･ﾄﾛﾋﾟｶﾙ･ﾊﾞﾅﾅ･ﾊﾁﾐﾂ･ﾚﾓﾝ ･ｸﾘｽﾀﾙ,エボトロピカルバナナハチミツレモンクリスタル,4.0g20本,4,g,日本,620,580,2026-10-01,https://www.mof.go.jp/policy/tab_salt/topics/20260805_kouriteikahenkou.pdf,1,中
70c2b4fec7abfab8,2026-08-05,令和8年8月5日,変更認可,加熱式たばこ,ｴﾎﾞ ･ﾄﾛﾋﾟｶﾙ･ﾍﾞﾘｰ,エボトロピカルベリー,4.0g20本,4,g,日本,620,580,2026-10-01,https://www.mof.go.jp/policy/tab_salt/topics/20260805_kouriteikahenkou.pdf,1,中
2132ab33e93c17eb,2026-08-05,令和8年8月5日,変更認可,加熱式たばこ,ｴﾎﾞ ･ﾄﾛﾋﾟｶﾙ･ﾗｲﾑ,エボトロピカルライム,4.4g20本,4.4,g,日本,620,580,2026-10-01,https://www.mof.go.jp/policy/tab_salt/topics/20260805_kouriteikahenkou.pdf,1,中
bc11d7b2ded76208,2026-08-05,令和8年8月5日,変更認可,加熱式たばこ,ｴﾎﾞ ･ﾌﾞﾗｯｸ ･ﾒﾝｿｰﾙ,エボブラックメンソール,20本4.0g,20,本,日本,620,580,2026-10-01,https://www.mof.go.jp/policy/tab_salt/topics/20260805_kouriteikahenkou.pdf,1,中
4d9c99599a241d06,2026-08-05,令和8年8月5日,変更認可,加熱式たばこ,ｴﾎﾞ ･ﾌﾚｯｼｭ ･ﾐﾝﾄ,エボフレッシュミント,4.4g,4.4,g,日本,620,580,2026-10-01,https://www.mof.go.jp/policy/tab_salt/topics/20260805_kouriteikahenkou.pdf,1,中
7a7f8e2550a0b389,2026-08-05,令和8年8月5日,変更認可,加熱式たばこ,ｴﾎﾞ ･ﾍﾞﾘｰ,エボベリー,4.0g20本,4,g,日本,620,580,2026-10-01,https://www.mof.go.jp/policy/tab_salt/topics/20260805_kouriteikahenkou.pdf,1,中
87e44f674ccc04b3,2026-08-05,令和8年8月5日,変更認可,加熱式たばこ,ｷｬﾒﾙ ･ｱｯﾌﾟﾙ,キャメルアップル,4.0g20本,4,g,日本,570,530,2026-10-01,https://www.mof.go.jp/policy/tab_salt/topics/20260805_kouriteikahenkou.pdf,1,中
48d728833943ad96,2026-08-05,令和8年8月5日,変更認可,加熱式たばこ,ｷｬﾒﾙ ･ｽﾑｰｽ,キャメルスムース,4.4g,4.4,g,日本,570,530,2026-10-01,https://www.mof.go.jp/policy/tab_salt/topics/20260805_kouriteikahenkou.pdf,1,中
313e58dea8a8af15,2026-08-05,令和8年8月5日,変更認可,加熱式たばこ,ｷｬﾒﾙ ･ﾍﾟｱｰ,キャメルペアー,4.4g,4.4,g,日本,570,530,2026-10-01,https://www.mof.go.jp/policy/tab_salt/topics/20260805_kouriteikahenkou.pdf,1,中
00e247cbc5195c2c,2026-08-05,令和8年8月5日,変更認可,加熱式たばこ,ｷｬﾒﾙ ･ﾍﾞﾘｰ･ｵﾌﾟｼｮﾝ,キャメルベリーオプション,4.0g,4,g,日本,570,530,2026-10-01,https://www.mof.go.jp/policy/tab_salt/topics/20260805_kouriteikahenkou.pdf,1,中
20580dd065d493ef,2026-08-05,令和8年8月5日,変更認可,加熱式たばこ,ｷｬﾒﾙ ･ﾒﾝｿｰﾙ,キャメルメンソール,4.0g,4,g,日本,570,530,2026-10-01,https://www.mof.go.jp/policy/tab_salt/topics/20260805_kouriteikahenkou.pdf,1,中
8b0d8a07ead5459f,2026-08-05,令和8年8月5日,変更認可,加熱式たばこ,ｷｬﾒﾙ ･ﾘｯﾁ,キャメルリッチ,4.4g,4.4,g,日本,570,530,2026-10-01,https://www.mof.go.jp/policy/tab_salt/topics/20260805_kouriteikahenkou.pdf,1,中
9623248ca95e3e58,2026-08-05,令和8年8月5日,変更認可,加熱式たばこ,ﾒﾋﾞｳｽ ･ｱﾛﾏﾘｯﾁ,メビウスアロマリッチ,20本4.0g,20,本,日本,590,550,2026-10-01,https://www.mof.go.jp/policy/tab_salt/topics/20260805_kouriteikahenkou.pdf,1,中
8450ae5c33e38ffb,2026-08-05,令和8年8月5日,変更認可,加熱式たばこ,ﾒﾋﾞｳｽ ･ｺｰﾙﾄﾞ ･ﾌﾟﾙｰﾑ用,メビウスコールドプルーム用,4.4g,4.4,g,日本,590,550,2026-10-01,https://www.mof.go.jp/policy/tab_salt/topics/20260805_kouriteikahenkou.pdf,1,高
20cda68b50ef3601,2026-08-05,令和8年8月5日,変更認可,加熱式たばこ,ﾒﾋﾞｳｽ ･ｼﾄﾗｽ,メビウスシトラス,4.0g20本,4,g,日本,590,550,2026-10-01,https://www.mof.go.jp/policy/tab_salt/topics/20260805_kouriteikahenkou.pdf,1,中
acd7f7f66637622e,2026-08-05,令和8年8月5日,変更認可,加熱式たばこ,ﾒﾋﾞｳｽ ･ｼｬｰﾌﾟ･ｺｰﾙﾄﾞ,メビウスシャープコールド,4.4g,4.4,g,日本,590,550,2026-10-01,https://www.mof.go.jp/policy/tab_salt/topics/20260805_kouriteikahenkou.pdf,1,中
f29ee1bf0bb9d20b,2026-08-05,令和8年8月5日,変更認可,加熱式たばこ,ﾒﾋﾞｳｽ ･ｽﾑｰｽ ･ﾚｷﾞｭﾗｰ,メビウススムースレギュラー,4.4g20本,4.4,g,日本,590,550,2026-10-01,https://www.mof.go.jp/policy/tab_salt/topics/20260805_kouriteikahenkou.pdf,1,中
5ed14614286e2c97,2026-08-05,令和8年8月5日,変更認可,加熱式たばこ,ﾒﾋﾞｳｽ ･ﾃﾞｨｰﾌﾟ,メビウスディープ,4.4g20本,4.4,g,日本,590,550,2026-10-01,https://www.mof.go.jp/policy/tab_salt/topics/20260805_kouriteikahenkou.pdf,1,中
1d66a1bfde472d05,2026-08-05,令和8年8月5日,変更認可,加熱式たばこ,ﾒﾋﾞｳｽ ･ﾌﾞﾗｯｸ･ｺｰﾙﾄﾞ,メビウスブラックコールド,20本4.0g,20,本,日本,590,550,2026-10-01,https://www.mof.go.jp/policy/tab_salt/topics/20260805_kouriteikahenkou.pdf,1,中
3026cb4295272028,2026-08-05,令和8年8月5日,変更認可,加熱式たばこ,ﾒﾋﾞｳｽ ･ﾍﾞﾘｰ,メビウスベリー,4.0g20本,4,g,日本,590,550,2026-10-01,https://www.mof.go.jp/policy/tab_salt/topics/20260805_kouriteikahenkou.pdf,1,中
7e688b6fb0c17a2c,2026-08-05,令和8年8月5日,変更認可,加熱式たばこ,ﾒﾋﾞｳｽ ･ﾏｽｶｯﾄ ･ｵﾌﾟｼｮﾝ,メビウスマスカットオプション,4.0g20本,4,g,日本,590,550,2026-10-01,https://www.mof.go.jp/policy/tab_salt/topics/20260805_kouriteikahenkou.pdf,1,中
d4bc03f6de3365a8,2026-08-05,令和8年8月5日,変更認可,加熱式たばこ,ﾒﾋﾞｳｽ ･ﾐｯｸｽ･ﾐﾝﾄ,メビウスミックスミント,4.4g,4.4,g,日本,590,550,2026-10-01,https://www.mof.go.jp/policy/tab_salt/topics/20260805_kouriteikahenkou.pdf,1,中
8d58304385579892,2026-08-05,令和8年8月5日,変更認可,加熱式たばこ,ｷｬﾒﾙ ･ｺｰﾙﾄﾞ,キャメルコールド,5.2g,5.2,g,ﾎﾟｰﾗﾝﾄﾞ,570,530,2026-10-01,https://www.mof.go.jp/policy/tab_salt/topics/20260805_kouriteikahenkou.pdf,2,中
d3b563e6362fba12,2026-08-05,令和8年8月5日,変更認可,加熱式たばこ,ｷｬﾒﾙ ･ｽﾑｰｽ ･ﾌﾟﾙｰﾑ･ｴｯｸｽ･ﾌﾟﾙｰﾑ･ｴｽ用,キャメルスムースプルームエックスプルームエス用,5.1g,5.1,g,日本,570,530,2026-10-01,https://www.mof.go.jp/policy/tab_salt/topics/20260805_kouriteikahenkou.pdf,2,中
c29e517e880162d2,2026-08-05,令和8年8月5日,変更認可,加熱式たばこ,ｷｬﾒﾙ ･ﾍﾞｲｽﾞ,キャメルベイズ,20本4.7g,20,本,日本,570,530,2026-10-01,https://www.mof.go.jp/policy/tab_salt/topics/20260805_kouriteikahenkou.pdf,2,中
f452f75c26cdb61f,2026-08-05,令和8年8月5日,変更認可,加熱式たばこ,ｷｬﾒﾙ ･ﾒﾝｿｰﾙ,キャメルメンソール,20本5.3g,20,本,日本,570,530,2026-10-01,https://www.mof.go.jp/policy/tab_salt/topics/20260805_kouriteikahenkou.pdf,2,中
ee8aaa4065375af2,2026-08-05,令和8年8月5日,変更認可,加熱式たばこ,ｷｬﾒﾙ ･ﾒﾝｿｰﾙ ･ｺｰﾙﾄﾞ･ﾊﾟｰﾌﾟﾙ ･ﾌﾟﾙｰﾑ･ｴｯｸｽ･ﾌﾟﾙｰﾑ･ｴｽ用,キャメルメンソールコールドパープルプルームエックスプルームエス用,5.3g20本,5.3,g,ﾎﾟｰﾗﾝﾄﾞ,570,530,2026-10-01,https://www.mof.go.jp/policy/tab_salt/topics/20260805_kouriteikahenkou.pdf,2,高
580f6c692b0f6c70,2026-08-05,令和8年8月5日,変更認可,加熱式たばこ,ｷｬﾒﾙ ･ﾘｯﾁ,キャメルリッチ,5.2g,5.2,g,日本,570,530,2026-10-01,https://www.mof.go.jp/policy/tab_salt/topics/20260805_kouriteikahenkou.pdf,2,中
e73f751e3c8de4b2,2026-08-05,令和8年8月5日,変更認可,加熱式たばこ,ｷｬﾒﾙ ･ﾘｯﾁ,キャメルリッチ,5.3g20本,5.3,g,ﾎﾟｰﾗﾝﾄﾞ,570,530,2026-10-01,https://www.mof.go.jp/policy/tab_salt/topics/20260805_kouriteikahenkou.pdf,2,中
1422f7fb67927d0c,2026-08-05,令和8年8月5日,変更認可,加熱式たばこ,ｷｬﾒﾙ･ﾘｯﾁ･ﾌﾟﾙｰﾑ用 ･ﾃﾞｨｰﾌﾟ,キャメルリッチプルーム用ディープ,5.0g20本,5,g,ﾎﾟｰﾗﾝﾄﾞ,570,530,2026-10-01,https://www.mof.go.jp/policy/tab_salt/topics/20260805_kouriteikahenkou.pdf,2,中
949bd285ded3250a,2026-08-05,令和8年8月5日,変更認可,加熱式たばこ,ﾒﾋﾞｳｽ ･ｱﾛﾏﾘｯﾁ,メビウスアロマリッチ,20本4.7g,20,本,日本,590,550,2026-10-01,https://www.mof.go.jp/policy/tab_salt/topics/20260805_kouriteikahenkou.pdf,2,中
03131f77846374ad,2026-08-05,令和8年8月5日,変更認可,加熱式たばこ,ﾒﾋﾞｳｽ ･ｱﾛﾏﾘｯﾁ ･ﾌﾟﾙｰﾑ･ｴｯｸｽ用,メビウスアロマリッチプルームエックス用,5.0g20本,5,g,ﾎﾟｰﾗﾝﾄﾞ,590,550,2026-10-01,https://www.mof.go.jp/policy/tab_salt/topics/20260805_kouriteikahenkou.pdf,2,高
4d67d358557c7d09,2026-08-05,令和8年8月5日,変更認可,加熱式たばこ,ﾒﾋﾞｳｽ ･ｲｴﾛｰ,メビウスイエロー,5.4g,5.4,g,日本,590,550,2026-10-01,https://www.mof.go.jp/policy/tab_salt/topics/20260805_kouriteikahenkou.pdf,2,中
d99621f99125ec65,2026-08-05,令和8年8月5日,変更認可,加熱式たばこ,ﾒﾋﾞｳｽ ･ｼｬｰﾌﾟ･ｺｰﾙﾄﾞ,メビウスシャープコールド,5.2g,5.2,g,ﾎﾟｰﾗﾝﾄﾞ,590,550,2026-10-01,https://www.mof.go.jp/policy/tab_salt/topics/20260805_kouriteikahenkou.pdf,2,中
28e2ccf972922c0c,2026-08-05,令和8年8月5日,変更認可,加熱式たばこ,ﾒﾋﾞｳｽ ･ｼｬｰﾌﾟ･ｺｰﾙﾄﾞ･ｺｰﾙﾄﾞ ･ﾒﾝｿｰﾙ,メビウスシャープコールドコールドメンソール,5.2g20本,5.2,g,日本,590,550,2026-10-01,https://www.mof.go.jp/policy/tab_salt/topics/20260805_kouriteikahenkou.pdf,2,中
fbd58dee52109928,2026-08-05,令和8年8月5日,変更認可,加熱式たばこ,ﾒﾋﾞｳｽ ･ｽﾑｰｽ,メビウススムース,4.4g,4.4,g,ﾎﾟｰﾗﾝﾄﾞ,590,550,2026-10-01,https://www.mof.go.jp/policy/tab_salt/topics/20260805_kouriteikahenkou.pdf,2,中
86e90138c8f862c3,2026-08-05,令和8年8月5日,変更認可,加熱式たばこ,ﾒﾋﾞｳｽ ･ｽﾑｰｽ ･ﾚｷﾞｭﾗｰ,メビウススムースレギュラー,5.0g20本,5,g,ﾎﾟｰﾗﾝﾄﾞ,590,550,2026-10-01,https://www.mof.go.jp/policy/tab_salt/topics/20260805_kouriteikahenkou.pdf,2,中
923fc0699ee696b3,2026-08-05,令和8年8月5日,変更認可,加熱式たばこ,ﾒﾋﾞｳｽ ･ﾃﾞｨｰﾌﾟ,メビウスディープ,5.0g20本,5,g,日本,590,550,2026-10-01,https://www.mof.go.jp/policy/tab_salt/topics/20260805_kouriteikahenkou.pdf,2,中
abe02f39343e4997,2026-08-05,令和8年8月5日,変更認可,加熱式たばこ,ﾒﾋﾞｳｽ ･ﾃﾞｨｰﾌﾟ,メビウスディープ,4.4g,4.4,g,ﾎﾟｰﾗﾝﾄﾞ,590,550,2026-10-01,https://www.mof.go.jp/policy/tab_salt/topics/20260805_kouriteikahenkou.pdf,2,中
0263f68eee190390,2026-08-05,令和8年8月5日,変更認可,加熱式たばこ,ﾒﾋﾞｳｽ ･ﾊﾟｰﾌﾟﾙ,メビウスパープル,5.4g,5.4,g,日本,590,550,2026-10-01,https://www.mof.go.jp/policy/tab_salt/topics/20260805_kouriteikahenkou.pdf,2,中
489bbed66a3fc8aa,2026-08-05,令和8年8月5日,変更認可,加熱式たばこ,ﾒﾋﾞｳｽ ･ﾊﾟｰﾌﾟﾙ･ｵﾌﾟｼｮﾝ･ﾌﾟﾙｰﾑ･ｴｯｸｽ用,メビウスパープルオプションプルームエックス用,5.4g,5.4,g,ﾎﾟｰﾗﾝﾄﾞ,590,550,2026-10-01,https://www.mof.go.jp/policy/tab_salt/topics/20260805_kouriteikahenkou.pdf,2,中
4f67ef5b39752501,2026-08-05,令和8年8月5日,変更認可,加熱式たばこ,ﾒﾋﾞｳｽ ･ﾌﾞﾗｯｸ･ｺｰﾙﾄﾞ,メビウスブラックコールド,20本4.7g,20,本,日本,590,550,2026-10-01,https://www.mof.go.jp/policy/tab_salt/topics/20260805_kouriteikahenkou.pdf,2,中
44508bc8ef1f8e8b,2026-08-05,令和8年8月5日,変更認可,加熱式たばこ,ﾒﾋﾞｳｽ ･ﾏｽｶｯﾄｸﾞﾘｰﾝ ･ｵﾌﾟｼｮﾝ,メビウスマスカットグリーンオプション,5.4g,5.4,g,日本,590,550,2026-10-01,https://www.mof.go.jp/policy/tab_salt/topics/20260805_kouriteikahenkou.pdf,2,中
dd0c5f75c406057e,2026-08-05,令和8年8月5日,変更認可,加熱式たばこ,ﾒﾋﾞｳｽ ･ﾐｯｸｽ･ﾐﾝﾄ,メビウスミックスミント,20本4.9g,20,本,日本,590,550,2026-10-01,https://www.mof.go.jp/policy/tab_salt/topics/20260805_kouriteikahenkou.pdf,2,中
c5c4f427064fc02a,2026-08-05,令和8年8月5日,変更認可,加熱式たばこ,ﾒﾋﾞｳｽ ･ﾚｯﾄﾞ,メビウスレッド,20本4.7g,20,本,日本,590,550,2026-10-01,https://www.mof.go.jp/policy/tab_salt/topics/20260805_kouriteikahenkou.pdf,2,中
08bcfb7b966a25f7,2026-07-30,令和8年7月30日,変更認可,葉巻たばこ,EGM ｴﾝﾋﾟﾘｱﾝ ﾊﾟﾗｲｿｽ,EGMエンピリアンパライソス,170mm 1本,1,本,ﾄﾞﾐﾆｶ共和国,10800,,,https://www.mof.go.jp/policy/tab_salt/topics/20260730_kouriteika.pdf,1,高
07223f6c9110f2ce,2026-07-30,令和8年7月30日,変更認可,葉巻たばこ,EGM ｴﾝﾋﾟﾘｱﾝ ﾌﾟﾗｸｾﾃﾞｽ,EGMエンピリアンプラクセデス,145mm 1本,1,本,ﾄﾞﾐﾆｶ共和国,11600,,,https://www.mof.go.jp/policy/tab_salt/topics/20260730_kouriteika.pdf,1,高
4ed2ce789c99d57b,2026-07-30,令和8年7月30日,変更認可,葉巻たばこ,EGM ｴﾝﾋﾟﾘｱﾝ ﾍﾗﾙﾄﾞｽ,EGMエンピリアンヘラルドス,130mm 1本,1,本,ﾄﾞﾐﾆｶ共和国,9800,,,https://www.mof.go.jp/policy/tab_salt/topics/20260730_kouriteika.pdf,1,高
aea2925044774618,2026-07-30,令和8年7月30日,変更認可,葉巻たばこ,EGM ﾏﾄﾞｩﾛ ﾌﾛﾘﾄﾞｽ,EGMマドゥロフロリドス,140mm 1本,1,本,ﾄﾞﾐﾆｶ共和国,5400,,,https://www.mof.go.jp/policy/tab_salt/topics/20260730_kouriteika.pdf,1,高
6267ead2675b29cc,2026-07-30,令和8年7月30日,変更認可,葉巻たばこ,EGM ﾏﾄﾞｩﾛ ﾏｷｼﾓｽ,EGMマドゥロマキシモス,132mm 1本,1,本,ﾄﾞﾐﾆｶ共和国,5700,,,https://www.mof.go.jp/policy/tab_salt/topics/20260730_kouriteika.pdf,1,高
81b83a0c79d2b19e,2026-07-30,令和8年7月30日,変更認可,葉巻たばこ,EGM ﾏﾄﾞｩﾛ ﾘｵｽ,EGMマドゥロリオス,153mm 1本,1,本,ﾄﾞﾐﾆｶ共和国,4900,,,https://www.mof.go.jp/policy/tab_salt/topics/20260730_kouriteika.pdf,1,高
b39e4787df4fa447,2026-07-29,令和8年7月29日,変更認可,パイプたばこ,Bang Bang Double Apple Special,BANGBANGDOUBLEAPPLESPECIAL,50.0g箱,50,g,ｽｲｽ,1780,,,https://www.mof.go.jp/policy/tab_salt/topics/20260729_kouriteika.pdf,1,高
ce51a7a91d0dd8a1,2026-07-29,令和8年7月29日,変更認可,葉巻たばこ,CAPITOL ART DECO 2025,CAPITOLARTDECO2025,146mm 1本,1,本,ﾆｶﾗｸﾞｱ,3300,,,https://www.mof.go.jp/policy/tab_salt/topics/20260729_kouriteika.pdf,1,高
8f61007fef548f1f,2026-07-29,令和8年7月29日,変更認可,葉巻たばこ,Oliva Serie V 554 Melanio LE 2025,OLIVASERIEV554MELANIOLE2025,127mm 1本,1,本,ﾆｶﾗｸﾞｱ,3960,,,https://www.mof.go.jp/policy/tab_salt/topics/20260729_kouriteika.pdf,1,高
ee73657d92db59e6,2026-07-29,令和8年7月29日,変更認可,葉巻たばこ,RIGOLETTO,RIGOLETTO,110mm 1本,1,本,ﾆｶﾗｸﾞｱ,2000,,,https://www.mof.go.jp/policy/tab_salt/topics/20260729_kouriteika.pdf,1,高
6ee2d5e9f5252267,2026-07-29,令和8年7月29日,変更認可,葉巻たばこ,ﾃﾞｨﾌﾟﾛﾏﾃｨｺｽ･ｶﾝｼｼﾞｪﾚｽ,ディプロマティコスカンシジェレス,130mm 1本,1,本,ｷｭｰﾊﾞ,5500,,,https://www.mof.go.jp/policy/tab_salt/topics/20260729_kouriteika.pdf,1,高
80d6d4476b2bafec,2026-07-29,令和8年7月29日,変更認可,パイプたばこ,ﾄﾘﾆﾀﾞｯﾄﾞ,トリニダッド,135mm 1本,1,本,ｽｲｽ,33000,,,https://www.mof.go.jp/policy/tab_salt/topics/20260729_kouriteika.pdf,1,中
1c0608e268017fb8,2026-07-29,令和8年7月29日,変更認可,葉巻たばこ,ﾊﾟﾝﾁ･ﾌﾟﾘﾝｾｻｽ LE 2025,パンチプリンセサスLE2025,135mm 1本,1,本,ｷｭｰﾊﾞ,17600,,,https://www.mof.go.jp/policy/tab_salt/topics/20260729_kouriteika.pdf,1,高
fab0efffee4d14f2,2026-07-29,令和8年7月29日,変更認可,パイプたばこ,ﾋﾞﾘｶﾞｰ･ｴｸｽﾎﾟｰﾄ 25's･ﾎﾞｯｸｽ,ビリガーエクスポート25'Sボックス,101mm 25本ﾊｰﾄﾞﾊﾟｯｸ,25,本,ｽｲｽ,6650,,,https://www.mof.go.jp/policy/tab_salt/topics/20260729_kouriteika.pdf,1,高
0fd1afea14b36a58,2026-07-29,令和8年7月29日,変更認可,葉巻たばこ,ﾍﾞｶﾞﾌｨﾅ ･1998 ﾄﾗﾍﾞﾙ ﾋｭﾐﾄﾞｰﾙ 2025,ベガフィナ1998トラベルヒュミドール2025,135mm 12本,12,本,ﾆｶﾗｸﾞｱ,33000,,,https://www.mof.go.jp/policy/tab_salt/topics/20260729_kouriteika.pdf,1,高
a15a124b86a58980,2026-07-29,令和8年7月29日,変更認可,葉巻たばこ,ﾎﾖｰ･ﾄﾞｩ･ﾓﾝﾄﾚｰ･ｻﾝ ﾙｲｽ,ホヨードゥモントレーサンルイス,160mm 1本,1,本,ｷｭｰﾊﾞ,9900,,,https://www.mof.go.jp/policy/tab_salt/topics/20260729_kouriteika.pdf,1,高
77f4b724b355b65b,2026-07-29,令和8年7月29日,変更認可,葉巻たばこ,ﾓﾝﾃｸﾘｽﾄ･ﾍﾚﾃﾞﾛｽ HS/LCDH,モンテクリストヘレデロスHS/LCDH,162mm 1本,1,本,ｷｭｰﾊﾞ,16500,,,https://www.mof.go.jp/policy/tab_salt/topics/20260729_kouriteika.pdf,1,高
7dafdba0b80ed125,2026-07-29,令和8年7月29日,変更認可,パイプたばこ,ﾓﾝﾄｰｻ ･ｱﾏﾘﾛ,モントーサアマリロ,ﾄﾞﾐﾆｶ共和国,,,ｽｲｽ,1200,,,https://www.mof.go.jp/policy/tab_salt/topics/20260729_kouriteika.pdf,1,中
dd46552083ad7e99,2026-07-29,令和8年7月29日,変更認可,葉巻たばこ,ﾛﾒｵ･Y･ｼﾞｭﾘｴｯﾀ,ロメオYジュリエッタ,124mm 1本,1,本,ｷｭｰﾊﾞ,34100,,,https://www.mof.go.jp/policy/tab_salt/topics/20260729_kouriteika.pdf,1,中
578186132740c2ee,2026-07-28,令和8年7月28日,変更認可,紙巻たばこ,ﾊﾞｰｼﾞﾆｱ･ｴｽ ･ｿﾌｨｱ 1,バージニアエスソフィア1,FSK 20本ﾊｰﾄﾞﾊﾟｯｸ,20,本,ｲﾝﾄﾞﾈｼｱﾘﾄｱﾆｱ,590,570,2026-09-01,https://www.mof.go.jp/policy/tab_salt/topics/20260728_kouriteikahenkou.pdf,1,高
15623ce81c9f3c51,2026-07-28,令和8年7月28日,変更認可,紙巻たばこ,ﾊﾞｰｼﾞﾆｱ･ｴｽ ･ﾊﾟｰﾌﾟﾙ･5･KSﾎﾞｯｸｽ,バージニアエスパープル5KSボックス,ﾊｰﾄﾞﾊﾟｯｸ,,,ｲﾝﾄﾞﾈｼｱ,590,570,2026-09-01,https://www.mof.go.jp/policy/tab_salt/topics/20260728_kouriteikahenkou.pdf,1,中
27cc35ed08d5b2a5,2026-07-28,令和8年7月28日,変更認可,紙巻たばこ,ﾊﾞｰｼﾞﾆｱ･ｴｽ ･ﾒﾝｿｰﾙ ･5,バージニアエスメンソール5,FK 20本,20,本,ｾﾙﾋﾞｱ,590,570,2026-09-01,https://www.mof.go.jp/policy/tab_salt/topics/20260728_kouriteikahenkou.pdf,1,中
90f544550594e2f7,2026-07-28,令和8年7月28日,変更認可,紙巻たばこ,ﾊﾞｰｼﾞﾆｱ･ｴｽ ･ﾛｾﾞ･ﾒﾝｿｰﾙ,バージニアエスロゼメンソール,FSK 20本ﾊｰﾄﾞﾊﾟｯｸ,20,本,ｾﾙﾋﾞｱ,590,570,2026-09-01,https://www.mof.go.jp/policy/tab_salt/topics/20260728_kouriteikahenkou.pdf,1,中
0264595e353de88b,2026-07-28,令和8年7月28日,変更認可,紙巻たばこ,ﾊﾞｰｼﾞﾆｱ･ｴｽ KSﾎﾞｯｸｽ･ﾗｲﾄKSﾎﾞｯｸｽ,バージニアエスKSボックスライトKSボックス,ﾊｰﾄﾞﾊﾟｯｸFK 20本,20,本,ｾﾙﾋﾞｱｽｲｽﾁｪｺ,600,580,2026-09-01,https://www.mof.go.jp/policy/tab_salt/topics/20260728_kouriteikahenkou.pdf,1,高
143d76894c0717f5,2026-07-28,令和8年7月28日,変更認可,紙巻たばこ,ﾊﾟｰﾗﾒﾝﾄ ･ｴｸｽﾄﾗ･ﾗｲﾄ,パーラメントエクストラライト,FSK 20本ﾊｰﾄﾞﾊﾟｯｸ,20,本,ｾﾙﾋﾞｱﾘﾄｱﾆｱｾﾙﾋﾞｱ,640,620,2026-09-01,https://www.mof.go.jp/policy/tab_salt/topics/20260728_kouriteikahenkou.pdf,1,高
cb10fbe87030d9e0,2026-07-28,令和8年7月28日,変更認可,紙巻たばこ,ﾊﾟｰﾗﾒﾝﾄ ･ﾗｲﾄ 100ﾎﾞｯｸｽ,パーラメントライト100ボックス,FSK 20本ﾊｰﾄﾞﾊﾟｯｸ,20,本,ﾘﾄｱﾆｱ,640,620,2026-09-01,https://www.mof.go.jp/policy/tab_salt/topics/20260728_kouriteikahenkou.pdf,1,中
8bace11eecd7b496,2026-07-28,令和8年7月28日,変更認可,紙巻たばこ,ﾊﾟｰﾗﾒﾝﾄ ･ﾜﾝ,パーラメントワン,FSK 20本ﾊｰﾄﾞﾊﾟｯｸ,20,本,ｾﾙﾋﾞｱﾘﾄｱﾆｱ,640,620,2026-09-01,https://www.mof.go.jp/policy/tab_salt/topics/20260728_kouriteikahenkou.pdf,1,中
7c45227e46841415,2026-07-28,令和8年7月28日,変更認可,紙巻たばこ,ﾊﾟｰﾗﾒﾝﾄ 100ﾎﾞｯｸｽ,パーラメント100ボックス,FSK 20本ﾊｰﾄﾞﾊﾟｯｸ,20,本,ﾘﾄｱﾆｱ,640,620,2026-09-01,https://www.mof.go.jp/policy/tab_salt/topics/20260728_kouriteikahenkou.pdf,1,中
2f7785833b525741,2026-07-28,令和8年7月28日,変更認可,紙巻たばこ,ﾌｨﾘｯﾌﾟﾓﾘｽ ･1･100sﾎﾞｯｸｽ,フィリップモリス1100Sボックス,FSK 20本,20,本,ﾘﾄｱﾆｱ,470,450,2026-09-01,https://www.mof.go.jp/policy/tab_salt/topics/20260728_kouriteikahenkou.pdf,1,中
df75b10ff3d10500,2026-07-28,令和8年7月28日,変更認可,紙巻たばこ,ﾌｨﾘｯﾌﾟﾓﾘｽ ･10,フィリップモリス10,ﾊｰﾄﾞﾊﾟｯｸFK 20本,20,本,ｲﾝﾄﾞﾈｼｱﾄﾙｺ,470,450,2026-09-01,https://www.mof.go.jp/policy/tab_salt/topics/20260728_kouriteikahenkou.pdf,1,高
da49b634ab3c8fdb,2026-07-28,令和8年7月28日,変更認可,紙巻たばこ,ﾌｨﾘｯﾌﾟﾓﾘｽ ･14,フィリップモリス14,FSK 20本ﾊｰﾄﾞﾊﾟｯｸ,20,本,ｲﾝﾄﾞﾈｼｱ,470,450,2026-09-01,https://www.mof.go.jp/policy/tab_salt/topics/20260728_kouriteikahenkou.pdf,1,中
707a80a640dbebb7,2026-07-28,令和8年7月28日,変更認可,紙巻たばこ,ﾌｨﾘｯﾌﾟﾓﾘｽ ･3,フィリップモリス3,ﾊｰﾄﾞﾊﾟｯｸ,,,ｽｲｽ,470,450,2026-09-01,https://www.mof.go.jp/policy/tab_salt/topics/20260728_kouriteikahenkou.pdf,1,中
3e424bb09979f6d7,2026-07-28,令和8年7月28日,変更認可,紙巻たばこ,ﾌｨﾘｯﾌﾟﾓﾘｽ ･6,フィリップモリス6,ﾊｰﾄﾞﾊﾟｯｸFK 20本,20,本,ｲﾝﾄﾞﾈｼｱｾﾙﾋﾞｱ,470,450,2026-09-01,https://www.mof.go.jp/policy/tab_salt/topics/20260728_kouriteikahenkou.pdf,1,中
53ac73a052291608,2026-07-24,令和8年7月24日,変更認可,葉巻たばこ,Casdagli Cigars BLACK MAJESTY,CASDAGLICIGARSBLACKMAJESTY,185mm 1本,1,本,ｺｽﾀﾘｶ,6500,,,https://www.mof.go.jp/policy/tab_salt/topics/20260724_kouriteika.pdf,1,中
a3a813b13f475e08,2026-07-24,令和8年7月24日,変更認可,葉巻たばこ,Casdagli Cigars BLACK PAAN,CASDAGLICIGARSBLACKPAAN,185mm 1本,1,本,ｺｽﾀﾘｶ,6500,,,https://www.mof.go.jp/policy/tab_salt/topics/20260724_kouriteika.pdf,1,中
b7c3062df5f5c0e0,2026-07-24,令和8年7月24日,変更認可,葉巻たばこ,Casdagli Cigars Cabinet Selection Ristretto,CASDAGLICIGARSCABINETSELECTIONRISTRETTO,100mm 1本,1,本,ｺｽﾀﾘｶ,2500,,,https://www.mof.go.jp/policy/tab_salt/topics/20260724_kouriteika.pdf,1,中
afacdc9d5ba885ce,2026-07-24,令和8年7月24日,変更認可,葉巻たばこ,Casdagli Cigars ELIXIR,CASDAGLICIGARSELIXIR,185mm 1本,1,本,ｺｽﾀﾘｶ,6500,,,https://www.mof.go.jp/policy/tab_salt/topics/20260724_kouriteika.pdf,1,中
0a4965fb3cdb88e3,2026-07-24,令和8年7月24日,変更認可,葉巻たばこ,Casdagli Cigars ELYSIUM,CASDAGLICIGARSELYSIUM,185mm 1本,1,本,ｺｽﾀﾘｶ,6500,,,https://www.mof.go.jp/policy/tab_salt/topics/20260724_kouriteika.pdf,1,中
bbd8b5926f344e20,2026-07-24,令和8年7月24日,変更認可,葉巻たばこ,Casdagli Cigars LEMON-ROSE,CASDAGLICIGARSLEMON-ROSE,185mm 1本,1,本,ｺｽﾀﾘｶ,6500,,,https://www.mof.go.jp/policy/tab_salt/topics/20260724_kouriteika.pdf,1,中
c336767806932f2b,2026-07-24,令和8年7月24日,変更認可,葉巻たばこ,Casdagli Cigars ORIENTTEE AL KASHMIR EDITION,CASDAGLICIGARSORIENTTEEALKASHMIREDITION,185mm 1本,1,本,ｺｽﾀﾘｶ,6500,,,https://www.mof.go.jp/policy/tab_salt/topics/20260724_kouriteika.pdf,1,中
61e2114a83c61956,2026-07-24,令和8年7月24日,変更認可,葉巻たばこ,"Casdagli Cigars Villa Casdagli Salomone, Limited","CASDAGLICIGARSVILLACASDAGLISALOMONE,LIMITED",185mm 1本,1,本,ｺｽﾀﾘｶ,6500,,,https://www.mof.go.jp/policy/tab_salt/topics/20260724_kouriteika.pdf,1,高
5a7cd4d1732400ca,2026-07-24,令和8年7月24日,変更認可,パイプたばこ,KISMET BLACK,KISMETBLACK,200g箱,200,g,ﾄﾞｲﾂ,9500,,,https://www.mof.go.jp/policy/tab_salt/topics/20260724_kouriteika.pdf,1,中
920217a7146f92c5,2026-07-24,令和8年7月24日,変更認可,パイプたばこ,KISMET BLACK HAZELNUT,KISMETBLACKHAZELNUT,200g箱,200,g,ﾄﾞｲﾂ,9500,,,https://www.mof.go.jp/policy/tab_salt/topics/20260724_kouriteika.pdf,1,中
77775decdac28fc0,2026-07-24,令和8年7月24日,変更認可,パイプたばこ,KISMET BLACK JASMINE,KISMETBLACKJASMINE,200g箱,200,g,ﾄﾞｲﾂ,9500,,,https://www.mof.go.jp/policy/tab_salt/topics/20260724_kouriteika.pdf,1,中
e3d27950d92583a5,2026-07-24,令和8年7月24日,変更認可,パイプたばこ,KISMET BLACK VIOLET,KISMETBLACKVIOLET,200g箱,200,g,ﾄﾞｲﾂ,9500,,,https://www.mof.go.jp/policy/tab_salt/topics/20260724_kouriteika.pdf,1,中
07ee38fc2785c0bd,2026-07-24,令和8年7月24日,変更認可,パイプたばこ,KISMET COFFEE CARDAMOM,KISMETCOFFEECARDAMOM,200g箱,200,g,ﾄﾞｲﾂ,9500,,,https://www.mof.go.jp/policy/tab_salt/topics/20260724_kouriteika.pdf,1,中
c4428e53ea37aa62,2026-07-24,令和8年7月24日,変更認可,パイプたばこ,KISMET PEACH BLOSSOM,KISMETPEACHBLOSSOM,200g箱,200,g,ﾄﾞｲﾂ,9500,,,https://www.mof.go.jp/policy/tab_salt/topics/20260724_kouriteika.pdf,1,中
faee80461c98fc32,2026-07-24,令和8年7月24日,変更認可,パイプたばこ,KISMET VERITAS,KISMETVERITAS,200g箱,200,g,ﾄﾞｲﾂ,9500,,,https://www.mof.go.jp/policy/tab_salt/topics/20260724_kouriteika.pdf,1,中
1aca46f5b902e024,2026-07-22,令和8年7月22日,変更認可,葉巻たばこ,ﾄﾙﾅﾌﾞｫｰﾆ ｱﾙｶｰﾉ,トルナブォーニアルカーノ,160mm 1本,1,本,ｲﾀﾘｱ,1350,,,https://www.mof.go.jp/policy/tab_salt/topics/20260722_kouriteika.pdf,1,高
668df71095702072,2026-07-22,令和8年7月22日,変更認可,葉巻たばこ,ﾄﾙﾅﾌﾞｫｰﾆ ｲﾙ･ｶｯﾁｬﾄｰﾚ,トルナブォーニイルカッチャトーレ,80mm 1本,1,本,ｲﾀﾘｱ,650,,,https://www.mof.go.jp/policy/tab_salt/topics/20260722_kouriteika.pdf,1,中
54ba1567c35d0fc3,2026-07-22,令和8年7月22日,変更認可,葉巻たばこ,ﾄﾙﾅﾌﾞｫｰﾆ ｾﾞﾌｨｰﾛ,トルナブォーニゼフィーロ,80mm 1本,1,本,ｲﾀﾘｱ,650,,,https://www.mof.go.jp/policy/tab_salt/topics/20260722_kouriteika.pdf,1,中
06469799ee7535fd,2026-07-22,令和8年7月22日,変更認可,紙巻たばこ,ﾄﾙﾅﾌﾞｫｰﾆ ﾁｯﾃｨｰﾉ,トルナブォーニチッティーノ,75mm 1本,1,本,ｲﾀﾘｱ,1200,,,https://www.mof.go.jp/policy/tab_salt/topics/20260722_kouriteika.pdf,1,高
79c1db2e40b1a2f5,2026-07-22,令和8年7月22日,変更認可,葉巻たばこ,ﾄﾙﾅﾌﾞｫｰﾆ ﾅﾂｨｵﾅｰﾚ,トルナブォーニナツィオナーレ,160mm 1本,1,本,ｲﾀﾘｱ,1200,,,https://www.mof.go.jp/policy/tab_salt/topics/20260722_kouriteika.pdf,1,中
dc2576572abe9683,2026-07-22,令和8年7月22日,変更認可,葉巻たばこ,ﾄﾙﾅﾌﾞｫｰﾆ ﾉｳﾞｪﾁｪﾝﾄ,トルナブォーニノヴェチェント,160mm 1本,1,本,ｲﾀﾘｱ,1200,,,https://www.mof.go.jp/policy/tab_salt/topics/20260722_kouriteika.pdf,1,中
fd84679a89e47a69,2026-07-22,令和8年7月22日,変更認可,葉巻たばこ,ﾄﾙﾅﾌﾞｫｰﾆ ﾒｯﾂｫ ﾅﾂｨｵﾅｰﾚ,トルナブォーニメッツォナツィオナーレ,80mm 1本,1,本,ｲﾀﾘｱ,600,,,https://www.mof.go.jp/policy/tab_salt/topics/20260722_kouriteika.pdf,1,高
749336e2cd059c6e,2026-07-22,令和8年7月22日,変更認可,葉巻たばこ,ﾄﾙﾅﾌﾞｫｰﾆ ﾒｯﾂｫ ﾉｳﾞｪﾁｪﾝﾄ,トルナブォーニメッツォノヴェチェント,80mm 1本,1,本,ｲﾀﾘｱ,600,,,https://www.mof.go.jp/policy/tab_salt/topics/20260722_kouriteika.pdf,1,高
bfc244fc1cb7bbaa,2026-07-22,令和8年7月22日,変更認可,葉巻たばこ,ﾄﾙﾅﾌﾞｫｰﾆ ﾘﾅｼﾒﾝﾄ,トルナブォーニリナシメント,155mm 1本,1,本,ｲﾀﾘｱ,2800,,,https://www.mof.go.jp/policy/tab_salt/topics/20260722_kouriteika.pdf,1,高
29b6cad98df441f9,2026-07-22,令和8年7月22日,変更認可,葉巻たばこ,ﾄﾙﾅﾌﾞｫｰﾆ ﾙｽﾄﾛ,トルナブォーニルストロ,80mm 1本,1,本,ｲﾀﾘｱ,1300,,,https://www.mof.go.jp/policy/tab_salt/topics/20260722_kouriteika.pdf,1,高
671653fe60030634,2026-07-22,令和8年7月22日,変更認可,葉巻たばこ,ﾄﾙﾅﾌﾞｫｰﾆ ﾚｳﾞｧﾝﾃ,トルナブォーニレヴァンテ,80mm 1本,1,本,ｲﾀﾘｱ,600,,,https://www.mof.go.jp/policy/tab_salt/topics/20260722_kouriteika.pdf,1,高
849c74b7424072de,2026-07-22,令和8年7月22日,変更認可,紙巻たばこ,ﾏｽﾄﾛ ﾄﾙﾅﾌﾞｫｰﾆ ﾛﾝｸﾞ ﾘｾﾞﾙｳﾞｧ ｵﾙﾁｮｰﾛ,マストロトルナブォーニロングリゼルヴァオルチョーロ,125mm 1本,1,本,ﾌｨﾘﾋﾟﾝ,3400,,,https://www.mof.go.jp/policy/tab_salt/topics/20260722_kouriteika.pdf,1,高
8ae0bd05f650b65a,2026-07-22,令和8年7月22日,変更認可,紙巻たばこ,ﾏｽﾄﾛ ﾄﾙﾅﾌﾞｫｰﾆ ﾛﾝｸﾞ ﾘｾﾞﾙｳﾞｧ ｺｽﾊﾟｲｱ,マストロトルナブォーニロングリゼルヴァコスパイア,155mm 1本,1,本,ﾌｨﾘﾋﾟﾝ,2000,,,https://www.mof.go.jp/policy/tab_salt/topics/20260722_kouriteika.pdf,1,高
86e0baad1e1c3820,2026-07-22,令和8年7月22日,変更認可,紙巻たばこ,ﾏｽﾄﾛ ﾄﾙﾅﾌﾞｫｰﾆ ﾛﾝｸﾞ ﾘｾﾞﾙｳﾞｧ ｽﾋﾟﾝｶﾞﾙﾀﾞ ﾀﾞﾝｷﾞｱﾘ,マストロトルナブォーニロングリゼルヴァスピンガルダダンギアリ,125mm 1本,1,本,ｲﾀﾘｱ,3800,,,https://www.mof.go.jp/policy/tab_salt/topics/20260722_kouriteika.pdf,1,高
e71c61ca17423c8a,2026-07-22,令和8年7月22日,変更認可,葉巻たばこ,ﾛｯｷｰﾊﾟﾃﾙ ｱﾏﾙｺﾙﾄﾞ,ロッキーパテルアマルコルド,80mm 1本,1,本,ﾎﾝｼﾞｭﾗｽ,750,,,https://www.mof.go.jp/policy/tab_salt/topics/20260722_kouriteika.pdf,1,高
52bfaf54746f6c88,2026-07-22,令和8年7月22日,変更認可,葉巻たばこ,ﾛｯｷｰﾊﾟﾃﾙ ｳﾞｨﾝﾃｰｼﾞ1990,ロッキーパテルヴィンテージ1990,89mm 1本,1,本,ﾎﾝｼﾞｭﾗｽ,1150,,,https://www.mof.go.jp/policy/tab_salt/topics/20260722_kouriteika.pdf,1,中
a26ad31c72c8cfc5,2026-07-22,令和8年7月22日,変更認可,葉巻たばこ,ﾛｯｷｰﾊﾟﾃﾙ ｳﾞｨﾝﾃｰｼﾞ1999 ﾊｰﾌｺﾛﾅ,ロッキーパテルヴィンテージ1999ハーフコロナ,89mm 1本,1,本,ﾎﾝｼﾞｭﾗｽ,1150,,,https://www.mof.go.jp/policy/tab_salt/topics/20260722_kouriteika.pdf,1,中
fe875d0a83fb4d0f,2026-07-22,令和8年7月22日,変更認可,葉巻たばこ,ﾛｯｷｰﾊﾟﾃﾙ ｶﾞﾗﾝﾃ,ロッキーパテルガランテ,80mm 1本,1,本,ﾎﾝｼﾞｭﾗｽ,950,,,https://www.mof.go.jp/policy/tab_salt/topics/20260722_kouriteika.pdf,1,高
317be4e2400ecc86,2026-07-22,令和8年7月22日,変更認可,葉巻たばこ,ﾛｯｷｰﾊﾟﾃﾙ ｸﾞﾗﾝﾘｾﾞﾙｳﾞｧ,ロッキーパテルグランリゼルヴァ,89mm 1本,1,本,ﾎﾝｼﾞｭﾗｽ,1250,,,https://www.mof.go.jp/policy/tab_salt/topics/20260722_kouriteika.pdf,1,高
46f700e4478933db,2026-07-22,令和8年7月22日,変更認可,葉巻たばこ,ﾛｯｷｰﾊﾟﾃﾙ ﾎﾞﾙﾎﾞｰﾆｺ,ロッキーパテルボルボーニコ,160mm 1本,1,本,ﾎﾝｼﾞｭﾗｽ,1250,,,https://www.mof.go.jp/policy/tab_salt/topics/20260722_kouriteika.pdf,1,高
c5e5328f5801afab,2026-07-14,令和8年7月14日,変更認可,葉巻たばこ,ｶﾏｰﾁｮ ﾘﾐﾃｯﾄﾞｴﾃﾞｨｼｮﾝ 2026 ｴﾒﾗﾙﾄﾞ ｼｸｽﾃｨ,カマーチョリミテッドエディション2026エメラルドシクスティ,152mm 1本,1,本,ﾎﾝｼﾞｭﾗｽ,3300,,,https://www.mof.go.jp/policy/tab_salt/topics/20260714_kouriteika.pdf,1,高
03dbfb4e1a04713f,2026-07-14,令和8年7月14日,変更認可,かぎたばこ,ｼﾞｪｯﾄｽﾀｰ･ｷﾞｶﾞﾒﾝｿｰﾙ ･ﾏﾝｺﾞｰ ･ﾌﾛｰｽﾞﾝﾌﾞﾙｰ,ジェットスターギガメンソールマンゴーフローズンブルー,83mm 20本,20,本,ｲﾝﾄﾞﾈｼｱ,500,,,https://www.mof.go.jp/policy/tab_salt/topics/20260714_kouriteika.pdf,1,中
064b0f3c0cd1260d,2026-07-14,令和8年7月14日,変更認可,葉巻たばこ,ｼﾞｪｯﾄｽﾀｰ･ｷﾞｶﾞﾒﾝｿｰﾙ ﾀﾞｰｸｽﾀｰ ｼｮｰﾄｽﾀｰ ･ｸｰﾙｸﾞﾘｰﾝ,ジェットスターギガメンソールダークスターショートスタークールグリーン,83mm 20本,20,本,ﾎﾝｼﾞｭﾗｽ,500,,,https://www.mof.go.jp/policy/tab_salt/topics/20260714_kouriteika.pdf,1,中
ce4b350318d3aefc,2026-07-14,令和8年7月14日,変更認可,かぎたばこ,ﾙｰｼｰ ･ｱｯﾌﾟﾙｱｲｽ ･ﾂｰﾄﾞｯﾄ,ルーシーアップルアイスツードット,ﾌﾟﾗｽﾁｯｸｹｰｽ5.0g,5,g,ｲﾝﾄﾞﾈｼｱ,450,,,https://www.mof.go.jp/policy/tab_salt/topics/20260714_kouriteika.pdf,1,高
18cb17379c9c87e8,2026-07-14,令和8年7月14日,変更認可,葉巻たばこ,ﾛｯｷｰﾊﾟﾃﾙ ｴﾒﾗﾙﾄﾞ ﾄﾛ,ロッキーパテルエメラルドトロ,165mm 1本,1,本,ﾆｶﾗｸﾞｱ,3000,,,https://www.mof.go.jp/policy/tab_salt/topics/20260714_kouriteika.pdf,1,高
40652148b3979eda,2026-07-14,令和8年7月14日,変更認可,葉巻たばこ,ﾛｯｷｰﾊﾟﾃﾙ ﾀﾞｰｸｽﾀｰ ｼｮｰﾄｽﾀｰ ﾛﾌﾞｽﾄ,ロッキーパテルダークスターショートスターロブスト,140mm 1本,1,本,ﾎﾝｼﾞｭﾗｽ,2700,,,https://www.mof.go.jp/policy/tab_salt/topics/20260714_kouriteika.pdf,1,高
4f93257380403df8,2026-06-30,令和8年6月30日,変更認可,,ﾃﾘｱ,テリア,,,,,620,,,https://www.mof.go.jp/policy/tab_salt/topics/20260630_kouriteika.pdf,1,中
37a8e162d9fb6608,2026-06-30,令和8年6月30日,変更認可,,ﾃﾘｱ ･ｺﾞｰﾙﾃﾞﾝ･ﾌﾞﾘｰｽﾞ,テリアゴールデンブリーズ,5.7g,5.7,g,,620,,,https://www.mof.go.jp/policy/tab_salt/topics/20260630_kouriteika.pdf,1,中
e1380868e90f43c8,2026-06-30,令和8年6月30日,変更認可,,ﾃﾘｱ ･ﾌﾞﾗｯｸ･ﾐﾝﾄ,テリアブラックミント,F45 20ｽﾃｨｯｸ,20,スティック,,620,,,https://www.mof.go.jp/policy/tab_salt/topics/20260630_kouriteika.pdf,1,中
df6639661d8574d1,2026-06-29,令和8年6月29日,変更認可,葉巻たばこ,ｴﾙ ﾌﾟﾙﾎﾟ ･ﾍﾞﾘｺｿｽ ﾌｨﾉｽ,エルプルポベリコソスフィノス,,,,,6600,6050,2026-07-03,https://www.mof.go.jp/policy/tab_salt/topics/20260629_kouriteikahenkou.pdf,1,高
55de3e2877b071a7,2026-06-29,令和8年6月29日,変更認可,葉巻たばこ,ｴﾙ ﾌﾟﾙﾎﾟ ｻﾞ･ﾌﾗｲ,エルプルポザフライ,,,,,2650,3200,2026-07-03,https://www.mof.go.jp/policy/tab_salt/topics/20260629_kouriteikahenkou.pdf,1,高
bb117aef1dee3c91,2026-06-29,令和8年6月29日,変更認可,葉巻たばこ,ｴﾙ ﾌﾟﾙﾎﾟ ﾄﾛ ｸﾞﾗﾝﾃﾞ,エルプルポトログランデ,,,,,3400,3800,2026-07-03,https://www.mof.go.jp/policy/tab_salt/topics/20260629_kouriteikahenkou.pdf,1,高
2a61f36c0b0d356a,2026-06-29,令和8年6月29日,変更認可,葉巻たばこ,ｴﾙ ﾌﾟﾙﾎﾟ ﾍﾞﾘｺｿ,エルプルポベリコソ,,,,,3500,3900,2026-07-03,https://www.mof.go.jp/policy/tab_salt/topics/20260629_kouriteikahenkou.pdf,1,高
faaba1459f339a51,2026-06-29,令和8年6月29日,変更認可,葉巻たばこ,ｴﾙ ﾌﾟﾙﾎﾟ ﾛﾌﾞｽﾄ,エルプルポロブスト,,,,,3250,3500,2026-07-03,https://www.mof.go.jp/policy/tab_salt/topics/20260629_kouriteikahenkou.pdf,1,高
e9ed705fd40b54f0,2026-06-29,令和8年6月29日,変更認可,葉巻たばこ,ｺｲｰﾊﾞ ･ｼｸﾞﾛ,コイーバシグロ,,,,,6600,6490,2026-07-15,https://www.mof.go.jp/policy/tab_salt/topics/20260629_kouriteikahenkou.pdf,1,高
77a2e708a3674c0f,2026-06-29,令和8年6月29日,変更認可,葉巻たばこ,ｺｲｰﾊﾞ ･ｼｸﾞﾛ,コイーバシグロ,,,,,8470,8250,2026-07-15,https://www.mof.go.jp/policy/tab_salt/topics/20260629_kouriteikahenkou.pdf,1,高
d18c2851ec27f51e,2026-06-29,令和8年6月29日,変更認可,葉巻たばこ,ｺｲｰﾊﾞ ･ｼｸﾞﾛ,コイーバシグロ,,,,,11000,10560,2026-07-15,https://www.mof.go.jp/policy/tab_salt/topics/20260629_kouriteikahenkou.pdf,1,高
5eef23cf3f432786,2026-06-29,令和8年6月29日,変更認可,葉巻たばこ,ｺｲｰﾊﾞ ･ｼｸﾞﾛ,コイーバシグロ,,,,,13200,12100,2026-07-15,https://www.mof.go.jp/policy/tab_salt/topics/20260629_kouriteikahenkou.pdf,1,高
3613f51b4c1098d0,2026-06-29,令和8年6月29日,変更認可,葉巻たばこ,ｺｲｰﾊﾞ ･ｼｸﾞﾛ,コイーバシグロ,,,,,14300,13200,2026-07-15,https://www.mof.go.jp/policy/tab_salt/topics/20260629_kouriteikahenkou.pdf,1,高
1a642504e07144a3,2026-06-29,令和8年6月29日,変更認可,葉巻たばこ,ｺｲｰﾊﾞ ･ｼｸﾞﾛ,コイーバシグロ,,,,,19800,17820,2026-07-15,https://www.mof.go.jp/policy/tab_salt/topics/20260629_kouriteikahenkou.pdf,1,高
d7a7529a0f38778d,2026-06-29,令和8年6月29日,変更認可,葉巻たばこ,ｺｲｰﾊﾞ ･ﾉﾍﾞﾄﾞｿｽ LCDH,コイーバノベドソスLCDH,,,,,46200,42900,2026-07-15,https://www.mof.go.jp/policy/tab_salt/topics/20260629_kouriteikahenkou.pdf,1,高
981589671a3daf98,2026-06-29,令和8年6月29日,変更認可,葉巻たばこ,ｺｲｰﾊﾞ ･ﾋﾟﾗﾐﾃﾞｽ ｴｸｽﾄﾗ,コイーバピラミデスエクストラ,,,,,22000,20900,2026-07-15,https://www.mof.go.jp/policy/tab_salt/topics/20260629_kouriteikahenkou.pdf,1,高
38b8de277cfd7973,2026-06-29,令和8年6月29日,変更認可,葉巻たばこ,ｺｲｰﾊﾞ ･ﾏﾃﾞｭｰﾛ5 ﾏﾋｺｽ,コイーバマデューロ5マヒコス,,,,,15950,15400,2026-07-15,https://www.mof.go.jp/policy/tab_salt/topics/20260629_kouriteikahenkou.pdf,1,高
ce9d1a58298fd706,2026-06-29,令和8年6月29日,変更認可,葉巻たばこ,ｺｲｰﾊﾞ ･ﾒﾃﾞｨｵ ｼｸﾞﾛ,コイーバメディオシグロ,,,,,13750,13200,2026-07-15,https://www.mof.go.jp/policy/tab_salt/topics/20260629_kouriteikahenkou.pdf,1,高
3f532ed5380cd321,2026-06-29,令和8年6月29日,変更認可,葉巻たばこ,ｺｲｰﾊﾞ ･ﾗﾝｾﾛ,コイーバランセロ,,,,,16500,15400,2026-07-15,https://www.mof.go.jp/policy/tab_salt/topics/20260629_kouriteikahenkou.pdf,1,高
2556ef3eb4a4605f,2026-06-29,令和8年6月29日,変更認可,葉巻たばこ,ｺｲｰﾊﾞ ･ﾛﾌﾞｽﾄｽ,コイーバロブストス,,,,,15400,14520,2026-07-15,https://www.mof.go.jp/policy/tab_salt/topics/20260629_kouriteikahenkou.pdf,1,高
34ded46a32a95ce3,2026-06-29,令和8年6月29日,変更認可,葉巻たばこ,ﾋﾞﾊﾞ ﾗ ｳﾞｨｰﾀﾞ 5周年,ビバラヴィーダ5周年,,,,,3800,4100,2026-07-03,https://www.mof.go.jp/policy/tab_salt/topics/20260629_kouriteikahenkou.pdf,1,中
e9a4af54993cbc31,2026-06-29,令和8年6月29日,変更認可,葉巻たばこ,ﾋﾞﾊﾞ ﾗ ｳﾞｨｰﾀﾞ ｸﾗﾌﾞ500 ｴｸｽｸﾙｰｼﾌﾞ,ビバラヴィーダクラブ500エクスクルーシブ,,,,,3350,3850,2026-07-03,https://www.mof.go.jp/policy/tab_salt/topics/20260629_kouriteikahenkou.pdf,1,高
1f794f2653478811,2026-06-29,令和8年6月29日,変更認可,葉巻たばこ,ﾋﾞﾊﾞ ﾗ ｳﾞｨｰﾀﾞ ﾃﾞｨｱﾃﾞﾏ ﾌｨﾅｽ,ビバラヴィーダディアデマフィナス,,,,,3200,3550,2026-07-03,https://www.mof.go.jp/policy/tab_salt/topics/20260629_kouriteikahenkou.pdf,1,高
02c4e08a602b8ab2,2026-06-29,令和8年6月29日,変更認可,葉巻たばこ,ﾋﾞﾊﾞ ﾗ ｳﾞｨｰﾀﾞ ﾄﾛ,ビバラヴィーダトロ,,,,,2800,3050,2026-07-03,https://www.mof.go.jp/policy/tab_salt/topics/20260629_kouriteikahenkou.pdf,1,高
88c79f0b34c21f67,2026-06-29,令和8年6月29日,変更認可,葉巻たばこ,ﾋﾞﾊﾞ ﾗ ｳﾞｨｰﾀﾞ ﾛﾌﾞｽﾄ,ビバラヴィーダロブスト,,,,,2500,2950,2026-07-03,https://www.mof.go.jp/policy/tab_salt/topics/20260629_kouriteikahenkou.pdf,1,高
83c0a1ac14767d11,2026-06-29,令和8年6月29日,変更認可,葉巻たばこ,ﾎﾞﾘﾊﾞｰ ･55 ｱﾆﾍﾞﾙｻﾘｵ LE 2021,ボリバー55アニベルサリオLE2021,,,,,100100,99000,2026-07-15,https://www.mof.go.jp/policy/tab_salt/topics/20260629_kouriteikahenkou.pdf,1,高
13225df3f3035db2,2026-06-29,令和8年6月29日,変更認可,葉巻たばこ,ﾎﾞﾘﾊﾞｰ ･ｴｽﾌﾟﾚﾝﾃﾞｨﾄﾞｽ,ボリバーエスプレンディドス,,,,,23100,20900,2026-07-15,https://www.mof.go.jp/policy/tab_salt/topics/20260629_kouriteikahenkou.pdf,1,高
646acb131906f5e2,2026-06-29,令和8年6月29日,変更認可,葉巻たばこ,ﾎﾞﾘﾊﾞｰ ･ｺﾛﾅｽ ｴｽﾍﾟｼｬﾙ,ボリバーコロナスエスペシャル,,,,,12100,11220,2026-07-15,https://www.mof.go.jp/policy/tab_salt/topics/20260629_kouriteikahenkou.pdf,1,高
184912cd80100ea1,2026-06-29,令和8年6月29日,変更認可,葉巻たばこ,ﾎﾞﾘﾊﾞｰ ･ｺﾛﾅｽ ｼﾞｭﾆｱ,ボリバーコロナスジュニア,,,,,3080,2860,2026-07-03,https://www.mof.go.jp/policy/tab_salt/topics/20260629_kouriteikahenkou.pdf,1,高
27342327f57b9803,2026-06-29,令和8年6月29日,変更認可,葉巻たばこ,ﾎﾞﾘﾊﾞｰ ･ﾆｭｰ ｺﾞｰﾙﾄﾞﾒﾀﾞﾙ,ボリバーニューゴールドメダル,,,,,12100,11000,2026-07-03,https://www.mof.go.jp/policy/tab_salt/topics/20260629_kouriteikahenkou.pdf,1,高
9c7188dd91493152,2026-06-29,令和8年6月29日,変更認可,葉巻たばこ,ﾎﾞﾘﾊﾞｰ ･ﾍﾟﾃｨ,ボリバーペティ,,,,,3190,2860,2026-07-03,https://www.mof.go.jp/policy/tab_salt/topics/20260629_kouriteikahenkou.pdf,1,高
032f5a55ac36f412,2026-06-29,令和8年6月29日,変更認可,葉巻たばこ,ﾎﾞﾘﾊﾞｰ ･ﾘﾍﾞﾙﾀﾄﾞｰﾙ,ボリバーリベルタドール,,,,,12650,12100,2026-07-03,https://www.mof.go.jp/policy/tab_salt/topics/20260629_kouriteikahenkou.pdf,1,高
d952d7a884bf166a,2026-06-29,令和8年6月29日,変更認可,葉巻たばこ,ﾎﾞﾘﾊﾞｰ ･ﾛｲﾔﾙ,ボリバーロイヤル,,,,,5280,4840,2026-07-15,https://www.mof.go.jp/policy/tab_salt/topics/20260629_kouriteikahenkou.pdf,1,高
8ff564ff23f65a3c,2026-06-29,令和8年6月29日,変更認可,葉巻たばこ,H.ｱｯﾌﾟﾏﾝ ･ｱｯﾌﾟﾏﾝ No.2,H.アップマンアップマンNO.2,,,,,6820,6600,2026-07-15,https://www.mof.go.jp/policy/tab_salt/topics/20260629_kouriteikahenkou.pdf,2,高
da47dce58129d5c0,2026-06-29,令和8年6月29日,変更認可,葉巻たばこ,H.ｱｯﾌﾟﾏﾝ ･ｺﾛﾅｽ,H.アップマンコロナス,,,,,2860,2530,2026-07-15,https://www.mof.go.jp/policy/tab_salt/topics/20260629_kouriteikahenkou.pdf,2,中
3dad3c7ccd6c2225,2026-06-29,令和8年6月29日,変更認可,葉巻たばこ,H.ｱｯﾌﾟﾏﾝ ･ｻｰ ｳｨﾝｽﾄﾝ,H.アップマンサーウィンストン,,,,,11000,9680,2026-07-15,https://www.mof.go.jp/policy/tab_salt/topics/20260629_kouriteikahenkou.pdf,2,高
bab9d49d351d5e4f,2026-06-29,令和8年6月29日,変更認可,葉巻たばこ,H.ｱｯﾌﾟﾏﾝ ･ﾀﾞﾌﾞﾙ ｺﾛﾅｽ,H.アップマンダブルコロナス,,,,,8250,7370,2026-07-15,https://www.mof.go.jp/policy/tab_salt/topics/20260629_kouriteikahenkou.pdf,2,高
16e402b783b37d6c,2026-06-29,令和8年6月29日,変更認可,葉巻たばこ,H.ｱｯﾌﾟﾏﾝ ･ﾊｰﾌ ｺﾛﾅ,H.アップマンハーフコロナ,,,,,2640,2420,2026-07-15,https://www.mof.go.jp/policy/tab_salt/topics/20260629_kouriteikahenkou.pdf,2,高
960780ab45ba7cd1,2026-06-29,令和8年6月29日,変更認可,葉巻たばこ,H.ｱｯﾌﾟﾏﾝ ･ﾏｸﾞﾅﾑ,H.アップマンマグナム,,,,,6160,5830,2026-07-15,https://www.mof.go.jp/policy/tab_salt/topics/20260629_kouriteikahenkou.pdf,2,高
4587ce2367706922,2026-06-29,令和8年6月29日,変更認可,葉巻たばこ,H.ｱｯﾌﾟﾏﾝ ･ﾛｲﾔﾙ ﾛﾌﾞｽﾄ LCDH,H.アップマンロイヤルロブストLCDH,,,,,6820,6160,2026-07-15,https://www.mof.go.jp/policy/tab_salt/topics/20260629_kouriteikahenkou.pdf,2,高
ef07942db86d377d,2026-06-29,令和8年6月29日,変更認可,葉巻たばこ,ｸｱﾊﾞ ･ｴｸｽｸﾙｰｼﾎﾞｽ,クアバエクスクルーシボス,,,,,4400,4180,2026-07-15,https://www.mof.go.jp/policy/tab_salt/topics/20260629_kouriteikahenkou.pdf,2,高
dd5f1e637bd116c4,2026-06-29,令和8年6月29日,変更認可,葉巻たばこ,ｸｱﾊﾞ ･ﾃﾞｨｳﾞｨﾉｽ,クアバディヴィノス,,,,,3080,2970,2026-07-15,https://www.mof.go.jp/policy/tab_salt/topics/20260629_kouriteikahenkou.pdf,2,高
c796f09718def92b,2026-06-29,令和8年6月29日,変更認可,葉巻たばこ,ｸｱﾊﾞ ･ﾄﾗﾃﾞｨｼｮﾅﾚｽ,クアバトラディショナレス,,,,,3300,3190,2026-07-15,https://www.mof.go.jp/policy/tab_salt/topics/20260629_kouriteikahenkou.pdf,2,高
ed12590fc68e77a5,2026-06-29,令和8年6月29日,変更認可,葉巻たばこ,ｺﾝﾋﾞﾅｼｵﾈｽ･ｾﾚｸｼｵﾝ ･ﾃﾞｨｽﾃｨﾝｸﾞｲﾄﾞｽ ﾌﾗｯﾄﾎﾞｯｸｽ,コンビナシオネスセレクシオンディスティングイドスフラットボックス,,,,,8250,7700,2026-07-15,https://www.mof.go.jp/policy/tab_salt/topics/20260629_kouriteikahenkou.pdf,2,高
c8ebd4d8e818876d,2026-06-29,令和8年6月29日,変更認可,葉巻たばこ,ｺﾝﾋﾞﾅｼｵﾈｽ･ｾﾚｸｼｵﾝ ﾋﾟﾗﾐﾃﾞｽ,コンビナシオネスセレクシオンピラミデス,,,,,66000,61600,2026-07-15,https://www.mof.go.jp/policy/tab_salt/topics/20260629_kouriteikahenkou.pdf,2,高
36369de447d0886f,2026-06-29,令和8年6月29日,変更認可,葉巻たばこ,ｺﾝﾋﾞﾅｼｵﾈｽ･ｾﾚｸｼｵﾝ ﾛﾌﾞｽﾄｽ,コンビナシオネスセレクシオンロブストス,,,,,58300,54450,2026-07-15,https://www.mof.go.jp/policy/tab_salt/topics/20260629_kouriteikahenkou.pdf,2,高
bd1ae57eab5b6cd6,2026-06-29,令和8年6月29日,変更認可,葉巻たばこ,ﾃﾞｨﾌﾟﾛﾏﾃｨｺｽ･No.2 ･ｻﾛﾓﾈｽ,ディプロマティコスNO.2サロモネス,,,,,9900,9240,2026-07-15,https://www.mof.go.jp/policy/tab_salt/topics/20260629_kouriteikahenkou.pdf,2,高
bda94dd1055cb686,2026-06-29,令和8年6月29日,変更認可,葉巻たばこ,ﾌｧﾝﾛﾍﾟｽﾞ･ｾﾚｸｼｮﾝ ･ﾍﾟﾃｨ ｶﾊﾞﾚﾛｽ,ファンロペズセレクションペティカバレロス,,,,,2090,1870,2026-07-15,https://www.mof.go.jp/policy/tab_salt/topics/20260629_kouriteikahenkou.pdf,2,中
e213637cdca68f77,2026-06-29,令和8年6月29日,変更認可,葉巻たばこ,ﾌｧﾝﾛﾍﾟｽﾞ･ｾﾚｸｼｮﾝ No.2,ファンロペズセレクションNO.2,,,,,5830,5500,2026-07-15,https://www.mof.go.jp/policy/tab_salt/topics/20260629_kouriteikahenkou.pdf,2,高
13b019ae8b67dc90,2026-06-29,令和8年6月29日,変更認可,葉巻たばこ,ﾌｧﾝﾛﾍﾟｽﾞ･ｾﾚｸｼｮﾝ ｴｽﾍﾟｼｬﾙ LCDH,ファンロペズセレクションエスペシャルLCDH,,,,,10120,9680,2026-07-15,https://www.mof.go.jp/policy/tab_salt/topics/20260629_kouriteikahenkou.pdf,2,高
5a5c6a4c2a200dfd,2026-06-29,令和8年6月29日,変更認可,葉巻たばこ,ﾌｫﾝｾｶ･KDT ｶﾃﾞｯﾄ ･ｺﾉｽｰﾙ,フォンセカKDTカデットコノスール,,,,,5830,5500,2026-07-15,https://www.mof.go.jp/policy/tab_salt/topics/20260629_kouriteikahenkou.pdf,2,中
287784b08f50fe4e,2026-06-29,令和8年6月29日,変更認可,葉巻たばこ,ﾎｾ･L･ﾋﾟｴﾄﾞﾗ ･ｶｻﾄﾞﾚｽ ﾊﾞﾝﾄﾞﾙ,ホセLピエドラカサドレスバンドル,,,,,2310,2200,2026-07-15,https://www.mof.go.jp/policy/tab_salt/topics/20260629_kouriteikahenkou.pdf,2,高
954e87428b74e573,2026-06-29,令和8年6月29日,変更認可,葉巻たばこ,ﾎｾ･L･ﾋﾟｴﾄﾞﾗ ･ｺﾝｾﾙﾊﾞｽ,ホセLピエドラコンセルバス,,,,,2090,1870,2026-07-15,https://www.mof.go.jp/policy/tab_salt/topics/20260629_kouriteikahenkou.pdf,2,中
3623c36638503a91,2026-06-29,令和8年6月29日,変更認可,葉巻たばこ,ﾎｾ･L･ﾋﾟｴﾄﾞﾗ ･ｽｰｳﾞｪﾆｰﾙ ﾃﾞﾗｯｸｽ,ホセLピエドラスーヴェニールデラックス,,,,,4510,4400,2026-07-15,https://www.mof.go.jp/policy/tab_salt/topics/20260629_kouriteikahenkou.pdf,2,高
c79345b87c10faaa,2026-06-29,令和8年6月29日,変更認可,葉巻たばこ,ﾎｾ･L･ﾋﾟｴﾄﾞﾗ ･ﾌﾞﾚﾊﾞｽ,ホセLピエドラブレバス,,,,,2090,1870,2026-07-15,https://www.mof.go.jp/policy/tab_salt/topics/20260629_kouriteikahenkou.pdf,2,高
5fb66b399f61d650,2026-06-29,令和8年6月29日,変更認可,葉巻たばこ,ﾎｾ･L･ﾋﾟｴﾄﾞﾗ ･ﾍﾟﾃｨ ﾛﾌﾞｽﾄ,ホセLピエドラペティロブスト,,,,,4400,4180,2026-07-15,https://www.mof.go.jp/policy/tab_salt/topics/20260629_kouriteikahenkou.pdf,2,高
0e87529ab5098ca5,2026-06-29,令和8年6月29日,変更認可,葉巻たばこ,ﾎｾ･L･ﾋﾟｴﾄﾞﾗ ･ﾓﾝﾃﾚｲｴｽ No.4 LE 2021,ホセLピエドラモンテレイエスNO.4LE2021,,,,,14850,14300,2026-07-15,https://www.mof.go.jp/policy/tab_salt/topics/20260629_kouriteikahenkou.pdf,2,高
b119022d376adf86,2026-06-29,令和8年6月29日,変更認可,葉巻たばこ,ﾎﾖｰ･ﾄﾞｩ･ﾓﾝﾄﾚｰ ･ｴｽｺｼﾞﾄﾞｽ,ホヨードゥモントレーエスコジドス,,,,,9350,8800,2026-07-15,https://www.mof.go.jp/policy/tab_salt/topics/20260629_kouriteikahenkou.pdf,2,高
76858bd709e52dfc,2026-06-29,令和8年6月29日,変更認可,葉巻たばこ,ﾎﾖｰ･ﾄﾞｩ･ﾓﾝﾄﾚｰ ･ｴﾋﾟｷｭｱ,ホヨードゥモントレーエピキュア,,,,,6050,5720,2026-07-15,https://www.mof.go.jp/policy/tab_salt/topics/20260629_kouriteikahenkou.pdf,2,高
2faa8abbbbfef784,2026-06-29,令和8年6月29日,変更認可,葉巻たばこ,ﾎﾖｰ･ﾄﾞｩ･ﾓﾝﾄﾚｰ ･ｴﾚｶﾞﾝﾃｽ LCDH,ホヨードゥモントレーエレガンテスLCDH,,,,,6710,6380,2026-07-15,https://www.mof.go.jp/policy/tab_salt/topics/20260629_kouriteikahenkou.pdf,2,高
531cf60a301ff7d2,2026-06-29,令和8年6月29日,変更認可,葉巻たばこ,ﾎﾖｰ･ﾄﾞｩ･ﾓﾝﾄﾚｰ ･ｻﾝ ﾌｧﾝ,ホヨードゥモントレーサンファン,,,,,8360,7700,2026-07-15,https://www.mof.go.jp/policy/tab_salt/topics/20260629_kouriteikahenkou.pdf,2,高
6c6730d7be6eab16,2026-06-29,令和8年6月29日,変更認可,葉巻たばこ,ﾎﾖｰ･ﾄﾞｩ･ﾓﾝﾄﾚｰ ･ﾃﾞﾋﾟｭﾃ,ホヨードゥモントレーデピュテ,,,,,2970,2860,2026-07-15,https://www.mof.go.jp/policy/tab_salt/topics/20260629_kouriteikahenkou.pdf,2,高
7ba7a1f5f491824a,2026-06-29,令和8年6月29日,変更認可,葉巻たばこ,ﾎﾖｰ･ﾄﾞｩ･ﾓﾝﾄﾚｰ ･ﾒｰﾙ,ホヨードゥモントレーメール,,,,,2530,2420,2026-07-15,https://www.mof.go.jp/policy/tab_salt/topics/20260629_kouriteikahenkou.pdf,2,高
04391463329aee43,2026-06-29,令和8年6月29日,変更認可,葉巻たばこ,ﾎﾖｰ･ﾄﾞｩ･ﾓﾝﾄﾚｰ ･ﾘｵ ｾｺ,ホヨードゥモントレーリオセコ,,,,,8800,7920,2026-07-15,https://www.mof.go.jp/policy/tab_salt/topics/20260629_kouriteikahenkou.pdf,2,高
e60568f4a61d06ab,2026-06-29,令和8年6月29日,変更認可,葉巻たばこ,ﾊﾟﾙﾀｶﾞｽ ･8-9-8 ﾊﾞｰﾆｯｼｭ,パルタガス8-9-8バーニッシュ,,,,,6380,5720,2026-07-15,https://www.mof.go.jp/policy/tab_salt/topics/20260629_kouriteikahenkou.pdf,3,高
d311274368cb3de3,2026-06-29,令和8年6月29日,変更認可,葉巻たばこ,ﾊﾟﾙﾀｶﾞｽ ･ｱﾘｱﾄﾞｽ,パルタガスアリアドス,,,,,15400,14960,2026-07-15,https://www.mof.go.jp/policy/tab_salt/topics/20260629_kouriteikahenkou.pdf,3,高
1ec94088d1005ecb,2026-06-29,令和8年6月29日,変更認可,葉巻たばこ,ﾊﾟﾙﾀｶﾞｽ ･ｷｬﾋﾟﾄﾙｽﾞ,パルタガスキャピトルズ,,,,,4400,4070,2026-07-15,https://www.mof.go.jp/policy/tab_salt/topics/20260629_kouriteikahenkou.pdf,3,高
55b2f385a582f56a,2026-06-29,令和8年6月29日,変更認可,葉巻たばこ,ﾊﾟﾙﾀｶﾞｽ ･ｺﾛﾅｽ ｼﾆｱ,パルタガスコロナスシニア,,,,,3300,3080,2026-07-15,https://www.mof.go.jp/policy/tab_salt/topics/20260629_kouriteikahenkou.pdf,3,高
d8aaac70573b83cc,2026-06-29,令和8年6月29日,変更認可,葉巻たばこ,ﾊﾟﾙﾀｶﾞｽ ･ｻﾛﾓﾈｽ,パルタガスサロモネス,,,,,13750,12430,2026-07-15,https://www.mof.go.jp/policy/tab_salt/topics/20260629_kouriteikahenkou.pdf,3,高
78e9cfc29789effd,2026-06-29,令和8年6月29日,変更認可,葉巻たばこ,ﾊﾟﾙﾀｶﾞｽ ･ｼｮｰﾂ,パルタガスショーツ,,,,,3190,2970,2026-07-15,https://www.mof.go.jp/policy/tab_salt/topics/20260629_kouriteikahenkou.pdf,3,高
32ca2b3c98ef9550,2026-06-29,令和8年6月29日,変更認可,葉巻たばこ,ﾊﾟﾙﾀｶﾞｽ ･ｾﾄﾞﾛｽ ｲﾔｰ ｵﾌﾞ ｻﾞ ｽﾈｲｸ 2025,パルタガスセドロスイヤーオブザスネイク2025,,,,,20900,19800,2026-07-15,https://www.mof.go.jp/policy/tab_salt/topics/20260629_kouriteikahenkou.pdf,3,高
3e3065946dfbdab5,2026-06-29,令和8年6月29日,変更認可,葉巻たばこ,ﾊﾟﾙﾀｶﾞｽ ･ｾﾘｰD No.5,パルタガスセリーDNO.5,,,,,4730,4510,2026-07-15,https://www.mof.go.jp/policy/tab_salt/topics/20260629_kouriteikahenkou.pdf,3,高
7293a41933f5e4f2,2026-06-29,令和8年6月29日,変更認可,葉巻たばこ,ﾊﾟﾙﾀｶﾞｽ ･ｾﾘｰE No.2,パルタガスセリーENO.2,,,,,7480,7040,2026-07-15,https://www.mof.go.jp/policy/tab_salt/topics/20260629_kouriteikahenkou.pdf,3,高
95d3e43ebc47980f,2026-06-29,令和8年6月29日,変更認可,葉巻たばこ,ﾊﾟﾙﾀｶﾞｽ ･ｾﾘｰP No.2,パルタガスセリーPNO.2,,,,,6600,6270,2026-07-15,https://www.mof.go.jp/policy/tab_salt/topics/20260629_kouriteikahenkou.pdf,3,高
bfbe974769fde2c1,2026-06-29,令和8年6月29日,変更認可,葉巻たばこ,ﾊﾟﾙﾀｶﾞｽ ･ﾃｭﾎﾞｽ,パルタガステュボス,,,,,5500,4950,2026-07-15,https://www.mof.go.jp/policy/tab_salt/topics/20260629_kouriteikahenkou.pdf,3,高
ec0dbae0abd4835b,2026-06-29,令和8年6月29日,変更認可,葉巻たばこ,ﾊﾟﾙﾀｶﾞｽ ･ﾊﾟﾙﾀｶﾞｽ ﾃﾞﾗｯｸｽ,パルタガスパルタガスデラックス,,,,,3190,2860,2026-07-15,https://www.mof.go.jp/policy/tab_salt/topics/20260629_kouriteikahenkou.pdf,3,高
7abeae039570baed,2026-06-29,令和8年6月29日,変更認可,葉巻たばこ,ﾊﾟﾙﾀｶﾞｽ ･ﾌﾟﾚｼﾞﾃﾞﾝﾃ,パルタガスプレジデンテ,,,,,5500,4840,2026-07-15,https://www.mof.go.jp/policy/tab_salt/topics/20260629_kouriteikahenkou.pdf,3,中
c866d78e41209b66,2026-06-29,令和8年6月29日,変更認可,葉巻たばこ,ﾊﾟﾙﾀｶﾞｽ ･ﾏﾃﾞｭｰﾛ No.2,パルタガスマデューロNO.2,,,,,7810,7150,2026-07-15,https://www.mof.go.jp/policy/tab_salt/topics/20260629_kouriteikahenkou.pdf,3,高
49cdf551773a7830,2026-06-29,令和8年6月29日,変更認可,葉巻たばこ,ﾊﾟﾙﾀｶﾞｽ ･ﾙｼﾀﾆｱｽ,パルタガスルシタニアス,,,,,8580,7480,2026-07-15,https://www.mof.go.jp/policy/tab_salt/topics/20260629_kouriteikahenkou.pdf,3,高
9fb3cc40c0be9855,2026-06-29,令和8年6月29日,変更認可,葉巻たばこ,ﾓﾝﾃｸﾘｽﾄ ･A,モンテクリストA,,,,,18700,16500,2026-07-15,https://www.mof.go.jp/policy/tab_salt/topics/20260629_kouriteikahenkou.pdf,3,高
941ff21cc59ddc1a,2026-06-29,令和8年6月29日,変更認可,葉巻たばこ,ﾓﾝﾃｸﾘｽﾄ ･No.1,モンテクリストNO.1,,,,,5500,5060,2026-07-15,https://www.mof.go.jp/policy/tab_salt/topics/20260629_kouriteikahenkou.pdf,3,高
a676b2211430ecae,2026-06-29,令和8年6月29日,変更認可,葉巻たばこ,ﾓﾝﾃｸﾘｽﾄ ･No.2,モンテクリストNO.2,,,,,6820,6380,2026-07-15,https://www.mof.go.jp/policy/tab_salt/topics/20260629_kouriteikahenkou.pdf,3,高
9a13e8c6f4c5b14d,2026-06-29,令和8年6月29日,変更認可,葉巻たばこ,ﾓﾝﾃｸﾘｽﾄ ･No.3,モンテクリストNO.3,,,,,4290,3960,2026-07-15,https://www.mof.go.jp/policy/tab_salt/topics/20260629_kouriteikahenkou.pdf,3,高
6619d1ad50686bd1,2026-06-29,令和8年6月29日,変更認可,葉巻たばこ,ﾓﾝﾃｸﾘｽﾄ ･No.4,モンテクリストNO.4,,,,,3850,3520,2026-07-15,https://www.mof.go.jp/policy/tab_salt/topics/20260629_kouriteikahenkou.pdf,3,高
a61438f276e6a4f7,2026-06-29,令和8年6月29日,変更認可,葉巻たばこ,ﾓﾝﾃｸﾘｽﾄ ･No.5,モンテクリストNO.5,,,,,3300,2970,2026-07-15,https://www.mof.go.jp/policy/tab_salt/topics/20260629_kouriteikahenkou.pdf,3,高
3478a7bbb3510da2,2026-06-29,令和8年6月29日,変更認可,葉巻たばこ,ﾓﾝﾃｸﾘｽﾄ ･ｴｽﾍﾟｼｬﾙ No.2,モンテクリストエスペシャルNO.2,,,,,4730,4400,2026-07-15,https://www.mof.go.jp/policy/tab_salt/topics/20260629_kouriteikahenkou.pdf,3,高
df82e29850bddb57,2026-06-29,令和8年6月29日,変更認可,葉巻たばこ,ﾓﾝﾃｸﾘｽﾄ ･ｴﾄﾞｩﾑﾝﾄﾞ,モンテクリストエドゥムンド,,,,,6820,6270,2026-07-15,https://www.mof.go.jp/policy/tab_salt/topics/20260629_kouriteikahenkou.pdf,3,高
d2462b848d9e6f5f,2026-06-29,令和8年6月29日,変更認可,葉巻たばこ,ﾓﾝﾃｸﾘｽﾄ ･ｵｰﾌﾟﾝ,モンテクリストオープン,,,,,5280,5060,2026-07-15,https://www.mof.go.jp/policy/tab_salt/topics/20260629_kouriteikahenkou.pdf,3,中
5ae931c6d6e7c84f,2026-06-29,令和8年6月29日,変更認可,葉巻たばこ,ﾓﾝﾃｸﾘｽﾄ ･ﾀﾞﾌﾞﾙ,モンテクリストダブル,,,,,9240,8800,2026-07-15,https://www.mof.go.jp/policy/tab_salt/topics/20260629_kouriteikahenkou.pdf,3,高
e9889fd4b8eb1915,2026-06-29,令和8年6月29日,変更認可,葉巻たばこ,ﾓﾝﾃｸﾘｽﾄ ･ﾃﾞｭﾏｽ,モンテクリストデュマス,,,,,9570,8690,2026-07-15,https://www.mof.go.jp/policy/tab_salt/topics/20260629_kouriteikahenkou.pdf,3,高
751ea9b74f6298b1,2026-06-29,令和8年6月29日,変更認可,葉巻たばこ,ﾓﾝﾃｸﾘｽﾄ ･ﾍﾟﾃｨ,モンテクリストペティ,,,,,5060,4840,2026-07-15,https://www.mof.go.jp/policy/tab_salt/topics/20260629_kouriteikahenkou.pdf,3,中
e01af49c169f743f,2026-06-29,令和8年6月29日,変更認可,葉巻たばこ,ﾓﾝﾃｸﾘｽﾄ ･ﾎｲﾀｽ,モンテクリストホイタス,,,,,2530,2420,2026-07-15,https://www.mof.go.jp/policy/tab_salt/topics/20260629_kouriteikahenkou.pdf,3,高
05b93f5c96153d21,2026-06-29,令和8年6月29日,変更認可,葉巻たばこ,ﾓﾝﾃｸﾘｽﾄ ･ﾏﾙﾃｽ,モンテクリストマルテス,,,,,12100,11000,2026-07-15,https://www.mof.go.jp/policy/tab_salt/topics/20260629_kouriteikahenkou.pdf,3,高
33770c9754c1bafe,2026-06-29,令和8年6月29日,変更認可,葉巻たばこ,ﾓﾝﾃｸﾘｽﾄ ･ﾒﾃﾞｨｱ ｺﾛﾅ,モンテクリストメディアコロナ,,,,,3190,2970,2026-07-15,https://www.mof.go.jp/policy/tab_salt/topics/20260629_kouriteikahenkou.pdf,3,高
02769f6e2a96c630,2026-06-29,令和8年6月29日,変更認可,葉巻たばこ,ﾓﾝﾃｸﾘｽﾄ ･ﾚｼﾞｪﾝﾀﾞ,モンテクリストレジェンダ,,,,,13750,12650,2026-07-15,https://www.mof.go.jp/policy/tab_salt/topics/20260629_kouriteikahenkou.pdf,3,高
e31f92a840bdf58c,2026-06-29,令和8年6月29日,変更認可,葉巻たばこ,ﾓﾝﾃｸﾘｽﾄ ･ﾜｲﾄﾞ,モンテクリストワイド,,,,,9790,9350,2026-07-15,https://www.mof.go.jp/policy/tab_salt/topics/20260629_kouriteikahenkou.pdf,3,高
60558dcc834d7332,2026-06-29,令和8年6月29日,変更認可,葉巻たばこ,ｷﾝﾃﾛ ･ﾊﾟﾅﾃﾗｽ,キンテロパナテラス,,,,,1650,1540,2026-07-15,https://www.mof.go.jp/policy/tab_salt/topics/20260629_kouriteikahenkou.pdf,4,高
346dd6e2a8685c71,2026-06-29,令和8年6月29日,変更認可,葉巻たばこ,ｷﾝﾃﾛ ･ﾌｧﾎﾞﾘﾄｽ,キンテロファボリトス,,,,,2090,1980,2026-07-15,https://www.mof.go.jp/policy/tab_salt/topics/20260629_kouriteikahenkou.pdf,4,高
db617b831827d1f8,2026-06-29,令和8年6月29日,変更認可,葉巻たばこ,ｷﾝﾃﾛ ･ﾛﾝﾄﾞﾚｽ ｴｸｽﾄﾗ,キンテロロンドレスエクストラ,,,,,1870,1760,2026-07-15,https://www.mof.go.jp/policy/tab_salt/topics/20260629_kouriteikahenkou.pdf,4,高
4f2ba6f686d782d0,2026-06-29,令和8年6月29日,変更認可,葉巻たばこ,ｹﾄﾞﾙｾ ･No.50,ケドルセNO.50,,,,,4840,4400,2026-07-15,https://www.mof.go.jp/policy/tab_salt/topics/20260629_kouriteikahenkou.pdf,4,高
4589efca7971ad4a,2026-06-29,令和8年6月29日,変更認可,葉巻たばこ,ｹﾄﾞﾙｾ ･No.54,ケドルセNO.54,,,,,6820,6160,2026-07-15,https://www.mof.go.jp/policy/tab_salt/topics/20260629_kouriteikahenkou.pdf,4,高
ca908c8e6005d892,2026-06-29,令和8年6月29日,変更認可,葉巻たばこ,ｹﾄﾞﾙｾ ･ｺﾛﾅｽ,ケドルセコロナス,,,,,4070,3740,2026-07-15,https://www.mof.go.jp/policy/tab_salt/topics/20260629_kouriteikahenkou.pdf,4,高
3615e0eedb210374,2026-06-29,令和8年6月29日,変更認可,葉巻たばこ,ｹﾄﾞﾙｾ ･ﾄﾘｳﾝﾌｫｽ,ケドルセトリウンフォス,,,,,5500,5390,2026-07-15,https://www.mof.go.jp/policy/tab_salt/topics/20260629_kouriteikahenkou.pdf,4,高
4f8bde38541c59c9,2026-06-29,令和8年6月29日,変更認可,葉巻たばこ,ﾊﾟﾝﾁ ･ｼｮｰﾄ ﾃﾞ ﾊﾟﾝﾁ,パンチショートデパンチ,,,,,5830,5500,2026-07-15,https://www.mof.go.jp/policy/tab_salt/topics/20260629_kouriteikahenkou.pdf,4,高
d948d61baee340ad,2026-06-29,令和8年6月29日,変更認可,葉巻たばこ,ﾊﾟﾝﾁ ･ｽｰﾊﾟｰ ｾﾚｸｼｮﾝ No.1 RE 2023,パンチスーパーセレクションNO.1RE2023,,,,,8030,7700,2026-07-15,https://www.mof.go.jp/policy/tab_salt/topics/20260629_kouriteikahenkou.pdf,4,高
52a32a677f23334b,2026-06-29,令和8年6月29日,変更認可,葉巻たばこ,ﾊﾟﾝﾁ ･ﾀﾞﾌﾞﾙ ｺﾛﾅｽ,パンチダブルコロナス,,,,,8580,7700,2026-07-15,https://www.mof.go.jp/policy/tab_salt/topics/20260629_kouriteikahenkou.pdf,4,高
c399ddbd22a57227,2026-06-29,令和8年6月29日,変更認可,葉巻たばこ,ﾊﾟﾝﾁ ･ﾊﾟﾝﾁ,パンチパンチ,,,,,6930,6600,2026-07-15,https://www.mof.go.jp/policy/tab_salt/topics/20260629_kouriteikahenkou.pdf,4,中
c7cf73c5745c4ab6,2026-06-29,令和8年6月29日,変更認可,葉巻たばこ,ﾎﾟｰﾙ･ﾗﾗﾅｰｶﾞ ･ｶﾞﾗﾈｽ,ポールララナーガガラネス,,,,,4950,4730,2026-07-15,https://www.mof.go.jp/policy/tab_salt/topics/20260629_kouriteikahenkou.pdf,4,高
844cc2343222e3cd,2026-06-29,令和8年6月29日,変更認可,葉巻たばこ,ﾎﾟｰﾙ･ﾗﾗﾅｰｶﾞ ･ｺﾛﾈｰｼｮﾝ,ポールララナーガコロネーション,,,,,3410,3300,2026-07-15,https://www.mof.go.jp/policy/tab_salt/topics/20260629_kouriteikahenkou.pdf,4,高
bc6e106e5ae600f9,2026-06-29,令和8年6月29日,変更認可,葉巻たばこ,ﾎﾟｰﾙ･ﾗﾗﾅｰｶﾞ ･ﾋﾟｶﾄﾞﾚｽ,ポールララナーガピカドレス,,,,,5170,4730,2026-07-15,https://www.mof.go.jp/policy/tab_salt/topics/20260629_kouriteikahenkou.pdf,4,高
f1eac9514df21a2d,2026-06-29,令和8年6月29日,変更認可,葉巻たばこ,ﾎﾟｰﾙ･ﾗﾗﾅｰｶﾞ ･ﾍﾟﾃｨ ｺﾛﾅｽ,ポールララナーガペティコロナス,,,,,3080,2860,2026-07-15,https://www.mof.go.jp/policy/tab_salt/topics/20260629_kouriteikahenkou.pdf,4,高
5651f964c0e146bf,2026-06-29,令和8年6月29日,変更認可,葉巻たばこ,ﾗﾌｧｴﾙ･ｺﾞﾝｻﾞﾚｽ ･ｱﾌﾞｿﾘｭｰﾄｽ LE 2024,ラファエルゴンザレスアブソリュートスLE2024,,,,,17050,16500,2026-07-15,https://www.mof.go.jp/policy/tab_salt/topics/20260629_kouriteikahenkou.pdf,4,高
c6ffa47b60aa108b,2026-06-29,令和8年6月29日,変更認可,葉巻たばこ,ﾗﾌｧｴﾙ･ｺﾞﾝｻﾞﾚｽ ･ｺﾛﾅｽ ﾃﾞ ﾛﾝｽﾞﾃﾞｰﾙ,ラファエルゴンザレスコロナスデロンズデール,,,,,5610,5390,2026-07-15,https://www.mof.go.jp/policy/tab_salt/topics/20260629_kouriteikahenkou.pdf,4,高
1befeab724ddb72b,2026-06-29,令和8年6月29日,変更認可,葉巻たばこ,ﾗﾌｧｴﾙ･ｺﾞﾝｻﾞﾚｽ ･ﾍﾟﾃｨ ｺﾛﾅｽ,ラファエルゴンザレスペティコロナス,,,,,3080,2860,2026-07-15,https://www.mof.go.jp/policy/tab_salt/topics/20260629_kouriteikahenkou.pdf,4,高
4c263251de8a5938,2026-06-29,令和8年6月29日,変更認可,葉巻たばこ,ﾗﾓﾝ･ｱﾛﾝﾈｽ ･ｱﾛﾝﾈｽ,ラモンアロンネスアロンネス,,,,,8580,8360,2026-07-15,https://www.mof.go.jp/policy/tab_salt/topics/20260629_kouriteikahenkou.pdf,4,中
66390e0c8fa34dc2,2026-06-29,令和8年6月29日,変更認可,葉巻たばこ,ﾗﾓﾝ･ｱﾛﾝﾈｽ ･ｼﾞｶﾞﾝﾃｽ,ラモンアロンネスジガンテス,,,,,8470,7700,2026-07-15,https://www.mof.go.jp/policy/tab_salt/topics/20260629_kouriteikahenkou.pdf,4,高
dbcd9c1f09ac6f59,2026-06-29,令和8年6月29日,変更認可,葉巻たばこ,ﾗﾓﾝ･ｱﾛﾝﾈｽ ･ｽﾍﾟｼｬﾘｰ ｾﾚｸﾃｯﾄﾞ,ラモンアロンネススペシャリーセレクテッド,,,,,5500,5060,2026-07-15,https://www.mof.go.jp/policy/tab_salt/topics/20260629_kouriteikahenkou.pdf,4,高
555f2fa48857865f,2026-06-29,令和8年6月29日,変更認可,葉巻たばこ,ﾚｲﾃﾞﾙﾑﾝﾄﾞ ･ｶｻﾞﾄﾞﾗｽ,レイデルムンドカザドラス,,,,,4730,4290,2026-07-15,https://www.mof.go.jp/policy/tab_salt/topics/20260629_kouriteikahenkou.pdf,4,高
03034c493f6dd66e,2026-06-29,令和8年6月29日,変更認可,葉巻たばこ,ﾚｲﾃﾞﾙﾑﾝﾄﾞ ･ｼｭﾜｽﾌﾟﾘｰﾑ,レイデルムンドシュワスプリーム,,,,,5060,4730,2026-07-15,https://www.mof.go.jp/policy/tab_salt/topics/20260629_kouriteikahenkou.pdf,4,高
313ed8c25f0fdcdf,2026-06-29,令和8年6月29日,変更認可,葉巻たばこ,ﾚｲﾃﾞﾙﾑﾝﾄﾞ ･ｽﾓｰﾙ ｸﾗﾌﾞ ｺﾛﾅｽ,レイデルムンドスモールクラブコロナス,,,,,2970,2640,2026-07-15,https://www.mof.go.jp/policy/tab_salt/topics/20260629_kouriteikahenkou.pdf,4,高
389b0ad02023f6d3,2026-06-29,令和8年6月29日,変更認可,葉巻たばこ,ﾚｲﾃﾞﾙﾑﾝﾄﾞ ･ｾﾄﾞﾛｽ ﾃﾞﾗｯｸｽ No.2,レイデルムンドセドロスデラックスNO.2,,,,,4400,4180,2026-07-15,https://www.mof.go.jp/policy/tab_salt/topics/20260629_kouriteikahenkou.pdf,4,高
ed60e4c8b687d5b3,2026-06-29,令和8年6月29日,変更認可,葉巻たばこ,ﾚｲﾃﾞﾙﾑﾝﾄﾞ ･ﾃﾞﾐﾀｽ,レイデルムンドデミタス,,,,,2200,2090,2026-07-15,https://www.mof.go.jp/policy/tab_salt/topics/20260629_kouriteikahenkou.pdf,4,高
44883c18414fd133,2026-06-29,令和8年6月29日,変更認可,葉巻たばこ,ﾚｲﾃﾞﾙﾑﾝﾄﾞ ･ﾍﾞﾘｺｿｽ,レイデルムンドベリコソス,,,,,6710,6270,2026-07-15,https://www.mof.go.jp/policy/tab_salt/topics/20260629_kouriteikahenkou.pdf,4,高
615adf80ef08278a,2026-06-29,令和8年6月29日,変更認可,葉巻たばこ,ﾚｲﾃﾞﾙﾑﾝﾄﾞ ･ﾍﾞﾙﾍﾞﾃﾞﾚｽ,レイデルムンドベルベデレス,,,,,2640,2420,2026-07-15,https://www.mof.go.jp/policy/tab_salt/topics/20260629_kouriteikahenkou.pdf,4,高
43c1e9d60abe0974,2026-06-29,令和8年6月29日,変更認可,葉巻たばこ,ﾚｲﾃﾞﾙﾑﾝﾄﾞ ･ﾛｲﾔﾙ ｼﾘｰｽﾞ LCDH,レイデルムンドロイヤルシリーズLCDH,,,,,16720,16500,2026-07-15,https://www.mof.go.jp/policy/tab_salt/topics/20260629_kouriteikahenkou.pdf,4,高
f2db59b158099d53,2026-06-29,令和8年6月29日,変更認可,葉巻たばこ,ﾛﾒｵ･Y･ｼﾞｭﾘｴｯﾀ ･ｲﾀﾞﾙｺﾞ,ロメオYジュリエッタイダルゴ,,,,,10780,9680,2026-07-15,https://www.mof.go.jp/policy/tab_salt/topics/20260629_kouriteikahenkou.pdf,4,高
8bc5cd6c2a682f0d,2026-06-29,令和8年6月29日,変更認可,葉巻たばこ,ﾛﾒｵ･Y･ｼﾞｭﾘｴｯﾀ ･ｴｸｼﾋﾞｼｮﾝ No.4,ロメオYジュリエッタエクシビションNO.4,,,,,5500,5060,2026-07-15,https://www.mof.go.jp/policy/tab_salt/topics/20260629_kouriteikahenkou.pdf,4,高
98873a220a0ed37d,2026-06-29,令和8年6月29日,変更認可,葉巻たばこ,ﾛﾒｵ･Y･ｼﾞｭﾘｴｯﾀ ･ｸﾗﾌﾞ ｷﾝｸﾞｽ,ロメオYジュリエッタクラブキングス,,,,,4510,4180,2026-07-15,https://www.mof.go.jp/policy/tab_salt/topics/20260629_kouriteikahenkou.pdf,4,高
e2e2da8f9e69e647,2026-06-29,令和8年6月29日,変更認可,葉巻たばこ,ﾛﾒｵ･Y･ｼﾞｭﾘｴｯﾀ ･ｼｮｰﾄ ﾁｬｰﾁﾙ,ロメオYジュリエッタショートチャーチル,,,,,5390,5170,2026-07-15,https://www.mof.go.jp/policy/tab_salt/topics/20260629_kouriteikahenkou.pdf,4,高
c147ae514c3bf4fa,2026-06-29,令和8年6月29日,変更認可,葉巻たばこ,ﾛﾒｵ･Y･ｼﾞｭﾘｴｯﾀ ･ﾁｬｰﾁﾙｽﾞ,ロメオYジュリエッタチャーチルズ,,,,,8030,7150,2026-07-15,https://www.mof.go.jp/policy/tab_salt/topics/20260629_kouriteikahenkou.pdf,4,高
5066239b481bf0b2,2026-06-29,令和8年6月29日,変更認可,葉巻たばこ,ﾛﾒｵ･Y･ｼﾞｭﾘｴｯﾀ ･ﾃﾞｨｱﾅ,ロメオYジュリエッタディアナ,,,,,10560,9570,2026-07-15,https://www.mof.go.jp/policy/tab_salt/topics/20260629_kouriteikahenkou.pdf,4,高
72c5b8220fa0d110,2026-06-29,令和8年6月29日,変更認可,葉巻たばこ,ﾛﾒｵ･Y･ｼﾞｭﾘｴｯﾀ ･ﾉﾌﾞﾚ Linea de Oro,ロメオYジュリエッタノブレLINEADEORO,,,,,9570,8690,2026-07-15,https://www.mof.go.jp/policy/tab_salt/topics/20260629_kouriteikahenkou.pdf,4,高
c14ff82c934b71a6,2026-06-29,令和8年6月29日,変更認可,葉巻たばこ,ﾛﾒｵ･Y･ｼﾞｭﾘｴｯﾀ ･ﾍﾟﾃｨ,ロメオYジュリエッタペティ,,,,,3300,3080,2026-07-15,https://www.mof.go.jp/policy/tab_salt/topics/20260629_kouriteikahenkou.pdf,4,中
888fb2263d1c69dc,2026-06-29,令和8年6月29日,変更認可,葉巻たばこ,ﾛﾒｵ･Y･ｼﾞｭﾘｴｯﾀ ･ﾐﾙﾌﾚｲﾕ,ロメオYジュリエッタミルフレイユ,,,,,2640,2420,2026-07-15,https://www.mof.go.jp/policy/tab_salt/topics/20260629_kouriteikahenkou.pdf,4,高
7066f854d52e8bf6,2026-06-29,令和8年6月29日,変更認可,葉巻たばこ,ﾛﾒｵ･Y･ｼﾞｭﾘｴｯﾀ ･ﾛﾒｵ No.2,ロメオYジュリエッタロメオNO.2,,,,,3300,3080,2026-07-15,https://www.mof.go.jp/policy/tab_salt/topics/20260629_kouriteikahenkou.pdf,4,高
b2635607e35b5856,2026-06-29,令和8年6月29日,変更認可,葉巻たばこ,ﾛﾒｵ･Y･ｼﾞｭﾘｴｯﾀ ･ﾜｲﾄﾞ ﾁｬｰﾁﾙｽﾞ,ロメオYジュリエッタワイドチャーチルズ,,,,,6820,6600,2026-07-15,https://www.mof.go.jp/policy/tab_salt/topics/20260629_kouriteikahenkou.pdf,4,高
e19ce962a68762fb,2026-06-29,令和8年6月29日,変更認可,葉巻たばこ,ｻﾝｸﾘｽﾄﾊﾞﾙ ･ｴﾙ ﾌﾟﾘﾝｼﾍﾟ,サンクリストバルエルプリンシペ,,,,,2970,2750,2026-07-15,https://www.mof.go.jp/policy/tab_salt/topics/20260629_kouriteikahenkou.pdf,5,高
b6faac1616b3e157,2026-06-29,令和8年6月29日,変更認可,葉巻たばこ,ｻﾝｸﾘｽﾄﾊﾞﾙ ･ﾗ ﾌｴﾙｻﾞ,サンクリストバルラフエルザ,,,,,5170,4620,2026-07-15,https://www.mof.go.jp/policy/tab_salt/topics/20260629_kouriteikahenkou.pdf,5,高
95262d2c4f5c165a,2026-06-29,令和8年6月29日,変更認可,葉巻たばこ,ｻﾝｸﾘｽﾄﾊﾞﾙ ･ﾗ ﾌﾟﾝﾀ,サンクリストバルラプンタ,,,,,5390,4840,2026-07-15,https://www.mof.go.jp/policy/tab_salt/topics/20260629_kouriteikahenkou.pdf,5,高
8ce8cce9e4323e5c,2026-06-29,令和8年6月29日,変更認可,葉巻たばこ,ｻﾝﾁｮﾊﾟﾝｻﾞ ･ｺﾛﾆｱﾚｽ,サンチョパンザコロニアレス,,,,,8580,8140,2026-07-15,https://www.mof.go.jp/policy/tab_salt/topics/20260629_kouriteikahenkou.pdf,5,高
c14099bb1d88c21d,2026-06-29,令和8年6月29日,変更認可,葉巻たばこ,ｻﾝﾁｮﾊﾟﾝｻﾞ ･ﾉﾝ ﾌﾟﾚｽ,サンチョパンザノンプレス,,,,,3190,2970,2026-07-15,https://www.mof.go.jp/policy/tab_salt/topics/20260629_kouriteikahenkou.pdf,5,高
654da6ca160a9453,2026-06-29,令和8年6月29日,変更認可,葉巻たばこ,ｻﾝﾁｮﾊﾟﾝｻﾞ ･ﾍﾞﾘｺｿｽ,サンチョパンザベリコソス,,,,,6160,5610,2026-07-15,https://www.mof.go.jp/policy/tab_salt/topics/20260629_kouriteikahenkou.pdf,5,高
5b5c0c1651771440,2026-06-29,令和8年6月29日,変更認可,葉巻たばこ,ﾄﾘﾆﾀﾞｯﾄﾞ ･ｴｽﾒﾗﾙﾀﾞ,トリニダッドエスメラルダ,,,,,10120,9680,2026-07-15,https://www.mof.go.jp/policy/tab_salt/topics/20260629_kouriteikahenkou.pdf,5,高
556391b4d26db425,2026-06-29,令和8年6月29日,変更認可,葉巻たばこ,ﾄﾘﾆﾀﾞｯﾄﾞ ･ﾌﾝﾀﾞﾄﾞﾚｽ ｷｬﾋﾞﾈｯﾄ,トリニダッドフンダドレスキャビネット,,,,,11000,9680,2026-07-15,https://www.mof.go.jp/policy/tab_salt/topics/20260629_kouriteikahenkou.pdf,5,高
a6c7495d61284719,2026-06-29,令和8年6月29日,変更認可,葉巻たばこ,ﾄﾘﾆﾀﾞｯﾄﾞ ･ﾒﾃﾞｨｱ ﾙﾅ,トリニダッドメディアルナ,,,,,8250,7700,2026-07-15,https://www.mof.go.jp/policy/tab_salt/topics/20260629_kouriteikahenkou.pdf,5,高
14c11cce8e2c789e,2026-06-29,令和8年6月29日,変更認可,葉巻たばこ,ﾄﾘﾆﾀﾞｯﾄﾞ ･ﾗ ﾄﾛｰｳﾞｧ LCDH,トリニダッドラトローヴァLCDH,,,,,13200,12100,2026-07-15,https://www.mof.go.jp/policy/tab_salt/topics/20260629_kouriteikahenkou.pdf,5,高
5f308749c1917193,2026-06-29,令和8年6月29日,変更認可,葉巻たばこ,ﾄﾘﾆﾀﾞｯﾄﾞ ･ﾚｼﾞｪｽ,トリニダッドレジェス,,,,,5830,5610,2026-07-15,https://www.mof.go.jp/policy/tab_salt/topics/20260629_kouriteikahenkou.pdf,5,高
9f0c5d4a46013d67,2026-06-29,令和8年6月29日,変更認可,葉巻たばこ,ﾍﾞｶﾞｽﾛﾊﾞｲﾅ ･ﾄﾍﾟｽ,ベガスロバイナトペス,,,,,10780,10340,2026-07-15,https://www.mof.go.jp/policy/tab_salt/topics/20260629_kouriteikahenkou.pdf,5,高
35de1919ce8c806e,2026-06-29,令和8年6月29日,変更認可,葉巻たばこ,ﾍﾞｶﾞｽﾛﾊﾞｲﾅ ･ﾋﾞﾋｱ,ベガスロバイナビヒア,,,,,8800,8250,2026-07-15,https://www.mof.go.jp/policy/tab_salt/topics/20260629_kouriteikahenkou.pdf,5,高
f3b6d16d590ebeb8,2026-06-29,令和8年6月29日,変更認可,葉巻たばこ,ﾍﾞｶﾞｽﾛﾊﾞｲﾅ ･ﾌｪｲﾓｿｽ,ベガスロバイナフェイモソス,,,,,4950,4400,2026-07-15,https://www.mof.go.jp/policy/tab_salt/topics/20260629_kouriteikahenkou.pdf,5,高
0bfb4b93d4bbb11b,2026-06-29,令和8年6月29日,変更認可,葉巻たばこ,ﾍﾞｶﾞｽﾛﾊﾞｲﾅ ･ﾕﾆｺｽ,ベガスロバイナユニコス,,,,,6050,5500,2026-07-15,https://www.mof.go.jp/policy/tab_salt/topics/20260629_kouriteikahenkou.pdf,5,高
7141a1c7e6185fd3,2026-06-29,令和8年6月29日,変更認可,葉巻たばこ,ﾍﾞｸﾞｴﾛｽ ･ｴﾝﾄﾚﾃｨｴﾝﾎﾟｽ,ベグエロスエントレティエンポス,,,,,3850,3740,2026-07-15,https://www.mof.go.jp/policy/tab_salt/topics/20260629_kouriteikahenkou.pdf,5,高
e777b4ebdc1f962d,2026-06-29,令和8年6月29日,変更認可,葉巻たばこ,ﾍﾞｸﾞｴﾛｽ ･ｾﾝﾄﾛｺﾞﾙﾄﾞｽ,ベグエロスセントロゴルドス,,,,,3410,3300,2026-07-15,https://www.mof.go.jp/policy/tab_salt/topics/20260629_kouriteikahenkou.pdf,5,高
6ba17c422a05edfe,2026-06-29,令和8年6月29日,変更認可,葉巻たばこ,ﾍﾞｸﾞｴﾛｽ ･ﾀﾊﾟﾄﾞｽ,ベグエロスタパドス,,,,,3300,3190,2026-07-15,https://www.mof.go.jp/policy/tab_salt/topics/20260629_kouriteikahenkou.pdf,5,高
82f21e81bd7e1168,2026-06-29,令和8年6月29日,変更認可,葉巻たばこ,ﾍﾞｸﾞｴﾛｽ ･ﾏﾅﾆﾀｽ,ベグエロスマナニタス,,,,,2970,2860,2026-07-15,https://www.mof.go.jp/policy/tab_salt/topics/20260629_kouriteikahenkou.pdf,5,高
86340e3f370ae535,2026-06-26,令和8年6月26日,変更認可,,ｱﾚｯｸ ﾌﾞﾗｯﾄﾞﾘｰ,アレックブラッドリー,152mm 1,,,,2500,,,https://www.mof.go.jp/policy/tab_salt/topics/20260626_kouriteika.pdf,1,中
da7690920b3c95bf,2026-06-26,令和8年6月26日,変更認可,,EGM ｴｽｸﾄﾞｽ,EGMエスクドス,144mm 1,,,,4600,3900,2026-07-10,https://www.mof.go.jp/policy/tab_salt/topics/20260626_kouriteikahenkou.pdf,1,高
9db3b1b6528f9b10,2026-06-26,令和8年6月26日,変更認可,,EGM ｴﾝｶﾝﾄｽ,EGMエンカントス,192mm 1,,,,3600,3000,2026-07-10,https://www.mof.go.jp/policy/tab_salt/topics/20260626_kouriteikahenkou.pdf,1,高
5adb9f354af24efb,2026-06-26,令和8年6月26日,変更認可,,EGM ﾃｨﾌﾞﾛﾈｽ,EGMティブロネス,102mm 1,,,,3200,2500,2026-07-10,https://www.mof.go.jp/policy/tab_salt/topics/20260626_kouriteikahenkou.pdf,1,高
dcf0e800cba7d82f,2026-06-26,令和8年6月26日,変更認可,,EGM ﾌﾞﾗﾎﾞｽ,EGMブラボス,119mm 1,,,,3900,3400,2026-07-10,https://www.mof.go.jp/policy/tab_salt/topics/20260626_kouriteikahenkou.pdf,1,高
4b3f26fe23b82fb4,2026-06-26,令和8年6月26日,変更認可,,EGM ﾌﾞﾚｺｽ,EGMブレコス,120mm 1,,,,3600,2700,2026-07-10,https://www.mof.go.jp/policy/tab_salt/topics/20260626_kouriteikahenkou.pdf,1,高
57fea40f589c8c6c,2026-06-26,令和8年6月26日,変更認可,,EGM ﾎﾟﾃﾞﾛｿｽ,EGMポデロソス,166mm 1,,,,5600,4500,2026-07-10,https://www.mof.go.jp/policy/tab_salt/topics/20260626_kouriteikahenkou.pdf,1,高
7b5780d76bef4229,2026-06-26,令和8年6月26日,変更認可,,EGM ﾒﾃﾞｨｱ･ｺﾛﾅ,EGMメディアコロナ,90mm 1,,,,2500,1900,2026-07-10,https://www.mof.go.jp/policy/tab_salt/topics/20260626_kouriteikahenkou.pdf,1,高
db89dca965bf4b75,2026-06-26,令和8年6月26日,変更認可,,EGM ﾛﾌﾞｽﾄ,EGMロブスト,124mm 1,,,,3500,2900,2026-07-10,https://www.mof.go.jp/policy/tab_salt/topics/20260626_kouriteikahenkou.pdf,1,高
2fd474c60851a92c,2026-06-26,令和8年6月26日,変更認可,,ﾌﾟﾘﾝｼﾊﾟﾙ ｱｶﾝﾌﾟﾘｽ ﾏﾃﾞｭｰﾛ,プリンシパルアカンプリスマデューロ,127mm 1,,,,2250,2700,2026-07-13,https://www.mof.go.jp/policy/tab_salt/topics/20260626_kouriteikahenkou.pdf,1,中
6b46e84d379e9a33,2026-06-26,令和8年6月26日,変更認可,,ﾌﾟﾘﾝｼﾊﾟﾙ ｱﾝｼﾞｪﾘｯｸ ﾏﾚｰﾊﾞ,プリンシパルアンジェリックマレーバ,129mm 1,,,,2000,2150,2026-07-13,https://www.mof.go.jp/policy/tab_salt/topics/20260626_kouriteikahenkou.pdf,1,高
eb315581bee9c70a,2026-06-26,令和8年6月26日,変更認可,,ﾌﾟﾘﾝｼﾊﾟﾙ ﾄﾛｴｽﾍﾟｼｬﾙ,プリンシパルトロエスペシャル,152mm 1,,,,3500,4000,2026-07-13,https://www.mof.go.jp/policy/tab_salt/topics/20260626_kouriteikahenkou.pdf,1,高
8239e70ad21dd09c,2026-06-26,令和8年6月26日,変更認可,,ﾌﾟﾘﾝｼﾊﾟﾙ ﾍﾟﾃｨﾌﾟﾛﾊﾞｶｰﾄﾙ ﾌﾚｼｪｯﾄ,プリンシパルペティプロバカートルフレシェット,152mm 1,,,,1500,1550,2026-07-13,https://www.mof.go.jp/policy/tab_salt/topics/20260626_kouriteikahenkou.pdf,1,高
b9d6dde1ed2a3061,2026-06-26,令和8年6月26日,変更認可,,ﾌﾟﾘﾝｼﾊﾟﾙ ﾏﾙﾃｨﾆｰｸ ｺﾛﾅｺﾞﾙﾀﾞ,プリンシパルマルティニークコロナゴルダ,129mm 1,,,,3800,4000,2026-07-13,https://www.mof.go.jp/policy/tab_salt/topics/20260626_kouriteikahenkou.pdf,1,高
16fba8e67ff36142,2026-06-24,令和8年6月24日,変更認可,,BLTC,BLTC,,,,,2600,,,https://www.mof.go.jp/policy/tab_salt/topics/20260624_kouriteika.pdf,1,中
2bc621092835a8c1,2026-06-24,令和8年6月24日,変更認可,,BLTC Porcelain Toro,BLTCPORCELAINTORO,152.4mm 1,,,ﾆｶﾗｸﾞｱ,2600,,,https://www.mof.go.jp/policy/tab_salt/topics/20260624_kouriteika.pdf,1,高
88d197fc6a4e180f,2026-06-24,令和8年6月24日,変更認可,,BLTC Santa Muerte Barrio Santo Corona Gorda,BLTCSANTAMUERTEBARRIOSANTOCORONAGORDA,139.7mm 1,,,ﾆｶﾗｸﾞｱ,2500,,,https://www.mof.go.jp/policy/tab_salt/topics/20260624_kouriteika.pdf,1,高
93afbb0eecfa47ca,2026-06-24,令和8年6月24日,変更認可,,Gerardo Ramos Churchill,GERARDORAMOSCHURCHILL,178mm 1,,,ﾆｶﾗｸﾞｱ,3300,,,https://www.mof.go.jp/policy/tab_salt/topics/20260624_kouriteika.pdf,1,高
fe12a674182f0f68,2026-06-24,令和8年6月24日,変更認可,,Gerardo Ramos Corona Gorda,GERARDORAMOSCORONAGORDA,143mm 1,,,ｳﾙｸﾞｱｲ,2500,,,https://www.mof.go.jp/policy/tab_salt/topics/20260624_kouriteika.pdf,1,高
94801150365ecf14,2026-06-24,令和8年6月24日,変更認可,,Gerardo Ramos Lancero,GERARDORAMOSLANCERO,No.2,,,ｳﾙｸﾞｱｲ,2400,,,https://www.mof.go.jp/policy/tab_salt/topics/20260624_kouriteika.pdf,1,中
8b823d0d6851d50e,2026-06-24,令和8年6月24日,変更認可,,Gerardo Ramos No.3,GERARDORAMOSNO.3,143mm 1,,,ｳﾙｸﾞｱｲ,2000,,,https://www.mof.go.jp/policy/tab_salt/topics/20260624_kouriteika.pdf,1,高
71039edf68ffab93,2026-06-24,令和8年6月24日,変更認可,,Gerardo Ramos No.4,GERARDORAMOSNO.4,130mm 1,,,ｳﾙｸﾞｱｲ,1800,,,https://www.mof.go.jp/policy/tab_salt/topics/20260624_kouriteika.pdf,1,高
d59be0742641cd4c,2026-06-24,令和8年6月24日,変更認可,,Gerardo Ramos No.5,GERARDORAMOSNO.5,102mm 1,,,ｳﾙｸﾞｱｲ,1600,,,https://www.mof.go.jp/policy/tab_salt/topics/20260624_kouriteika.pdf,1,高
14ce3393e5527c55,2026-06-24,令和8年6月24日,変更認可,,Gerardo Ramos Perfect,GERARDORAMOSPERFECT,140mm 1,,,ﾆｶﾗｸﾞｱ,3100,,,https://www.mof.go.jp/policy/tab_salt/topics/20260624_kouriteika.pdf,1,高
68a48b9cc0179c56,2026-06-24,令和8年6月24日,変更認可,,Gerardo Ramos Robusto,GERARDORAMOSROBUSTO,111mm 1,,,ﾆｶﾗｸﾞｱ,2500,,,https://www.mof.go.jp/policy/tab_salt/topics/20260624_kouriteika.pdf,1,高
b694ce4d3aee0ebb,2026-06-24,令和8年6月24日,変更認可,,Gerardo Ramos Segundo,GERARDORAMOSSEGUNDO,Robusto,,,ﾆｶﾗｸﾞｱ,2000,,,https://www.mof.go.jp/policy/tab_salt/topics/20260624_kouriteika.pdf,1,中
fcd33ac186e33f36,2026-06-24,令和8年6月24日,変更認可,,Heaven=s Door Churchill,HEAVEN=SDOORCHURCHILL,178mm 1,,,ﾆｶﾗｸﾞｱ,3300,,,https://www.mof.go.jp/policy/tab_salt/topics/20260624_kouriteika.pdf,1,高
2401b4d947ce9346,2026-06-24,令和8年6月24日,変更認可,,Heaven=s Door Corona Gorda,HEAVEN=SDOORCORONAGORDA,143mm 1,,,ﾆｶﾗｸﾞｱ,2500,,,https://www.mof.go.jp/policy/tab_salt/topics/20260624_kouriteika.pdf,1,高
cbc0a71d6cb5c6e2,2026-06-24,令和8年6月24日,変更認可,,Heaven=s Door Lancero,HEAVEN=SDOORLANCERO,No.2,,,ﾆｶﾗｸﾞｱ,2400,,,https://www.mof.go.jp/policy/tab_salt/topics/20260624_kouriteika.pdf,1,中
645668e871433a29,2026-06-24,令和8年6月24日,変更認可,,Heaven=s Door No.2,HEAVEN=SDOORNO.2,156mm 1,,,ﾆｶﾗｸﾞｱ,3400,,,https://www.mof.go.jp/policy/tab_salt/topics/20260624_kouriteika.pdf,1,高
48852d071550c899,2026-06-24,令和8年6月24日,変更認可,,Heaven=s Door No.3,HEAVEN=SDOORNO.3,143mm 1,,,ﾆｶﾗｸﾞｱ,2000,,,https://www.mof.go.jp/policy/tab_salt/topics/20260624_kouriteika.pdf,1,高
5c4c94ac725c2c63,2026-06-24,令和8年6月24日,変更認可,,Heaven=s Door No.4,HEAVEN=SDOORNO.4,130mm 1,,,ﾆｶﾗｸﾞｱ,1800,,,https://www.mof.go.jp/policy/tab_salt/topics/20260624_kouriteika.pdf,1,高
6b992c7cc04da0d1,2026-06-24,令和8年6月24日,変更認可,,Heaven=s Door No.5,HEAVEN=SDOORNO.5,102mm 1,,,ﾆｶﾗｸﾞｱ,1600,,,https://www.mof.go.jp/policy/tab_salt/topics/20260624_kouriteika.pdf,1,高
0be7d72a984ef66f,2026-06-24,令和8年6月24日,変更認可,,Heaven=s Door Perfect,HEAVEN=SDOORPERFECT,140mm 1,,,ﾆｶﾗｸﾞｱ,3100,,,https://www.mof.go.jp/policy/tab_salt/topics/20260624_kouriteika.pdf,1,高
afc7ea03fe108f44,2026-06-24,令和8年6月24日,変更認可,,Heaven=s Door Robusto,HEAVEN=SDOORROBUSTO,111mm 1,,,ﾆｶﾗｸﾞｱ,2500,,,https://www.mof.go.jp/policy/tab_salt/topics/20260624_kouriteika.pdf,1,高
90b75fabfae72032,2026-06-24,令和8年6月24日,変更認可,,Heaven=s Door Segundo,HEAVEN=SDOORSEGUNDO,Robusto,,,ﾆｶﾗｸﾞｱ,2000,,,https://www.mof.go.jp/policy/tab_salt/topics/20260624_kouriteika.pdf,1,中
ecfbb222004b44d4,2026-06-24,令和8年6月24日,変更認可,,Juan Lopez B«same Mucho ER2025MX ･ﾄﾛﾋﾟｶﾙｱｲｽ,JUANLOPEZB«SAMEMUCHOER2025MXトロピカルアイス,･ｼｬｸﾞ,,,ｷｭｰﾊﾞ,840,,,https://www.mof.go.jp/policy/tab_salt/topics/20260624_kouriteika.pdf,1,高
d8a43bcd61e2e87f,2026-06-24,令和8年6月24日,変更認可,,Juan Lopez B«same Mucho ER2025MX ･ﾊﾟﾗﾀﾞｲｽﾃｨｰｱｲｽ,JUANLOPEZB«SAMEMUCHOER2025MXパラダイスティーアイス,･ｼｬｸﾞ,,,ｷｭｰﾊﾞ,840,,,https://www.mof.go.jp/policy/tab_salt/topics/20260624_kouriteika.pdf,1,中
67463f63a6ae911e,2026-06-24,令和8年6月24日,変更認可,,La Flor Latina Churchill,LAFLORLATINACHURCHILL,178mm 1,,,ﾆｶﾗｸﾞｱ,3300,,,https://www.mof.go.jp/policy/tab_salt/topics/20260624_kouriteika.pdf,1,高
7ad7ac5369694441,2026-06-24,令和8年6月24日,変更認可,,La Flor Latina Corona Gorda,LAFLORLATINACORONAGORDA,143mm 1,,,ﾆｶﾗｸﾞｱ,2500,,,https://www.mof.go.jp/policy/tab_salt/topics/20260624_kouriteika.pdf,1,高
5b00eef023a66906,2026-06-24,令和8年6月24日,変更認可,,La Flor Latina Lancero,LAFLORLATINALANCERO,No.1,,,ﾆｶﾗｸﾞｱ,3000,,,https://www.mof.go.jp/policy/tab_salt/topics/20260624_kouriteika.pdf,1,中
4985100a973b7cfe,2026-06-24,令和8年6月24日,変更認可,,La Flor Latina No.2,LAFLORLATINANO.2,156mm 1,,,ﾆｶﾗｸﾞｱ,3400,,,https://www.mof.go.jp/policy/tab_salt/topics/20260624_kouriteika.pdf,1,高
4e56ff1f991ef311,2026-06-24,令和8年6月24日,変更認可,,La Flor Latina No.3,LAFLORLATINANO.3,143mm 1,,,ﾆｶﾗｸﾞｱ,2000,,,https://www.mof.go.jp/policy/tab_salt/topics/20260624_kouriteika.pdf,1,高
9667795796b00e47,2026-06-24,令和8年6月24日,変更認可,,La Flor Latina No.4,LAFLORLATINANO.4,130mm 1,,,ﾆｶﾗｸﾞｱ,1800,,,https://www.mof.go.jp/policy/tab_salt/topics/20260624_kouriteika.pdf,1,高
1a29daa5f99ebdbf,2026-06-24,令和8年6月24日,変更認可,,La Flor Latina No.5,LAFLORLATINANO.5,102mm 1,,,ﾆｶﾗｸﾞｱ,1600,,,https://www.mof.go.jp/policy/tab_salt/topics/20260624_kouriteika.pdf,1,高
b344ad951eb8dce0,2026-06-24,令和8年6月24日,変更認可,,La Flor Latina Perfect,LAFLORLATINAPERFECT,140mm 1,,,ﾆｶﾗｸﾞｱ,3100,,,https://www.mof.go.jp/policy/tab_salt/topics/20260624_kouriteika.pdf,1,高
eac01aa9087ce7d4,2026-06-24,令和8年6月24日,変更認可,,La Flor Latina Robusto,LAFLORLATINAROBUSTO,111mm 1,,,ﾆｶﾗｸﾞｱ,2500,,,https://www.mof.go.jp/policy/tab_salt/topics/20260624_kouriteika.pdf,1,高
0a849de479ec8646,2026-06-24,令和8年6月24日,変更認可,,La Flor Latina Segundo,LAFLORLATINASEGUNDO,Petit Corona,,,ﾆｶﾗｸﾞｱ,1500,,,https://www.mof.go.jp/policy/tab_salt/topics/20260624_kouriteika.pdf,1,中
5a2c1869f7a442ec,2026-06-24,令和8年6月24日,変更認可,,ｱｰｸﾛｰﾔﾙ ･ｱﾛﾏﾃｨｯｸ,アークローヤルアロマティック,156mm 1,,,ｳﾙｸﾞｱｲ,3400,,,https://www.mof.go.jp/policy/tab_salt/topics/20260624_kouriteika.pdf,1,中
c1204123d8a45454,2026-06-24,令和8年6月24日,変更認可,,ｱｰｸﾛｰﾔﾙ ･ｵﾘｼﾞﾅﾙ,アークローヤルオリジナル,･ﾊﾟｲﾌﾟ 40g,40,g,ｳﾙｸﾞｱｲ,1500,,,https://www.mof.go.jp/policy/tab_salt/topics/20260624_kouriteika.pdf,1,高
c11532d5b1eec0b9,2026-06-24,令和8年6月24日,変更認可,,ｱｰｸﾛｰﾔﾙ ･ｷｬﾗﾒﾙﾏｷｱｰﾄ,アークローヤルキャラメルマキアート,･ｼｬｸﾞ,,,ｳﾙｸﾞｱｲ,840,,,https://www.mof.go.jp/policy/tab_salt/topics/20260624_kouriteika.pdf,1,中
988c4486cde4f74e,2026-06-24,令和8年6月24日,変更認可,,ｱｰｸﾛｰﾔﾙ ･ﾁｪﾘｰ,アークローヤルチェリー,･ﾊﾟｲﾌﾟ 40g,40,g,ｳﾙｸﾞｱｲ,1500,,,https://www.mof.go.jp/policy/tab_salt/topics/20260624_kouriteika.pdf,1,中
58c133d0b5ed4f28,2026-06-24,令和8年6月24日,変更認可,,ｱｰｸﾛｰﾔﾙ ･ﾊﾞﾆﾗ,アークローヤルバニラ,･ﾊﾟｲﾌﾟ 40g,40,g,ｳﾙｸﾞｱｲ,1500,,,https://www.mof.go.jp/policy/tab_salt/topics/20260624_kouriteika.pdf,1,中
e553f20ba8703752,2026-06-24,令和8年6月24日,変更認可,,ｱｰｸﾛｰﾔﾙ ･ﾌﾙｱﾛﾏ,アークローヤルフルアロマ,･ﾊﾟｲﾌﾟ 40g,40,g,ｳﾙｸﾞｱｲ,1500,,,https://www.mof.go.jp/policy/tab_salt/topics/20260624_kouriteika.pdf,1,中
9c5c5471e1724dd0,2026-06-24,令和8年6月24日,変更認可,,ｱｰｸﾛｰﾔﾙ No.2,アークローヤルNO.2,156mm 1,,,ｳﾙｸﾞｱｲ,3400,,,https://www.mof.go.jp/policy/tab_salt/topics/20260624_kouriteika.pdf,1,高
85c127c5b2b7adcd,2026-06-24,令和8年6月24日,変更認可,,CadaDia Perfect,CADADIAPERFECT,140mm 1,,,ﾆｶﾗｸﾞｱ,2600,,,https://www.mof.go.jp/policy/tab_salt/topics/20260624_kouriteika.pdf,2,高
d61f0909c0bba6d4,2026-06-24,令和8年6月24日,変更認可,,CadaDia Petit Corona,CADADIAPETITCORONA,130mm 1,,,ﾆｶﾗｸﾞｱ,700,,,https://www.mof.go.jp/policy/tab_salt/topics/20260624_kouriteika.pdf,2,高
2566b0485375fea7,2026-06-24,令和8年6月24日,変更認可,,CadaDia Robusto,CADADIAROBUSTO,111mm 1,,,ﾆｶﾗｸﾞｱ,900,,,https://www.mof.go.jp/policy/tab_salt/topics/20260624_kouriteika.pdf,2,高
cc1b3b1badb4799c,2026-06-24,令和8年6月24日,変更認可,,CadaDia Robusto,CADADIAROBUSTO,111mm 1,,,ﾆｶﾗｸﾞｱ,2100,,,https://www.mof.go.jp/policy/tab_salt/topics/20260624_kouriteika.pdf,2,高
a7431924c79d072e,2026-06-24,令和8年6月24日,変更認可,,Carmen,CARMEN,,,,,2900,,,https://www.mof.go.jp/policy/tab_salt/topics/20260624_kouriteika.pdf,2,中
540e8cdf63aabb58,2026-06-24,令和8年6月24日,変更認可,,Carmen Churchill,CARMENCHURCHILL,178mm 1,,,ﾆｶﾗｸﾞｱ,2800,,,https://www.mof.go.jp/policy/tab_salt/topics/20260624_kouriteika.pdf,2,高
81fd162ff82f28e1,2026-06-24,令和8年6月24日,変更認可,,Carmen Corona Gorda,CARMENCORONAGORDA,143mm 1,,,ﾆｶﾗｸﾞｱ,2100,,,https://www.mof.go.jp/policy/tab_salt/topics/20260624_kouriteika.pdf,2,高
87cd5edd75045f0d,2026-06-24,令和8年6月24日,変更認可,,Carmen Lancero,CARMENLANCERO,No.1,,,ﾆｶﾗｸﾞｱ,2600,,,https://www.mof.go.jp/policy/tab_salt/topics/20260624_kouriteika.pdf,2,中
83ee6de01fb81beb,2026-06-24,令和8年6月24日,変更認可,,Carmen No.2,CARMENNO.2,156mm 1,,,,2900,,,https://www.mof.go.jp/policy/tab_salt/topics/20260624_kouriteika.pdf,2,高
a1b053fe0305f06c,2026-06-24,令和8年6月24日,変更認可,,Carmen No.3,CARMENNO.3,143mm 1,,,,1700,,,https://www.mof.go.jp/policy/tab_salt/topics/20260624_kouriteika.pdf,2,高
f8e949c2ac2dbd11,2026-06-24,令和8年6月24日,変更認可,,Carmen No.4,CARMENNO.4,130mm 1,,,,1600,,,https://www.mof.go.jp/policy/tab_salt/topics/20260624_kouriteika.pdf,2,高
460f5dff3e690418,2026-06-24,令和8年6月24日,変更認可,,Carmen No.5,CARMENNO.5,102mm 1,,,ﾆｶﾗｸﾞｱ,1400,,,https://www.mof.go.jp/policy/tab_salt/topics/20260624_kouriteika.pdf,2,高
ab4c7d637b917aff,2026-06-19,令和8年6月19日,変更認可,,JiBiAR Almond Tofu,JIBIARALMONDTOFU,50.0g,50,g,ﾄﾙｺ,1750,,,https://www.mof.go.jp/policy/tab_salt/topics/20260619_kouriteika.pdf,1,中
4c0705e16ef18826,2026-06-19,令和8年6月19日,変更認可,,JiBiAR Cappuccino,JIBIARCAPPUCCINO,50.0g,50,g,,1750,,,https://www.mof.go.jp/policy/tab_salt/topics/20260619_kouriteika.pdf,1,中
c6c0c537b137e6c1,2026-06-19,令和8年6月19日,変更認可,,JiBiAR Double Melon,JIBIARDOUBLEMELON,50.0g,50,g,ﾄﾙｺ,1750,,,https://www.mof.go.jp/policy/tab_salt/topics/20260619_kouriteika.pdf,1,中
c24351454c8ce32c,2026-06-19,令和8年6月19日,変更認可,,JiBiAR Dubai Chocolate,JIBIARDUBAICHOCOLATE,50.0g,50,g,,1750,,,https://www.mof.go.jp/policy/tab_salt/topics/20260619_kouriteika.pdf,1,中
839b140ebb639526,2026-06-19,令和8年6月19日,変更認可,,JiBiAR English,JIBIARENGLISH,50.0g,50,g,,1750,,,https://www.mof.go.jp/policy/tab_salt/topics/20260619_kouriteika.pdf,1,中
737fee810007bb8f,2026-06-19,令和8年6月19日,変更認可,,JiBiAR Eskimo Blueberry Flavored,JIBIARESKIMOBLUEBERRYFLAVORED,50.0g,50,g,ﾄﾙｺ,1750,,,https://www.mof.go.jp/policy/tab_salt/topics/20260619_kouriteika.pdf,1,中
27007527001b65de,2026-06-19,令和8年6月19日,変更認可,,JiBiAR Happy Lemon,JIBIARHAPPYLEMON,50.0g,50,g,,1750,,,https://www.mof.go.jp/policy/tab_salt/topics/20260619_kouriteika.pdf,1,中
6bf62650fcc98216,2026-06-19,令和8年6月19日,変更認可,,JiBiAR Ice Flavored,JIBIARICEFLAVORED,50.0g,50,g,ﾄﾙｺ,1750,,,https://www.mof.go.jp/policy/tab_salt/topics/20260619_kouriteika.pdf,1,中
0ab30c2f1a71c835,2026-06-19,令和8年6月19日,変更認可,,JiBiAR Kaymak,JIBIARKAYMAK,50.0g,50,g,,1750,,,https://www.mof.go.jp/policy/tab_salt/topics/20260619_kouriteika.pdf,1,中
8fe3ce6fb59e3fc8,2026-06-19,令和8年6月19日,変更認可,,JiBiAR Lemonade,JIBIARLEMONADE,50.0g,50,g,,1750,,,https://www.mof.go.jp/policy/tab_salt/topics/20260619_kouriteika.pdf,1,中
e3183755a0d9669c,2026-06-19,令和8年6月19日,変更認可,,JiBiAR Wafer,JIBIARWAFER,50.0g,50,g,ﾄﾙｺ,1750,,,https://www.mof.go.jp/policy/tab_salt/topics/20260619_kouriteika.pdf,1,中
31f1dffdf9bfe98f,2026-06-19,令和8年6月19日,変更認可,,REVOSHI TOBACCO Banana Flavored,REVOSHITOBACCOBANANAFLAVORED,50.0g,50,g,ﾄﾙｺ,1750,,,https://www.mof.go.jp/policy/tab_salt/topics/20260619_kouriteika.pdf,1,中
dcd94bd0c836c121,2026-06-19,令和8年6月19日,変更認可,,REVOSHI TOBACCO Dark Chocolate Flavored,REVOSHITOBACCODARKCHOCOLATEFLAVORED,50.0g,50,g,ﾄﾙｺ,1750,,,https://www.mof.go.jp/policy/tab_salt/topics/20260619_kouriteika.pdf,1,中
e2ce092c08d7cc2c,2026-06-19,令和8年6月19日,変更認可,,REVOSHI TOBACCO Elder Flower Flavored,REVOSHITOBACCOELDERFLOWERFLAVORED,50.0g,50,g,ﾄﾙｺ,1750,,,https://www.mof.go.jp/policy/tab_salt/topics/20260619_kouriteika.pdf,1,中
fa68aeb828e455b8,2026-06-19,令和8年6月19日,変更認可,,REVOSHI TOBACCO Eskimo Green Apple Flavored,REVOSHITOBACCOESKIMOGREENAPPLEFLAVORED,50.0g,50,g,ﾄﾙｺ,1750,,,https://www.mof.go.jp/policy/tab_salt/topics/20260619_kouriteika.pdf,1,中
bbe07e43263180f0,2026-06-19,令和8年6月19日,変更認可,,REVOSHI TOBACCO Key Lime Flavored,REVOSHITOBACCOKEYLIMEFLAVORED,50.0g,50,g,ﾄﾙｺ,1750,,,https://www.mof.go.jp/policy/tab_salt/topics/20260619_kouriteika.pdf,1,中
1f66cba5b3ba7259,2026-06-19,令和8年6月19日,変更認可,,REVOSHI TOBACCO Linden Tea Flavored,REVOSHITOBACCOLINDENTEAFLAVORED,50.0g,50,g,ﾄﾙｺ,1750,,,https://www.mof.go.jp/policy/tab_salt/topics/20260619_kouriteika.pdf,1,中
2d210a1d517bfa8a,2026-06-19,令和8年6月19日,変更認可,,REVOSHI TOBACCO Lychee Flavored,REVOSHITOBACCOLYCHEEFLAVORED,50.0g,50,g,ﾄﾙｺ,1750,,,https://www.mof.go.jp/policy/tab_salt/topics/20260619_kouriteika.pdf,1,中
4991ae3204e6a3ed,2026-06-19,令和8年6月19日,変更認可,,REVOSHI TOBACCO Milk Flavored,REVOSHITOBACCOMILKFLAVORED,50.0g,50,g,ﾄﾙｺ,1750,,,https://www.mof.go.jp/policy/tab_salt/topics/20260619_kouriteika.pdf,1,中
922a5a457c5eff03,2026-06-19,令和8年6月19日,変更認可,,REVOSHI TOBACCO Osmanthus Flavored,REVOSHITOBACCOOSMANTHUSFLAVORED,50.0g,50,g,ﾄﾙｺ,1750,,,https://www.mof.go.jp/policy/tab_salt/topics/20260619_kouriteika.pdf,1,中
61060356e116676d,2026-06-19,令和8年6月19日,変更認可,,REVOSHI TOBACCO Pan Rasna Flavored,REVOSHITOBACCOPANRASNAFLAVORED,50.0g,50,g,ﾄﾙｺ,1750,,,https://www.mof.go.jp/policy/tab_salt/topics/20260619_kouriteika.pdf,1,中
01fabd68eba17871,2026-06-19,令和8年6月19日,変更認可,,REVOSHI TOBACCO Passion Fruit Flavored,REVOSHITOBACCOPASSIONFRUITFLAVORED,50.0g,50,g,ﾄﾙｺ,1750,,,https://www.mof.go.jp/policy/tab_salt/topics/20260619_kouriteika.pdf,1,中
0591da17596daccc,2026-06-19,令和8年6月19日,変更認可,,REVOSHI TOBACCO Pineapple Flavored,REVOSHITOBACCOPINEAPPLEFLAVORED,50.0g,50,g,ﾄﾙｺ,1750,,,https://www.mof.go.jp/policy/tab_salt/topics/20260619_kouriteika.pdf,1,中
021e690b58b8748f,2026-06-19,令和8年6月19日,変更認可,,REVOSHI TOBACCO Taiga Flavored,REVOSHITOBACCOTAIGAFLAVORED,50.0g,50,g,ﾄﾙｺ,1750,,,https://www.mof.go.jp/policy/tab_salt/topics/20260619_kouriteika.pdf,1,中
c2ce52aa13f2e6c6,2026-06-19,令和8年6月19日,変更認可,,REVOSHI TOBACCO The Shuffle Flavored,REVOSHITOBACCOTHESHUFFLEFLAVORED,50.0g,50,g,ﾄﾙｺ,1750,,,https://www.mof.go.jp/policy/tab_salt/topics/20260619_kouriteika.pdf,1,高
ddf1c6eda516322c,2026-06-19,令和8年6月19日,変更認可,,REVOSHI TOBACCO Vanilla Flavored,REVOSHITOBACCOVANILLAFLAVORED,50.0g,50,g,ﾄﾙｺ,1750,,,https://www.mof.go.jp/policy/tab_salt/topics/20260619_kouriteika.pdf,1,中
3dd252c27bf79439,2026-06-19,令和8年6月19日,変更認可,,REVOSHI TOBACCO White Chocolate Flavored,REVOSHITOBACCOWHITECHOCOLATEFLAVORED,50.0g,50,g,ﾄﾙｺ,1750,,,https://www.mof.go.jp/policy/tab_salt/topics/20260619_kouriteika.pdf,1,中
a2fd2443a6d10841,2026-06-19,令和8年6月19日,変更認可,,REVOSHI TOBACCO Yoghurt Flavored,REVOSHITOBACCOYOGHURTFLAVORED,50.0g,50,g,ﾄﾙｺ,1750,,,https://www.mof.go.jp/policy/tab_salt/topics/20260619_kouriteika.pdf,1,中
54d6775adb72e4cb,2026-06-18,令和8年6月18日,変更認可,,CONNECTICUT CORONA,CONNECTICUTCORONA,140mm 1,,,ﾆｶﾗｸﾞｱ,2800,,,https://www.mof.go.jp/policy/tab_salt/topics/20260618_kouriteika.pdf,1,高
d7be92efc5a5bc10,2026-06-18,令和8年6月18日,変更認可,,CONNECTICUT ROBUSTO,CONNECTICUTROBUSTO,127mm 1,,,ﾆｶﾗｸﾞｱ,2900,,,https://www.mof.go.jp/policy/tab_salt/topics/20260618_kouriteika.pdf,1,高
6dc408e913057fa3,2026-06-18,令和8年6月18日,変更認可,,CONNECTICUT TORO,CONNECTICUTTORO,152mm 1,,,ﾆｶﾗｸﾞｱ,3200,,,https://www.mof.go.jp/policy/tab_salt/topics/20260618_kouriteika.pdf,1,高
690f55038a3c1140,2026-06-18,令和8年6月18日,変更認可,,EP CARRILLO HONDURAS GORDO,EPCARRILLOHONDURASGORDO,152mm 1,,,ﾄﾞﾐﾆｶ,3600,,,https://www.mof.go.jp/policy/tab_salt/topics/20260618_kouriteika.pdf,1,高
62732ef28f7d7f22,2026-06-18,令和8年6月18日,変更認可,,EP CARRILLO HONDURAS ROBUSTO,EPCARRILLOHONDURASROBUSTO,127mm 1,,,ﾄﾞﾐﾆｶ,2900,,,https://www.mof.go.jp/policy/tab_salt/topics/20260618_kouriteika.pdf,1,高
dccf08b6f0a8e3b6,2026-06-18,令和8年6月18日,変更認可,,EP CARRILLO HONDURAS TORO,EPCARRILLOHONDURASTORO,152mm 1,,,ﾄﾞﾐﾆｶ,3200,,,https://www.mof.go.jp/policy/tab_salt/topics/20260618_kouriteika.pdf,1,高
819c8bc3207fb2ff,2026-06-18,令和8年6月18日,変更認可,,EP CARRILLO MADURO GORDO,EPCARRILLOMADUROGORDO,152mm 1,,,ﾄﾞﾐﾆｶ,3600,,,https://www.mof.go.jp/policy/tab_salt/topics/20260618_kouriteika.pdf,1,高
7e1ff703f70ad995,2026-06-18,令和8年6月18日,変更認可,,EP CARRILLO MADURO ROBUSTO,EPCARRILLOMADUROROBUSTO,127mm 1,,,ﾄﾞﾐﾆｶ,2900,,,https://www.mof.go.jp/policy/tab_salt/topics/20260618_kouriteika.pdf,1,高
3c2c3e4da1a7090e,2026-06-18,令和8年6月18日,変更認可,,EP CARRILLO MADURO TORO,EPCARRILLOMADUROTORO,152mm 1,,,ﾄﾞﾐﾆｶ,3200,,,https://www.mof.go.jp/policy/tab_salt/topics/20260618_kouriteika.pdf,1,高
316c3e9b522cb8e3,2026-06-18,令和8年6月18日,変更認可,,EP CARRILLO SUMATRA GORDO,EPCARRILLOSUMATRAGORDO,152mm 1,,,ﾄﾞﾐﾆｶ,3600,,,https://www.mof.go.jp/policy/tab_salt/topics/20260618_kouriteika.pdf,1,高
fd878068bcb9cbdc,2026-06-18,令和8年6月18日,変更認可,,EP CARRILLO SUMATRA ROBUSTO,EPCARRILLOSUMATRAROBUSTO,127mm 1,,,ﾄﾞﾐﾆｶ,2900,,,https://www.mof.go.jp/policy/tab_salt/topics/20260618_kouriteika.pdf,1,高
a59c580d8fd3a651,2026-06-18,令和8年6月18日,変更認可,,NATURAL 5pack,NATURAL5PACK,118mm 5,,,ﾆｶﾗｸﾞｱ,1500,,,https://www.mof.go.jp/policy/tab_salt/topics/20260618_kouriteika.pdf,1,高
189b0c4a578feda3,2026-06-18,令和8年6月18日,変更認可,,ｺｲｰﾊﾞ ENDURE PREMIER TORO,コイーバENDUREPREMIERTORO,152mm 1,,,ｷｭｰﾊﾞ,6000,,,https://www.mof.go.jp/policy/tab_salt/topics/20260618_kouriteika.pdf,1,高
c3b81b700ba830df,2026-06-18,令和8年6月18日,変更認可,,ｺｲｰﾊﾞ ENDURE ROBUSTO,コイーバENDUREROBUSTO,127mm 1,,,ｷｭｰﾊﾞ,5500,,,https://www.mof.go.jp/policy/tab_salt/topics/20260618_kouriteika.pdf,1,高
58b68443f1bd2e2c,2026-06-18,令和8年6月18日,変更認可,,ｺｲｰﾊﾞ SUMATRA TORO,コイーバSUMATRATORO,152mm 1,,,ｷｭｰﾊﾞ,3200,,,https://www.mof.go.jp/policy/tab_salt/topics/20260618_kouriteika.pdf,1,高
99f652bb361729ce,2026-06-15,令和8年6月15日,変更認可,,FUMARI Orange Gummi Bear,FUMARIORANGEGUMMIBEAR,100.0gﾊﾟｳﾁ,100,g,,3400,,,https://www.mof.go.jp/policy/tab_salt/topics/20260615_kouriteika.pdf,1,高
c1ce8b2c8a4bffb1,2026-06-15,令和8年6月15日,変更認可,,FUMARI Peach N Ice,FUMARIPEACHNICE,100.0gﾊﾟｳﾁ,100,g,,3400,,,https://www.mof.go.jp/policy/tab_salt/topics/20260615_kouriteika.pdf,1,中
b38d557cc10a3605,2026-06-15,令和8年6月15日,変更認可,,FUMARI Pink,FUMARIPINK,100.0gﾊﾟｳﾁ,100,g,,3400,,,https://www.mof.go.jp/policy/tab_salt/topics/20260615_kouriteika.pdf,1,中
d9e070c95022f945,2026-06-11,令和8年6月11日,変更認可,,ｸﾞｱﾝﾀﾅﾒﾗ ･ｸﾘｽﾀﾚｽ,グアンタナメラクリスタレス,150mm 1,,,,990,880,2026-07-01,https://www.mof.go.jp/policy/tab_salt/topics/202606011_kouriteikahenkou.pdf,1,高
dbc316169b3a2b3d,2026-06-11,令和8年6月11日,変更認可,,ｸﾞｱﾝﾀﾅﾒﾗ ･ﾃﾞｼﾓｽ,グアンタナメラデシモス,134mm 1,,,,660,580,2026-07-01,https://www.mof.go.jp/policy/tab_salt/topics/202606011_kouriteikahenkou.pdf,1,高
1ac77df9c8fa94f8,2026-06-11,令和8年6月11日,変更認可,,ｸﾞｱﾝﾀﾅﾒﾗ ･ﾐﾆｼｶﾞﾘﾛ,グアンタナメラミニシガリロ,81mm 20,,,,1870,1700,2026-07-01,https://www.mof.go.jp/policy/tab_salt/topics/202606011_kouriteikahenkou.pdf,1,高
65b9842939eee937,2026-06-11,令和8年6月11日,変更認可,,ｸﾞｱﾝﾀﾅﾒﾗ ･ﾜｲﾄﾞ ｼｮｰﾄ,グアンタナメラワイドショート,100mm 1,,,,935,880,2026-07-01,https://www.mof.go.jp/policy/tab_salt/topics/202606011_kouriteikahenkou.pdf,1,高
6096597965fd3266,2026-06-11,令和8年6月11日,変更認可,,ｺｲｰﾊﾞ,コイーバ,,,,,2750,2300,2026-07-01,https://www.mof.go.jp/policy/tab_salt/topics/202606011_kouriteikahenkou.pdf,1,中
c5cf0d83e99ef010,2026-06-11,令和8年6月11日,変更認可,,ｺｲｰﾊﾞ ･ｸﾗﾌﾞ,コイーバクラブ,97mm 10,,,,2750,2300,2026-07-01,https://www.mof.go.jp/policy/tab_salt/topics/202606011_kouriteikahenkou.pdf,1,中
11ef6cd0eefee47a,2026-06-11,令和8年6月11日,変更認可,,ｺｲｰﾊﾞ ･ｸﾗﾌﾞ ﾎﾜｲﾄ,コイーバクラブホワイト,97mm 10,,,,2750,2300,2026-07-01,https://www.mof.go.jp/policy/tab_salt/topics/202606011_kouriteikahenkou.pdf,1,中
a21292e9c66c9fb7,2026-06-11,令和8年6月11日,変更認可,,ｺｲｰﾊﾞ ･ｼｮｰﾄ,コイーバショート,82mm 1,,,,407,340,2026-07-01,https://www.mof.go.jp/policy/tab_salt/topics/202606011_kouriteikahenkou.pdf,1,高
befc7fbbe9067293,2026-06-11,令和8年6月11日,変更認可,,ｺｲｰﾊﾞ ･ﾐﾆｼｶﾞﾘﾛ,コイーバミニシガリロ,83mm 10,,,,2310,1900,2026-07-01,https://www.mof.go.jp/policy/tab_salt/topics/202606011_kouriteikahenkou.pdf,1,中
189928d6b03097ea,2026-06-11,令和8年6月11日,変更認可,,ｺｲｰﾊﾞ ･ﾐﾆｼｶﾞﾘﾛ ﾎﾜｲﾄ,コイーバミニシガリロホワイト,83mm 10,,,,2310,1900,2026-07-01,https://www.mof.go.jp/policy/tab_salt/topics/202606011_kouriteikahenkou.pdf,1,中
da0fd1c154a00988,2026-06-11,令和8年6月11日,変更認可,,ﾄﾘﾆﾀﾞｯﾄﾞ･ｼｮｰﾄ ･ﾌﾟﾘﾄｽ,トリニダッドショートプリトス,107mm 1,,,,484,420,2026-07-01,https://www.mof.go.jp/policy/tab_salt/topics/202606011_kouriteikahenkou.pdf,1,高
0c9f854d3cbf6720,2026-06-11,令和8年6月11日,変更認可,,ﾊﾟﾙﾀｶﾞｽ ･ｸﾗﾌﾞ,パルタガスクラブ,97mm 1,,,,187,163,2026-07-01,https://www.mof.go.jp/policy/tab_salt/topics/202606011_kouriteikahenkou.pdf,1,高
83617b13ca005d61,2026-06-11,令和8年6月11日,変更認可,,ﾊﾟﾙﾀｶﾞｽ ･ｼｮｰﾄ,パルタガスショート,83mm 1,,,,330,280,2026-07-01,https://www.mof.go.jp/policy/tab_salt/topics/202606011_kouriteikahenkou.pdf,1,高
5a49b62e1028e74b,2026-06-11,令和8年6月11日,変更認可,,ﾊﾟﾙﾀｶﾞｽ ･ｾﾘｰ ﾐﾆｼｶﾞﾘﾛ,パルタガスセリーミニシガリロ,83mm 10,,,,1650,1450,2026-07-01,https://www.mof.go.jp/policy/tab_salt/topics/202606011_kouriteikahenkou.pdf,1,中
4fa000003bc706d8,2026-06-11,令和8年6月11日,変更認可,,ﾊﾟﾙﾀｶﾞｽ ･ｾﾘｰｸﾗﾌﾞ,パルタガスセリークラブ,97mm 10,,,,1980,1700,2026-07-01,https://www.mof.go.jp/policy/tab_salt/topics/202606011_kouriteikahenkou.pdf,1,中
65385eac651c936f,2026-06-11,令和8年6月11日,変更認可,,ﾊﾟﾙﾀｶﾞｽ ･ﾁｺ,パルタガスチコ,106mm 1,,,,462,400,2026-07-01,https://www.mof.go.jp/policy/tab_salt/topics/202606011_kouriteikahenkou.pdf,1,高
04e676bb62773349,2026-06-11,令和8年6月11日,変更認可,,ﾊﾟﾙﾀｶﾞｽ ･ﾐﾆｼｶﾞﾘﾛ,パルタガスミニシガリロ,83mm 20,,,,3080,2650,2026-07-01,https://www.mof.go.jp/policy/tab_salt/topics/202606011_kouriteikahenkou.pdf,1,高
0e57fa71a206c94b,2026-06-11,令和8年6月11日,変更認可,,ﾎｾ･L･ﾋﾟｴﾄﾞﾗ･ﾐﾆｼｶﾞﾘﾛ ･ｸﾗﾌﾞ,ホセLピエドラミニシガリロクラブ,97mm 10,,,,2200,1850,2026-07-01,https://www.mof.go.jp/policy/tab_salt/topics/202606011_kouriteikahenkou.pdf,1,中
49a397483dfa688b,2026-06-11,令和8年6月11日,変更認可,,ﾎｾ･L･ﾋﾟｴﾄﾞﾗ･ﾐﾆｼｶﾞﾘﾛ ･ﾌﾟﾘﾄｽ,ホセLピエドラミニシガリロプリトス,106mm 1,,,,440,380,2026-07-01,https://www.mof.go.jp/policy/tab_salt/topics/202606011_kouriteikahenkou.pdf,1,高
fa51505a00c3659c,2026-06-11,令和8年6月11日,変更認可,,ﾓﾝﾃｸﾘｽﾄ ･ｵｰﾌﾟﾝ ﾐﾆｼｶﾞﾘﾛ,モンテクリストオープンミニシガリロ,83mm 10,,,,1760,1550,2026-07-01,https://www.mof.go.jp/policy/tab_salt/topics/202606011_kouriteikahenkou.pdf,1,中
0bbc078c55bd4989,2026-06-11,令和8年6月11日,変更認可,,ﾓﾝﾃｸﾘｽﾄ ･ｵｰﾌﾟﾝｸﾗﾌﾞ,モンテクリストオープンクラブ,97mm 10,,,,2200,1850,2026-07-01,https://www.mof.go.jp/policy/tab_salt/topics/202606011_kouriteikahenkou.pdf,1,中
5eac0fc9a17b73c8,2026-06-11,令和8年6月11日,変更認可,,ﾓﾝﾃｸﾘｽﾄ ･ﾐﾆｼｶﾞﾘﾛ,モンテクリストミニシガリロ,83mm 20,,,,3520,3100,2026-07-01,https://www.mof.go.jp/policy/tab_salt/topics/202606011_kouriteikahenkou.pdf,1,高
ecabf7a060e00b37,2026-06-11,令和8年6月11日,変更認可,,ﾛﾒｵ･Y･ｼﾞｭﾘｴｯﾀ ･ｸﾗﾌﾞ,ロメオYジュリエッタクラブ,97mm 20,,,,4070,3500,2026-07-01,https://www.mof.go.jp/policy/tab_salt/topics/202606011_kouriteikahenkou.pdf,1,高
35e7d004ad6f2dc8,2026-06-11,令和8年6月11日,変更認可,,ﾛﾒｵ･Y･ｼﾞｭﾘｴｯﾀ ･ﾐﾆｼｶﾞﾘﾛ,ロメオYジュリエッタミニシガリロ,83mm 20,,,,3520,3000,2026-07-01,https://www.mof.go.jp/policy/tab_salt/topics/202606011_kouriteikahenkou.pdf,1,高
ce9ffea4eb8f2ba6,2026-06-01,令和8年6月1日,変更認可,,=40,=40,･ｱﾛﾏ,,,,1400,1350,2026-07-01,https://www.mof.go.jp/policy/tab_salt/topics/20260601_kouriteikahenkou.pdf,1,中
5b97f17129a097e6,2026-06-01,令和8年6月1日,変更認可,,100,100,･ｱﾛﾏ,,,,3500,3400,2026-07-01,https://www.mof.go.jp/policy/tab_salt/topics/20260601_kouriteikahenkou.pdf,1,高
db627a1f0af668c8,2026-06-01,令和8年6月1日,変更認可,,ｱﾝﾊﾞｰﾘｰﾌ,アンバーリーフ,･ﾌﾞﾛﾝﾄﾞ25g,25,g,,730,730,2026-07-01,https://www.mof.go.jp/policy/tab_salt/topics/20260601_kouriteikahenkou.pdf,1,高
bd867acda9ad8d8a,2026-06-01,令和8年6月1日,変更認可,,ｵｰﾛﾗ,オーロラ,･ﾌﾟﾚﾌｪﾘﾄﾞｽ,,,,3600,3300,2026-07-01,https://www.mof.go.jp/policy/tab_salt/topics/20260601_kouriteikahenkou.pdf,1,中
f5aac4445b794036,2026-06-01,令和8年6月1日,変更認可,,ｶﾋﾟｰﾄ･ﾒﾛｰﾗｲﾄ =40,カピートメローライト=40,･ｱﾛﾏ,,,,1300,1250,2026-07-01,https://www.mof.go.jp/policy/tab_salt/topics/20260601_kouriteikahenkou.pdf,1,中
dc53d88c23f0702a,2026-06-01,令和8年6月1日,変更認可,,ｷﾞﾚﾙﾓ･ﾚｵﾝ,ギレルモレオン,ﾛﾌﾞｽﾄ,,,,2000,1900,2026-07-01,https://www.mof.go.jp/policy/tab_salt/topics/20260601_kouriteikahenkou.pdf,1,高
b132fb69d2e60d36,2026-06-01,令和8年6月1日,変更認可,,ｼﾙｸﾛｰﾄﾞ=40,シルクロード=40,･ｱﾛﾏ,,,,1400,1350,2026-07-01,https://www.mof.go.jp/policy/tab_salt/topics/20260601_kouriteikahenkou.pdf,1,中
86c130ff2c47df09,2026-06-01,令和8年6月1日,変更認可,,ｾﾌﾞﾝｼｰｽﾞ,セブンシーズ,･ｱﾛﾏ,,,,1300,1250,2026-07-01,https://www.mof.go.jp/policy/tab_salt/topics/20260601_kouriteikahenkou.pdf,1,高
4f0702f886ddbacb,2026-06-01,令和8年6月1日,変更認可,,ﾄｽｶﾈﾛ,トスカネロ,･ｱﾛﾏ,,,,250,230,2026-07-01,https://www.mof.go.jp/policy/tab_salt/topics/20260601_kouriteikahenkou.pdf,1,高
1008e5ac03d4425a,2026-06-01,令和8年6月1日,変更認可,,ﾌﾟﾛﾑﾅｰﾄﾞ=40,プロムナード=40,･ｱﾛﾏ,,,,1400,1350,2026-07-01,https://www.mof.go.jp/policy/tab_salt/topics/20260601_kouriteikahenkou.pdf,1,高
b2266e1f597e3c65,2026-06-01,令和8年6月1日,変更認可,,ﾏｯｸﾊﾞﾚﾝ,マックバレン,･ｱﾛﾏ,,,,1650,1600,2026-07-01,https://www.mof.go.jp/policy/tab_salt/topics/20260601_kouriteikahenkou.pdf,1,高
15fd77a3dff7cd62,2026-06-01,令和8年6月1日,変更認可,,ﾐﾛ,ミロ,･ﾌﾞﾛﾝﾄﾞ25g,25,g,,450,430,2026-07-01,https://www.mof.go.jp/policy/tab_salt/topics/20260601_kouriteikahenkou.pdf,1,中
e1fecb5f790a5b98,2026-06-01,令和8年6月1日,変更認可,,ﾗ･ｵｰﾛﾗ,ラオーロラ,･ﾌﾞﾛﾝﾄﾞ25g,25,g,,1500,1350,2026-07-01,https://www.mof.go.jp/policy/tab_salt/topics/20260601_kouriteikahenkou.pdf,1,高
f9e43dcff3c7ad8c,2026-06-01,令和8年6月1日,変更認可,,ﾛｯｸﾝ･ﾁｪｱ =40,ロックンチェア=40,･ｱﾛﾏ,,,,3700,3600,2026-07-01,https://www.mof.go.jp/policy/tab_salt/topics/20260601_kouriteikahenkou.pdf,1,中
fed1b319d71982ef,2026-06-01,令和8年6月1日,変更認可,,ﾁｮｲｽ,チョイス,,,,,850,830,2026-07-01,https://www.mof.go.jp/policy/tab_salt/topics/20260601_kouriteikahenkou.pdf,2,中
b52cffdeb0fefd24,2026-06-01,令和8年6月1日,変更認可,,ﾏｯｸﾊﾞｰﾚﾝ,マックバーレン,,,,,850,830,2026-07-01,https://www.mof.go.jp/policy/tab_salt/topics/20260601_kouriteikahenkou.pdf,2,中
8bd205dab447eff4,2026-05-29,令和8年5月29日,変更認可,,TAB Edicion Maduro Coronas,TABEDICIONMADUROCORONAS,140mm 1,,,,1500,,,https://www.mof.go.jp/policy/tab_salt/topics/20260529_kouriteika.pdf,1,高
13e58d9c3e057b91,2026-05-29,令和8年5月29日,変更認可,,TAB Edicion Maduro Pyramid,TABEDICIONMADUROPYRAMID,128mm 1,,,,1800,,,https://www.mof.go.jp/policy/tab_salt/topics/20260529_kouriteika.pdf,1,中
6e87e93c5622610f,2026-05-29,令和8年5月29日,変更認可,,TAB Edicion Maduro Robusto,TABEDICIONMADUROROBUSTO,128mm 1,,,,1800,,,https://www.mof.go.jp/policy/tab_salt/topics/20260529_kouriteika.pdf,1,中
1a25e28b35d2108e,2026-05-29,令和8年5月29日,変更認可,,TAB Edicion Maduro Toro,TABEDICIONMADUROTORO,152mm 1,,,,2000,,,https://www.mof.go.jp/policy/tab_salt/topics/20260529_kouriteika.pdf,1,高
10f570bd3d8fc31d,2026-05-29,令和8年5月29日,変更認可,,ﾅﾁｭﾗﾙ ｱﾒﾘｶﾝ ｽﾋﾟﾘｯﾄ ｷｬﾒﾙ･ｸﾗﾌﾄ,ナチュラルアメリカンスピリットキャメルクラフト,,,,,440,420,2026-07-01,https://www.mof.go.jp/policy/tab_salt/topics/20260529_kouriteikahenkou.pdf,1,中
53ad0a786bd729bb,2026-05-29,令和8年5月29日,変更認可,,ﾅﾁｭﾗﾙ ｱﾒﾘｶﾝ ｽﾋﾟﾘｯﾄ ｷｬﾒﾙ･ｸﾗﾌﾄ ･1･100=s･ｽﾘﾑ,ナチュラルアメリカンスピリットキャメルクラフト1100=Sスリム,,,,,470,450,2026-07-01,https://www.mof.go.jp/policy/tab_salt/topics/20260529_kouriteikahenkou.pdf,1,中
d011f804d9e34100,2026-05-29,令和8年5月29日,変更認可,,ﾅﾁｭﾗﾙ ｱﾒﾘｶﾝ ｽﾋﾟﾘｯﾄ ｷｬﾒﾙ･ｸﾗﾌﾄ ･1･100=s･ﾎﾞｯｸｽ FSK 20,ナチュラルアメリカンスピリットキャメルクラフト1100=SボックスFSK20,,,,,470,450,2026-07-01,https://www.mof.go.jp/policy/tab_salt/topics/20260529_kouriteikahenkou.pdf,1,中
b9a4645ae28eaa6b,2026-05-29,令和8年5月29日,変更認可,,ﾅﾁｭﾗﾙ ｱﾒﾘｶﾝ ｽﾋﾟﾘｯﾄ ｷｬﾒﾙ･ｸﾗﾌﾄ ･10･ﾎﾞｯｸｽ ﾊｰﾄﾞﾊﾟｯｸ,ナチュラルアメリカンスピリットキャメルクラフト10ボックスハードパック,,,,,470,450,2026-07-01,https://www.mof.go.jp/policy/tab_salt/topics/20260529_kouriteikahenkou.pdf,1,中
00baefc824c2ac91,2026-05-29,令和8年5月29日,変更認可,,ﾅﾁｭﾗﾙ ｱﾒﾘｶﾝ ｽﾋﾟﾘｯﾄ ｷｬﾒﾙ･ｸﾗﾌﾄ ･12･ﾎﾞｯｸｽ,ナチュラルアメリカンスピリットキャメルクラフト12ボックス,,,,,440,420,2026-07-01,https://www.mof.go.jp/policy/tab_salt/topics/20260529_kouriteikahenkou.pdf,1,中
638b05edccbfdb8b,2026-05-29,令和8年5月29日,変更認可,,ﾅﾁｭﾗﾙ ｱﾒﾘｶﾝ ｽﾋﾟﾘｯﾄ ｷｬﾒﾙ･ｸﾗﾌﾄ ･14･ﾎﾞｯｸｽ,ナチュラルアメリカンスピリットキャメルクラフト14ボックス,,,,,440,420,2026-07-01,https://www.mof.go.jp/policy/tab_salt/topics/20260529_kouriteikahenkou.pdf,1,中
f4e4f261e99ca27d,2026-05-29,令和8年5月29日,変更認可,,ﾅﾁｭﾗﾙ ｱﾒﾘｶﾝ ｽﾋﾟﾘｯﾄ ｷｬﾒﾙ･ｸﾗﾌﾄ ･3･ﾎﾞｯｸｽ,ナチュラルアメリカンスピリットキャメルクラフト3ボックス,,,,,470,450,2026-07-01,https://www.mof.go.jp/policy/tab_salt/topics/20260529_kouriteikahenkou.pdf,1,中
35f279cc69cc444c,2026-05-29,令和8年5月29日,変更認可,,ﾅﾁｭﾗﾙ ｱﾒﾘｶﾝ ｽﾋﾟﾘｯﾄ ｷｬﾒﾙ･ｸﾗﾌﾄ ･6･ﾎﾞｯｸｽ,ナチュラルアメリカンスピリットキャメルクラフト6ボックス,,,,,470,450,2026-07-01,https://www.mof.go.jp/policy/tab_salt/topics/20260529_kouriteikahenkou.pdf,1,中
80b490b04a1681c3,2026-05-29,令和8年5月29日,変更認可,,ﾅﾁｭﾗﾙ ｱﾒﾘｶﾝ ｽﾋﾟﾘｯﾄ ｷｬﾒﾙ･ｸﾗﾌﾄ ･ﾒﾝｿｰﾙ･1･100=s･ｽﾘﾑ ﾊｰﾄﾞﾊﾟｯｸ,ナチュラルアメリカンスピリットキャメルクラフトメンソール1100=Sスリムハードパック,,,,,470,450,2026-07-01,https://www.mof.go.jp/policy/tab_salt/topics/20260529_kouriteikahenkou.pdf,1,中
9db250905460edf0,2026-05-29,令和8年5月29日,変更認可,,ﾅﾁｭﾗﾙ ｱﾒﾘｶﾝ ｽﾋﾟﾘｯﾄ ｷｬﾒﾙ･ｸﾗﾌﾄ ･ﾒﾝｿｰﾙ･1･100=s･ﾎﾞｯｸｽ FSK 20,ナチュラルアメリカンスピリットキャメルクラフトメンソール1100=SボックスFSK20,,,,,470,450,2026-07-01,https://www.mof.go.jp/policy/tab_salt/topics/20260529_kouriteikahenkou.pdf,1,中
6a240b89b72d425c,2026-05-29,令和8年5月29日,変更認可,,ﾅﾁｭﾗﾙ ｱﾒﾘｶﾝ ｽﾋﾟﾘｯﾄ ｷｬﾒﾙ･ｸﾗﾌﾄ ･ﾒﾝｿｰﾙ･5･100=s･ｽﾘﾑ,ナチュラルアメリカンスピリットキャメルクラフトメンソール5100=Sスリム,,,,,470,450,2026-07-01,https://www.mof.go.jp/policy/tab_salt/topics/20260529_kouriteikahenkou.pdf,1,中
7f75cbd559c1c15d,2026-05-29,令和8年5月29日,変更認可,,ﾅﾁｭﾗﾙ ｱﾒﾘｶﾝ ｽﾋﾟﾘｯﾄ ｷｬﾒﾙ･ｸﾗﾌﾄ ･ﾒﾝｿｰﾙ･5･ﾎﾞｯｸｽ FK 20,ナチュラルアメリカンスピリットキャメルクラフトメンソール5ボックスFK20,,,,,470,450,2026-07-01,https://www.mof.go.jp/policy/tab_salt/topics/20260529_kouriteikahenkou.pdf,1,中
640cfdb80bd4f2c1,2026-05-29,令和8年5月29日,変更認可,,ﾅﾁｭﾗﾙ ｱﾒﾘｶﾝ ｽﾋﾟﾘｯﾄ ｷｬﾒﾙ･ｸﾗﾌﾄ ･ﾒﾝｿｰﾙ･ﾍﾟｱｰｶﾌﾟｾﾙ･5･ﾎﾞｯｸｽ,ナチュラルアメリカンスピリットキャメルクラフトメンソールペアーカプセル5ボックス,,,,,470,450,2026-07-01,https://www.mof.go.jp/policy/tab_salt/topics/20260529_kouriteikahenkou.pdf,1,中
34e28b4939aaf05a,2026-05-29,令和8年5月29日,変更認可,,ﾅﾁｭﾗﾙ ｱﾒﾘｶﾝ ｽﾋﾟﾘｯﾄ ｷｬﾒﾙ･ｸﾗﾌﾄ ･ﾒﾝｿｰﾙ･ﾍﾟｱｰｶﾌﾟｾﾙ･8･ﾎﾞｯｸｽ FK 20,ナチュラルアメリカンスピリットキャメルクラフトメンソールペアーカプセル8ボックスFK20,,,,,470,450,2026-07-01,https://www.mof.go.jp/policy/tab_salt/topics/20260529_kouriteikahenkou.pdf,1,中
c2eec7fce9f83843,2026-05-29,令和8年5月29日,変更認可,,ﾅﾁｭﾗﾙ ｱﾒﾘｶﾝ ｽﾋﾟﾘｯﾄ ｷｬﾒﾙ･ｸﾗﾌﾄ ･ﾒﾝｿｰﾙ･ﾍﾞﾘｰｶﾌﾟｾﾙ･1･100=s･ｽﾘﾑ,ナチュラルアメリカンスピリットキャメルクラフトメンソールベリーカプセル1100=Sスリム,,,,,470,450,2026-07-01,https://www.mof.go.jp/policy/tab_salt/topics/20260529_kouriteikahenkou.pdf,1,中
a3246aa4efabee69,2026-05-29,令和8年5月29日,変更認可,,ﾅﾁｭﾗﾙ ｱﾒﾘｶﾝ ｽﾋﾟﾘｯﾄ ｷｬﾒﾙ･ｸﾗﾌﾄ ･ﾒﾝｿｰﾙ･ﾍﾞﾘｰｶﾌﾟｾﾙ･5･100=s･ｽﾘﾑ,ナチュラルアメリカンスピリットキャメルクラフトメンソールベリーカプセル5100=Sスリム,,,,,470,450,2026-07-01,https://www.mof.go.jp/policy/tab_salt/topics/20260529_kouriteikahenkou.pdf,1,中
a8d4857c5d772cfb,2026-05-29,令和8年5月29日,変更認可,,ﾅﾁｭﾗﾙ ｱﾒﾘｶﾝ ｽﾋﾟﾘｯﾄ ｷｬﾒﾙ･ｸﾗﾌﾄ ･ﾒﾝｿｰﾙ･ﾍﾞﾘｰｶﾌﾟｾﾙ･5･ﾎﾞｯｸｽ,ナチュラルアメリカンスピリットキャメルクラフトメンソールベリーカプセル5ボックス,,,,,470,450,2026-07-01,https://www.mof.go.jp/policy/tab_salt/topics/20260529_kouriteikahenkou.pdf,1,中
9117451f7f5d2894,2026-05-29,令和8年5月29日,変更認可,,ﾅﾁｭﾗﾙ ｱﾒﾘｶﾝ ｽﾋﾟﾘｯﾄ ｷｬﾒﾙ･ｸﾗﾌﾄ ｵｰｶﾞﾆｯｸ ﾐﾝﾄ ONE 14,ナチュラルアメリカンスピリットキャメルクラフトオーガニックミントONE14,,,,,440,420,2026-07-01,https://www.mof.go.jp/policy/tab_salt/topics/20260529_kouriteikahenkou.pdf,1,中
0617efb3486c21ad,2026-05-29,令和8年5月29日,変更認可,,ﾅﾁｭﾗﾙ ｱﾒﾘｶﾝ ｽﾋﾟﾘｯﾄ ｷｬﾒﾙ･ｸﾗﾌﾄ ｵｰｶﾞﾆｯｸ ﾐﾝﾄ ｳﾙﾄﾗ ﾗｲﾄ 14,ナチュラルアメリカンスピリットキャメルクラフトオーガニックミントウルトラライト14,,,,,440,420,2026-07-01,https://www.mof.go.jp/policy/tab_salt/topics/20260529_kouriteikahenkou.pdf,1,中
5d97c0fff3d2fbeb,2026-05-29,令和8年5月29日,変更認可,,ﾅﾁｭﾗﾙ ｱﾒﾘｶﾝ ｽﾋﾟﾘｯﾄ ｷｬﾒﾙ･ｸﾗﾌﾄ ｵｰｶﾞﾆｯｸ ﾐﾝﾄ ﾗｲﾄ 14,ナチュラルアメリカンスピリットキャメルクラフトオーガニックミントライト14,,,,,440,420,2026-07-01,https://www.mof.go.jp/policy/tab_salt/topics/20260529_kouriteikahenkou.pdf,1,中
3157faf351f33a89,2026-05-29,令和8年5月29日,変更認可,,ﾅﾁｭﾗﾙ ｱﾒﾘｶﾝ ｽﾋﾟﾘｯﾄ ｷｬﾒﾙ･ｸﾗﾌﾄ ｵｰｶﾞﾆｯｸ ﾘｰﾌ ONE 14,ナチュラルアメリカンスピリットキャメルクラフトオーガニックリーフONE14,,,,,440,420,2026-07-01,https://www.mof.go.jp/policy/tab_salt/topics/20260529_kouriteikahenkou.pdf,1,中
1bc461451ad7665f,2026-05-29,令和8年5月29日,変更認可,,ﾅﾁｭﾗﾙ ｱﾒﾘｶﾝ ｽﾋﾟﾘｯﾄ ｷｬﾒﾙ･ｸﾗﾌﾄ ｵｰｶﾞﾆｯｸ ﾘｰﾌ ｺﾞｰﾙﾄﾞ 14,ナチュラルアメリカンスピリットキャメルクラフトオーガニックリーフゴールド14,,,,,440,420,2026-07-01,https://www.mof.go.jp/policy/tab_salt/topics/20260529_kouriteikahenkou.pdf,1,中
47f26b6e72606e74,2026-05-29,令和8年5月29日,変更認可,,ﾅﾁｭﾗﾙ ｱﾒﾘｶﾝ ｽﾋﾟﾘｯﾄ ｷｬﾒﾙ･ｸﾗﾌﾄ ﾗｲﾄ 14,ナチュラルアメリカンスピリットキャメルクラフトライト14,,,,,440,420,2026-07-01,https://www.mof.go.jp/policy/tab_salt/topics/20260529_kouriteikahenkou.pdf,1,中
995314bd262fe5d6,2026-05-25,令和8年5月25日,変更認可,,ﾍﾞﾛ･ﾋﾟｰﾁ･ｱｲｽ･ﾐﾃﾞｨｱﾑ,ベロピーチアイスミディアム,,,,,360,,,https://www.mof.go.jp/policy/tab_salt/topics/20260525_kouriteika.pdf,1,中
fa772cdc67d2a733,2026-05-25,令和8年5月25日,変更認可,,ﾍﾞﾛ･ﾋﾟｰﾁ･ｱｲｽ･ﾐﾃﾞｨｱﾑ 15 ﾊﾟｷｽﾀﾝ,ベロピーチアイスミディアム15パキスタン,,,,,360,,,https://www.mof.go.jp/policy/tab_salt/topics/20260525_kouriteika.pdf,1,高
ab9a9e1bda724696,2026-05-20,令和8年5月20日,変更認可,,Must Have ･ﾋﾟｰﾁ Alova,MUSTHAVEピーチALOVA,125.0g,125,g,,5600,,,https://www.mof.go.jp/policy/tab_salt/topics/20260520_kouriteika.pdf,1,中
d7291c212366711d,2026-05-20,令和8年5月20日,変更認可,,Must Have ･ﾋﾟｰﾁ Earl Grey,MUSTHAVEピーチEARLGREY,125.0g,125,g,,5600,,,https://www.mof.go.jp/policy/tab_salt/topics/20260520_kouriteika.pdf,1,中
02df4f8d41cb5f00,2026-05-20,令和8年5月20日,変更認可,,Must Have ･ﾋﾟｰﾁ Lemon Tonic,MUSTHAVEピーチLEMONTONIC,125.0g,125,g,,5600,,,https://www.mof.go.jp/policy/tab_salt/topics/20260520_kouriteika.pdf,1,中
fe43c9ac3484e504,2026-05-20,令和8年5月20日,変更認可,,Must Have ･ﾋﾟｰﾁ Lemon-Lime,MUSTHAVEピーチLEMON-LIME,125.0g,125,g,,5600,,,https://www.mof.go.jp/policy/tab_salt/topics/20260520_kouriteika.pdf,1,中
9fa55331b3e61d2a,2026-05-20,令和8年5月20日,変更認可,,Must Have ･ﾋﾟｰﾁ Mad Pear,MUSTHAVEピーチMADPEAR,125.0g,125,g,,5600,,,https://www.mof.go.jp/policy/tab_salt/topics/20260520_kouriteika.pdf,1,高
022d84572520ab6b,2026-05-20,令和8年5月20日,変更認可,,Must Have ･ﾋﾟｰﾁ Melonade,MUSTHAVEピーチMELONADE,125.0g,125,g,,5600,,,https://www.mof.go.jp/policy/tab_salt/topics/20260520_kouriteika.pdf,1,中
0b5e94008b981620,2026-05-20,令和8年5月20日,変更認可,,Must Have ･ﾋﾟｰﾁ Violet,MUSTHAVEピーチVIOLET,125.0g,125,g,,5600,,,https://www.mof.go.jp/policy/tab_salt/topics/20260520_kouriteika.pdf,1,中
41781f7a30623990,2026-05-20,令和8年5月20日,変更認可,,ｼﾞﾝ･ﾐﾆ ･ｱｯﾌﾟﾙ･ﾐﾝﾄ ･ｽﾄﾛﾝｸﾞ,ジンミニアップルミントストロング,,,,,500,,,https://www.mof.go.jp/policy/tab_salt/topics/20260520_kouriteika.pdf,1,高
c8c76430c964d76b,2026-05-20,令和8年5月20日,変更認可,,ｼﾞﾝ･ﾐﾆ ･ﾋﾟｰﾁ Pinkman,ジンミニピーチPINKMAN,4.8g,4.8,g,,500,,,https://www.mof.go.jp/policy/tab_salt/topics/20260520_kouriteika.pdf,1,中
a332fe72d06b3890,2026-05-20,令和8年5月20日,変更認可,,ﾊﾟﾄﾞﾛﾝ 60th ｱﾆﾊﾞｰｻﾘｰ ﾍﾟﾙﾌｪｸﾄ ･ﾋﾟｰﾁ Cucunade,パドロン60THアニバーサリーペルフェクトピーチCUCUNADE,165mm 1,,,,25000,,,https://www.mof.go.jp/policy/tab_salt/topics/20260520_kouriteika.pdf,1,中
b2a858c9f88a4769,2026-05-20,令和8年5月20日,変更認可,,ﾊﾟﾄﾞﾛﾝ 60th ｱﾆﾊﾞｰｻﾘｰ ﾍﾟﾙﾌｪｸﾄ ･ﾋﾟｰﾁ Honey Holls,パドロン60THアニバーサリーペルフェクトピーチHONEYHOLLS,165mm 1,,,,25000,,,https://www.mof.go.jp/policy/tab_salt/topics/20260520_kouriteika.pdf,1,中
c2283fde64d31084,2026-05-20,令和8年5月20日,変更認可,,ﾊﾟﾄﾞﾛﾝ 60th ｱﾆﾊﾞｰｻﾘｰ ﾍﾟﾙﾌｪｸﾄ ･ﾋﾟｰﾁ ﾅﾁｭﾗﾙ,パドロン60THアニバーサリーペルフェクトピーチナチュラル,165mm 1,,,,25000,,,https://www.mof.go.jp/policy/tab_salt/topics/20260520_kouriteika.pdf,1,中
e4bcc269be90decc,2026-05-20,令和8年5月20日,変更認可,,ﾊﾟﾄﾞﾛﾝ 60th ｱﾆﾊﾞｰｻﾘｰ ﾍﾟﾙﾌｪｸﾄ ･ﾋﾟｰﾁ ﾏﾃﾞｭﾛ,パドロン60THアニバーサリーペルフェクトピーチマデュロ,165mm 1,,,,25000,,,https://www.mof.go.jp/policy/tab_salt/topics/20260520_kouriteika.pdf,1,中
110a5bd4fd956d7d,2026-05-20,令和8年5月20日,変更認可,,Laguito No.6 Kiwi Smoothie,LAGUITONO.6KIWISMOOTHIE,166mm 1,,,,18000,5400,2026-05-26,https://www.mof.go.jp/policy/tab_salt/topics/20260520_kouriteikahenkou.pdf,1,中
56a385378a7894db,2026-05-20,令和8年5月20日,変更認可,,Must Have Milky Rice,MUSTHAVEMILKYRICE,125.0g,125,g,,5600,5000,2026-06-01,https://www.mof.go.jp/policy/tab_salt/topics/20260520_kouriteikahenkou.pdf,1,中
e3e0ac97c5ce4b44,2026-05-20,令和8年5月20日,変更認可,,Must Have Red Bomb,MUSTHAVEREDBOMB,125.0g,125,g,,5600,5000,2026-06-01,https://www.mof.go.jp/policy/tab_salt/topics/20260520_kouriteikahenkou.pdf,1,中
7dbcde7fb724b16e,2026-05-20,令和8年5月20日,変更認可,,Must Have Tropic Juice,MUSTHAVETROPICJUICE,125.0g,125,g,,5600,5000,2026-06-01,https://www.mof.go.jp/policy/tab_salt/topics/20260520_kouriteikahenkou.pdf,1,中
0626c5267e881817,2026-05-18,令和8年5月18日,変更認可,,ﾏｶﾇｰﾄﾞ ｺﾞｰﾙﾄﾞ ﾄﾙﾍﾟﾄﾞ,マカヌードゴールドトルペド,165mm 1,,,,2900,,,https://www.mof.go.jp/policy/tab_salt/topics/20260518_kouriteika.pdf,1,高
47f45b5575b7b8b6,2026-05-07,令和8年5月7日,変更認可,,ｾﾝﾃｨｱ･ﾊﾟｯｼｮﾝ･ﾌﾙｰﾂ･ｶﾌﾟｾﾙ,センティアパッションフルーツカプセル,ﾊｰﾄﾞﾊﾟｯｸ,,,,570,,,https://www.mof.go.jp/policy/tab_salt/topics/20260507_kouriteika.pdf,1,高
f03f89301b6dba81,2026-04-30,令和8年4月30日,変更認可,,ﾌﾞﾚﾝｽﾞ,ブレンズ,,,,,570,,,https://www.mof.go.jp/policy/tab_salt/topics/20260430_kouriteika.pdf,1,中
23a7e58d4fc68d46,2026-04-30,令和8年4月30日,変更認可,,ﾌﾞﾚﾝｽﾞ ･ｱｲｼｰ･ﾌﾚｯｼｭ,ブレンズアイシーフレッシュ,3.4g,3.4,g,,570,,,https://www.mof.go.jp/policy/tab_salt/topics/20260430_kouriteika.pdf,1,中
2d5605d07541217a,2026-04-30,令和8年4月30日,変更認可,,ﾌﾞﾚﾝｽﾞ ･ﾊﾞﾗﾝｽﾄﾞ･ｸﾗｼｯｸｽ,ブレンズバランスドクラシックス,F45 20ｽﾃｨｯｸ,20,スティック,,570,,,https://www.mof.go.jp/policy/tab_salt/topics/20260430_kouriteika.pdf,1,中
c84bdd13c968abfb,2026-04-30,令和8年4月30日,変更認可,,ﾌﾞﾚﾝｽﾞ ･ﾌﾞﾙｰﾍﾞﾘｰ,ブレンズブルーベリー,F45 20ｽﾃｨｯｸ,20,スティック,,570,,,https://www.mof.go.jp/policy/tab_salt/topics/20260430_kouriteika.pdf,1,中
ae03af186746f55f,2026-04-30,令和8年4月30日,変更認可,,ﾌﾞﾚﾝｽﾞ ･ﾘｯﾁ･ｸﾗｼｯｸｽ,ブレンズリッチクラシックス,3.2g,3.2,g,,570,,,https://www.mof.go.jp/policy/tab_salt/topics/20260430_kouriteika.pdf,1,中
322c05a3b3310039,2026-04-27,令和8年4月27日,変更認可,パイプたばこ,DARKSIDE MARY JANE 2.0YAGODA MALINA,DARKSIDEMARYJANE2.0YAGODAMALINA,100.0g30.0g箱箱,100,g,ﾛｼｱ,6000,,,https://www.mof.go.jp/policy/tab_salt/topics/20260427_kouriteika.pdf,1,中
1da8d5178883edaa,2026-04-27,令和8年4月27日,変更認可,葉巻たばこ,ｷｰｽ･ﾏｲﾙﾄﾞ ･20,キースマイルド20,ﾊｰﾄﾞﾊﾟｯｸFK 20本,20,本,日本,570,,,https://www.mof.go.jp/policy/tab_salt/topics/20260427_kouriteika.pdf,1,高
bd35cc1e909dd70b,2026-04-27,令和8年4月27日,変更認可,葉巻たばこ,ｷｰｽ･ﾏｲﾙﾄﾞ ･ｶﾌｪﾗﾃ･20,キースマイルドカフェラテ20,ﾊｰﾄﾞﾊﾟｯｸFK 20本,20,本,日本,570,,,https://www.mof.go.jp/policy/tab_salt/topics/20260427_kouriteika.pdf,1,中
ef3844ccaa2d374e,2026-04-27,令和8年4月27日,変更認可,葉巻たばこ,ｼｭｽﾀｰ ﾌﾞﾗｼﾞﾙ ･ｸﾗﾌﾞ,シュスターブラジルクラブ,92mm 12本,12,本,ﾄﾞｲﾂ,3700,,,https://www.mof.go.jp/policy/tab_salt/topics/20260427_kouriteika.pdf,1,高
3c936043ba1a90fd,2026-04-27,令和8年4月27日,変更認可,葉巻たばこ,ｼｭｽﾀｰ ﾌﾞﾗｼﾞﾙ ･ﾐﾆ,シュスターブラジルミニ,85mm 14本,14,本,ﾄﾞｲﾂ,3700,,,https://www.mof.go.jp/policy/tab_salt/topics/20260427_kouriteika.pdf,1,中
9d108e4762b2014b,2026-04-27,令和8年4月27日,変更認可,葉巻たばこ,ｼﾞｮﾝｴｲﾙｽﾞﾍﾞﾘｰ･ﾘﾐﾃｯﾄﾞ ｴﾃﾞｨｼｮﾝ ･ﾌﾟﾘﾄｽ,ジョンエイルズベリーリミテッドエディションプリトス,114mm 10本,10,本,ﾄﾞｲﾂ,3900,,,https://www.mof.go.jp/policy/tab_salt/topics/20260427_kouriteika.pdf,1,高
8ca212daf0ee0304,2026-04-27,令和8年4月27日,変更認可,パイプたばこ,ﾋﾞｰﾎﾞ･ﾊﾟｲﾌﾟﾀﾊﾞｺ ｱｻﾞｰﾌﾞﾗｻﾞｰ ･ｲｰｽﾄ,ビーボパイプタバコアザーブラザーイースト,50.0g缶,50,g,ﾄﾙｺ,3000,,,https://www.mof.go.jp/policy/tab_salt/topics/20260427_kouriteika.pdf,1,中
f4d104ecf38adcf4,2026-04-27,令和8年4月27日,変更認可,パイプたばこ,ﾍﾟｯｾｶﾇｰ ･ｳｪｽﾄ,ペッセカヌーウェスト,50.0g缶,50,g,ﾄﾙｺ,3200,,,https://www.mof.go.jp/policy/tab_salt/topics/20260427_kouriteika.pdf,1,中
317dfe695eb1cb6e,2026-04-27,令和8年4月27日,変更認可,パイプたばこ,ﾍﾟｯｾｶﾇｰ ･ｻｳｽ,ペッセカヌーサウス,50.0g缶,50,g,ﾄﾙｺ,3200,,,https://www.mof.go.jp/policy/tab_salt/topics/20260427_kouriteika.pdf,1,高
22934a4ba169283a,2026-04-27,令和8年4月27日,変更認可,葉巻たばこ,ﾍﾟｯｾｶﾇｰ ･ﾉｰｽ,ペッセカヌーノース,85mm 14本,14,本,ﾄﾙｺ,3200,,,https://www.mof.go.jp/policy/tab_salt/topics/20260427_kouriteika.pdf,1,中
af15631dd07bb392,2026-04-27,令和8年4月27日,変更認可,,ﾃｲｸﾕｱﾀｲﾑ,テイクユアタイム,,,,,2950,,2026-05-01,https://www.mof.go.jp/policy/tab_salt/topics/20260427_kouriteikahenkou.pdf,2,中
9c20a8603a393fee,2026-04-27,令和8年4月27日,変更認可,,ﾃｨﾑ ･ｵﾘｴﾝﾄ,ティムオリエント,100.0g,100,g,,2700,,2026-05-01,https://www.mof.go.jp/policy/tab_salt/topics/20260427_kouriteikahenkou.pdf,2,高
6b8f1d8fe7087217,2026-04-27,令和8年4月27日,変更認可,,ﾃｨﾑ ･ｼﾃｨｰﾗｲﾝ･No.3,ティムシティーラインNO.3,50.0g,50,g,,2800,,2026-05-01,https://www.mof.go.jp/policy/tab_salt/topics/20260427_kouriteikahenkou.pdf,2,高
66635407556f59c1,2026-04-27,令和8年4月27日,変更認可,,ﾃｨﾑ ･ﾗﾀｷｱ･ｷﾌﾟﾛｽ=Cypern,ティムラタキアキプロス=CYPERN,ﾄﾞｲﾂ,,,,3200,,2026-05-01,https://www.mof.go.jp/policy/tab_salt/topics/20260427_kouriteikahenkou.pdf,2,高
04177a56363a04f6,2026-04-27,令和8年4月27日,変更認可,,ﾃｨﾑ ･ﾛﾝﾄﾞﾝﾌﾞﾚﾝﾄﾞ1000,ティムロンドンブレンド1000,100.0g,100,g,,5000,,2026-05-01,https://www.mof.go.jp/policy/tab_salt/topics/20260427_kouriteikahenkou.pdf,2,高
02cc2667c1218ff4,2026-04-27,令和8年4月27日,変更認可,,ﾄｰﾍﾞﾝﾀﾞﾝｽｸ ･ｹﾝﾀｯｷｰUSA,トーベンダンスクケンタッキーUSA,ﾄﾞｲﾂ,,,,2950,,2026-05-01,https://www.mof.go.jp/policy/tab_salt/topics/20260427_kouriteikahenkou.pdf,2,高
659fe3ae8cb80a12,2026-04-27,令和8年4月27日,変更認可,,ﾄｰﾍﾞﾝﾀﾞﾝｽｸ ･ﾊﾞｰｼﾞﾆｱ･ﾏｲｿｰﾙ･ﾚﾃﾞｨｰ･ﾗﾌﾞﾄﾞ,トーベンダンスクバージニアマイソールレディーラブド,,,,,2800,,2026-05-01,https://www.mof.go.jp/policy/tab_salt/topics/20260427_kouriteikahenkou.pdf,2,高
ef5ffb22e67161a9,2026-04-27,令和8年4月27日,変更認可,,ﾄｰﾍﾞﾝﾀﾞﾝｽｸ ･ﾊﾞｰｼﾞﾆｱ1.6ｻﾞｲｰﾙ,トーベンダンスクバージニア1.6ザイール,,,,,2650,,2026-05-01,https://www.mof.go.jp/policy/tab_salt/topics/20260427_kouriteikahenkou.pdf,2,高
ab18026e6453f41b,2026-04-27,令和8年4月27日,変更認可,,ﾄｰﾍﾞﾝﾀﾞﾝｽｸ ･ﾌﾞﾗｯｸｷｬﾍﾞﾝﾃﾞｨｯｼｭﾋﾟｭｱ,トーベンダンスクブラックキャベンディッシュピュア,ﾄﾞｲﾂ,,,,2800,,2026-05-01,https://www.mof.go.jp/policy/tab_salt/topics/20260427_kouriteikahenkou.pdf,2,高
a516d3c5abd68ba7,2026-04-27,令和8年4月27日,変更認可,,ﾄｰﾍﾞﾝﾀﾞﾝｽｸ ･ﾙｲｼﾞｱﾅ･ﾍﾟﾘｸUSA,トーベンダンスクルイジアナペリクUSA,,,,,3200,,2026-05-01,https://www.mof.go.jp/policy/tab_salt/topics/20260427_kouriteikahenkou.pdf,2,高
a663d38c930627c4,2026-04-27,令和8年4月27日,変更認可,,ﾄｰﾍﾞﾝﾀﾞﾝｽｸ ･ﾚｯﾄﾞﾊﾞｰｼﾞﾆｱ･No.3,トーベンダンスクレッドバージニアNO.3,50.0g,50,g,,2500,,2026-05-01,https://www.mof.go.jp/policy/tab_salt/topics/20260427_kouriteikahenkou.pdf,2,高
fc05cd1e0713a749,2026-04-27,令和8年4月27日,変更認可,,ﾊﾞｰｽﾃﾞｰﾌﾞﾚﾝﾄﾞ ･ﾊﾞｰﾚｰ,バースデーブレンドバーレー,100.0g,100,g,,2800,,2026-05-01,https://www.mof.go.jp/policy/tab_salt/topics/20260427_kouriteikahenkou.pdf,2,高
05bff49f04ec68c5,2026-04-27,令和8年4月27日,変更認可,,ﾊﾞｰｽﾃﾞｰﾌﾞﾚﾝﾄﾞ ･ﾌﾞﾗｯｸ･ｷｬﾍﾞﾝﾃﾞｨｯｼｭｽｲｰﾄｱﾛﾏ,バースデーブレンドブラックキャベンディッシュスイートアロマ,,,,,2900,,2026-05-01,https://www.mof.go.jp/policy/tab_salt/topics/20260427_kouriteikahenkou.pdf,2,高
5c80608c499289aa,2026-04-27,令和8年4月27日,変更認可,,ｲｴｽ･ｺｳﾉｳｨｯﾁ ･1,イエスコウノウィッチ1,,,,,3050,,2026-05-01,https://www.mof.go.jp/policy/tab_salt/topics/20260427_kouriteikahenkou.pdf,3,中
1fc506f3a0fe81cb,2026-04-27,令和8年4月27日,変更認可,,ｲｴｽ･ｺｳﾉｳｨｯﾁ T15,イエスコウノウィッチT15,,,,,3100,,2026-05-01,https://www.mof.go.jp/policy/tab_salt/topics/20260427_kouriteikahenkou.pdf,3,中
aba1e49fefc7b7eb,2026-04-27,令和8年4月27日,変更認可,,ｲｴｽ･ｺｳﾉｳｨｯﾁ T17,イエスコウノウィッチT17,,,,,3100,,2026-05-01,https://www.mof.go.jp/policy/tab_salt/topics/20260427_kouriteikahenkou.pdf,3,中
964a45f92671edd4,2026-04-27,令和8年4月27日,変更認可,,ｸﾘｽｳｨﾙ ･ｸﾗｼｶﾙﾈｲﾋﾞｰｶｯﾄ,クリスウィルクラシカルネイビーカット,100.0g,100,g,,2800,,2026-05-01,https://www.mof.go.jp/policy/tab_salt/topics/20260427_kouriteikahenkou.pdf,3,中
cdccf57adac778e8,2026-04-27,令和8年4月27日,変更認可,,ｸﾘｽｳｨﾙ ･ｺﾞｰﾙﾃﾞﾝﾈｲﾋﾞｰｶｯﾄ,クリスウィルゴールデンネイビーカット,100.0g,100,g,,2800,,2026-05-01,https://www.mof.go.jp/policy/tab_salt/topics/20260427_kouriteikahenkou.pdf,3,中
7aba3a93e2968e14,2026-04-27,令和8年4月27日,変更認可,,ｼｬｺﾑ ･2,シャコム2,,,,,3050,,2026-05-01,https://www.mof.go.jp/policy/tab_salt/topics/20260427_kouriteikahenkou.pdf,3,中
403dc5a908a5a52c,2026-04-27,令和8年4月27日,変更認可,,ｼｬｺﾑ ･3,シャコム3,,,,,3050,,2026-05-01,https://www.mof.go.jp/policy/tab_salt/topics/20260427_kouriteikahenkou.pdf,3,中
f8b40f99cfa00da5,2026-04-27,令和8年4月27日,変更認可,,ｼｬｺﾑ ･4,シャコム4,,,,,3050,,2026-05-01,https://www.mof.go.jp/policy/tab_salt/topics/20260427_kouriteikahenkou.pdf,3,中
86b0da8488ad065a,2026-04-27,令和8年4月27日,変更認可,,ｼｬｺﾑ ･5,シャコム5,,,,,3050,,2026-05-01,https://www.mof.go.jp/policy/tab_salt/topics/20260427_kouriteikahenkou.pdf,3,中
e2ddfe51cb503ff5,2026-04-27,令和8年4月27日,変更認可,,ｼｬｺﾑ ･6,シャコム6,,,,,3050,,2026-05-01,https://www.mof.go.jp/policy/tab_salt/topics/20260427_kouriteikahenkou.pdf,3,中
56d1c22308278fa0,2026-04-27,令和8年4月27日,変更認可,,ｽﾘｰﾋﾞｰ ｲﾝｸﾞﾘｯｼｭﾐｸｽﾁｬｰ,スリービーイングリッシュミクスチャー,,,,,3100,,2026-05-01,https://www.mof.go.jp/policy/tab_salt/topics/20260427_kouriteikahenkou.pdf,3,高
a409b14f0135f987,2026-04-27,令和8年4月27日,変更認可,,ｽﾘｰﾋﾞｰ ｵﾘｴﾝﾀﾙﾐｸｽﾁｬｰ,スリービーオリエンタルミクスチャー,,,,,3200,,2026-05-01,https://www.mof.go.jp/policy/tab_salt/topics/20260427_kouriteikahenkou.pdf,3,高
22d664cf7c2a2596,2026-04-27,令和8年4月27日,変更認可,,ｽﾘｰﾋﾞｰ ｽｺﾃｨｯｼｭﾐｸｽﾁｬｰ,スリービースコティッシュミクスチャー,,,,,3100,,2026-05-01,https://www.mof.go.jp/policy/tab_salt/topics/20260427_kouriteikahenkou.pdf,3,高
f07ddebf2aa31db4,2026-04-27,令和8年4月27日,変更認可,,ﾐﾛﾝｶﾞ,ミロンガ,,,,,5100,,2026-05-01,https://www.mof.go.jp/policy/tab_salt/topics/20260427_kouriteikahenkou.pdf,3,中
549335ebcda2a1c0,2026-04-27,令和8年4月27日,変更認可,,ｲﾙｽﾃｯﾄﾞ･ｺﾞｰﾙﾃﾞﾝﾌﾚｲｸ ･ｽｺﾃｨｯｼｭ ﾐｸｽﾁｬｰ,イルステッドゴールデンフレイクスコティッシュミクスチャー,50.0g,50,g,,3200,,2026-05-01,https://www.mof.go.jp/policy/tab_salt/topics/20260427_kouriteikahenkou.pdf,4,中
e0d4257582a6766a,2026-04-27,令和8年4月27日,変更認可,,ｺﾓｲ,コモイ,,,,,3300,,2026-05-01,https://www.mof.go.jp/policy/tab_salt/topics/20260427_kouriteikahenkou.pdf,4,中
3caa31ad1d1008e6,2026-04-27,令和8年4月27日,変更認可,,ｺﾓｲ ･ｱｲﾘｯｼｭ ﾐｸｽﾁｬｰ,コモイアイリッシュミクスチャー,50.0g,50,g,,3200,,2026-05-01,https://www.mof.go.jp/policy/tab_salt/topics/20260427_kouriteikahenkou.pdf,4,中
3b5959d17cbcd985,2026-04-27,令和8年4月27日,変更認可,,ｺﾓｲ ･ｲﾝｸﾞﾘｯｼｭ ﾐｸｽﾁｬｰ,コモイイングリッシュミクスチャー,50.0g,50,g,,3150,,2026-05-01,https://www.mof.go.jp/policy/tab_salt/topics/20260427_kouriteikahenkou.pdf,4,高
ff89c2be9575f89c,2026-04-27,令和8年4月27日,変更認可,,ｺﾓｲ ･ｺｰﾆｯｼｭ ﾐｸｽﾁｬｰ,コモイコーニッシュミクスチャー,,,,,3300,,2026-05-01,https://www.mof.go.jp/policy/tab_salt/topics/20260427_kouriteikahenkou.pdf,4,高
055c8a42910c86f9,2026-04-27,令和8年4月27日,変更認可,,ﾊﾞｸﾞﾊﾟｲﾊﾟｰｽﾞ ﾄﾞﾘｰﾑ ･ﾀﾜｰﾌﾞﾘｯｼﾞ,バグパイパーズドリームタワーブリッジ,50.0g,50,g,,3150,,2026-05-01,https://www.mof.go.jp/policy/tab_salt/topics/20260427_kouriteikahenkou.pdf,4,中
cf205e82b0cb6e4f,2026-04-27,令和8年4月27日,変更認可,,ﾊﾞｸﾞﾊﾟｲﾊﾟｰｽﾞ ﾄﾞﾘｰﾑ ･ﾊﾞｯｷﾝｶﾞﾑ,バグパイパーズドリームバッキンガム,50.0g,50,g,,3150,,2026-05-01,https://www.mof.go.jp/policy/tab_salt/topics/20260427_kouriteikahenkou.pdf,4,中
f76326f25099e1e9,2026-04-27,令和8年4月27日,変更認可,,ﾊﾞｸﾞﾊﾟｲﾊﾟｰｽﾞ ﾄﾞﾘｰﾑ ･ﾕﾆｵﾝｼﾞｬｯｸ,バグパイパーズドリームユニオンジャック,100.0g,100,g,,5500,,2026-05-01,https://www.mof.go.jp/policy/tab_salt/topics/20260427_kouriteikahenkou.pdf,4,中
d22fce36d52b4fc3,2026-04-27,令和8年4月27日,変更認可,,ﾊﾞｸﾞﾊﾟｲﾊﾟｰｽﾞ ﾄﾞﾘｰﾑ ･ﾛｲﾔﾙｱﾙﾊﾞｰﾄ,バグパイパーズドリームロイヤルアルバート,50.0g,50,g,,3150,,2026-05-01,https://www.mof.go.jp/policy/tab_salt/topics/20260427_kouriteikahenkou.pdf,4,高
413b672479a56c4f,2026-04-27,令和8年4月27日,変更認可,,ﾊﾞｸﾞﾊﾟｲﾊﾟｰｽﾞ ﾄﾞﾘｰﾑ ･ﾛﾝﾄﾞﾝｱｲ,バグパイパーズドリームロンドンアイ,50.0g,50,g,,3150,,2026-05-01,https://www.mof.go.jp/policy/tab_salt/topics/20260427_kouriteikahenkou.pdf,4,中
4c8ce1e905b9ba91,2026-04-27,令和8年4月27日,変更認可,,ﾗｯﾄﾚｰ ･ｱｶｳﾝﾀﾝﾂ,ラットレーアカウンタンツ,100.0g,100,g,,5500,,2026-05-01,https://www.mof.go.jp/policy/tab_salt/topics/20260427_kouriteikahenkou.pdf,4,高
0d73927c893340cd,2026-04-27,令和8年4月27日,変更認可,,ﾗｯﾄﾚｰ ･ｱｶｳﾝﾀﾝﾂ=50,ラットレーアカウンタンツ=50,50.0g,50,g,,2850,,2026-05-01,https://www.mof.go.jp/policy/tab_salt/topics/20260427_kouriteikahenkou.pdf,4,高
907881a102b1f3ad,2026-04-27,令和8年4月27日,変更認可,,ﾗｯﾄﾚｰ ･ｳｪｽﾄﾐﾝｽﾀｰｱﾋﾞｰ,ラットレーウェストミンスターアビー,100.0g,100,g,,5500,,2026-05-01,https://www.mof.go.jp/policy/tab_salt/topics/20260427_kouriteikahenkou.pdf,4,中
bee3a94fd9acbfd6,2026-04-27,令和8年4月27日,変更認可,,ﾗｯﾄﾚｰ ･ｽﾘｰﾉｷﾞﾝｽﾞ,ラットレースリーノギンズ,100.0g,100,g,,5500,,2026-05-01,https://www.mof.go.jp/policy/tab_salt/topics/20260427_kouriteikahenkou.pdf,4,高
65391d27027057c1,2026-04-27,令和8年4月27日,変更認可,,ﾗｯﾄﾚｰ ･ｽﾘｰﾉｷﾞﾝｽﾞ=50,ラットレースリーノギンズ=50,50.0g,50,g,,2850,,2026-05-01,https://www.mof.go.jp/policy/tab_salt/topics/20260427_kouriteikahenkou.pdf,4,高
47c332b143ed3f84,2026-04-27,令和8年4月27日,変更認可,,ﾗｯﾄﾚｰ ･ｾﾌﾞﾝﾘｻﾞｰﾌﾞ,ラットレーセブンリザーブ,50.0g,50,g,,3150,,2026-05-01,https://www.mof.go.jp/policy/tab_salt/topics/20260427_kouriteikahenkou.pdf,4,高
a2ba93bba8f275ef,2026-04-27,令和8年4月27日,変更認可,,ﾗｯﾄﾚｰ ･ﾀﾞｰｸﾌﾚｸﾞﾗﾝﾄ,ラットレーダークフレグラント,100.0g,100,g,,5500,,2026-05-01,https://www.mof.go.jp/policy/tab_salt/topics/20260427_kouriteikahenkou.pdf,4,高
de0ac35dd68bf8c6,2026-04-27,令和8年4月27日,変更認可,,ﾗｯﾄﾚｰ ･ﾀﾞｰｸﾌﾚｸﾞﾗﾝﾄ=50,ラットレーダークフレグラント=50,50.0g,50,g,,2850,,2026-05-01,https://www.mof.go.jp/policy/tab_salt/topics/20260427_kouriteikahenkou.pdf,4,高
918e0f344f17e11f,2026-04-27,令和8年4月27日,変更認可,,ﾗｯﾄﾚｰ ･ﾊｲﾗﾝﾄﾞﾀｰｼﾞ,ラットレーハイランドタージ,100.0g,100,g,,5700,,2026-05-01,https://www.mof.go.jp/policy/tab_salt/topics/20260427_kouriteikahenkou.pdf,4,高
c8af7909d0ef8a51,2026-04-27,令和8年4月27日,変更認可,,ﾗｯﾄﾚｰ ･ﾊｲﾗﾝﾄﾞﾀｰｼﾞ=50,ラットレーハイランドタージ=50,50.0g,50,g,,2850,,2026-05-01,https://www.mof.go.jp/policy/tab_salt/topics/20260427_kouriteikahenkou.pdf,4,高
b8579a409cf1f6eb,2026-04-27,令和8年4月27日,変更認可,,ﾗｯﾄﾚｰ ･ﾊﾛｰｻﾞｳｲﾝﾄﾞ,ラットレーハローザウインド,100.0g,100,g,,5700,,2026-05-01,https://www.mof.go.jp/policy/tab_salt/topics/20260427_kouriteikahenkou.pdf,4,高
cec69702da96b61e,2026-04-27,令和8年4月27日,変更認可,,ﾗｯﾄﾚｰ ･ﾊﾛｰｻﾞｳｲﾝﾄﾞ=50,ラットレーハローザウインド=50,50.0g,50,g,,2950,,2026-05-01,https://www.mof.go.jp/policy/tab_salt/topics/20260427_kouriteikahenkou.pdf,4,高
9c5a15e88387d5ee,2026-04-27,令和8年4月27日,変更認可,,ﾗｯﾄﾚｰ ･ﾌﾞﾗｯｸﾊﾞｰｼﾞﾆｱ,ラットレーブラックバージニア,100.0g,100,g,,5500,,2026-05-01,https://www.mof.go.jp/policy/tab_salt/topics/20260427_kouriteikahenkou.pdf,4,高
41167d2fe5ad28f2,2026-04-27,令和8年4月27日,変更認可,,ﾗｯﾄﾚｰ ･ﾌﾞﾗｯｸﾊﾞｰｼﾞﾆｱ=50,ラットレーブラックバージニア=50,50.0g,50,g,,2850,,2026-05-01,https://www.mof.go.jp/policy/tab_salt/topics/20260427_kouriteikahenkou.pdf,4,高
c6d965e7022ce3f6,2026-04-27,令和8年4月27日,変更認可,,ﾗｯﾄﾚｰ ･ﾌﾞﾗｯｸﾏﾛﾘｰ,ラットレーブラックマロリー,50.0g,50,g,,3150,,2026-05-01,https://www.mof.go.jp/policy/tab_salt/topics/20260427_kouriteikahenkou.pdf,4,高
985e99b11937e2fd,2026-04-27,令和8年4月27日,変更認可,,ﾗｯﾄﾚｰ ･ﾌﾞﾗﾝｸﾙｰﾆｰ,ラットレーブランクルーニー,100.0g,100,g,,5700,,2026-05-01,https://www.mof.go.jp/policy/tab_salt/topics/20260427_kouriteikahenkou.pdf,4,高
e4e8f3cb6ab6dcbb,2026-04-27,令和8年4月27日,変更認可,,ﾗｯﾄﾚｰ ･ﾌﾞﾗﾝｸﾙｰﾆｰ=50,ラットレーブランクルーニー=50,50.0g,50,g,,2950,,2026-05-01,https://www.mof.go.jp/policy/tab_salt/topics/20260427_kouriteikahenkou.pdf,4,高
c01ec81607947db9,2026-04-27,令和8年4月27日,変更認可,,ｸﾙｰｽﾞﾗｲﾝ ･ｺﾍﾞﾝﾄｶﾞｰﾃﾞﾝ=50,クルーズラインコベントガーデン=50,100.0g,100,g,,3050,,2026-05-01,https://www.mof.go.jp/policy/tab_salt/topics/20260427_kouriteikahenkou.pdf,5,中
19428315b97ea530,2026-04-27,令和8年4月27日,変更認可,,ﾏﾃﾞｭﾛ ･ﾒﾘﾙﾎﾞｰﾝ=50,マデュロメリルボーン=50,,,,,3150,,2026-05-01,https://www.mof.go.jp/policy/tab_salt/topics/20260427_kouriteikahenkou.pdf,5,高
8117f0042e0eb729,2026-04-27,令和8年4月27日,変更認可,,ﾗｯﾄﾚｰ,ラットレー,,,,,5500,,2026-05-01,https://www.mof.go.jp/policy/tab_salt/topics/20260427_kouriteikahenkou.pdf,5,中
930d864970226180,2026-04-27,令和8年4月27日,変更認可,,ﾗｯﾄﾚｰ ･ｵｰﾙﾄﾞｺﾞｰﾘｰ,ラットレーオールドゴーリー,100.0g,100,g,,3200,,2026-05-01,https://www.mof.go.jp/policy/tab_salt/topics/20260427_kouriteikahenkou.pdf,5,中
c4daeea5a175bf7f,2026-04-27,令和8年4月27日,変更認可,,ﾗｯﾄﾚｰ ･ｼﾞｬｯｸｽﾐｸｽﾁｬｰ,ラットレージャックスミクスチャー,100.0g,100,g,,5500,,2026-05-01,https://www.mof.go.jp/policy/tab_salt/topics/20260427_kouriteikahenkou.pdf,5,高
fd84d55b5084c682,2026-04-27,令和8年4月27日,変更認可,,ﾗｯﾄﾚｰ ･ｼﾞｬｯｸｽﾐｸｽﾁｬｰ=50,ラットレージャックスミクスチャー=50,100.0g,100,g,,2850,,2026-05-01,https://www.mof.go.jp/policy/tab_salt/topics/20260427_kouriteikahenkou.pdf,5,高
ea87c197bcb76537,2026-04-27,令和8年4月27日,変更認可,,ﾗｯﾄﾚｰ ･ﾌﾟﾛﾌｪｯｼｮﾅﾙ,ラットレープロフェッショナル,100.0g,100,g,,5500,,2026-05-01,https://www.mof.go.jp/policy/tab_salt/topics/20260427_kouriteikahenkou.pdf,5,高
c573d06a68b4ef44,2026-04-27,令和8年4月27日,変更認可,,ﾗｯﾄﾚｰ ･ﾌﾟﾛﾌｪｯｼｮﾅﾙ=50,ラットレープロフェッショナル=50,100.0g,100,g,,2850,,2026-05-01,https://www.mof.go.jp/policy/tab_salt/topics/20260427_kouriteikahenkou.pdf,5,高
e1c8c56490f48810,2026-04-27,令和8年4月27日,変更認可,,ﾗｯﾄﾚｰ ･ﾏｰﾘﾝﾌﾚｲｸ,ラットレーマーリンフレイク,50.0g,50,g,,3200,,2026-05-01,https://www.mof.go.jp/policy/tab_salt/topics/20260427_kouriteikahenkou.pdf,5,中
25687cbf7f1d9ed5,2026-04-27,令和8年4月27日,変更認可,,ﾗｯﾄﾚｰ ･ﾏｸﾍﾞｽ,ラットレーマクベス,50.0g,50,g,,3150,,2026-05-01,https://www.mof.go.jp/policy/tab_salt/topics/20260427_kouriteikahenkou.pdf,5,高
c5f568a1804cb859,2026-04-27,令和8年4月27日,変更認可,,ﾗｯﾄﾚｰ ･ﾚｯﾄﾞﾗｲｵﾝ,ラットレーレッドライオン,100.0g,100,g,,3150,,2026-05-01,https://www.mof.go.jp/policy/tab_salt/topics/20260427_kouriteikahenkou.pdf,5,高
bcc15b2648248df1,2026-04-27,令和8年4月27日,変更認可,,ﾛﾊﾞｰﾄﾏｯｺｰﾈﾙ ･ｵｯｸｽﾌｫｰﾄﾞｽﾄﾘｰﾄ=50,ロバートマッコーネルオックスフォードストリート=50,,,,,2950,,2026-05-01,https://www.mof.go.jp/policy/tab_salt/topics/20260427_kouriteikahenkou.pdf,5,高
6133ab4258308696,2026-04-27,令和8年4月27日,変更認可,,ﾛﾊﾞｰﾄﾏｯｺｰﾈﾙ ･ｵﾘｴﾝﾀﾙｽｸｴｱ=50,ロバートマッコーネルオリエンタルスクエア=50,,,,,3050,,2026-05-01,https://www.mof.go.jp/policy/tab_salt/topics/20260427_kouriteikahenkou.pdf,5,中
a2c5836dcba7b72a,2026-04-27,令和8年4月27日,変更認可,,ﾛﾊﾞｰﾄﾏｯｺｰﾈﾙ ･ﾉｯﾃｨﾝﾋﾙ=50,ロバートマッコーネルノッティンヒル=50,,,,,3050,,2026-05-01,https://www.mof.go.jp/policy/tab_salt/topics/20260427_kouriteikahenkou.pdf,5,中
8be02a53844e2753,2026-04-27,令和8年4月27日,変更認可,,ﾛﾊﾞｰﾄﾏｯｺｰﾈﾙ ･ﾊｲｹﾞｰﾄ=50,ロバートマッコーネルハイゲート=50,50.0g,50,g,,4150,,2026-05-01,https://www.mof.go.jp/policy/tab_salt/topics/20260427_kouriteikahenkou.pdf,5,高
304c6ddfdead99c3,2026-04-27,令和8年4月27日,変更認可,,ﾛﾊﾞｰﾄﾏｯｺｰﾈﾙ ･ﾊﾟﾃﾞｨﾝﾄﾝ=50,ロバートマッコーネルパディントン=50,,,,,3050,,2026-05-01,https://www.mof.go.jp/policy/tab_salt/topics/20260427_kouriteikahenkou.pdf,5,高
a1adb30022dccdde,2026-04-27,令和8年4月27日,変更認可,,ﾛﾊﾞｰﾄﾏｯｺｰﾈﾙ ･ﾋﾟｶﾃﾞﾘｰｻｰｶｽ=50,ロバートマッコーネルピカデリーサーカス=50,,,,,2950,,2026-05-01,https://www.mof.go.jp/policy/tab_salt/topics/20260427_kouriteikahenkou.pdf,5,高
141e92786cc4cbc5,2026-04-27,令和8年4月27日,変更認可,,ﾛﾊﾞｰﾄﾏｯｺｰﾈﾙ ･ﾌﾞﾃｨｯｸﾌﾞﾚﾝﾄﾞ=50,ロバートマッコーネルブティックブレンド=50,ﾄﾞｲﾂ,,,,3050,,2026-05-01,https://www.mof.go.jp/policy/tab_salt/topics/20260427_kouriteikahenkou.pdf,5,中
c1bf1e688834f909,2026-04-27,令和8年4月27日,変更認可,,ﾛﾊﾞｰﾄﾏｯｺｰﾈﾙ ･ﾌﾞﾗｯｸﾌﾚｲｸ=50,ロバートマッコーネルブラックフレイク=50,ﾄﾞｲﾂ,,,,3400,,2026-05-01,https://www.mof.go.jp/policy/tab_salt/topics/20260427_kouriteikahenkou.pdf,5,高
3ac75ba862b4f884,2026-04-27,令和8年4月27日,変更認可,,ﾛﾊﾞｰﾄﾏｯｺｰﾈﾙ ･ﾗﾀｷｱﾐｸｽﾁｬｰ1848=50,ロバートマッコーネルラタキアミクスチャー1848=50,50.0g,50,g,,3050,,2026-05-01,https://www.mof.go.jp/policy/tab_salt/topics/20260427_kouriteikahenkou.pdf,5,中
d23aa1ec599ac77e,2026-04-27,令和8年4月27日,変更認可,,ﾛﾊﾞｰﾄﾏｯｺｰﾈﾙ･ﾊﾞｰｼﾞﾆｱ･5ｲﾔｰﾏﾁｭｱｰﾄﾞ=50 ･ｳｫﾚｽﾌﾚｲｸ,ロバートマッコーネルバージニア5イヤーマチュアード=50ウォレスフレイク,50.0g,50,g,,3200,,2026-05-01,https://www.mof.go.jp/policy/tab_salt/topics/20260427_kouriteikahenkou.pdf,5,中
2d7dd03a6222f6a1,2026-04-27,令和8年4月27日,変更認可,,ﾛﾊﾞｰﾄﾏｯｺｰﾈﾙ･ﾊﾞｰｼﾞﾆｱ･5ｲﾔｰﾏﾁｭｱｰﾄﾞ=50 ･ｽﾀｰﾘﾝｸﾞﾌﾚｲｸ,ロバートマッコーネルバージニア5イヤーマチュアード=50スターリングフレイク,50.0g,50,g,,3200,,2026-05-01,https://www.mof.go.jp/policy/tab_salt/topics/20260427_kouriteikahenkou.pdf,5,中
0bbe26c34d41c250,2026-04-27,令和8年4月27日,変更認可,,ﾛﾊﾞｰﾄﾏｯｺｰﾈﾙ･ﾊﾞｰｼﾞﾆｱ･5ｲﾔｰﾏﾁｭｱｰﾄﾞ=50 ･ﾊﾞｰｷﾝﾛｰﾄﾞ=50,ロバートマッコーネルバージニア5イヤーマチュアード=50バーキンロード=50,,,,,3150,,2026-05-01,https://www.mof.go.jp/policy/tab_salt/topics/20260427_kouriteikahenkou.pdf,5,高
2a5ecc258ca2db3d,2026-04-27,令和8年4月27日,変更認可,,ﾛﾊﾞｰﾄﾏｯｺｰﾈﾙ･ﾊﾞｰｼﾞﾆｱ･5ｲﾔｰﾏﾁｭｱｰﾄﾞ=50 ･ﾚｯﾄﾞﾗﾊﾟﾘｰ,ロバートマッコーネルバージニア5イヤーマチュアード=50レッドラパリー,50.0g,50,g,,3150,,2026-05-01,https://www.mof.go.jp/policy/tab_salt/topics/20260427_kouriteikahenkou.pdf,5,中
f8a5d9bd52184179,2026-04-27,令和8年4月27日,変更認可,,ｵﾘﾌｧﾝﾄ ｳﾞｨｰｵｰｼｰ ･ｺﾛﾅｽ,オリファントヴィーオーシーコロナス,140mm 1,,,,500,,2026-05-01,https://www.mof.go.jp/policy/tab_salt/topics/20260427_kouriteikahenkou.pdf,6,高
32a523487d671be3,2026-04-27,令和8年4月27日,変更認可,,ｻﾋﾞﾈﾘ ･ｱﾛﾏ,サビネリアロマ,ﾄﾞｲﾂ,,,,3200,,2026-05-01,https://www.mof.go.jp/policy/tab_salt/topics/20260427_kouriteikahenkou.pdf,6,中
8e7a8355b3725f58,2026-04-27,令和8年4月27日,変更認可,,ｻﾋﾞﾈﾘ ･ｴｲｼﾞﾄﾞﾊﾞｰﾚﾌﾚｲｸ656,サビネリエイジドバーレフレイク656,100.0g,100,g,,3200,,2026-05-01,https://www.mof.go.jp/policy/tab_salt/topics/20260427_kouriteikahenkou.pdf,6,高
0d2c0ec4558029f0,2026-04-27,令和8年4月27日,変更認可,,ｻﾋﾞﾈﾘ ･ﾌﾞﾗｯｸｷｬﾍﾞﾝﾃﾞｨｯｼｭ,サビネリブラックキャベンディッシュ,100.0g,100,g,,3200,,2026-05-01,https://www.mof.go.jp/policy/tab_salt/topics/20260427_kouriteikahenkou.pdf,6,中
f17a0b0ad2065fdc,2026-04-27,令和8年4月27日,変更認可,,ｻﾋﾞﾈﾘ ･ﾚｵﾅﾙﾄﾞ,サビネリレオナルド,100.0g,100,g,,5400,,2026-05-01,https://www.mof.go.jp/policy/tab_salt/topics/20260427_kouriteikahenkou.pdf,6,高
daed9ee982b51881,2026-04-27,令和8年4月27日,変更認可,,ｻﾝﾃﾞｰｽﾞ･ﾍﾞｽﾄ=20 ･ｽｲｰﾄﾐｽﾃﾘｰ113,サンデーズベスト=20スイートミステリー113,50.0g,50,g,,3200,,2026-05-01,https://www.mof.go.jp/policy/tab_salt/topics/20260427_kouriteikahenkou.pdf,6,高
414457f2ffb52e13,2026-04-27,令和8年4月27日,変更認可,,ｿﾗｰﾆ ･ｳﾞｧｰｼﾞﾆｱﾌﾚｲｸ633,ソラーニヴァージニアフレイク633,50.0g,50,g,,3200,,2026-05-01,https://www.mof.go.jp/policy/tab_salt/topics/20260427_kouriteikahenkou.pdf,6,中
1005652b7275012a,2026-04-27,令和8年4月27日,変更認可,,ｿﾗｰﾆ ･ｸﾞﾘｰﾝ127,ソラーニグリーン127,50.0g,50,g,,3150,,2026-05-01,https://www.mof.go.jp/policy/tab_salt/topics/20260427_kouriteikahenkou.pdf,6,中
a4d38ca1ee56d9ec,2026-04-27,令和8年4月27日,変更認可,,ｿﾗｰﾆ ･ｺﾞｰﾙﾄﾞ779,ソラーニゴールド779,50.0g,50,g,,3200,,2026-05-01,https://www.mof.go.jp/policy/tab_salt/topics/20260427_kouriteikahenkou.pdf,6,中
abab9882d458eb4a,2026-04-27,令和8年4月27日,変更認可,,ｿﾗｰﾆ ･ﾚｯﾄﾞ131,ソラーニレッド131,50.0g,50,g,,3150,,2026-05-01,https://www.mof.go.jp/policy/tab_salt/topics/20260427_kouriteikahenkou.pdf,6,中
06327229ffc637e9,2026-04-27,令和8年4月27日,変更認可,,ﾀﾊﾞｶﾚﾗ ･ｴﾙｺﾝﾃﾞ,タバカレラエルコンデ,172mm 1,,,,520,,2026-05-01,https://www.mof.go.jp/policy/tab_salt/topics/20260427_kouriteikahenkou.pdf,6,高
3250ec22d7fdb76a,2026-04-27,令和8年4月27日,変更認可,,ﾀﾊﾞｶﾚﾗ ･ﾀﾞﾌﾞﾙｺﾛﾅｽ,タバカレラダブルコロナス,215mm 1,,,,930,,2026-05-01,https://www.mof.go.jp/policy/tab_salt/topics/20260427_kouriteikahenkou.pdf,6,高
5e111cb4d6d36966,2026-04-27,令和8年4月27日,変更認可,,ﾀﾊﾞｶﾚﾗ ･ﾊｰﾌｺﾛﾅｽ,タバカレラハーフコロナス,105mm 1,,,,330,,2026-05-01,https://www.mof.go.jp/policy/tab_salt/topics/20260427_kouriteikahenkou.pdf,6,高
79cb61dddd73256e,2026-04-27,令和8年4月27日,変更認可,,ﾀﾊﾞｶﾚﾗ ･ﾋﾟﾗﾐｯﾄﾞ,タバカレラピラミッド,160mm 1,,,,820,,2026-05-01,https://www.mof.go.jp/policy/tab_salt/topics/20260427_kouriteikahenkou.pdf,6,高
a2b1a466d52ac305,2026-04-27,令和8年4月27日,変更認可,,ﾀﾊﾞｶﾚﾗ ･ﾛﾌﾞｽﾄ,タバカレラロブスト,130mm 1,,,,650,,2026-05-01,https://www.mof.go.jp/policy/tab_salt/topics/20260427_kouriteikahenkou.pdf,6,高
2c5010032642b7de,2026-04-27,令和8年4月27日,変更認可,,ﾋﾟｭｱ,ピュア,,,,,3050,,2026-05-01,https://www.mof.go.jp/policy/tab_salt/topics/20260427_kouriteikahenkou.pdf,6,中
72dc0ba296541edc,2026-04-27,令和8年4月27日,変更認可,,ﾋﾟｭｱ ･ｵﾘｴﾝﾄ,ピュアオリエント,,,,,3050,,2026-05-01,https://www.mof.go.jp/policy/tab_salt/topics/20260427_kouriteikahenkou.pdf,6,高
798c1ea41dfba225,2026-04-27,令和8年4月27日,変更認可,,ﾋﾟｭｱ ･ｷｭｰﾊﾞ,ピュアキューバ,50.0g,50,g,,3050,,2026-05-01,https://www.mof.go.jp/policy/tab_salt/topics/20260427_kouriteikahenkou.pdf,6,中
62ff63df4762e529,2026-04-27,令和8年4月27日,変更認可,,ﾋﾟｭｱ ･ﾌﾞﾗｼﾞﾙ,ピュアブラジル,,,,,3050,,2026-05-01,https://www.mof.go.jp/policy/tab_salt/topics/20260427_kouriteikahenkou.pdf,6,中
377a9a8d8e640739,2026-04-27,令和8年4月27日,変更認可,,ﾋﾟｭｱ ･ﾗﾀｷｱ,ピュアラタキア,,,,,3150,,2026-05-01,https://www.mof.go.jp/policy/tab_salt/topics/20260427_kouriteikahenkou.pdf,6,高
f76d2de7d3d4a01f,2026-04-27,令和8年4月27日,変更認可,,ﾛﾊﾞｰﾄﾏｯｺｰﾈﾙ ･ｼｪｲｸｽﾋﾟｱ=50,ロバートマッコーネルシェイクスピア=50,50.0g,50,g,,3150,,2026-05-01,https://www.mof.go.jp/policy/tab_salt/topics/20260427_kouriteikahenkou.pdf,6,高
13e14478ee925d75,2026-04-27,令和8年4月27日,変更認可,,ﾛﾊﾞｰﾄﾏｯｺｰﾈﾙ ･ｽｺﾃｨｯｼｭﾌﾚｲｸ,ロバートマッコーネルスコティッシュフレイク,100.0g,100,g,,3200,,2026-05-01,https://www.mof.go.jp/policy/tab_salt/topics/20260427_kouriteikahenkou.pdf,6,高
eed8f947d014b719,2026-04-27,令和8年4月27日,変更認可,,ﾛﾊﾞｰﾄﾏｯｺｰﾈﾙ ･ﾚｯﾄﾞﾛｰｾﾞｽ,ロバートマッコーネルレッドローゼス,100.0g,100,g,,5200,,2026-05-01,https://www.mof.go.jp/policy/tab_salt/topics/20260427_kouriteikahenkou.pdf,6,高
06883f9af000aba8,2026-04-27,令和8年4月27日,変更認可,,ﾛﾊﾞｰﾄﾏｯｺｰﾈﾙ ･ﾚﾃﾞｨﾗﾌﾞﾄﾞ=50,ロバートマッコーネルレディラブド=50,100.0g,100,g,,3150,,2026-05-01,https://www.mof.go.jp/policy/tab_salt/topics/20260427_kouriteikahenkou.pdf,6,高
d1580a1efb942bb8,2026-04-27,令和8年4月27日,変更認可,,No.13 ｲﾀﾘｱﾝｽﾀｲﾙ ･ﾊﾞﾔｯﾂｫ,NO.13イタリアンスタイルバヤッツォ,108mm 50,,,,15500,,2026-05-01,https://www.mof.go.jp/policy/tab_salt/topics/20260427_kouriteikahenkou.pdf,7,高
63aae540881ba915,2026-04-27,令和8年4月27日,変更認可,,ｼﾞｬｰﾏｲﾝ ･1820,ジャーマイン1820,,,,,2800,,2026-05-01,https://www.mof.go.jp/policy/tab_salt/topics/20260427_kouriteikahenkou.pdf,7,中
6dbb798961d04f3d,2026-04-27,令和8年4月27日,変更認可,,ｼﾞｬｰﾏｲﾝ ･RJ ｵﾘｼﾞﾅﾙ ﾗﾀｷｱ ﾐｸｽﾁｬｰ,ジャーマインRJオリジナルラタキアミクスチャー,,,,,2800,,2026-05-01,https://www.mof.go.jp/policy/tab_salt/topics/20260427_kouriteikahenkou.pdf,7,中
0c041312bffef774,2026-04-27,令和8年4月27日,変更認可,,ｼﾞｬｰﾏｲﾝ ･RJ ｷｬﾍﾞﾝﾃﾞｨｯｼｭ=ﾊﾞｰｼﾞﾆｱ,ジャーマインRJキャベンディッシュ=バージニア,,,,,2800,,2026-05-01,https://www.mof.go.jp/policy/tab_salt/topics/20260427_kouriteikahenkou.pdf,7,中
7735bbd62aa77fd2,2026-04-27,令和8年4月27日,変更認可,,ｼﾞｬｰﾏｲﾝ ･RJ ﾍﾟﾘｸ ﾐｸｽﾁｬｰ,ジャーマインRJペリクミクスチャー,,,,,2800,,2026-05-01,https://www.mof.go.jp/policy/tab_salt/topics/20260427_kouriteikahenkou.pdf,7,中
cd50f616c90015fe,2026-04-27,令和8年4月27日,変更認可,,ｼﾞｬｰﾏｲﾝ ･ｷﾝｸﾞ ﾁｬｰﾙｽﾞ,ジャーマインキングチャールズ,,,,,2800,,2026-05-01,https://www.mof.go.jp/policy/tab_salt/topics/20260427_kouriteikahenkou.pdf,7,中
2f2d549d75ac0c80,2026-04-27,令和8年4月27日,変更認可,,ｼﾞｬｰﾏｲﾝ ･ｸﾗﾌﾞ ﾐｸｽﾁｬｰ,ジャーマインクラブミクスチャー,,,,,2800,,2026-05-01,https://www.mof.go.jp/policy/tab_salt/topics/20260427_kouriteikahenkou.pdf,7,中
a9892d26b56df282,2026-04-27,令和8年4月27日,変更認可,,ｼﾞｬｰﾏｲﾝ ･ｽﾍﾟｼｬﾙ･ﾗﾀｷｱ･ﾌﾚｲｸ,ジャーマインスペシャルラタキアフレイク,50.0g,50,g,,2800,,2026-05-01,https://www.mof.go.jp/policy/tab_salt/topics/20260427_kouriteikahenkou.pdf,7,中
dcffeec50fd051b2,2026-04-27,令和8年4月27日,変更認可,,ﾄﾞﾝﾌｧﾝ,ドンファン,,,,,860,,2026-05-01,https://www.mof.go.jp/policy/tab_salt/topics/20260427_kouriteikahenkou.pdf,7,中
a52f4f24464a6b76,2026-04-27,令和8年4月27日,変更認可,,ﾄﾞﾝﾌｧﾝ ･ｺﾛﾅ,ドンファンコロナ,140mm 1,,,,860,,2026-05-01,https://www.mof.go.jp/policy/tab_salt/topics/20260427_kouriteikahenkou.pdf,7,高
759e60164f7dc2d3,2026-04-27,令和8年4月27日,変更認可,,ﾄﾞﾝﾌｧﾝ ･ﾁｬｰﾁﾙ,ドンファンチャーチル,178mm 1,,,,1250,,2026-05-01,https://www.mof.go.jp/policy/tab_salt/topics/20260427_kouriteikahenkou.pdf,7,高
c4df168ac4944f19,2026-04-27,令和8年4月27日,変更認可,,ﾄﾞﾝﾌｧﾝ ･ﾊｰﾌｺﾛﾅ,ドンファンハーフコロナ,105mm 1,,,,580,,2026-05-01,https://www.mof.go.jp/policy/tab_salt/topics/20260427_kouriteikahenkou.pdf,7,高
063125e1a99423f8,2026-04-27,令和8年4月27日,変更認可,,ﾌｧｳｴﾝ ･ｱｳｴﾝﾗﾝﾄ,ファウエンアウエンラント,ﾄﾞｲﾂ,,,,3500,,2026-05-01,https://www.mof.go.jp/policy/tab_salt/topics/20260427_kouriteikahenkou.pdf,7,中
7d0a1f04b2cedcff,2026-04-27,令和8年4月27日,変更認可,,ﾌｧｳｴﾝ ･ｵｯｸｽﾌｫｰﾄﾞﾌﾞﾚﾝﾄﾞ,ファウエンオックスフォードブレンド,ﾄﾞｲﾂ,,,,3500,,2026-05-01,https://www.mof.go.jp/policy/tab_salt/topics/20260427_kouriteikahenkou.pdf,7,中
cce768064ba65fee,2026-04-27,令和8年4月27日,変更認可,,ﾌｧｳｴﾝ ･ﾓｰﾆﾝｸﾞｱｳｴﾝﾗﾝﾄ,ファウエンモーニングアウエンラント,ﾄﾞｲﾂ,,,,3500,,2026-05-01,https://www.mof.go.jp/policy/tab_salt/topics/20260427_kouriteikahenkou.pdf,7,高
3328b9b223e14f32,2026-04-27,令和8年4月27日,変更認可,,ﾌｧｳｴﾝ ･ﾘｯﾁ ﾀﾞｰｸﾌﾚｰｸ,ファウエンリッチダークフレーク,50.0g,50,g,,3500,,2026-05-01,https://www.mof.go.jp/policy/tab_salt/topics/20260427_kouriteikahenkou.pdf,7,中
82ec5f5198a42d94,2026-04-27,令和8年4月27日,変更認可,,ﾌﾞﾗｼﾞﾙ･ﾄﾙﾚﾘｴ ･ｴﾙﾄﾞﾗﾄﾞ,ブラジルトルレリエエルドラド,136mm 10,,,,2600,,2026-05-01,https://www.mof.go.jp/policy/tab_salt/topics/20260427_kouriteikahenkou.pdf,7,高
9ef3378db95b6e1e,2026-04-27,令和8年4月27日,変更認可,,ﾌﾞﾗｼﾞﾙ･ﾄﾙﾚﾘｴ ･ﾐﾆ,ブラジルトルレリエミニ,90mm 10,,,,2100,,2026-05-01,https://www.mof.go.jp/policy/tab_salt/topics/20260427_kouriteikahenkou.pdf,7,高
2cd1c09a06cad583,2026-04-17,令和8年4月17日,変更認可,,BONCHE BrownieClove,BONCHEBROWNIECLOVE,120.0g,120,g,,8800,,,https://www.mof.go.jp/policy/tab_salt/topics/20260417_kouriteika.pdf,1,高
e174a016ddfc0f68,2026-04-17,令和8年4月17日,変更認可,,BONCHE Cherry,BONCHECHERRY,120.0g,120,g,,8800,,,https://www.mof.go.jp/policy/tab_salt/topics/20260417_kouriteika.pdf,1,中
62cf6e14ab65b368,2026-04-17,令和8年4月17日,変更認可,,BONCHE Clover Club,BONCHECLOVERCLUB,120.0g,120,g,,8800,,,https://www.mof.go.jp/policy/tab_salt/topics/20260417_kouriteika.pdf,1,中
c7e78b6ed10860a8,2026-04-17,令和8年4月17日,変更認可,,BONCHE Coffee,BONCHECOFFEE,120.0g,120,g,,8800,,,https://www.mof.go.jp/policy/tab_salt/topics/20260417_kouriteika.pdf,1,中
7424e74fcab98d00,2026-04-17,令和8年4月17日,変更認可,,BONCHE Dark Chocolate,BONCHEDARKCHOCOLATE,120.0g,120,g,,8800,,,https://www.mof.go.jp/policy/tab_salt/topics/20260417_kouriteika.pdf,1,中
2c93f73cee629f80,2026-04-17,令和8年4月17日,変更認可,,BONCHE Lychee,BONCHELYCHEE,120.0g,120,g,,8800,,,https://www.mof.go.jp/policy/tab_salt/topics/20260417_kouriteika.pdf,1,中
fde619760b7d6d5a,2026-04-17,令和8年4月17日,変更認可,,BONCHE Mango,BONCHEMANGO,120.0g,120,g,,8800,,,https://www.mof.go.jp/policy/tab_salt/topics/20260417_kouriteika.pdf,1,中
f344a5fae1c10b93,2026-04-17,令和8年4月17日,変更認可,,BONCHE Olive,BONCHEOLIVE,120.0g,120,g,,8800,,,https://www.mof.go.jp/policy/tab_salt/topics/20260417_kouriteika.pdf,1,中
fc6a0edcec1c72b8,2026-04-17,令和8年4月17日,変更認可,,BONCHE Passion Fruit,BONCHEPASSIONFRUIT,120.0g,120,g,,8800,,,https://www.mof.go.jp/policy/tab_salt/topics/20260417_kouriteika.pdf,1,中
9548072b73970855,2026-04-17,令和8年4月17日,変更認可,,BONCHE Rum,BONCHERUM,120.0g,120,g,,8800,,,https://www.mof.go.jp/policy/tab_salt/topics/20260417_kouriteika.pdf,1,中
b56d86185d1cbefc,2026-04-17,令和8年4月17日,変更認可,,BONCHE Salami,BONCHESALAMI,120.0g,120,g,,8800,,,https://www.mof.go.jp/policy/tab_salt/topics/20260417_kouriteika.pdf,1,中
3c9149a5dc35f5a4,2026-04-17,令和8年4月17日,変更認可,,BONCHE Wild Strawberry,BONCHEWILDSTRAWBERRY,120.0g,120,g,,8800,,,https://www.mof.go.jp/policy/tab_salt/topics/20260417_kouriteika.pdf,1,中
f145e51dc55851e9,2026-04-17,令和8年4月17日,変更認可,,ｱｰｸﾛｰﾔﾙ･ｱｲｽﾏｯｸｽﾒﾝｿｰﾙ･ｼｬｸﾞ Base,アークローヤルアイスマックスメンソールシャグBASE,30.0gﾊﾟｳﾁ,30,g,,840,,,https://www.mof.go.jp/policy/tab_salt/topics/20260417_kouriteika.pdf,1,中
ad14f0d0450820a5,2026-04-17,令和8年4月17日,変更認可,,ｱｰｸﾛｰﾔﾙ･ｱｲｽﾏｯｸｽﾒﾝｿｰﾙ･ｼｬｸﾞ Basil,アークローヤルアイスマックスメンソールシャグBASIL,30.0gﾊﾟｳﾁ,30,g,,840,,,https://www.mof.go.jp/policy/tab_salt/topics/20260417_kouriteika.pdf,1,中
366fc237966d02e4,2026-04-17,令和8年4月17日,変更認可,,ｱｰｸﾛｰﾔﾙ･ｱｲｽﾏｯｸｽﾒﾝｿｰﾙ･ｼｬｸﾞ Caramel,アークローヤルアイスマックスメンソールシャグCARAMEL,30.0gﾊﾟｳﾁ,30,g,,840,,,https://www.mof.go.jp/policy/tab_salt/topics/20260417_kouriteika.pdf,1,中
3440ad0b2383afcf,2026-04-17,令和8年4月17日,変更認可,,ｱｰｸﾛｰﾔﾙ･ｱｲｽﾏｯｸｽﾒﾝｿｰﾙ･ｼｬｸﾞ Honey,アークローヤルアイスマックスメンソールシャグHONEY,30.0gﾊﾟｳﾁ,30,g,,840,,,https://www.mof.go.jp/policy/tab_salt/topics/20260417_kouriteika.pdf,1,中
31cba6637d50c058,2026-04-17,令和8年4月17日,変更認可,,ｱｰｸﾛｰﾔﾙ･ｱｲｽﾏｯｸｽﾒﾝｿｰﾙ･ｼｬｸﾞ Lavender,アークローヤルアイスマックスメンソールシャグLAVENDER,30.0gﾊﾟｳﾁ,30,g,,840,,,https://www.mof.go.jp/policy/tab_salt/topics/20260417_kouriteika.pdf,1,中
aa20be1e2cc21b06,2026-04-17,令和8年4月17日,変更認可,,ﾀﾞﾋﾞﾄﾞﾌ ﾌﾟｰﾛ ﾄﾞﾐﾆｶｰﾉ ｺﾛﾅ ﾗﾙｶﾞ,ダビドフプーロドミニカーノコロナラルガ,149mm 1,,,,7900,,,https://www.mof.go.jp/policy/tab_salt/topics/20260417_kouriteika.pdf,1,高
b2fd886eddd1dc53,2026-04-17,令和8年4月17日,変更認可,,ﾀﾞﾋﾞﾄﾞﾌ ﾌﾟｰﾛ ﾄﾞﾐﾆｶｰﾉ ｼｮｰﾄﾛﾌﾞｽﾄ,ダビドフプーロドミニカーノショートロブスト,115mm 1,,,,7000,,,https://www.mof.go.jp/policy/tab_salt/topics/20260417_kouriteika.pdf,1,高
0a127ea313a98c7e,2026-04-17,令和8年4月17日,変更認可,,ﾀﾞﾋﾞﾄﾞﾌ ﾌﾟｰﾛ ﾄﾞﾐﾆｶｰﾉ ﾊﾟｰﾌｪｸﾄ,ダビドフプーロドミニカーノパーフェクト,140mm 1,,,,8500,,,https://www.mof.go.jp/policy/tab_salt/topics/20260417_kouriteika.pdf,1,高
2cd263a8bb9f0f73,2026-04-17,令和8年4月17日,変更認可,,ﾌﾞﾗｯｸｼﾞｬｯｸ･ｽﾊﾟｻﾜ･ﾌﾞﾙｰﾍﾞﾘｰ5 Gimlet,ブラックジャックスパサワブルーベリー5GIMLET,ﾊｰﾄﾞﾊﾟｯｸFK 20,,,,500,,,https://www.mof.go.jp/policy/tab_salt/topics/20260417_kouriteika.pdf,1,中
71ebe31d00fd1114,2026-04-17,令和8年4月17日,変更認可,,ﾌﾞﾗｯｸｼﾞｬｯｸ･ｽﾊﾟｻﾜ･ﾌﾞﾙｰﾍﾞﾘｰ5 Happy New Year,ブラックジャックスパサワブルーベリー5HAPPYNEWYEAR,ﾊｰﾄﾞﾊﾟｯｸFK 20,,,,500,,,https://www.mof.go.jp/policy/tab_salt/topics/20260417_kouriteika.pdf,1,中
1a19388c0c1e5d64,2026-04-17,令和8年4月17日,変更認可,,ﾌﾞﾗｯｸｼﾞｬｯｸ･ｽﾊﾟｻﾜ･ﾌﾞﾙｰﾍﾞﾘｰ5 Irga,ブラックジャックスパサワブルーベリー5IRGA,ﾊｰﾄﾞﾊﾟｯｸFK 20,,,,500,,,https://www.mof.go.jp/policy/tab_salt/topics/20260417_kouriteika.pdf,1,中
ec9f1ef064695a59,2026-04-17,令和8年4月17日,変更認可,,ﾌﾞﾗｯｸｼﾞｬｯｸ･ｽﾊﾟｻﾜ･ﾌﾞﾙｰﾍﾞﾘｰ5 Kiwi,ブラックジャックスパサワブルーベリー5KIWI,ﾊｰﾄﾞﾊﾟｯｸFK 20,,,,500,,,https://www.mof.go.jp/policy/tab_salt/topics/20260417_kouriteika.pdf,1,中
64587e2976ed9857,2026-04-17,令和8年4月17日,変更認可,,ﾌﾞﾗｯｸｼﾞｬｯｸ･ｽﾊﾟｻﾜ･ﾌﾞﾙｰﾍﾞﾘｰ5 Singapore Sling,ブラックジャックスパサワブルーベリー5SINGAPORESLING,ﾊｰﾄﾞﾊﾟｯｸFK 20,,,,500,,,https://www.mof.go.jp/policy/tab_salt/topics/20260417_kouriteika.pdf,1,中
f7ad987751afe760,2026-04-17,令和8年4月17日,変更認可,,ﾌﾞﾗｯｸｼﾞｬｯｸ･ｽﾊﾟｻﾜ･ﾌﾞﾙｰﾍﾞﾘｰ5 Vanilla,ブラックジャックスパサワブルーベリー5VANILLA,ﾊｰﾄﾞﾊﾟｯｸFK 20,,,,500,,,https://www.mof.go.jp/policy/tab_salt/topics/20260417_kouriteika.pdf,1,中
0e3d32d3e5e2f1ba,2026-04-15,令和8年4月15日,変更認可,,ALISHAN FANCY AROMA HAMI MELON BLAST SLIM,ALISHANFANCYAROMAHAMIMELONBLASTSLIM,FSK97mm 20 ﾊｰﾄﾞﾊﾟｯｸ,,,,600,,,https://www.mof.go.jp/policy/tab_salt/topics/20260415_kouriteika.pdf,1,高
5454c9920f21f8e7,2026-04-15,令和8年4月15日,変更認可,,ALISHAN FANCY AROMA ORANGE BLAST SLIM,ALISHANFANCYAROMAORANGEBLASTSLIM,FSK97mm 20 ﾊｰﾄﾞﾊﾟｯｸ,,,,600,,,https://www.mof.go.jp/policy/tab_salt/topics/20260415_kouriteika.pdf,1,高
567cc6cf11875d14,2026-04-15,令和8年4月15日,変更認可,,ALISHAN MUSE 5 MENTHOL HONEY PEACH SLIM,ALISHANMUSE5MENTHOLHONEYPEACHSLIM,FSK97mm 20 ﾊｰﾄﾞﾊﾟｯｸ,,,,580,,,https://www.mof.go.jp/policy/tab_salt/topics/20260415_kouriteika.pdf,1,高
fdf7d3474a7ff02c,2026-04-10,令和8年4月10日,変更認可,,ｾﾝﾃｨｱ･ｺﾊﾞﾙﾄ･ﾌﾞﾙｰ,センティアコバルトブルー,ﾊｰﾄﾞﾊﾟｯｸ,,,,570,,,https://www.mof.go.jp/policy/tab_salt/topics/20260410_kouriteika.pdf,1,高
c4840244994ecbe2,2026-03-30,令和8年3月30日,変更認可,,AJF ﾆｭｰﾜｰﾙﾄﾞ ｵｽｸｰﾛ ﾍﾟﾃｨｺﾛﾅ,AJFニューワールドオスクーロペティコロナ,102mm 1,,,,1200,,,https://www.mof.go.jp/policy/tab_salt/topics/20260330_kouriteika.pdf,1,高
17cc9f1a87979f7a,2026-03-30,令和8年3月30日,変更認可,,Diplom£ticos Leal ER2021 CU,DIPLOM£TICOSLEALER2021CU,140mm 1,,,,16000,,,https://www.mof.go.jp/policy/tab_salt/topics/20260330_kouriteika.pdf,1,高
d7c80be402788397,2026-03-30,令和8年3月30日,変更認可,,ETB ﾚﾃﾞﾝﾌﾟｼｮﾝ ｻﾝｸﾞﾛｳﾝ ﾄﾛ,ETBレデンプションサングロウントロ,152mm 1,,,,2900,,,https://www.mof.go.jp/policy/tab_salt/topics/20260330_kouriteika.pdf,1,高
1159c20b18f54ab4,2026-03-30,令和8年3月30日,変更認可,,La Union,LAUNION,184mm 1,,,,15000,,,https://www.mof.go.jp/policy/tab_salt/topics/20260330_kouriteika.pdf,1,高
253752aaae8bbc30,2026-03-30,令和8年3月30日,変更認可,,Montecristo Carmen,MONTECRISTOCARMEN,180mm 1,,,,50000,,,https://www.mof.go.jp/policy/tab_salt/topics/20260330_kouriteika.pdf,1,高
ddec32d42ce22504,2026-03-30,令和8年3月30日,変更認可,,ｴﾙ ﾌﾟﾙﾎﾟ,エルプルポ,178mm 1,,,,3300,,,https://www.mof.go.jp/policy/tab_salt/topics/20260330_kouriteika.pdf,1,中
05d51fa187c5b618,2026-03-30,令和8年3月30日,変更認可,,ｼﾞｮｰｶｰ ･20,ジョーカー20,F120mm20,,,,630,,,https://www.mof.go.jp/policy/tab_salt/topics/20260330_kouriteika.pdf,1,高
1e6620e1588fabc4,2026-03-30,令和8年3月30日,変更認可,,ﾋﾞﾊﾞ･ﾗ･ｳﾞｨｰﾀﾞ,ビバラヴィーダ,127mm 1,,,,3200,,,https://www.mof.go.jp/policy/tab_salt/topics/20260330_kouriteika.pdf,1,中
5cc386c6d78fc8c5,2026-03-30,令和8年3月30日,変更認可,,ﾌﾞﾗｯｸﾃﾞﾋﾞﾙ ﾁｪ,ブラックデビルチェ,･ﾌﾞﾗｯｸﾒﾝｿｰﾙ,,,ﾙｸｾﾝﾌﾞﾙｸ,570,550,2026-06-01,https://www.mof.go.jp/policy/tab_salt/topics/20260330_kouriteikahenkou.pdf,1,高
12c8ca37495265d0,2026-03-30,令和8年3月30日,変更認可,,ﾌﾞﾗｯｸﾃﾞﾋﾞﾙ ﾁｪ,ブラックデビルチェ,･ｼｬｸﾞ･ｼﾙﾊﾞｰ,,,,700,680,2026-06-01,https://www.mof.go.jp/policy/tab_salt/topics/20260330_kouriteikahenkou.pdf,1,高
5d033301a737b7ad,2026-03-30,令和8年3月30日,変更認可,,ﾌﾞﾗｯｸﾃﾞﾋﾞﾙ ﾁｪ,ブラックデビルチェ,･ｼｬｸﾞ100g,100,g,ﾙｸｾﾝﾌﾞﾙｸ,2730,2650,2026-06-01,https://www.mof.go.jp/policy/tab_salt/topics/20260330_kouriteikahenkou.pdf,1,高
9b393fad7ec3a286,2026-03-24,令和8年3月24日,変更認可,かぎたばこ,ﾍﾞﾛ ･ｱｲｼｰ･ﾍﾞﾘｰｽﾞ･ｲﾝﾃﾝｽ,ベロアイシーベリーズインテンス,15個缶,15,個,ﾊﾟｷｽﾀﾝ,360,,,https://www.mof.go.jp/policy/tab_salt/topics/20260324_kouriteika.pdf,1,中
9a6cf66f8bdc3ad7,2026-03-24,令和8年3月24日,変更認可,かぎたばこ,ﾍﾞﾛ ･ｱｲｼｰ･ﾍﾞﾘｰｽﾞ･ｴｯｸｽ･ｲﾝﾃﾝｽ,ベロアイシーベリーズエックスインテンス,15個缶,15,個,ﾊﾟｷｽﾀﾝ,360,,,https://www.mof.go.jp/policy/tab_salt/topics/20260324_kouriteika.pdf,1,中
d3f921a9843517d9,2026-03-24,令和8年3月24日,変更認可,,ﾗｯｷｰ･ｽﾄﾗｲｸ･ﾌﾞﾗｯｸ･ｼﾘｰｽﾞ ･ﾁﾙﾍﾞﾘｰ･1･100 FSK 20 ﾊｰﾄﾞﾊﾟｯｸ ｱﾒﾘｶ,ラッキーストライクブラックシリーズチルベリー1100FSK20ハードパックアメリカ,,,,,450,470,2026-05-01,https://www.mof.go.jp/policy/tab_salt/topics/20260324_kouriteikahenkou.pdf,1,中
fa9657fa82fb19dd,2026-03-24,令和8年3月24日,変更認可,,ﾗｯｷｰ･ｽﾄﾗｲｸ･ﾌﾞﾗｯｸ･ｼﾘｰｽﾞ ･ﾁﾙﾍﾞﾘｰ･5,ラッキーストライクブラックシリーズチルベリー5,,,,,450,470,2026-05-01,https://www.mof.go.jp/policy/tab_salt/topics/20260324_kouriteikahenkou.pdf,1,中
270bb796ee87e0fe,2026-03-24,令和8年3月24日,変更認可,,ﾗｯｷｰ･ｽﾄﾗｲｸ･ﾌﾞﾗｯｸ･ｼﾘｰｽﾞ ･ﾁﾙﾍﾞﾘｰ･8 ﾊｰﾄﾞﾊﾟｯｸFK 20 ｱﾒﾘｶ ｲﾝﾄﾞﾈｼｱ,ラッキーストライクブラックシリーズチルベリー8ハードパックFK20アメリカインドネシア,,,,,450,470,2026-05-01,https://www.mof.go.jp/policy/tab_salt/topics/20260324_kouriteikahenkou.pdf,1,高
8b8b0984006b52dd,2026-03-24,令和8年3月24日,変更認可,,ﾗｯｷｰ･ｽﾄﾗｲｸ･ﾌﾞﾗｯｸ･ｼﾘｰｽﾞ ･ﾒﾝｿｰﾙ･5,ラッキーストライクブラックシリーズメンソール5,,,,,450,470,2026-05-01,https://www.mof.go.jp/policy/tab_salt/topics/20260324_kouriteikahenkou.pdf,1,中
7cf7f04a97451e60,2026-03-24,令和8年3月24日,変更認可,,ﾗｯｷｰ･ｽﾄﾗｲｸ･ﾌﾞﾗｯｸ･ｼﾘｰｽﾞ ･ﾒﾝｿｰﾙ･8,ラッキーストライクブラックシリーズメンソール8,,,,,450,470,2026-05-01,https://www.mof.go.jp/policy/tab_salt/topics/20260324_kouriteikahenkou.pdf,1,中
1be93d06a9e467e1,2026-03-19,令和8年3月19日,変更認可,,ｹﾄﾞﾙｾ･ｴｽﾍﾟｼｬﾙ ﾄﾞﾙｾ,ケドルセエスペシャルドルセ,153mm 1,,,ｷｭｰﾊﾞ,15400,,,https://www.mof.go.jp/policy/tab_salt/topics/20260319_kouriteika.pdf,1,高
2767c447f4eaa982,2026-03-19,令和8年3月19日,変更認可,,ｻﾝﾙｲﾚｲ･THE A RE 2025,サンルイレイTHEARE2025,143mm 1,,,ｷｭｰﾊﾞ,9900,,,https://www.mof.go.jp/policy/tab_salt/topics/20260319_kouriteika.pdf,1,高
07490c4bedb1d96e,2026-03-19,令和8年3月19日,変更認可,,ﾎﾖｰ･ﾃﾞ･ﾓﾝﾄﾚｰ･ﾃﾞｽﾃｨﾉｽ TR,ホヨーデモントレーデスティノスTR,145mm 1,,,ｷｭｰﾊﾞ,11990,,,https://www.mof.go.jp/policy/tab_salt/topics/20260319_kouriteika.pdf,1,高
daf937eb54406c0e,2026-03-19,令和8年3月19日,変更認可,,ﾎﾞﾘﾊﾞｰ･ﾊﾏｷ RE 2025,ボリバーハマキRE2025,155mm 1,,,,14300,,,https://www.mof.go.jp/policy/tab_salt/topics/20260319_kouriteika.pdf,1,高
2b212e5e6ef8cda9,2026-03-19,令和8年3月19日,変更認可,,ｸﾗﾌﾞﾏｽﾀｰ･ﾐﾆ･ｽｰﾍﾟﾘｱ ｸﾗﾌﾞﾏｽﾀｰ･ﾐﾆ H.O.T. ･ｺﾞｰﾙﾄﾞ,クラブマスターミニスーペリアクラブマスターミニH.O.T.ゴールド,1.0g1,1,g,"1,200 =1,400",560,520,2026-04-01,https://www.mof.go.jp/policy/tab_salt/topics/20260319_kouriteikahenkou.pdf,1,中
78f5072aff0b4f0a,2026-03-19,令和8年3月19日,変更認可,,ｸﾗﾌﾞﾏｽﾀｰ･ﾐﾆ･ｽｰﾍﾟﾘｱ ｸﾗﾌﾞﾏｽﾀｰ･ﾐﾆ H.O.T. ･ｼﾙﾊﾞｰ,クラブマスターミニスーペリアクラブマスターミニH.O.T.シルバー,1.0g1,1,g,"1,200 =1,400",560,520,2026-04-01,https://www.mof.go.jp/policy/tab_salt/topics/20260319_kouriteikahenkou.pdf,1,中
fdd4d389e8d9207e,2026-03-19,令和8年3月19日,変更認可,,ｸﾗﾌﾞﾏｽﾀｰ･ﾐﾆ･ｽｰﾍﾟﾘｱ ｸﾗﾌﾞﾏｽﾀｰ･ﾐﾆ H.O.T. ﾌﾞﾙｰ,クラブマスターミニスーペリアクラブマスターミニH.O.T.ブルー,1.0g1,1,g,"1,200 =1,400",560,520,2026-04-01,https://www.mof.go.jp/policy/tab_salt/topics/20260319_kouriteikahenkou.pdf,1,高
c669b2a3be1c3a45,2026-03-19,令和8年3月19日,変更認可,,ｸﾗﾌﾞﾏｽﾀｰ･ﾐﾆ･ｽｰﾍﾟﾘｱ ｸﾗﾌﾞﾏｽﾀｰ･ﾐﾆ H.O.T. ﾒﾝｿｰﾙ,クラブマスターミニスーペリアクラブマスターミニH.O.T.メンソール,1.0g1,1,g,"1,200 =1,400",560,520,2026-04-01,https://www.mof.go.jp/policy/tab_salt/topics/20260319_kouriteikahenkou.pdf,1,中
50f453fa9060182c,2026-03-19,令和8年3月19日,変更認可,,ｸﾗﾌﾞﾏｽﾀｰ･ﾐﾆ･ｽｰﾍﾟﾘｱ ｸﾗﾌﾞﾏｽﾀｰ･ﾐﾆ H.O.T. ﾚｯﾄﾞ,クラブマスターミニスーペリアクラブマスターミニH.O.T.レッド,1.0g1,1,g,"1,200 =1,400",560,520,2026-04-01,https://www.mof.go.jp/policy/tab_salt/topics/20260319_kouriteikahenkou.pdf,1,中
be5b37c210a5718d,2026-03-19,令和8年3月19日,変更認可,,ｸﾗﾌﾞﾏｽﾀｰ･ﾐﾆ･ｽｰﾍﾟﾘｱ ｸﾗﾌﾞﾏｽﾀｰ･ﾐﾆ ﾁｬｽﾞ ･ｼｶﾞﾘﾛ,クラブマスターミニスーペリアクラブマスターミニチャズシガリロ,100mm 20,,,"1,800 =2,000",1150,980,2026-04-01,https://www.mof.go.jp/policy/tab_salt/topics/20260319_kouriteikahenkou.pdf,1,中
dfd95e2472300919,2026-03-19,令和8年3月19日,変更認可,,ｸﾗﾌﾞﾏｽﾀｰ･ﾐﾆ･ｽｰﾍﾟﾘｱ ｸﾗﾌﾞﾏｽﾀｰ･ﾐﾆ ﾁｬｽﾞ ･ｼｶﾞﾛｽ,クラブマスターミニスーペリアクラブマスターミニチャズシガロス,105mm 5,,,"1,200 =1,400",930,750,2026-04-01,https://www.mof.go.jp/policy/tab_salt/topics/20260319_kouriteikahenkou.pdf,1,高
b478ade2a9fa888b,2026-03-19,令和8年3月19日,変更認可,,ｸﾗﾌﾞﾏｽﾀｰ･ﾐﾆ･ｽｰﾍﾟﾘｱ ｸﾗﾌﾞﾏｽﾀｰ･ﾐﾆ ﾁｬｽﾞ ･ｼｶﾞﾛｽ･ｺﾙﾄｽ,クラブマスターミニスーペリアクラブマスターミニチャズシガロスコルトス,75mm 10,,,"1,200 =1,400",930,750,2026-04-01,https://www.mof.go.jp/policy/tab_salt/topics/20260319_kouriteikahenkou.pdf,1,中
5486fcb5d946bf16,2026-03-19,令和8年3月19日,変更認可,,ｸﾗﾌﾞﾏｽﾀｰ･ﾐﾆ･ｽｰﾍﾟﾘｱ ｸﾗﾌﾞﾏｽﾀｰ･ﾐﾆ ﾁｬｽﾞ ･ｽﾏﾄﾗ,クラブマスターミニスーペリアクラブマスターミニチャズスマトラ,67mm 20,,,"1,800 =2,000",1050,920,2026-04-01,https://www.mof.go.jp/policy/tab_salt/topics/20260319_kouriteikahenkou.pdf,1,高
fcf83eb64c713b07,2026-03-19,令和8年3月19日,変更認可,,ｸﾗﾌﾞﾏｽﾀｰ･ﾐﾆ･ｽｰﾍﾟﾘｱ ｸﾗﾌﾞﾏｽﾀｰ･ﾐﾆ ﾁｬｽﾞ ･ﾁｮｺﾚｰﾄ,クラブマスターミニスーペリアクラブマスターミニチャズチョコレート,67mm 20,,,"1,800 =2,000",1050,920,2026-04-01,https://www.mof.go.jp/policy/tab_salt/topics/20260319_kouriteikahenkou.pdf,1,中
c0efa4d55eb31d6e,2026-03-19,令和8年3月19日,変更認可,,ｸﾗﾌﾞﾏｽﾀｰ･ﾐﾆ･ｽｰﾍﾟﾘｱ ｸﾗﾌﾞﾏｽﾀｰ･ﾐﾆ ﾁｬｽﾞ ･ﾊﾞﾆﾗ,クラブマスターミニスーペリアクラブマスターミニチャズバニラ,,,,"1,800 =2,000",1050,920,2026-04-01,https://www.mof.go.jp/policy/tab_salt/topics/20260319_kouriteikahenkou.pdf,1,中
7da8602667d7f05c,2026-03-19,令和8年3月19日,変更認可,,ｸﾗﾌﾞﾏｽﾀｰ･ﾐﾆ･ｽｰﾍﾟﾘｱ ｸﾗﾌﾞﾏｽﾀｰ･ﾐﾆ ﾁｬｽﾞ ･ﾊﾞﾆﾗ･ﾌｨﾙﾀｰ,クラブマスターミニスーペリアクラブマスターミニチャズバニラフィルター,70mm 20,,,"1,800 =2,000",1150,980,2026-04-01,https://www.mof.go.jp/policy/tab_salt/topics/20260319_kouriteikahenkou.pdf,1,高
bb0fe679ce7977f7,2026-03-19,令和8年3月19日,変更認可,,ｸﾗﾌﾞﾏｽﾀｰ･ﾐﾆ･ｽｰﾍﾟﾘｱ ｸﾗﾌﾞﾏｽﾀｰ･ﾐﾆ ﾁｬｽﾞ ･ﾌﾞﾗｼﾞﾙ,クラブマスターミニスーペリアクラブマスターミニチャズブラジル,67mm 20,,,"1,800 =2,000",1050,920,2026-04-01,https://www.mof.go.jp/policy/tab_salt/topics/20260319_kouriteikahenkou.pdf,1,中
4bcbd6efa0c5c756,2026-03-19,令和8年3月19日,変更認可,,ｸﾗﾌﾞﾏｽﾀｰ･ﾐﾆ･ｽｰﾍﾟﾘｱ ｸﾗﾌﾞﾏｽﾀｰ･ﾐﾆ ﾁｬｽﾞ ･ﾌﾞﾗｯｸ,クラブマスターミニスーペリアクラブマスターミニチャズブラック,105mm 5,,,"1,200 =1,400",930,750,2026-04-01,https://www.mof.go.jp/policy/tab_salt/topics/20260319_kouriteikahenkou.pdf,1,中
91a07337034f92c6,2026-03-19,令和8年3月19日,変更認可,,ｸﾗﾌﾞﾏｽﾀｰ･ﾐﾆ･ｽｰﾍﾟﾘｱ ｸﾗﾌﾞﾏｽﾀｰ･ﾐﾆ ﾁｬｽﾞ ･ﾌﾞﾙｰ,クラブマスターミニスーペリアクラブマスターミニチャズブルー,ﾄﾞｲﾂ,,,"1,800 =2,000",1150,980,2026-04-01,https://www.mof.go.jp/policy/tab_salt/topics/20260319_kouriteikahenkou.pdf,1,中
850ffbdd135abc45,2026-03-19,令和8年3月19日,変更認可,,ｸﾗﾌﾞﾏｽﾀｰ･ﾐﾆ･ｽｰﾍﾟﾘｱ ｸﾗﾌﾞﾏｽﾀｰ･ﾐﾆ ﾁｬｽﾞ ･ﾎﾜｲﾄ･ﾌｨﾙﾀｰ,クラブマスターミニスーペリアクラブマスターミニチャズホワイトフィルター,100mm 20,,,"1,800 =2,000",1150,980,2026-04-01,https://www.mof.go.jp/policy/tab_salt/topics/20260319_kouriteikahenkou.pdf,1,中
841bcd8669c0b146,2026-03-19,令和8年3月19日,変更認可,,ｸﾗﾌﾞﾏｽﾀｰ･ﾐﾆ･ｽｰﾍﾟﾘｱ ｸﾗﾌﾞﾏｽﾀｰ･ﾐﾆ ﾌﾗﾝﾄﾞﾘｱ ･ｵﾘｼﾞﾅﾙ,クラブマスターミニスーペリアクラブマスターミニフランドリアオリジナル,25.0gﾊﾟｳﾁ,25,g,"1,200 =1,400",760,720,2026-04-01,https://www.mof.go.jp/policy/tab_salt/topics/20260319_kouriteikahenkou.pdf,1,中
02264a1d1d1233b8,2026-03-19,令和8年3月19日,変更認可,,ｸﾗﾌﾞﾏｽﾀｰ･ﾐﾆ･ｽｰﾍﾟﾘｱ ｸﾗﾌﾞﾏｽﾀｰ･ﾐﾆ ﾌﾗﾝﾄﾞﾘｱ ･ｽﾊﾟﾆｯｼｭﾊﾞｰｼﾞﾆｱ,クラブマスターミニスーペリアクラブマスターミニフランドリアスパニッシュバージニア,25.0gﾊﾟｳﾁ,25,g,"1,200 =1,400",760,720,2026-04-01,https://www.mof.go.jp/policy/tab_salt/topics/20260319_kouriteikahenkou.pdf,1,中
f9e1b8dbd4057bee,2026-03-19,令和8年3月19日,変更認可,,ｸﾗﾌﾞﾏｽﾀｰ･ﾐﾆ･ｽｰﾍﾟﾘｱ ｸﾗﾌﾞﾏｽﾀｰ･ﾐﾆ ﾌﾗﾝﾄﾞﾘｱ ･ﾅﾁｭﾗﾙ,クラブマスターミニスーペリアクラブマスターミニフランドリアナチュラル,25.0gﾊﾟｳﾁ,25,g,"1,200 =1,400",760,720,2026-04-01,https://www.mof.go.jp/policy/tab_salt/topics/20260319_kouriteikahenkou.pdf,1,中
c93449e9686ec9e6,2026-03-19,令和8年3月19日,変更認可,,ｸﾗﾌﾞﾏｽﾀｰ･ﾐﾆ･ｽｰﾍﾟﾘｱ ｸﾗﾌﾞﾏｽﾀｰ･ﾐﾆ ﾌﾗﾝﾄﾞﾘｱ ･ﾊﾞｰｼﾞﾆｱ,クラブマスターミニスーペリアクラブマスターミニフランドリアバージニア,25.0gﾊﾟｳﾁ,25,g,"1,200 =1,400",760,720,2026-04-01,https://www.mof.go.jp/policy/tab_salt/topics/20260319_kouriteikahenkou.pdf,1,高
c036f1f5269f2a3f,2026-03-19,令和8年3月19日,変更認可,,ｸﾗﾌﾞﾏｽﾀｰ･ﾐﾆ･ｽｰﾍﾟﾘｱ ｸﾗﾌﾞﾏｽﾀｰ･ﾐﾆ ﾌﾗﾝﾄﾞﾘｱ ･ﾊﾞﾆﾗ,クラブマスターミニスーペリアクラブマスターミニフランドリアバニラ,25.0gﾊﾟｳﾁ,25,g,"1,200 =1,400",760,720,2026-04-01,https://www.mof.go.jp/policy/tab_salt/topics/20260319_kouriteikahenkou.pdf,1,中
a3549779d7bd96c6,2026-03-18,令和8年3月18日,変更認可,,ﾗｯｷｰｽﾞ･10･ﾎﾞｯｸｽ,ラッキーズ10ボックス,,,,,450,,,https://www.mof.go.jp/policy/tab_salt/topics/20260318_kouriteika.pdf,1,中
946bfcd12c765864,2026-03-18,令和8年3月18日,変更認可,,ﾗｯｷｰｽﾞ･10･ﾎﾞｯｸｽ ﾊｰﾄﾞﾊﾟｯｸFK 20 ｲﾝﾄﾞﾈｼｱ,ラッキーズ10ボックスハードパックFK20インドネシア,,,,,450,,,https://www.mof.go.jp/policy/tab_salt/topics/20260318_kouriteika.pdf,1,高
85760b3107954db1,2026-03-18,令和8年3月18日,変更認可,,ﾗｯｷｰｽﾞ･6･ﾎﾞｯｸｽ ﾊｰﾄﾞﾊﾟｯｸFK 20 ｲﾝﾄﾞﾈｼｱ,ラッキーズ6ボックスハードパックFK20インドネシア,,,,,450,,,https://www.mof.go.jp/policy/tab_salt/topics/20260318_kouriteika.pdf,1,高
3218e2ea958740c9,2026-03-13,令和8年3月13日,変更認可,,DARKSIDE BLOODY ORANGE,DARKSIDEBLOODYORANGE,30.0g,30,g,,1500,,,https://www.mof.go.jp/policy/tab_salt/topics/20260313_kouriteika.pdf,1,高
3a7adb592a82f012,2026-03-13,令和8年3月13日,変更認可,,DARKSIDE BLOODY ORANGE,DARKSIDEBLOODYORANGE,100.0g,100,g,,4400,,,https://www.mof.go.jp/policy/tab_salt/topics/20260313_kouriteika.pdf,1,高
6f795d652811adb5,2026-03-13,令和8年3月13日,変更認可,,ｱﾙﾄｳｰﾛ ﾌｴﾝﾃ ｸﾊﾞﾆﾄｽ ﾏﾃﾞｭｰﾛ,アルトウーロフエンテクバニトスマデューロ,115mm 1,,,,700,,,https://www.mof.go.jp/policy/tab_salt/topics/20260313_kouriteika.pdf,1,高
2e3deb51a0162d93,2026-03-13,令和8年3月13日,変更認可,,ｱﾙﾄｳｰﾛ ﾌｴﾝﾃ ｸﾞﾗﾝﾚｾﾞﾙﾊﾞ 8-5-8 ｸﾗﾛ,アルトウーロフエンテグランレゼルバ8-5-8クラロ,152mm 1,,,,2500,,,https://www.mof.go.jp/policy/tab_salt/topics/20260313_kouriteika.pdf,1,高
3eb8b6e5b797ba66,2026-03-13,令和8年3月13日,変更認可,,ｱﾙﾄｳｰﾛ ﾌｴﾝﾃ ﾚｱﾋﾟﾝｸ ｳﾞｨﾝﾃｰｼﾞ 1960=sｼﾘｰｽﾞ ｼｸﾞﾈﾁｬｰ,アルトウーロフエンテレアピンクヴィンテージ1960=Sシリーズシグネチャー,152mm 1,,,,4000,,,https://www.mof.go.jp/policy/tab_salt/topics/20260313_kouriteika.pdf,1,高
f4ee80b41abc2206,2026-03-13,令和8年3月13日,変更認可,,ｱﾙﾄｳｰﾛ ﾌｴﾝﾃ ﾚｱﾋﾟﾝｸ ｳﾞｨﾝﾃｰｼﾞ 1960=sｼﾘｰｽﾞ ｼｮｰﾄｽﾄｰﾘｰ,アルトウーロフエンテレアピンクヴィンテージ1960=Sシリーズショートストーリー,102mm 1,,,,3000,,,https://www.mof.go.jp/policy/tab_salt/topics/20260313_kouriteika.pdf,1,高
f072fab89c21319a,2026-03-13,令和8年3月13日,変更認可,,ｱﾙﾄｳｰﾛ ﾌｴﾝﾃ ﾚｱﾋﾟﾝｸ ｳﾞｨﾝﾃｰｼﾞ 1960=sｼﾘｰｽﾞ ﾊｯﾋﾟｰｴﾝﾃﾞｨﾝｸﾞ,アルトウーロフエンテレアピンクヴィンテージ1960=Sシリーズハッピーエンディング,152mm 1,,,,4700,,,https://www.mof.go.jp/policy/tab_salt/topics/20260313_kouriteika.pdf,1,高
38e94c8da0f36893,2026-03-13,令和8年3月13日,変更認可,,ｱﾙﾄｳｰﾛ ﾌｴﾝﾃ ﾚｱﾋﾟﾝｸ ｳﾞｨﾝﾃｰｼﾞ 1960=sｼﾘｰｽﾞ ﾜｰｸ ｵﾌﾞ ｱｰﾄ,アルトウーロフエンテレアピンクヴィンテージ1960=Sシリーズワークオブアート,124mm 1,,,,4400,,,https://www.mof.go.jp/policy/tab_salt/topics/20260313_kouriteika.pdf,1,高
cf41447f04b9aecc,2026-03-13,令和8年3月13日,変更認可,,ｼｶﾞﾛｰﾈ･ﾚｼﾞｪﾝﾄﾞ,シガローネレジェンド,F117mm 20 ﾎﾞｯｸｽ,,,,1500,,,https://www.mof.go.jp/policy/tab_salt/topics/20260313_kouriteika.pdf,1,高
1eea72d7c68824b8,2026-03-06,令和8年3月6日,変更認可,,ｱｳﾞｫ ｸﾗｼｯｸ ﾌﾟﾘﾄｽ,アヴォクラシックプリトス,102mm 1,,,,700,600,2026-03-10,https://www.mof.go.jp/policy/tab_salt/topics/20260306_kouriteikahenkou.pdf,1,高
0c494bf4ca5cfc49,2026-03-06,令和8年3月6日,変更認可,,ｱｳﾞｫ ｼﾝｸﾛ ﾆｶﾗｸﾞｱ ﾌｫｶﾞｯﾀ ｽﾍﾟｼｬﾙ,アヴォシンクロニカラグアフォガッタスペシャル,152mm 1,,,,4100,3600,2026-03-10,https://www.mof.go.jp/policy/tab_salt/topics/20260306_kouriteikahenkou.pdf,1,中
84c751eae0ad2460,2026-03-06,令和8年3月6日,変更認可,,ｱｳﾞｫ ｼﾝｸﾛ ﾆｶﾗｸﾞｱ ﾌｫｶﾞｯﾀ ﾄﾛ,アヴォシンクロニカラグアフォガッタトロ,152mm 1,,,,3700,3200,2026-03-10,https://www.mof.go.jp/policy/tab_salt/topics/20260306_kouriteikahenkou.pdf,1,高
d16b8dc284573b5a,2026-03-06,令和8年3月6日,変更認可,,ｱｳﾞｫ ｼﾝｸﾛ ﾆｶﾗｸﾞｱ ﾌｫｶﾞｯﾀ ﾄﾛ ﾁｭﾎﾞ,アヴォシンクロニカラグアフォガッタトロチュボ,152mm 1,,,,3800,3300,2026-03-10,https://www.mof.go.jp/policy/tab_salt/topics/20260306_kouriteikahenkou.pdf,1,中
ec4d65685a9b53bb,2026-03-06,令和8年3月6日,変更認可,,ｱｳﾞｫ ｼﾝｸﾛ ﾆｶﾗｸﾞｱ ﾌｫｶﾞｯﾀ ﾛﾌﾞｽﾄ,アヴォシンクロニカラグアフォガッタロブスト,127mm 1,,,,3000,2600,2026-03-10,https://www.mof.go.jp/policy/tab_salt/topics/20260306_kouriteikahenkou.pdf,1,高
a217fde5625db5af,2026-03-06,令和8年3月6日,変更認可,,ｶﾏｰﾁｮ ｴｸｱﾄﾞﾙ ｺﾞﾙﾄﾞ,カマーチョエクアドルゴルド,152mm 1,,,,3450,3000,2026-03-10,https://www.mof.go.jp/policy/tab_salt/topics/20260306_kouriteikahenkou.pdf,1,高
4b1237bf22dad8d2,2026-03-06,令和8年3月6日,変更認可,,ｶﾏｰﾁｮ ｴｸｱﾄﾞﾙ ﾄﾛ,カマーチョエクアドルトロ,152mm 1,,,,2750,2400,2026-03-10,https://www.mof.go.jp/policy/tab_salt/topics/20260306_kouriteikahenkou.pdf,1,高
8604b2ee5193a56f,2026-03-06,令和8年3月6日,変更認可,,ｶﾏｰﾁｮ ｴｸｱﾄﾞﾙ ﾛﾌﾞｽﾄ,カマーチョエクアドルロブスト,127mm 1,,,,2400,2100,2026-03-10,https://www.mof.go.jp/policy/tab_salt/topics/20260306_kouriteikahenkou.pdf,1,高
a1f146afe264baf1,2026-03-06,令和8年3月6日,変更認可,,ｶﾏｰﾁｮ ｴｸｱﾄﾞﾙ ﾛﾌﾞｽﾄ ﾁｭﾎﾞｽ,カマーチョエクアドルロブストチュボス,127mm 1,,,,2400,2100,2026-03-10,https://www.mof.go.jp/policy/tab_salt/topics/20260306_kouriteikahenkou.pdf,1,高
1e766dbe946b40ee,2026-03-06,令和8年3月6日,変更認可,,ｶﾏｰﾁｮ ｺﾈﾁｶｯﾄ ﾄﾛ,カマーチョコネチカットトロ,152mm 1,,,,2750,2400,2026-03-10,https://www.mof.go.jp/policy/tab_salt/topics/20260306_kouriteikahenkou.pdf,1,高
d26cca64f42f08f7,2026-03-06,令和8年3月6日,変更認可,,ｶﾏｰﾁｮ ｺﾈﾁｶｯﾄ ﾏﾁﾄｽ,カマーチョコネチカットマチトス,102mm 1,,,,800,700,2026-03-10,https://www.mof.go.jp/policy/tab_salt/topics/20260306_kouriteikahenkou.pdf,1,高
4dce1da1d002dd82,2026-03-06,令和8年3月6日,変更認可,,ｶﾏｰﾁｮ ｺﾈﾁｶｯﾄ ﾛﾌﾞｽﾄ,カマーチョコネチカットロブスト,127mm 1,,,,2400,2100,2026-03-10,https://www.mof.go.jp/policy/tab_salt/topics/20260306_kouriteikahenkou.pdf,1,高
19d42388721ccd47,2026-03-06,令和8年3月6日,変更認可,,ｶﾏｰﾁｮ ｺﾈﾁｶｯﾄ ﾛﾌﾞｽﾄ ﾁｭﾎﾞｽ,カマーチョコネチカットロブストチュボス,127mm 1,,,,2400,2100,2026-03-10,https://www.mof.go.jp/policy/tab_salt/topics/20260306_kouriteikahenkou.pdf,1,高
139e26b429d706d2,2026-03-06,令和8年3月6日,変更認可,,ｶﾏｰﾁｮ ｺﾛﾎ ｺﾞﾙﾄﾞ,カマーチョコロホゴルド,152mm 1,,,,3450,3000,2026-03-10,https://www.mof.go.jp/policy/tab_salt/topics/20260306_kouriteikahenkou.pdf,1,高
c54aa9bf012e549a,2026-03-06,令和8年3月6日,変更認可,,ｶﾏｰﾁｮ ｺﾛﾎ ﾄﾛ,カマーチョコロホトロ,152mm 1,,,,2750,2400,2026-03-10,https://www.mof.go.jp/policy/tab_salt/topics/20260306_kouriteikahenkou.pdf,1,高
750940cf5d9bb1fb,2026-03-06,令和8年3月6日,変更認可,,ｶﾏｰﾁｮ ｺﾛﾎ ﾏﾁﾄｽ,カマーチョコロホマチトス,102mm 1,,,,800,700,2026-03-10,https://www.mof.go.jp/policy/tab_salt/topics/20260306_kouriteikahenkou.pdf,1,高
99eb1de02fa186d8,2026-03-06,令和8年3月6日,変更認可,,ｶﾏｰﾁｮ ｺﾛﾎ ﾛﾌﾞｽﾄ,カマーチョコロホロブスト,127mm 1,,,,2400,2100,2026-03-10,https://www.mof.go.jp/policy/tab_salt/topics/20260306_kouriteikahenkou.pdf,1,高
c29b66f09000b1ca,2026-03-06,令和8年3月6日,変更認可,,ｶﾏｰﾁｮ ｺﾛﾎ ﾛﾌﾞｽﾄ ﾁｭﾎﾞｽ,カマーチョコロホロブストチュボス,127mm 1,,,,2400,2100,2026-03-10,https://www.mof.go.jp/policy/tab_salt/topics/20260306_kouriteikahenkou.pdf,1,高
90935e4956f869b0,2026-03-06,令和8年3月6日,変更認可,,ｶﾏｰﾁｮ ﾆｶﾗｸﾞｱ ｸﾞﾗﾝﾁｬｰﾁﾙ,カマーチョニカラグアグランチャーチル,177mm 1,,,,3100,2700,2026-03-10,https://www.mof.go.jp/policy/tab_salt/topics/20260306_kouriteikahenkou.pdf,1,高
280ed788d997e9e7,2026-03-06,令和8年3月6日,変更認可,,ｶﾏｰﾁｮ ﾆｶﾗｸﾞｱ ﾄﾛ,カマーチョニカラグアトロ,152mm 1,,,,2750,2400,2026-03-10,https://www.mof.go.jp/policy/tab_salt/topics/20260306_kouriteikahenkou.pdf,1,高
5859c2a3864efb4c,2026-03-06,令和8年3月6日,変更認可,,ｶﾏｰﾁｮ ﾆｶﾗｸﾞｱ ﾛﾌﾞｽﾄ,カマーチョニカラグアロブスト,127mm 1,,,,2400,2100,2026-03-10,https://www.mof.go.jp/policy/tab_salt/topics/20260306_kouriteikahenkou.pdf,1,高
18c748e7e4795436,2026-03-06,令和8年3月6日,変更認可,,ｸｻﾞｰﾉ BD ｺﾛﾅ,クザーノBDコロナ,127mm 1,,,,900,750,2026-03-10,https://www.mof.go.jp/policy/tab_salt/topics/20260306_kouriteikahenkou.pdf,1,高
62a857cf0f13c761,2026-03-06,令和8年3月6日,変更認可,,ｸｻﾞｰﾉ BD ｼｮｰﾄﾛﾌﾞｽﾄ,クザーノBDショートロブスト,108mm 1,,,,900,750,2026-03-10,https://www.mof.go.jp/policy/tab_salt/topics/20260306_kouriteikahenkou.pdf,1,高
55c77f526d6ed6b3,2026-03-06,令和8年3月6日,変更認可,,ｸｻﾞｰﾉ BD ﾍﾟﾃｨｺﾛﾅ,クザーノBDペティコロナ,114mm 1,,,,750,650,2026-03-10,https://www.mof.go.jp/policy/tab_salt/topics/20260306_kouriteikahenkou.pdf,1,高
f1612c901b7cf57b,2026-03-06,令和8年3月6日,変更認可,,ｸｻﾞｰﾉ BD ﾍﾟﾃｨﾊﾟﾅﾃﾗ,クザーノBDペティパナテラ,121mm 1,,,,650,550,2026-03-10,https://www.mof.go.jp/policy/tab_salt/topics/20260306_kouriteikahenkou.pdf,1,高
acc2e651c75a5ac0,2026-03-06,令和8年3月6日,変更認可,,ｸｻﾞｰﾉ BD ﾛﾌﾞｽﾄ,クザーノBDロブスト,124mm 1,,,,1050,900,2026-03-10,https://www.mof.go.jp/policy/tab_salt/topics/20260306_kouriteikahenkou.pdf,1,高
a341327c9ba633f4,2026-03-06,令和8年3月6日,変更認可,,ｸｻﾞｰﾉ ﾎﾝｼﾞｭﾗｽ ﾁｬｰﾁﾙ,クザーノホンジュラスチャーチル,178mm 1,,,,1750,1700,2026-03-10,https://www.mof.go.jp/policy/tab_salt/topics/20260306_kouriteikahenkou.pdf,1,高
b5015985cbc961ca,2026-03-06,令和8年3月6日,変更認可,,ｸｻﾞｰﾉ ﾎﾝｼﾞｭﾗｽ ﾄﾛ,クザーノホンジュラストロ,152mm 1,,,,1750,1700,2026-03-10,https://www.mof.go.jp/policy/tab_salt/topics/20260306_kouriteikahenkou.pdf,1,高
8499a801b35e3b23,2026-03-06,令和8年3月6日,変更認可,,ｸｻﾞｰﾉ ﾎﾝｼﾞｭﾗｽ ﾊｰﾌｺﾛﾅ,クザーノホンジュラスハーフコロナ,102mm 1,,,,1050,900,2026-03-10,https://www.mof.go.jp/policy/tab_salt/topics/20260306_kouriteikahenkou.pdf,1,高
3f586c51843c0d5c,2026-03-06,令和8年3月6日,変更認可,,ｸｻﾞｰﾉ ﾎﾝｼﾞｭﾗｽ ﾛﾌﾞｽﾄ,クザーノホンジュラスロブスト,127mm 1,,,,1500,1300,2026-03-10,https://www.mof.go.jp/policy/tab_salt/topics/20260306_kouriteikahenkou.pdf,1,高
5a77536148475897,2026-03-06,令和8年3月6日,変更認可,,ｽ,ス,152mm 1,,,,3800,3300,2026-03-10,https://www.mof.go.jp/policy/tab_salt/topics/20260306_kouriteikahenkou.pdf,1,高
30f5996c17ec39dd,2026-03-06,令和8年3月6日,変更認可,,ﾀﾞﾋﾞﾄﾞﾌ ｽﾍﾟｼｬﾙ<<R>>,ダビドフスペシャル<<R>>,124mm 1,,,,5700,5000,2026-03-10,https://www.mof.go.jp/policy/tab_salt/topics/20260306_kouriteikahenkou.pdf,1,高
3ae3bf7a02ad8c04,2026-03-06,令和8年3月6日,変更認可,,ﾀﾞﾋﾞﾄﾞﾌ ｽﾍﾟｼｬﾙ<<T>>,ダビドフスペシャル<<T>>,152mm 1,,,,6300,5500,2026-03-10,https://www.mof.go.jp/policy/tab_salt/topics/20260306_kouriteikahenkou.pdf,1,高
be3ed5f9f8ad79d0,2026-03-06,令和8年3月6日,変更認可,,ﾄﾛ,トロ,152mm 1,,,,4100,3600,2026-03-10,https://www.mof.go.jp/policy/tab_salt/topics/20260306_kouriteikahenkou.pdf,1,高
90c9f478cc4a90df,2026-03-06,令和8年3月6日,変更認可,,ﾀﾞﾋﾞﾄﾞﾌ 1000,ダビドフ1000,117mm 1,,,,3100,2700,2026-03-10,https://www.mof.go.jp/policy/tab_salt/topics/20260306_kouriteikahenkou.pdf,2,高
9740538469ca7502,2026-03-06,令和8年3月6日,変更認可,,ﾀﾞﾋﾞﾄﾞﾌ 2000,ダビドフ2000,129mm 1,,,,4400,3800,2026-03-10,https://www.mof.go.jp/policy/tab_salt/topics/20260306_kouriteikahenkou.pdf,2,高
a3403ed1cce77f86,2026-03-06,令和8年3月6日,変更認可,,ﾀﾞﾋﾞﾄﾞﾌ 2000 ﾁｭﾎﾞｽ,ダビドフ2000チュボス,129mm 1,,,,4500,3900,2026-03-10,https://www.mof.go.jp/policy/tab_salt/topics/20260306_kouriteikahenkou.pdf,2,高
b4efba2dfb74ca42,2026-03-06,令和8年3月6日,変更認可,,ﾀﾞﾋﾞﾄﾞﾌ 6000,ダビドフ6000,127mm 1,,,,5300,4600,2026-03-10,https://www.mof.go.jp/policy/tab_salt/topics/20260306_kouriteikahenkou.pdf,2,高
3991857fddc914f5,2026-03-06,令和8年3月6日,変更認可,,ﾀﾞﾋﾞﾄﾞﾌ NO.2,ダビドフNO.2,152mm 1,,,,5200,4500,2026-03-10,https://www.mof.go.jp/policy/tab_salt/topics/20260306_kouriteikahenkou.pdf,2,高
dcbaa326bf5f6a6d,2026-03-06,令和8年3月6日,変更認可,,ﾀﾞﾋﾞﾄﾞﾌ NO.2 ﾁｭﾎﾞｽ,ダビドフNO.2チュボス,152mm 1,,,,5300,4600,2026-03-10,https://www.mof.go.jp/policy/tab_salt/topics/20260306_kouriteikahenkou.pdf,2,高
288b09eb70b131d7,2026-03-06,令和8年3月6日,変更認可,,ﾀﾞﾋﾞﾄﾞﾌ ｱﾆﾍﾞﾙｻﾘｵ NO.3 ﾁｭﾎﾞｽ,ダビドフアニベルサリオNO.3チュボス,152mm 1,,,,7900,6900,2026-03-10,https://www.mof.go.jp/policy/tab_salt/topics/20260306_kouriteikahenkou.pdf,2,高
545b1131ff063b0e,2026-03-06,令和8年3月6日,変更認可,,ﾀﾞﾋﾞﾄﾞﾌ ｱﾝﾊﾞｻﾄﾞﾘｽ,ダビドフアンバサドリス,115mm 1,,,,2650,2300,2026-03-10,https://www.mof.go.jp/policy/tab_salt/topics/20260306_kouriteikahenkou.pdf,2,高
308fd3e829d4ee88,2026-03-06,令和8年3月6日,変更認可,,ﾀﾞﾋﾞﾄﾞﾌ ｴｸｽｸｲｼﾞﾄｽ,ダビドフエクスクイジトス,95mm 1,,,,900,800,2026-03-10,https://www.mof.go.jp/policy/tab_salt/topics/20260306_kouriteikahenkou.pdf,2,高
33ce9cd6f15becb9,2026-03-06,令和8年3月6日,変更認可,,ﾀﾞﾋﾞﾄﾞﾌ ｴﾝﾄﾚｱｸﾄ,ダビドフエントレアクト,89mm 1,,,,3200,2800,2026-03-10,https://www.mof.go.jp/policy/tab_salt/topics/20260306_kouriteikahenkou.pdf,2,高
c7828fb320e79895,2026-03-06,令和8年3月6日,変更認可,,ﾀﾞﾋﾞﾄﾞﾌ ｸﾞﾗﾝｸﾘｭ NO.2,ダビドフグランクリュNO.2,142mm 1,,,,5000,4400,2026-03-10,https://www.mof.go.jp/policy/tab_salt/topics/20260306_kouriteikahenkou.pdf,2,高
bceca84a6446fb9c,2026-03-06,令和8年3月6日,変更認可,,ﾀﾞﾋﾞﾄﾞﾌ ｸﾞﾗﾝｸﾘｭ NO.3,ダビドフグランクリュNO.3,129mm 1,,,,4500,3900,2026-03-10,https://www.mof.go.jp/policy/tab_salt/topics/20260306_kouriteikahenkou.pdf,2,高
a9c6ae9fd9f99109,2026-03-06,令和8年3月6日,変更認可,,ﾀﾞﾋﾞﾄﾞﾌ ｸﾞﾗﾝｸﾘｭ NO.5,ダビドフグランクリュNO.5,102mm 1,,,,3600,3100,2026-03-10,https://www.mof.go.jp/policy/tab_salt/topics/20260306_kouriteikahenkou.pdf,2,高
3cfe05111194a290,2026-03-06,令和8年3月6日,変更認可,,ﾀﾞﾋﾞﾄﾞﾌ ｸﾞﾗﾝｸﾘｭ ﾄﾛ,ダビドフグランクリュトロ,152mm 1,,,,6400,5600,2026-03-10,https://www.mof.go.jp/policy/tab_salt/topics/20260306_kouriteikahenkou.pdf,2,高
75d2f71506948f3d,2026-03-06,令和8年3月6日,変更認可,,ﾀﾞﾋﾞﾄﾞﾌ ｸﾞﾗﾝｸﾘｭ ﾛﾌﾞｽﾄ,ダビドフグランクリュロブスト,133mm 1,,,,5700,5000,2026-03-10,https://www.mof.go.jp/policy/tab_salt/topics/20260306_kouriteikahenkou.pdf,2,高
1de5086d72839967,2026-03-06,令和8年3月6日,変更認可,,ﾀﾞﾋﾞﾄﾞﾌ ｼｮｰﾄﾊﾟｰﾌｪｸﾄ,ダビドフショートパーフェクト,124mm 1,,,,5000,4400,2026-03-10,https://www.mof.go.jp/policy/tab_salt/topics/20260306_kouriteikahenkou.pdf,2,高
ef51a04262d12055,2026-03-06,令和8年3月6日,変更認可,,ﾀﾞﾋﾞﾄﾞﾌ ｼｮｰﾄﾛﾌﾞｽﾄ ﾐﾚﾆｱﾑﾌﾞﾚﾝﾄﾞ,ダビドフショートロブストミレニアムブレンド,108mm 1,,,,4800,4200,2026-03-10,https://www.mof.go.jp/policy/tab_salt/topics/20260306_kouriteikahenkou.pdf,2,高
fa851eb3a6023207,2026-03-06,令和8年3月6日,変更認可,,ﾀﾞﾋﾞﾄﾞﾌ ｽﾍﾟｼｬﾙ<<R>> ﾁｭﾎﾞｽ,ダビドフスペシャル<<R>>チュボス,124mm 1,,,,5800,5100,2026-03-10,https://www.mof.go.jp/policy/tab_salt/topics/20260306_kouriteikahenkou.pdf,2,高
db8ba2f920cae679,2026-03-06,令和8年3月6日,変更認可,,ﾀﾞﾋﾞﾄﾞﾌ ﾄﾛ ﾐﾚﾆｱﾑﾌﾞﾚﾝﾄﾞ,ダビドフトロミレニアムブレンド,152mm 1,,,,7100,6200,2026-03-10,https://www.mof.go.jp/policy/tab_salt/topics/20260306_kouriteikahenkou.pdf,2,高
384c4c820d4feaf0,2026-03-06,令和8年3月6日,変更認可,,ﾀﾞﾋﾞﾄﾞﾌ ﾆｶﾗｸﾞｱ ｼｮｰﾄｺﾛﾅ,ダビドフニカラグアショートコロナ,95mm 1,,,,3400,3000,2026-03-10,https://www.mof.go.jp/policy/tab_salt/topics/20260306_kouriteikahenkou.pdf,2,高
051f5b00c101a2f5,2026-03-06,令和8年3月6日,変更認可,,ﾀﾞﾋﾞﾄﾞﾌ ﾆｶﾗｸﾞｱ ﾃﾞｨｱﾃﾞﾏ,ダビドフニカラグアディアデマ,165mm 1,,,,7200,6300,2026-03-10,https://www.mof.go.jp/policy/tab_salt/topics/20260306_kouriteikahenkou.pdf,2,高
bb9a37647949bcef,2026-03-06,令和8年3月6日,変更認可,,ﾀﾞﾋﾞﾄﾞﾌ ﾆｶﾗｸﾞｱ ﾄﾛ,ダビドフニカラグアトロ,140mm 1,,,,6200,5400,2026-03-10,https://www.mof.go.jp/policy/tab_salt/topics/20260306_kouriteikahenkou.pdf,2,高
a27917cbc899eaf7,2026-03-06,令和8年3月6日,変更認可,,ﾀﾞﾋﾞﾄﾞﾌ ﾆｶﾗｸﾞｱ ﾄﾛ ﾎﾞｯｸｽﾌﾟﾚｽ,ダビドフニカラグアトロボックスプレス,154mm 1,,,,6000,5200,2026-03-10,https://www.mof.go.jp/policy/tab_salt/topics/20260306_kouriteikahenkou.pdf,2,高
8bfca8e5e41ba55d,2026-03-06,令和8年3月6日,変更認可,,ﾀﾞﾋﾞﾄﾞﾌ ﾆｶﾗｸﾞｱ ﾛﾌﾞｽﾄ,ダビドフニカラグアロブスト,127mm 1,,,,5100,4400,2026-03-10,https://www.mof.go.jp/policy/tab_salt/topics/20260306_kouriteikahenkou.pdf,2,高
599e7798e70d617a,2026-03-06,令和8年3月6日,変更認可,,ﾀﾞﾋﾞﾄﾞﾌ ﾆｶﾗｸﾞｱ ﾛﾌﾞｽﾄ ﾁｭﾎﾞｽ,ダビドフニカラグアロブストチュボス,127mm 1,,,,5200,4500,2026-03-10,https://www.mof.go.jp/policy/tab_salt/topics/20260306_kouriteikahenkou.pdf,2,高
f96f1b353a14304b,2026-03-06,令和8年3月6日,変更認可,,ﾀﾞﾋﾞﾄﾞﾌ ﾆｶﾗｸﾞｱ ﾛﾌﾞｽﾄ ﾎﾞｯｸｽﾌﾟﾚｽ,ダビドフニカラグアロブストボックスプレス,127mm 1,,,,4800,4200,2026-03-10,https://www.mof.go.jp/policy/tab_salt/topics/20260306_kouriteikahenkou.pdf,2,高
70aa2173fc7c0063,2026-03-06,令和8年3月6日,変更認可,,ﾀﾞﾋﾞﾄﾞﾌ ﾋﾟﾗﾐﾃﾞ ﾐﾚﾆｱﾑﾌﾞﾚﾝﾄﾞ,ダビドフピラミデミレニアムブレンド,156mm 1,,,,6800,5900,2026-03-10,https://www.mof.go.jp/policy/tab_salt/topics/20260306_kouriteikahenkou.pdf,2,高
0f27149236f9494d,2026-03-06,令和8年3月6日,変更認可,,ﾀﾞﾋﾞﾄﾞﾌ ﾍﾟﾃｨｺﾛﾅ ﾐﾚﾆｱﾑﾌﾞﾚﾝﾄﾞ,ダビドフペティコロナミレニアムブレンド,114mm 1,,,,4000,3500,2026-03-10,https://www.mof.go.jp/policy/tab_salt/topics/20260306_kouriteikahenkou.pdf,2,高
f8b6dde598397b13,2026-03-06,令和8年3月6日,変更認可,,ﾀﾞﾋﾞﾄﾞﾌ ﾛｲﾔﾙﾘﾘｰｽ ｻﾛﾓﾈｽ,ダビドフロイヤルリリースサロモネス,210mm 1,,,,900,800,2026-03-10,https://www.mof.go.jp/policy/tab_salt/topics/20260306_kouriteikahenkou.pdf,2,中
f7b84e14d33be78e,2026-03-06,令和8年3月6日,変更認可,,ﾀﾞﾋﾞﾄﾞﾌ ﾛｲﾔﾙﾘﾘｰｽ ﾛﾌﾞｽﾄ,ダビドフロイヤルリリースロブスト,140mm 1,,,,6200,5400,2026-03-10,https://www.mof.go.jp/policy/tab_salt/topics/20260306_kouriteikahenkou.pdf,2,中
8050baf8679cca17,2026-03-06,令和8年3月6日,変更認可,,ﾀﾞﾋﾞﾄﾞﾌ ﾛﾌﾞｽﾄ ﾁｭﾎﾞｽ ﾐﾚﾆｱﾑﾌﾞﾚﾝﾄﾞ,ダビドフロブストチュボスミレニアムブレンド,133mm 1,,,,6100,5300,2026-03-10,https://www.mof.go.jp/policy/tab_salt/topics/20260306_kouriteikahenkou.pdf,2,高
ee4f6b231ab676eb,2026-03-06,令和8年3月6日,変更認可,,ﾀﾞﾋﾞﾄﾞﾌ ﾛﾌﾞｽﾄ ﾐﾚﾆｱﾑﾌﾞﾚﾝﾄﾞ,ダビドフロブストミレニアムブレンド,133mm 1,,,,6000,5200,2026-03-10,https://www.mof.go.jp/policy/tab_salt/topics/20260306_kouriteikahenkou.pdf,2,高
43f17181458f7943,2026-03-06,令和8年3月6日,変更認可,,ｺﾛﾅ,コロナ,114mm 1,,,,3900,3400,2026-03-10,https://www.mof.go.jp/policy/tab_salt/topics/20260306_kouriteikahenkou.pdf,3,高
744d49e15e451278,2026-03-06,令和8年3月6日,変更認可,,ｿ,ソ,115mm 1,,,,3300,2900,2026-03-10,https://www.mof.go.jp/policy/tab_salt/topics/20260306_kouriteikahenkou.pdf,3,高
08fd30421e6a4d19,2026-03-06,令和8年3月6日,変更認可,,ﾀﾞﾋﾞﾄﾞﾌ ｲﾝｸﾞﾘｯｼｭ ﾐｸｽﾁｭｱ,ダビドフイングリッシュミクスチュア,,,,,6250,5400,2026-03-10,https://www.mof.go.jp/policy/tab_salt/topics/20260306_kouriteikahenkou.pdf,3,高
714788d8ee58a136,2026-03-06,令和8年3月6日,変更認可,,ﾀﾞﾋﾞﾄﾞﾌ ｳｨﾝｽﾄﾝﾁｬｰﾁﾙ ｱｰﾃｨｽﾄ ﾍﾟﾃｨ,ダビドフウィンストンチャーチルアーティストペティ,114mm 1,,,,3900,3400,2026-03-10,https://www.mof.go.jp/policy/tab_salt/topics/20260306_kouriteikahenkou.pdf,3,中
945b3cbf1a879b9b,2026-03-06,令和8年3月6日,変更認可,,ﾀﾞﾋﾞﾄﾞﾌ ｳｨﾝｽﾄﾝﾁｬｰﾁﾙ ｱﾘｽﾄｸﾗｯﾄ,ダビドフウィンストンチャーチルアリストクラット,175mm 1,,,,7700,6700,2026-03-10,https://www.mof.go.jp/policy/tab_salt/topics/20260306_kouriteikahenkou.pdf,3,中
ad12f1d8616cd1c8,2026-03-06,令和8年3月6日,変更認可,,ﾀﾞﾋﾞﾄﾞﾌ ｳｨﾝｽﾄﾝﾁｬｰﾁﾙ ｺﾏﾝﾀﾞｰ ﾄﾛ,ダビドフウィンストンチャーチルコマンダートロ,152mm 1,,,,8000,7000,2026-03-10,https://www.mof.go.jp/policy/tab_salt/topics/20260306_kouriteikahenkou.pdf,3,高
7cf309c3d78c95e6,2026-03-06,令和8年3月6日,変更認可,,ﾀﾞﾋﾞﾄﾞﾌ ｳｨﾝｽﾄﾝﾁｬｰﾁﾙ ｽﾃｲﾂﾏﾝ ﾛﾌﾞｽ,ダビドフウィンストンチャーチルステイツマンロブス,133mm 1,,,,6800,5900,2026-03-10,https://www.mof.go.jp/policy/tab_salt/topics/20260306_kouriteikahenkou.pdf,3,中
8bd5a6f55e529677,2026-03-06,令和8年3月6日,変更認可,,ﾀﾞﾋﾞﾄﾞﾌ ｳｨﾝｽﾄﾝﾁｬｰﾁﾙ ﾄﾗﾍﾞﾗｰ ﾍﾞﾘｺ,ダビドフウィンストンチャーチルトラベラーベリコ,115mm 1,,,,3300,2900,2026-03-10,https://www.mof.go.jp/policy/tab_salt/topics/20260306_kouriteikahenkou.pdf,3,中
82ebf6998f45702a,2026-03-06,令和8年3月6日,変更認可,,ﾀﾞﾋﾞﾄﾞﾌ ｳｨﾝｽﾄﾝﾁｬｰﾁﾙ ﾗｺﾝﾄｩｰﾙ ﾍﾟ,ダビドフウィンストンチャーチルラコントゥールペ,102mm 1,,,,2750,2400,2026-03-10,https://www.mof.go.jp/policy/tab_salt/topics/20260306_kouriteikahenkou.pdf,3,中
2123cd7e7d98bf60,2026-03-06,令和8年3月6日,変更認可,,ﾀﾞﾋﾞﾄﾞﾌ ｳｨﾝｽﾄﾝﾁｬｰﾁﾙ ﾚｲﾄｱﾜｰ ﾁｬｰﾁ,ダビドフウィンストンチャーチルレイトアワーチャーチ,178mm 1,,,,8400,7300,2026-03-10,https://www.mof.go.jp/policy/tab_salt/topics/20260306_kouriteikahenkou.pdf,3,中
8df0b75324a31f69,2026-03-06,令和8年3月6日,変更認可,,ﾀﾞﾋﾞﾄﾞﾌ ｳｨﾝｽﾄﾝﾁｬｰﾁﾙ ﾚｲﾄｱﾜｰ ﾄﾛ,ダビドフウィンストンチャーチルレイトアワートロ,152mm 1,,,,8700,7600,2026-03-10,https://www.mof.go.jp/policy/tab_salt/topics/20260306_kouriteikahenkou.pdf,3,高
709df92b386c077f,2026-03-06,令和8年3月6日,変更認可,,ﾀﾞﾋﾞﾄﾞﾌ ｳｨﾝｽﾄﾝﾁｬｰﾁﾙ ﾚｲﾄｱﾜｰ ﾍﾟﾃｨ,ダビドフウィンストンチャーチルレイトアワーペティ,102mm 1,,,,3800,3500,2026-03-10,https://www.mof.go.jp/policy/tab_salt/topics/20260306_kouriteikahenkou.pdf,3,中
5a72c5ce179f5be8,2026-03-06,令和8年3月6日,変更認可,,ﾀﾞﾋﾞﾄﾞﾌ ｳｨﾝｽﾄﾝﾁｬｰﾁﾙ ﾚｲﾄｱﾜｰ ﾛﾌﾞｽ,ダビドフウィンストンチャーチルレイトアワーロブス,125mm 1,,,,7500,6600,2026-03-10,https://www.mof.go.jp/policy/tab_salt/topics/20260306_kouriteikahenkou.pdf,3,中
ad3aadf7abe034d8,2026-03-06,令和8年3月6日,変更認可,,ﾀﾞﾋﾞﾄﾞﾌ ｴｽｸﾘｵ ｸﾞﾗﾝﾄﾛ,ダビドフエスクリオグラントロ,140mm 1,,,,6500,5900,2026-03-10,https://www.mof.go.jp/policy/tab_salt/topics/20260306_kouriteikahenkou.pdf,3,高
93817c366ed92e1c,2026-03-06,令和8年3月6日,変更認可,,ﾀﾞﾋﾞﾄﾞﾌ ｴｽｸﾘｵ ｸﾞﾗﾝﾊﾟｰﾌｪｸﾄ,ダビドフエスクリオグランパーフェクト,127mm 1,,,,6100,5600,2026-03-10,https://www.mof.go.jp/policy/tab_salt/topics/20260306_kouriteikahenkou.pdf,3,高
6a607d84291c6720,2026-03-06,令和8年3月6日,変更認可,,ﾀﾞﾋﾞﾄﾞﾌ ｴｽｸﾘｵ ｺﾛﾅｺﾞﾙﾀﾞ,ダビドフエスクリオコロナゴルダ,152mm 1,,,,5000,4650,2026-03-10,https://www.mof.go.jp/policy/tab_salt/topics/20260306_kouriteikahenkou.pdf,3,高
4784d9b4fcfaefa4,2026-03-06,令和8年3月6日,変更認可,,ﾀﾞﾋﾞﾄﾞﾌ ｴｽｸﾘｵ ﾍﾟﾃｨﾛﾌﾞｽﾄ,ダビドフエスクリオペティロブスト,83mm 1,,,,3500,3200,2026-03-10,https://www.mof.go.jp/policy/tab_salt/topics/20260306_kouriteikahenkou.pdf,3,高
428bcaeda182ea80,2026-03-06,令和8年3月6日,変更認可,,ﾀﾞﾋﾞﾄﾞﾌ ｴｽｸﾘｵ ﾛﾌﾞｽﾄ,ダビドフエスクリオロブスト,114mm 1,,,,5300,4800,2026-03-10,https://www.mof.go.jp/policy/tab_salt/topics/20260306_kouriteikahenkou.pdf,3,高
53ca3a606f6bb2e7,2026-03-06,令和8年3月6日,変更認可,,ﾀﾞﾋﾞﾄﾞﾌ ｴｽｸﾘｵ ﾛﾌﾞｽﾄ ﾁｭﾎﾞｽ,ダビドフエスクリオロブストチュボス,114mm 1,,,,5400,4900,2026-03-10,https://www.mof.go.jp/policy/tab_salt/topics/20260306_kouriteikahenkou.pdf,3,高
c99521a8d7a96430,2026-03-06,令和8年3月6日,変更認可,,ﾀﾞﾋﾞﾄﾞﾌ ｸﾞﾘｰﾝ ﾐｸｽﾁｭｱ,ダビドフグリーンミクスチュア,,,,,4150,3600,2026-03-10,https://www.mof.go.jp/policy/tab_salt/topics/20260306_kouriteikahenkou.pdf,3,高
6b290094c9ef4d89,2026-03-06,令和8年3月6日,変更認可,,ﾀﾞﾋﾞﾄﾞﾌ ｼｸﾞﾈﾁｬｰ ﾄﾛ,ダビドフシグネチャートロ,152mm 1,,,,6100,5300,2026-03-10,https://www.mof.go.jp/policy/tab_salt/topics/20260306_kouriteikahenkou.pdf,3,高
f175ad7b059422ab,2026-03-06,令和8年3月6日,変更認可,,ﾀﾞﾋﾞﾄﾞﾌ ｼｸﾞﾈﾁｬｰ ﾍﾟﾃｨｺﾛﾅ,ダビドフシグネチャーペティコロナ,114mm 1,,,,3450,3000,2026-03-10,https://www.mof.go.jp/policy/tab_salt/topics/20260306_kouriteikahenkou.pdf,3,高
755801a6a8c92573,2026-03-06,令和8年3月6日,変更認可,,ﾀﾞﾋﾞﾄﾞﾌ ﾀﾞﾆｯｼｭ ﾐｸｽﾁｭｱ,ダビドフダニッシュミクスチュア,,,,,6250,5400,2026-03-10,https://www.mof.go.jp/policy/tab_salt/topics/20260306_kouriteikahenkou.pdf,3,高
d6e6d20027a97c3f,2026-03-06,令和8年3月6日,変更認可,,ﾀﾞﾋﾞﾄﾞﾌ ﾊﾟｲﾌﾟﾀﾊﾞｺ ｱﾙｾﾞﾝﾁﾝ,ダビドフパイプタバコアルゼンチン,ﾊﾟｳﾁ,,,,4050,3500,2026-03-10,https://www.mof.go.jp/policy/tab_salt/topics/20260306_kouriteikahenkou.pdf,3,高
896350b7fb98809b,2026-03-06,令和8年3月6日,変更認可,,ﾀﾞﾋﾞﾄﾞﾌ ﾊﾟｲﾌﾟﾀﾊﾞｺ ﾌﾞﾗｼﾞﾙ,ダビドフパイプタバコブラジル,ﾊﾟｳﾁ,,,,4050,3500,2026-03-10,https://www.mof.go.jp/policy/tab_salt/topics/20260306_kouriteikahenkou.pdf,3,高
e57719401d865e40,2026-03-06,令和8年3月6日,変更認可,,ﾀﾞﾋﾞﾄﾞﾌ ﾊﾟｲﾌﾟﾀﾊﾞｺ ﾌﾚｲｸ ﾒﾀﾞﾘｵﾝ,ダビドフパイプタバコフレイクメダリオン,,,,,6600,5700,2026-03-10,https://www.mof.go.jp/policy/tab_salt/topics/20260306_kouriteikahenkou.pdf,3,高
687bdd82658540d9,2026-03-06,令和8年3月6日,変更認可,,ﾀﾞﾋﾞﾄﾞﾌ ﾊﾟｲﾌﾟﾀﾊﾞｺ ﾏﾗｳｲ,ダビドフパイプタバコマラウイ,ﾊﾟｳﾁ,,,,4050,3500,2026-03-10,https://www.mof.go.jp/policy/tab_salt/topics/20260306_kouriteikahenkou.pdf,3,高
b4f2db6bd3b0571c,2026-03-06,令和8年3月6日,変更認可,,ﾀﾞﾋﾞﾄﾞﾌ ﾌﾞﾙｰ ﾐｸｽﾁｭｱ,ダビドフブルーミクスチュア,,,,,4150,3600,2026-03-10,https://www.mof.go.jp/policy/tab_salt/topics/20260306_kouriteikahenkou.pdf,3,高
92b3f2e6a5cb45d6,2026-03-06,令和8年3月6日,変更認可,,ﾀﾞﾋﾞﾄﾞﾌ ﾔﾏｻ ﾄﾛ,ダビドフヤマサトロ,152mm 1,,,,7900,7200,2026-03-10,https://www.mof.go.jp/policy/tab_salt/topics/20260306_kouriteikahenkou.pdf,3,高
2b85e11ede3ee45c,2026-03-06,令和8年3月6日,変更認可,,ﾀﾞﾋﾞﾄﾞﾌ ﾔﾏｻ ﾋﾟﾗﾐﾃﾞｽ,ダビドフヤマサピラミデス,156mm 1,,,,7800,7100,2026-03-10,https://www.mof.go.jp/policy/tab_salt/topics/20260306_kouriteikahenkou.pdf,3,高
fca9b00b078e6dbf,2026-03-06,令和8年3月6日,変更認可,,ﾀﾞﾋﾞﾄﾞﾌ ﾔﾏｻ ﾍﾟﾃｨﾁｬｰﾁﾙ,ダビドフヤマサペティチャーチル,102mm 1,,,,3800,3500,2026-03-10,https://www.mof.go.jp/policy/tab_salt/topics/20260306_kouriteikahenkou.pdf,3,高
f9091e072009175e,2026-03-06,令和8年3月6日,変更認可,,ﾀﾞﾋﾞﾄﾞﾌ ﾔﾏｻ ﾛﾌﾞｽﾄ,ダビドフヤマサロブスト,127mm 1,,,,6700,6100,2026-03-10,https://www.mof.go.jp/policy/tab_salt/topics/20260306_kouriteikahenkou.pdf,3,高
23c1b03ba2f6d8ce,2026-03-06,令和8年3月6日,変更認可,,ﾀﾞﾋﾞﾄﾞﾌ ﾔﾏｻ ﾛﾌﾞｽﾄ ﾁｭﾎﾞｽ,ダビドフヤマサロブストチュボス,127mm 1,,,,6800,6200,2026-03-10,https://www.mof.go.jp/policy/tab_salt/topics/20260306_kouriteikahenkou.pdf,3,高
a9313b850e48e99e,2026-03-06,令和8年3月6日,変更認可,,ﾀﾞﾋﾞﾄﾞﾌ ﾚｯﾄﾞ ﾐｸｽﾁｭｱ,ダビドフレッドミクスチュア,,,,,4150,3600,2026-03-10,https://www.mof.go.jp/policy/tab_salt/topics/20260306_kouriteikahenkou.pdf,3,高
34fd7861c3e0433f,2026-03-06,令和8年3月6日,変更認可,,ﾁｬｰﾁﾙ,チャーチル,175mm 1,,,,7700,6700,2026-03-10,https://www.mof.go.jp/policy/tab_salt/topics/20260306_kouriteikahenkou.pdf,3,高
905013f8535e95d7,2026-03-06,令和8年3月6日,変更認可,,ﾃｨﾊﾟﾅﾃﾗ,ティパナテラ,102mm 1,,,,2750,2400,2026-03-10,https://www.mof.go.jp/policy/tab_salt/topics/20260306_kouriteikahenkou.pdf,3,高
a4933874de63e578,2026-03-06,令和8年3月6日,変更認可,,ﾄ,ト,133mm 1,,,,6800,5900,2026-03-10,https://www.mof.go.jp/policy/tab_salt/topics/20260306_kouriteikahenkou.pdf,3,高
2239222c75d3be86,2026-03-06,令和8年3月6日,変更認可,,ﾄ,ト,125mm 1,,,,7500,6600,2026-03-10,https://www.mof.go.jp/policy/tab_salt/topics/20260306_kouriteikahenkou.pdf,3,高
71ab044545d22e13,2026-03-06,令和8年3月6日,変更認可,,ﾊﾟﾅﾃﾗ,パナテラ,102mm 1,,,,3800,3500,2026-03-10,https://www.mof.go.jp/policy/tab_salt/topics/20260306_kouriteikahenkou.pdf,3,高
54e9db10b7872062,2026-03-06,令和8年3月6日,変更認可,,ﾙ,ル,178mm 1,,,,8400,7300,2026-03-10,https://www.mof.go.jp/policy/tab_salt/topics/20260306_kouriteikahenkou.pdf,3,高
b40f14dabdec71c9,2026-03-06,令和8年3月6日,変更認可,,ｸﾞﾘﾌｨﾝ 300 ﾁｭﾎﾞｽ,グリフィン300チュボス,159mm 1,,,,2500,2000,2026-03-10,https://www.mof.go.jp/policy/tab_salt/topics/20260306_kouriteikahenkou.pdf,4,高
f8199cc45a83fe42,2026-03-06,令和8年3月6日,変更認可,,ｸﾞﾘﾌｨﾝ 500,グリフィン500,128mm 1,,,,2050,1800,2026-03-10,https://www.mof.go.jp/policy/tab_salt/topics/20260306_kouriteikahenkou.pdf,4,高
741b8aeb3e5a51d5,2026-03-06,令和8年3月6日,変更認可,,ｸﾞﾘﾌｨﾝ ｸﾞﾘﾌｨﾉｽ,グリフィングリフィノス,85mm 20,,,,3000,2600,2026-03-10,https://www.mof.go.jp/policy/tab_salt/topics/20260306_kouriteikahenkou.pdf,4,高
aa57332670651438,2026-03-06,令和8年3月6日,変更認可,,ｸﾞﾘﾌｨﾝ ﾄﾛ,グリフィントロ,117mm 1,,,,2700,2400,2026-03-10,https://www.mof.go.jp/policy/tab_salt/topics/20260306_kouriteikahenkou.pdf,4,高
3e5e26ce2ce92709,2026-03-06,令和8年3月6日,変更認可,,ｸﾞﾘﾌｨﾝ ﾌﾟﾘﾄｽ,グリフィンプリトス,102mm 1,,,,690,600,2026-03-10,https://www.mof.go.jp/policy/tab_salt/topics/20260306_kouriteikahenkou.pdf,4,高
589206daec68e1a4,2026-03-06,令和8年3月6日,変更認可,,ｸﾞﾘﾌｨﾝ ﾛﾌﾞｽﾄ ﾁｭﾎﾞｽ,グリフィンロブストチュボス,127mm 1,,,,2450,2100,2026-03-10,https://www.mof.go.jp/policy/tab_salt/topics/20260306_kouriteikahenkou.pdf,4,高
e35a8080d096a388,2026-03-06,令和8年3月6日,変更認可,,ｼﾞﾉ ﾆｶﾗｸﾞｱ ｺﾞﾙﾄﾞ,ジノニカラグアゴルド,152mm 1,,,,3450,3000,2026-03-10,https://www.mof.go.jp/policy/tab_salt/topics/20260306_kouriteikahenkou.pdf,4,高
8645ecff0daff498,2026-03-06,令和8年3月6日,変更認可,,ｼﾞﾉ ﾆｶﾗｸﾞｱ ｼｮｰﾄ ﾌﾟﾘﾄｽ,ジノニカラグアショートプリトス,80mm 1,,,,350,320,2026-03-10,https://www.mof.go.jp/policy/tab_salt/topics/20260306_kouriteikahenkou.pdf,4,高
d85879b5e17be72a,2026-03-06,令和8年3月6日,変更認可,,ｼﾞﾉ ﾆｶﾗｸﾞｱ ｼｮｰﾄﾄﾙﾍﾟﾄﾞ,ジノニカラグアショートトルペド,102mm 1,,,,2300,2010,2026-03-10,https://www.mof.go.jp/policy/tab_salt/topics/20260306_kouriteikahenkou.pdf,4,高
4ab40eea359fcb0d,2026-03-06,令和8年3月6日,変更認可,,ｼﾞﾉ ﾆｶﾗｸﾞｱ ﾄﾛ,ジノニカラグアトロ,152mm 1,,,,2950,2560,2026-03-10,https://www.mof.go.jp/policy/tab_salt/topics/20260306_kouriteikahenkou.pdf,4,高
5a69eb66b674cb4f,2026-03-06,令和8年3月6日,変更認可,,ｼﾞﾉ ﾆｶﾗｸﾞｱ ﾊｰﾌｺﾛﾅ,ジノニカラグアハーフコロナ,102mm 1,,,,2050,1800,2026-03-10,https://www.mof.go.jp/policy/tab_salt/topics/20260306_kouriteikahenkou.pdf,4,高
2bb8dd32770a2fd1,2026-03-06,令和8年3月6日,変更認可,,ｼﾞﾉ ﾆｶﾗｸﾞｱ ﾛﾌﾞｽﾄ,ジノニカラグアロブスト,127mm 1,,,,2650,2310,2026-03-10,https://www.mof.go.jp/policy/tab_salt/topics/20260306_kouriteikahenkou.pdf,4,高
10eec5d47a987cce,2026-03-06,令和8年3月6日,変更認可,,ｼﾞﾉ ﾌﾟﾗﾁﾅﾑ XS,ジノプラチナムXS,102mm 10,,,,8000,7000,2026-03-10,https://www.mof.go.jp/policy/tab_salt/topics/20260306_kouriteikahenkou.pdf,4,高
5ddbe808de21015f,2026-03-06,令和8年3月6日,変更認可,,ｼﾞﾉ ﾌﾟﾗﾁﾅﾑ XS 1=s,ジノプラチナムXS1=S,102mm 1,,,,800,700,2026-03-10,https://www.mof.go.jp/policy/tab_salt/topics/20260306_kouriteikahenkou.pdf,4,高
21d52b1f1adeb742,2026-03-06,令和8年3月6日,変更認可,,ｼﾞﾉ ﾌﾟﾗﾁﾅﾑ ｸﾞﾗﾝﾄﾞﾏｽﾀｰ,ジノプラチナムグランドマスター,140mm 1,,,,4000,3500,2026-03-10,https://www.mof.go.jp/policy/tab_salt/topics/20260306_kouriteikahenkou.pdf,4,高
64b61a37011de180,2026-03-06,令和8年3月6日,変更認可,,ｼﾞﾉ ﾌﾟﾗﾁﾅﾑ ｸﾞﾗﾝﾄﾞﾏｽﾀｰ ﾁｭﾎﾞｽ,ジノプラチナムグランドマスターチュボス,140mm 1,,,,4000,3500,2026-03-10,https://www.mof.go.jp/policy/tab_salt/topics/20260306_kouriteikahenkou.pdf,4,高
da814d7ce0457b9d,2026-03-06,令和8年3月6日,変更認可,,ｼﾞﾉ ﾌﾟﾗﾁﾅﾑ ﾁｬﾋﾞｰ,ジノプラチナムチャビー,125mm 1,,,,3450,3000,2026-03-10,https://www.mof.go.jp/policy/tab_salt/topics/20260306_kouriteikahenkou.pdf,4,高
230f0c15f79f993a,2026-03-06,令和8年3月6日,変更認可,,ｼﾞﾉ ﾌﾟﾗﾁﾅﾑ ﾊﾞﾚﾙ ﾁｭﾎﾞｽ,ジノプラチナムバレルチュボス,152mm 1,,,,7300,6400,2026-03-10,https://www.mof.go.jp/policy/tab_salt/topics/20260306_kouriteikahenkou.pdf,4,高
f87e07c0eca1e98d,2026-03-06,令和8年3月6日,変更認可,,ｼﾞﾉ ﾐﾆｼｶﾞﾘﾛ ﾆｶﾗｸﾞｱ,ジノミニシガリロニカラグア,80mm 20,,,,2200,1900,2026-03-10,https://www.mof.go.jp/policy/tab_salt/topics/20260306_kouriteikahenkou.pdf,4,高
4ee5e00f9ab09159,2026-03-06,令和8年3月6日,変更認可,,ｼﾞﾉ ﾐﾆｼｶﾞﾘﾛ ﾚｯﾄﾞ,ジノミニシガリロレッド,80mm 20,,,,2200,1900,2026-03-10,https://www.mof.go.jp/policy/tab_salt/topics/20260306_kouriteikahenkou.pdf,4,高
a815336861ee7425,2026-03-06,令和8年3月6日,変更認可,,ﾀﾞﾋﾞﾄﾞﾌ ｽｺﾃｨｯｼｭ ﾐｸｽﾁｭｱ,ダビドフスコティッシュミクスチュア,,,,,6250,5400,2026-03-10,https://www.mof.go.jp/policy/tab_salt/topics/20260306_kouriteikahenkou.pdf,4,高
07b7146fabb18a49,2026-03-06,令和8年3月6日,変更認可,,ﾀﾞﾋﾞﾄﾞﾌ ﾛｲﾔﾙﾃｨ,ダビドフロイヤルティ,,,,,6250,5400,2026-03-10,https://www.mof.go.jp/policy/tab_salt/topics/20260306_kouriteikahenkou.pdf,4,高
efcfca56e17f089d,2026-03-06,令和8年3月6日,変更認可,,ﾌﾟﾗｲﾍﾞｰﾄｽﾄｯｸ ﾐﾃﾞｨｱﾑﾌｨﾗｰ NO.2 ﾁｭ,プライベートストックミディアムフィラーNO.2チュ,159mm 1,,,,1500,1300,2026-03-10,https://www.mof.go.jp/policy/tab_salt/topics/20260306_kouriteikahenkou.pdf,4,中
39081eb49934a629,2026-03-06,令和8年3月6日,変更認可,,ﾎﾞｽ,ボス,159mm 1,,,,1500,1300,2026-03-10,https://www.mof.go.jp/policy/tab_salt/topics/20260306_kouriteikahenkou.pdf,4,高
88c6cde4f0f6014a,2026-03-02,令和8年3月2日,変更認可,,Aladino 85 Aniversario ReservaRobusto,ALADINO85ANIVERSARIORESERVAROBUSTO,127mm 1,,,,4700,,,https://www.mof.go.jp/policy/tab_salt/topics/20260302_kouriteika.pdf,1,高
fb850f37e08b5ea1,2026-03-02,令和8年3月2日,変更認可,,Aladino Cameroon Robusto,ALADINOCAMEROONROBUSTO,127mm 1,,,,2800,,,https://www.mof.go.jp/policy/tab_salt/topics/20260302_kouriteika.pdf,1,高
009935f38ede165c,2026-03-02,令和8年3月2日,変更認可,,Aladino Classic Robusto,ALADINOCLASSICROBUSTO,127mm 1,,,,2800,,,https://www.mof.go.jp/policy/tab_salt/topics/20260302_kouriteika.pdf,1,高
b3525599b8f7ccdb,2026-03-02,令和8年3月2日,変更認可,,Aladino Connecticut QueensPerfecto,ALADINOCONNECTICUTQUEENSPERFECTO,133mm 1,,,,2400,,,https://www.mof.go.jp/policy/tab_salt/topics/20260302_kouriteika.pdf,1,高
9a64da85a60a5476,2026-03-02,令和8年3月2日,変更認可,,Aladino Connecticut Toro,ALADINOCONNECTICUTTORO,152mm 1,,,,3000,,,https://www.mof.go.jp/policy/tab_salt/topics/20260302_kouriteika.pdf,1,高
ee93639b3933bc69,2026-03-02,令和8年3月2日,変更認可,,Aladino Corojo Cazador,ALADINOCOROJOCAZADOR,152mm 1,,,,3000,,,https://www.mof.go.jp/policy/tab_salt/topics/20260302_kouriteika.pdf,1,高
e8c5ecb823b361d9,2026-03-02,令和8年3月2日,変更認可,,Aladino Corojo Corona,ALADINOCOROJOCORONA,127mm 1,,,,2200,,,https://www.mof.go.jp/policy/tab_salt/topics/20260302_kouriteika.pdf,1,高
51539ec494965e65,2026-03-02,令和8年3月2日,変更認可,,Aladino Corojo Palmas,ALADINOCOROJOPALMAS,152mm 1,,,,2400,,,https://www.mof.go.jp/policy/tab_salt/topics/20260302_kouriteika.pdf,1,高
64e4c22f7780b26f,2026-03-02,令和8年3月2日,変更認可,,Aladino Corojo Patton,ALADINOCOROJOPATTON,228mm 1,,,,5800,,,https://www.mof.go.jp/policy/tab_salt/topics/20260302_kouriteika.pdf,1,高
20aa482647105912,2026-03-02,令和8年3月2日,変更認可,,Aladino Corojo Robusto,ALADINOCOROJOROBUSTO,127mm 1,,,,3200,,,https://www.mof.go.jp/policy/tab_salt/topics/20260302_kouriteika.pdf,1,高
26d6c7a726f9b218,2026-03-02,令和8年3月2日,変更認可,,DEUS Flower Perfume,DEUSFLOWERPERFUME,100.0g,100,g,,4400,,,https://www.mof.go.jp/policy/tab_salt/topics/20260302_kouriteika.pdf,1,高
1c5bcde157c0edec,2026-03-02,令和8年3月2日,変更認可,,DEUS Wood,DEUSWOOD,100.0g,100,g,,4400,,,https://www.mof.go.jp/policy/tab_salt/topics/20260302_kouriteika.pdf,1,高
fa92e1207830a8ed,2026-03-02,令和8年3月2日,変更認可,,JENT Alcohol Pina Colada,JENTALCOHOLPINACOLADA,100.0g,100,g,,4800,,,https://www.mof.go.jp/policy/tab_salt/topics/20260302_kouriteika.pdf,1,高
e4258e7008587a0c,2026-03-02,令和8年3月2日,変更認可,,JENT Alcohol Rum,JENTALCOHOLRUM,100.0g,100,g,,4800,,,https://www.mof.go.jp/policy/tab_salt/topics/20260302_kouriteika.pdf,1,高
29ad18a6b005bddd,2026-03-02,令和8年3月2日,変更認可,,JENT CIGAR Amaretto,JENTCIGARAMARETTO,20.0g,20,g,,980,,,https://www.mof.go.jp/policy/tab_salt/topics/20260302_kouriteika.pdf,1,高
cda61ced101d76c5,2026-03-02,令和8年3月2日,変更認可,,JENT CIGAR Amaretto,JENTCIGARAMARETTO,100.0g,100,g,,4800,,,https://www.mof.go.jp/policy/tab_salt/topics/20260302_kouriteika.pdf,1,高
380859a24608784d,2026-03-02,令和8年3月2日,変更認可,,JENT CIGAR Bellini,JENTCIGARBELLINI,100.0g,100,g,,4800,,,https://www.mof.go.jp/policy/tab_salt/topics/20260302_kouriteika.pdf,1,高
ed178701378a243c,2026-03-02,令和8年3月2日,変更認可,,JENT CIGAR Camomile,JENTCIGARCAMOMILE,20.0g,20,g,,980,,,https://www.mof.go.jp/policy/tab_salt/topics/20260302_kouriteika.pdf,1,高
ccbc579855402c09,2026-03-02,令和8年3月2日,変更認可,,JENT CIGAR Camomile,JENTCIGARCAMOMILE,100.0g,100,g,,4800,,,https://www.mof.go.jp/policy/tab_salt/topics/20260302_kouriteika.pdf,1,高
89f002b28701abd2,2026-03-02,令和8年3月2日,変更認可,,JENT CIGAR Coconut Cream,JENTCIGARCOCONUTCREAM,20.0g,20,g,,980,,,https://www.mof.go.jp/policy/tab_salt/topics/20260302_kouriteika.pdf,1,高
847c8756b4b32d35,2026-03-02,令和8年3月2日,変更認可,,JENT CIGAR Coconut Cream,JENTCIGARCOCONUTCREAM,100.0g,100,g,,4800,,,https://www.mof.go.jp/policy/tab_salt/topics/20260302_kouriteika.pdf,1,高
81f7e9a8fa8bd9cd,2026-03-02,令和8年3月2日,変更認可,,JENT CIGAR Milky Caramel,JENTCIGARMILKYCARAMEL,100.0g,100,g,,4800,,,https://www.mof.go.jp/policy/tab_salt/topics/20260302_kouriteika.pdf,1,高
b712f9e2eade4c79,2026-03-02,令和8年3月2日,変更認可,,JENT CIGAR Red Sangria,JENTCIGARREDSANGRIA,100.0g,100,g,,4800,,,https://www.mof.go.jp/policy/tab_salt/topics/20260302_kouriteika.pdf,1,高
832e9e7031722c74,2026-03-02,令和8年3月2日,変更認可,,JENT CIGAR Triple Citrus,JENTCIGARTRIPLECITRUS,20.0g,20,g,,980,,,https://www.mof.go.jp/policy/tab_salt/topics/20260302_kouriteika.pdf,1,高
5cb1344e3b04b9c8,2026-03-02,令和8年3月2日,変更認可,,JENT CIGAR Triple Citrus,JENTCIGARTRIPLECITRUS,100.0g,100,g,,4800,,,https://www.mof.go.jp/policy/tab_salt/topics/20260302_kouriteika.pdf,1,高
66d755e2d177ab03,2026-03-02,令和8年3月2日,変更認可,,JENT CIGAR Wild Strawberries,JENTCIGARWILDSTRAWBERRIES,100.0g,100,g,,4800,,,https://www.mof.go.jp/policy/tab_salt/topics/20260302_kouriteika.pdf,1,高
7efb9d9c92b0c2d5,2026-03-02,令和8年3月2日,変更認可,,JENT Classic Peach Station,JENTCLASSICPEACHSTATION,100.0g,100,g,,4800,,,https://www.mof.go.jp/policy/tab_salt/topics/20260302_kouriteika.pdf,1,高
7040ba3e89f45995,2026-03-02,令和8年3月2日,変更認可,,JENT Sweet Double Apple,JENTSWEETDOUBLEAPPLE,100.0g,100,g,,4800,,,https://www.mof.go.jp/policy/tab_salt/topics/20260302_kouriteika.pdf,1,高
80efff2da031d01b,2026-03-02,令和8年3月2日,変更認可,,My Father Blue Robusto,MYFATHERBLUEROBUSTO,133mm 1,,,,2600,,,https://www.mof.go.jp/policy/tab_salt/topics/20260302_kouriteika.pdf,1,高
6c6f5e746116b421,2026-03-02,令和8年3月2日,変更認可,,Cabaiguan Guapo No.52,CABAIGUANGUAPONO.52,111mm 1,,,,2100,,,https://www.mof.go.jp/policy/tab_salt/topics/20260302_kouriteika.pdf,2,高
ec9262b1327cd40c,2026-03-02,令和8年3月2日,変更認可,,Don Pepin Garcia Serie JJ Salomon,DONPEPINGARCIASERIEJJSALOMON,184mm 1,,,,4800,,,https://www.mof.go.jp/policy/tab_salt/topics/20260302_kouriteika.pdf,2,高
08c92073090d3212,2026-03-02,令和8年3月2日,変更認可,,Tatuaje Serie P Honduras Robusto,TATUAJESERIEPHONDURASROBUSTO,127mm 1,,,,1300,,,https://www.mof.go.jp/policy/tab_salt/topics/20260302_kouriteika.pdf,2,高
8fed8df0722a7fe4,2026-02-26,令和8年2月26日,変更認可,,KHALEEJ LIME,KHALEEJLIME,50.0g,50,g,,1700,,,https://www.mof.go.jp/policy/tab_salt/topics/20260226_kouriteika.pdf,1,高
e14263fb9685afe1,2026-02-26,令和8年2月26日,変更認可,,MEZZA Bubbly Darkness,MEZZABUBBLYDARKNESS,100.0g,100,g,,3900,,,https://www.mof.go.jp/policy/tab_salt/topics/20260226_kouriteika.pdf,1,高
6e55ff5f7fba10fc,2026-02-26,令和8年2月26日,変更認可,,MEZZA Cane Mint,MEZZACANEMINT,100.0g,100,g,,3900,,,https://www.mof.go.jp/policy/tab_salt/topics/20260226_kouriteika.pdf,1,高
b2972d50ba3236ef,2026-02-26,令和8年2月26日,変更認可,,MEZZA Creamy Nuts,MEZZACREAMYNUTS,100.0g,100,g,,3900,,,https://www.mof.go.jp/policy/tab_salt/topics/20260226_kouriteika.pdf,1,高
5b7942d1de461d01,2026-02-26,令和8年2月26日,変更認可,,MEZZA Green Crunch,MEZZAGREENCRUNCH,100.0g,100,g,,3900,,,https://www.mof.go.jp/policy/tab_salt/topics/20260226_kouriteika.pdf,1,高
330a23266192541e,2026-02-26,令和8年2月26日,変更認可,,MEZZA Jungle Jive,MEZZAJUNGLEJIVE,100.0g,100,g,,3900,,,https://www.mof.go.jp/policy/tab_salt/topics/20260226_kouriteika.pdf,1,高
6831a6e92e0f1e16,2026-02-26,令和8年2月26日,変更認可,,MEZZA Lemon Drops,MEZZALEMONDROPS,100.0g,100,g,,3900,,,https://www.mof.go.jp/policy/tab_salt/topics/20260226_kouriteika.pdf,1,高
7f3a4e4858df57dd,2026-02-26,令和8年2月26日,変更認可,,MEZZA Lemonergy Coke,MEZZALEMONERGYCOKE,100.0g,100,g,,3900,,,https://www.mof.go.jp/policy/tab_salt/topics/20260226_kouriteika.pdf,1,高
a063f43f7b2fb508,2026-02-26,令和8年2月26日,変更認可,,MEZZA Pear Fection,MEZZAPEARFECTION,100.0g,100,g,,3900,,,https://www.mof.go.jp/policy/tab_salt/topics/20260226_kouriteika.pdf,1,高
726269c0d6bbbce2,2026-02-26,令和8年2月26日,変更認可,,MEZZA Power Punch,MEZZAPOWERPUNCH,100.0g,100,g,,3900,,,https://www.mof.go.jp/policy/tab_salt/topics/20260226_kouriteika.pdf,1,高
4abfd697cab239fc,2026-02-26,令和8年2月26日,変更認可,,MEZZA Rumba Bum,MEZZARUMBABUM,100.0g,100,g,,3900,,,https://www.mof.go.jp/policy/tab_salt/topics/20260226_kouriteika.pdf,1,高
9d0cf162c6f0bfa2,2026-02-26,令和8年2月26日,変更認可,,MEZZA S¾SS-Sauer,MEZZAS¾SS-SAUER,100.0g,100,g,,3900,,,https://www.mof.go.jp/policy/tab_salt/topics/20260226_kouriteika.pdf,1,高
0d9cd87526d62c7d,2026-02-26,令和8年2月26日,変更認可,,MEZZA Tickle Pickles,MEZZATICKLEPICKLES,100.0g,100,g,,3900,,,https://www.mof.go.jp/policy/tab_salt/topics/20260226_kouriteika.pdf,1,高
164c57a2d4f2715e,2026-02-26,令和8年2月26日,変更認可,,MEZZA Tropical Crown,MEZZATROPICALCROWN,100.0g,100,g,,3900,,,https://www.mof.go.jp/policy/tab_salt/topics/20260226_kouriteika.pdf,1,高
6cd478f8c54f60ad,2026-02-26,令和8年2月26日,変更認可,,ROYAL SMOKIN BISCOFF,ROYALSMOKINBISCOFF,50.0g,50,g,,1750,,,https://www.mof.go.jp/policy/tab_salt/topics/20260226_kouriteika.pdf,1,高
156defefbf4e6d5d,2026-02-26,令和8年2月26日,変更認可,,ROYAL SMOKIN DOUBLE APPLE,ROYALSMOKINDOUBLEAPPLE,50.0g,50,g,,1750,,,https://www.mof.go.jp/policy/tab_salt/topics/20260226_kouriteika.pdf,1,高
14fef513a55a5916,2026-02-26,令和8年2月26日,変更認可,,ROYAL SMOKIN MILLION DOLLAR,ROYALSMOKINMILLIONDOLLAR,50.0g,50,g,,1750,,,https://www.mof.go.jp/policy/tab_salt/topics/20260226_kouriteika.pdf,1,高
574380b78f1c3265,2026-02-26,令和8年2月26日,変更認可,,ROYAL SMOKIN MINT,ROYALSMOKINMINT,50.0g,50,g,,1750,,,https://www.mof.go.jp/policy/tab_salt/topics/20260226_kouriteika.pdf,1,高
c1900c579500a8be,2026-02-26,令和8年2月26日,変更認可,,Tombacco Blackline Aloe Vera,TOMBACCOBLACKLINEALOEVERA,50.0g,50,g,,2000,,,https://www.mof.go.jp/policy/tab_salt/topics/20260226_kouriteika.pdf,1,高
a6de223421d8d4d8,2026-02-26,令和8年2月26日,変更認可,,Tombacco Blackline Bergamot,TOMBACCOBLACKLINEBERGAMOT,50.0g,50,g,,2000,,,https://www.mof.go.jp/policy/tab_salt/topics/20260226_kouriteika.pdf,1,高
1dea324c097fae57,2026-02-26,令和8年2月26日,変更認可,,Tombacco Blackline Booster,TOMBACCOBLACKLINEBOOSTER,50.0g,50,g,,2000,,,https://www.mof.go.jp/policy/tab_salt/topics/20260226_kouriteika.pdf,1,高
8072f48f908411fa,2026-02-26,令和8年2月26日,変更認可,,Tombacco Blackline Cardamom,TOMBACCOBLACKLINECARDAMOM,50.0g,50,g,,2000,,,https://www.mof.go.jp/policy/tab_salt/topics/20260226_kouriteika.pdf,1,高
eeb78b0ec8308dce,2026-02-26,令和8年2月26日,変更認可,,Tombacco Blackline Moroccan Tea,TOMBACCOBLACKLINEMOROCCANTEA,50.0g,50,g,,2000,,,https://www.mof.go.jp/policy/tab_salt/topics/20260226_kouriteika.pdf,1,高
3c4f36aa0befad02,2026-02-26,令和8年2月26日,変更認可,,Tombacco Blackline Sour Lychee,TOMBACCOBLACKLINESOURLYCHEE,50.0g,50,g,,2000,,,https://www.mof.go.jp/policy/tab_salt/topics/20260226_kouriteika.pdf,1,高
3d0e0aea0e0e9848,2026-02-26,令和8年2月26日,変更認可,,Tombacco Whiteline Grape,TOMBACCOWHITELINEGRAPE,50.0g,50,g,,1630,,,https://www.mof.go.jp/policy/tab_salt/topics/20260226_kouriteika.pdf,1,高
35d3b8dbe2e6dc04,2026-02-26,令和8年2月26日,変更認可,,Tombacco Whiteline Ice,TOMBACCOWHITELINEICE,50.0g,50,g,,1630,,,https://www.mof.go.jp/policy/tab_salt/topics/20260226_kouriteika.pdf,1,高
cc18cfb4ea57c971,2026-02-26,令和8年2月26日,変更認可,,Tombacco Whiteline Lemon,TOMBACCOWHITELINELEMON,50.0g,50,g,,1630,,,https://www.mof.go.jp/policy/tab_salt/topics/20260226_kouriteika.pdf,1,高
e1951e0bb19cc523,2026-02-26,令和8年2月26日,変更認可,,Tombacco Whiteline Lemongrass,TOMBACCOWHITELINELEMONGRASS,50.0g,50,g,,1630,,,https://www.mof.go.jp/policy/tab_salt/topics/20260226_kouriteika.pdf,1,高
536d2945084e3450,2026-02-26,令和8年2月26日,変更認可,,Tombacco Whiteline Pan Raas,TOMBACCOWHITELINEPANRAAS,50.0g,50,g,,1630,,,https://www.mof.go.jp/policy/tab_salt/topics/20260226_kouriteika.pdf,1,高
bfe6a117af321f70,2026-02-26,令和8年2月26日,変更認可,,MEZZA Maramanga,MEZZAMARAMANGA,100.0g,100,g,,3900,,,https://www.mof.go.jp/policy/tab_salt/topics/20260226_kouriteika.pdf,2,高
c22f1b0cbe6ea638,2026-02-26,令和8年2月26日,変更認可,,MEZZA North,MEZZANORTH,100.0g,100,g,,3900,,,https://www.mof.go.jp/policy/tab_salt/topics/20260226_kouriteika.pdf,2,高
18772a574c54541d,2026-02-26,令和8年2月26日,変更認可,,ｴﾎﾞ･ｶｶｵ･ﾐﾝﾄ･ｸﾘｽﾀﾙ･ﾌﾟﾙｰﾑ,エボカカオミントクリスタルプルーム,4.0g20,4,g,,580,550,2026-04-01,https://www.mof.go.jp/policy/tab_salt/topics/20260226_kouriteikahenkou.pdf,1,高
bfdf2e9d7c175ae6,2026-02-26,令和8年2月26日,変更認可,,ｴﾎﾞ･ｸﾞﾘｰﾝ･ﾐﾝﾄ･ﾌﾟﾙｰﾑ,エボグリーンミントプルーム,4.4g20,4.4,g,,580,550,2026-04-01,https://www.mof.go.jp/policy/tab_salt/topics/20260226_kouriteikahenkou.pdf,1,高
76d0c5e07a160cd2,2026-02-26,令和8年2月26日,変更認可,,ｴﾎﾞ･ｺｰﾙﾄﾞ･ﾒﾝｿｰﾙ･ﾌﾟﾙｰﾑ,エボコールドメンソールプルーム,4.4g20,4.4,g,,580,550,2026-04-01,https://www.mof.go.jp/policy/tab_salt/topics/20260226_kouriteikahenkou.pdf,1,高
9dd35bafa5493aad,2026-02-26,令和8年2月26日,変更認可,,ｴﾎﾞ･ｻｸﾗ･ﾚｷﾞｭﾗｰ･ﾌﾟﾙｰﾑ,エボサクラレギュラープルーム,4.4g20,4.4,g,,580,550,2026-04-01,https://www.mof.go.jp/policy/tab_salt/topics/20260226_kouriteikahenkou.pdf,1,高
e704f09948c6e64a,2026-02-26,令和8年2月26日,変更認可,,ｴﾎﾞ･ﾃﾞｨｰﾌﾟ･ﾚｷﾞｭﾗｰ･ﾌﾟﾙｰﾑ,エボディープレギュラープルーム,4.4g20,4.4,g,,580,550,2026-04-01,https://www.mof.go.jp/policy/tab_salt/topics/20260226_kouriteikahenkou.pdf,1,高
f27372df5653d616,2026-02-26,令和8年2月26日,変更認可,,ｴﾎﾞ･ﾄﾛﾋﾟｶﾙ･ﾊﾞﾅﾅ･ｸﾘｽﾀﾙ･ﾌﾟﾙｰﾑ,エボトロピカルバナナクリスタルプルーム,4.0g20,4,g,,580,550,2026-04-01,https://www.mof.go.jp/policy/tab_salt/topics/20260226_kouriteikahenkou.pdf,1,高
63bf2c94925d43ea,2026-02-26,令和8年2月26日,変更認可,,ｴﾎﾞ･ﾄﾛﾋﾟｶﾙ･ﾍﾞﾘｰ･ｸﾘｽﾀﾙ･ﾌﾟﾙｰﾑ,エボトロピカルベリークリスタルプルーム,4.0g20,4,g,,580,550,2026-04-01,https://www.mof.go.jp/policy/tab_salt/topics/20260226_kouriteikahenkou.pdf,1,高
1978002d3707241a,2026-02-26,令和8年2月26日,変更認可,,ｴﾎﾞ･ﾄﾛﾋﾟｶﾙ･ﾗｲﾑ･ｸﾘｽﾀﾙ･ﾌﾟﾙｰﾑ,エボトロピカルライムクリスタルプルーム,4.0g20,4,g,,580,550,2026-04-01,https://www.mof.go.jp/policy/tab_salt/topics/20260226_kouriteikahenkou.pdf,1,高
4a836de3a9aafe0b,2026-02-26,令和8年2月26日,変更認可,,ｴﾎﾞ･ﾊﾁﾐﾂ･ﾚﾓﾝ･ｸﾘｽﾀﾙ･ﾌﾟﾙｰﾑ,エボハチミツレモンクリスタルプルーム,4.0g20,4,g,,580,550,2026-04-01,https://www.mof.go.jp/policy/tab_salt/topics/20260226_kouriteikahenkou.pdf,1,高
4e6d55acbfef0e06,2026-02-26,令和8年2月26日,変更認可,,ｴﾎﾞ･ﾌﾞﾗｯｸ･ﾒﾝｿｰﾙ･ﾌﾟﾙｰﾑ,エボブラックメンソールプルーム,4.0g20,4,g,,580,550,2026-04-01,https://www.mof.go.jp/policy/tab_salt/topics/20260226_kouriteikahenkou.pdf,1,高
4bd64327ae7015c0,2026-02-26,令和8年2月26日,変更認可,,ｴﾎﾞ･ﾌﾚｯｼｭ･ﾐﾝﾄ･ﾌﾟﾙｰﾑ,エボフレッシュミントプルーム,4.4g20,4.4,g,,580,550,2026-04-01,https://www.mof.go.jp/policy/tab_salt/topics/20260226_kouriteikahenkou.pdf,1,高
0e4d39576c8f8fe2,2026-02-26,令和8年2月26日,変更認可,,ｴﾎﾞ･ﾍﾞﾘｰ･ｸﾘｽﾀﾙ･ﾌﾟﾙｰﾑ,エボベリークリスタルプルーム,4.0g20,4,g,,580,550,2026-04-01,https://www.mof.go.jp/policy/tab_salt/topics/20260226_kouriteikahenkou.pdf,1,高
7049a9fddf171640,2026-02-26,令和8年2月26日,変更認可,,ｷｬﾒﾙ･ｽﾑｰｽ･ﾌﾟﾙｰﾑ,キャメルスムースプルーム,4.4g20,4.4,g,,530,500,2026-04-01,https://www.mof.go.jp/policy/tab_salt/topics/20260226_kouriteikahenkou.pdf,1,高
0dcd7af4820d0eb3,2026-02-26,令和8年2月26日,変更認可,,ｷｬﾒﾙ･ﾍﾞﾘｰ･ｵﾌﾟｼｮﾝ･ﾌﾟﾙｰﾑ,キャメルベリーオプションプルーム,4.0g20,4,g,,530,500,2026-04-01,https://www.mof.go.jp/policy/tab_salt/topics/20260226_kouriteikahenkou.pdf,1,高
21fbbec1bc6a5d4e,2026-02-26,令和8年2月26日,変更認可,,ｷｬﾒﾙ･ﾒﾝｿｰﾙ･ｺｰﾙﾄﾞ･ﾌﾟﾙｰﾑ,キャメルメンソールコールドプルーム,4.4g20,4.4,g,,530,500,2026-04-01,https://www.mof.go.jp/policy/tab_salt/topics/20260226_kouriteikahenkou.pdf,1,高
ce75cbf6507c26b8,2026-02-26,令和8年2月26日,変更認可,,ｷｬﾒﾙ･ﾒﾝｿｰﾙ･ﾌﾚｯｼｭ･ﾌﾟﾙｰﾑ,キャメルメンソールフレッシュプルーム,4.4g20,4.4,g,,530,500,2026-04-01,https://www.mof.go.jp/policy/tab_salt/topics/20260226_kouriteikahenkou.pdf,1,高
ffdd6055c2e774c1,2026-02-26,令和8年2月26日,変更認可,,ｷｬﾒﾙ･ﾒﾝｿｰﾙ･ﾍﾞﾘｰ･ﾌﾟﾙｰﾑ,キャメルメンソールベリープルーム,4.0g20,4,g,,530,500,2026-04-01,https://www.mof.go.jp/policy/tab_salt/topics/20260226_kouriteikahenkou.pdf,1,高
347e6491875a50cf,2026-02-26,令和8年2月26日,変更認可,,ｷｬﾒﾙ･ﾒﾝｿｰﾙ･ﾏｽｶｯﾄ･ﾌﾟﾙｰﾑ,キャメルメンソールマスカットプルーム,4.0g20,4,g,,530,500,2026-04-01,https://www.mof.go.jp/policy/tab_salt/topics/20260226_kouriteikahenkou.pdf,1,高
59717cd551be8ce5,2026-02-26,令和8年2月26日,変更認可,,ｷｬﾒﾙ･ﾘｯﾁ･ﾌﾟﾙｰﾑ,キャメルリッチプルーム,4.4g20,4.4,g,,530,500,2026-04-01,https://www.mof.go.jp/policy/tab_salt/topics/20260226_kouriteikahenkou.pdf,1,高
84b648d2e3b7f58a,2026-02-26,令和8年2月26日,変更認可,,ﾒﾋﾞｳｽ･ｱｯﾌﾟﾙ･ｵﾌﾟｼｮﾝ･ﾌﾟﾙｰﾑ,メビウスアップルオプションプルーム,4.0g20,4,g,,550,520,2026-04-01,https://www.mof.go.jp/policy/tab_salt/topics/20260226_kouriteikahenkou.pdf,1,高
d5a5b3a9ede55ee1,2026-02-26,令和8年2月26日,変更認可,,ﾒﾋﾞｳｽ･ｱﾛﾏﾘｯﾁ･ﾚｷﾞｭﾗｰ･ﾌﾟﾙｰﾑ,メビウスアロマリッチレギュラープルーム,4.4g20,4.4,g,,550,520,2026-04-01,https://www.mof.go.jp/policy/tab_salt/topics/20260226_kouriteikahenkou.pdf,1,高
1a6ac8a017a5bac3,2026-02-26,令和8年2月26日,変更認可,,ﾒﾋﾞｳｽ･ｺﾞｰﾙﾄﾞ･ﾊﾟｰﾌﾟﾙ･ﾐﾝﾄ･ｳｨｽﾞ,メビウスゴールドパープルミントウィズ,2.6g5,2.6,g,,620,600,2026-04-01,https://www.mof.go.jp/policy/tab_salt/topics/20260226_kouriteikahenkou.pdf,1,高
f69abd694ef34a43,2026-02-26,令和8年2月26日,変更認可,,ﾒﾋﾞｳｽ･ｺｰﾙﾄﾞ･ﾒﾝｿｰﾙ･ﾌﾟﾙｰﾑ,メビウスコールドメンソールプルーム,4.4g20,4.4,g,,550,520,2026-04-01,https://www.mof.go.jp/policy/tab_salt/topics/20260226_kouriteikahenkou.pdf,1,高
8f8e9ed0546fb4a1,2026-02-26,令和8年2月26日,変更認可,,ﾒﾋﾞｳｽ･ｺﾞｰﾙﾄﾞ･ﾚｯﾄﾞ･ﾐﾝﾄ･ｳｨｽﾞ,メビウスゴールドレッドミントウィズ,2.6g5,2.6,g,,620,600,2026-04-01,https://www.mof.go.jp/policy/tab_salt/topics/20260226_kouriteikahenkou.pdf,1,高
86f1aaeb0c67606c,2026-02-26,令和8年2月26日,変更認可,,ﾒﾋﾞｳｽ･ｼﾄﾗｽ･ｵﾌﾟｼｮﾝ･ﾌﾟﾙｰﾑ,メビウスシトラスオプションプルーム,4.0g20,4,g,,550,520,2026-04-01,https://www.mof.go.jp/policy/tab_salt/topics/20260226_kouriteikahenkou.pdf,1,高
231b74416442a821,2026-02-26,令和8年2月26日,変更認可,,ﾒﾋﾞｳｽ･ｼｬｰﾌﾟ･ｺｰﾙﾄﾞ･ﾒﾝｿｰﾙ･ﾌﾟﾙｰﾑ,メビウスシャープコールドメンソールプルーム,4.4g20,4.4,g,,550,520,2026-04-01,https://www.mof.go.jp/policy/tab_salt/topics/20260226_kouriteikahenkou.pdf,1,高
a321c0a9699810c7,2026-02-26,令和8年2月26日,変更認可,,ﾒﾋﾞｳｽ･ｽﾑｰｽ･ﾚｷﾞｭﾗｰ･ﾌﾟﾙｰﾑ,メビウススムースレギュラープルーム,4.4g20,4.4,g,,550,520,2026-04-01,https://www.mof.go.jp/policy/tab_salt/topics/20260226_kouriteikahenkou.pdf,1,高
fdf6b9185aa63147,2026-02-26,令和8年2月26日,変更認可,,ﾒﾋﾞｳｽ･ﾃﾞｨｰﾌﾟ･ﾚｷﾞｭﾗｰ･ﾌﾟﾙｰﾑ,メビウスディープレギュラープルーム,4.4g20,4.4,g,,550,520,2026-04-01,https://www.mof.go.jp/policy/tab_salt/topics/20260226_kouriteikahenkou.pdf,1,高
d80a4efdbbaa1ac5,2026-02-26,令和8年2月26日,変更認可,,ﾒﾋﾞｳｽ･ﾌﾞﾗｯｸ･ｺｰﾙﾄﾞ･ﾒﾝｿｰﾙ･ﾌﾟﾙｰﾑ,メビウスブラックコールドメンソールプルーム,4.0g20,4,g,,550,520,2026-04-01,https://www.mof.go.jp/policy/tab_salt/topics/20260226_kouriteikahenkou.pdf,1,高
73512304c13c2f5b,2026-02-26,令和8年2月26日,変更認可,,ﾒﾋﾞｳｽ･ﾌﾟﾚﾐｱﾑｺﾞｰﾙﾄﾞ･ｼﾙｸ･ﾚｷﾞｭﾗｰ･ｳｨｽﾞ,メビウスプレミアムゴールドシルクレギュラーウィズ,3.0g5,3,g,,620,600,2026-04-01,https://www.mof.go.jp/policy/tab_salt/topics/20260226_kouriteikahenkou.pdf,1,高
73c42ae11232ec25,2026-02-26,令和8年2月26日,変更認可,,ﾒﾋﾞｳｽ･ﾌﾟﾚﾐｱﾑｺﾞｰﾙﾄﾞ･ﾌﾛｰｽﾞﾝ･ｳｨｽﾞ,メビウスプレミアムゴールドフローズンウィズ,2.6g5,2.6,g,,620,600,2026-04-01,https://www.mof.go.jp/policy/tab_salt/topics/20260226_kouriteikahenkou.pdf,1,高
3fbebec65ade5495,2026-02-26,令和8年2月26日,変更認可,,ﾒﾋﾞｳｽ･ﾌﾟﾚﾐｱﾑｺﾞｰﾙﾄﾞ･ﾒﾝｿｰﾙ･ｳｨｽﾞ,メビウスプレミアムゴールドメンソールウィズ,2.6g5,2.6,g,,620,600,2026-04-01,https://www.mof.go.jp/policy/tab_salt/topics/20260226_kouriteikahenkou.pdf,1,高
38a6225d92ee9cf5,2026-02-26,令和8年2月26日,変更認可,,ﾒﾋﾞｳｽ･ﾌﾟﾚﾐｱﾑｺﾞｰﾙﾄﾞ･ﾚｷﾞｭﾗｰ･ｳｨｽﾞ,メビウスプレミアムゴールドレギュラーウィズ,2.6g5,2.6,g,,620,600,2026-04-01,https://www.mof.go.jp/policy/tab_salt/topics/20260226_kouriteikahenkou.pdf,1,高
ae9bbc5f069607a8,2026-02-26,令和8年2月26日,変更認可,,ﾒﾋﾞｳｽ･ﾍﾟｱｰ･ｵﾌﾟｼｮﾝ･ﾌﾟﾙｰﾑ,メビウスペアーオプションプルーム,4.0g20,4,g,,550,520,2026-04-01,https://www.mof.go.jp/policy/tab_salt/topics/20260226_kouriteikahenkou.pdf,1,高
97d9c819d9838613,2026-02-26,令和8年2月26日,変更認可,,ﾒﾋﾞｳｽ･ﾍﾞﾘｰ･ｵﾌﾟｼｮﾝ･ﾌﾟﾙｰﾑ,メビウスベリーオプションプルーム,4.0g20,4,g,,550,520,2026-04-01,https://www.mof.go.jp/policy/tab_salt/topics/20260226_kouriteikahenkou.pdf,1,高
e8f470375f574ea0,2026-02-26,令和8年2月26日,変更認可,,ﾒﾋﾞｳｽ･ﾏｽｶｯﾄ･ｵﾌﾟｼｮﾝ･ﾌﾟﾙｰﾑ,メビウスマスカットオプションプルーム,4.0g20,4,g,,550,520,2026-04-01,https://www.mof.go.jp/policy/tab_salt/topics/20260226_kouriteikahenkou.pdf,1,高
daeb241759456f78,2026-02-26,令和8年2月26日,変更認可,,ﾒﾋﾞｳｽ･ﾐｯｸｽ･ﾐﾝﾄ･ﾒﾝｿｰﾙ･ﾌﾟﾙｰﾑ,メビウスミックスミントメンソールプルーム,4.4g20,4.4,g,,550,520,2026-04-01,https://www.mof.go.jp/policy/tab_salt/topics/20260226_kouriteikahenkou.pdf,1,高
c2d64784944ff725,2026-02-26,令和8年2月26日,変更認可,,ｷｬﾒﾙ･ｽﾑｰｽ･ﾌﾟﾙｰﾑ･ｴｯｸｽ･ﾌﾟﾙｰﾑ･ｴｽ,キャメルスムースプルームエックスプルームエス,5.1g20,5.1,g,,530,500,2026-04-01,https://www.mof.go.jp/policy/tab_salt/topics/20260226_kouriteikahenkou.pdf,2,高
85cc5d53010b2ecc,2026-02-26,令和8年2月26日,変更認可,,ｷｬﾒﾙ･ﾊﾟｰﾌﾟﾙ･ｵﾌﾟｼｮﾝ･ﾌﾟﾙｰﾑ･ｴｯｸｽ,キャメルパープルオプションプルームエックス,5.4g20,5.4,g,,530,500,2026-04-01,https://www.mof.go.jp/policy/tab_salt/topics/20260226_kouriteikahenkou.pdf,2,高
f0d872aff711f69a,2026-02-26,令和8年2月26日,変更認可,,ｷｬﾒﾙ･ﾒﾝｿｰﾙ･ｺｰﾙﾄﾞ･ﾌﾟﾙｰﾑ･ｴｯｸｽ･ﾌﾟﾙｰﾑ･ｴｽ,キャメルメンソールコールドプルームエックスプルームエス,5.3g20,5.3,g,,530,500,2026-04-01,https://www.mof.go.jp/policy/tab_salt/topics/20260226_kouriteikahenkou.pdf,2,高
70baa6a2bc37d9e0,2026-02-26,令和8年2月26日,変更認可,,ｷｬﾒﾙ･ﾒﾝｿｰﾙ･ﾊﾟｰﾌﾟﾙ･ﾌﾟﾙｰﾑ･ｴｯｸｽ･ﾌﾟﾙｰﾑ･ｴｽ,キャメルメンソールパープルプルームエックスプルームエス,5.3g20,5.3,g,,530,500,2026-04-01,https://www.mof.go.jp/policy/tab_salt/topics/20260226_kouriteikahenkou.pdf,2,高
bd293b50ffbc183e,2026-02-26,令和8年2月26日,変更認可,,ｷｬﾒﾙ･ﾒﾝｿｰﾙ･ﾌﾚｯｼｭ･ﾌﾟﾙｰﾑ･ｴｯｸｽ,キャメルメンソールフレッシュプルームエックス,5.2g20,5.2,g,,530,500,2026-04-01,https://www.mof.go.jp/policy/tab_salt/topics/20260226_kouriteikahenkou.pdf,2,高
38a752a42ee0a63e,2026-02-26,令和8年2月26日,変更認可,,ｷｬﾒﾙ･ﾒﾝｿｰﾙ･ﾏｽｶｯﾄｸﾞﾘｰﾝ･ﾌﾟﾙｰﾑ･ｴｯｸｽ･ﾌﾟﾙｰﾑ･ｴｽ,キャメルメンソールマスカットグリーンプルームエックスプルームエス,5.4g20,5.4,g,,530,500,2026-04-01,https://www.mof.go.jp/policy/tab_salt/topics/20260226_kouriteikahenkou.pdf,2,高
7424556df3dd8f99,2026-02-26,令和8年2月26日,変更認可,,ｷｬﾒﾙ･ﾘｯﾁ･ﾌﾟﾙｰﾑ,キャメルリッチプルーム,4.4g20,4.4,g,,530,500,2026-04-01,https://www.mof.go.jp/policy/tab_salt/topics/20260226_kouriteikahenkou.pdf,2,高
8f4858fdd7d0204a,2026-02-26,令和8年2月26日,変更認可,,ｷｬﾒﾙ･ﾘｯﾁ･ﾌﾟﾙｰﾑ･ｴｯｸｽ･ﾌﾟﾙｰﾑ･ｴｽ,キャメルリッチプルームエックスプルームエス,5.2g20,5.2,g,,530,500,2026-04-01,https://www.mof.go.jp/policy/tab_salt/topics/20260226_kouriteikahenkou.pdf,2,高
7ea39f2945067509,2026-02-26,令和8年2月26日,変更認可,,ﾒﾋﾞｳｽ･ｱﾛﾏﾘｯﾁ･ﾚｷﾞｭﾗｰ･ﾌﾟﾙｰﾑ･ｴｯｸｽ,メビウスアロマリッチレギュラープルームエックス,5.0g20,5,g,,550,520,2026-04-01,https://www.mof.go.jp/policy/tab_salt/topics/20260226_kouriteikahenkou.pdf,2,高
2f5c5f09650161c6,2026-02-26,令和8年2月26日,変更認可,,ﾒﾋﾞｳｽ･ｲｴﾛｰ･ｵﾌﾟｼｮﾝ･ﾌﾟﾙｰﾑ･ｴｯｸｽ,メビウスイエローオプションプルームエックス,5.4g20,5.4,g,,550,520,2026-04-01,https://www.mof.go.jp/policy/tab_salt/topics/20260226_kouriteikahenkou.pdf,2,高
0fe268f52755414e,2026-02-26,令和8年2月26日,変更認可,,ﾒﾋﾞｳｽ･ｺｰﾙﾄﾞ･ﾒﾝｿｰﾙ･ﾌﾟﾙｰﾑ･ｴｯｸｽ,メビウスコールドメンソールプルームエックス,5.2g20,5.2,g,,550,520,2026-04-01,https://www.mof.go.jp/policy/tab_salt/topics/20260226_kouriteikahenkou.pdf,2,高
ff0658f89ff823b5,2026-02-26,令和8年2月26日,変更認可,,ﾒﾋﾞｳｽ･ｼｬｰﾌﾟ･ｺｰﾙﾄﾞ･ﾒﾝｿｰﾙ･ﾌﾟﾙｰﾑ･ｴｯｸｽ,メビウスシャープコールドメンソールプルームエックス,5.2g20,5.2,g,,550,520,2026-04-01,https://www.mof.go.jp/policy/tab_salt/topics/20260226_kouriteikahenkou.pdf,2,高
54b982247c5d056a,2026-02-26,令和8年2月26日,変更認可,,ﾒﾋﾞｳｽ･ｽﾑｰｽ･ﾚｷﾞｭﾗｰ･ﾌﾟﾙｰﾑ,メビウススムースレギュラープルーム,4.4g20,4.4,g,,550,520,2026-04-01,https://www.mof.go.jp/policy/tab_salt/topics/20260226_kouriteikahenkou.pdf,2,高
d8dcff4e5a3e1722,2026-02-26,令和8年2月26日,変更認可,,ﾒﾋﾞｳｽ･ｽﾑｰｽ･ﾚｷﾞｭﾗｰ･ﾌﾟﾙｰﾑ･ｴｯｸｽ,メビウススムースレギュラープルームエックス,5.0g20,5,g,,550,520,2026-04-01,https://www.mof.go.jp/policy/tab_salt/topics/20260226_kouriteikahenkou.pdf,2,高
83440d5ae51bfdd6,2026-02-26,令和8年2月26日,変更認可,,ﾒﾋﾞｳｽ･ﾃﾞｨｰﾌﾟ･ﾚｷﾞｭﾗｰ･ﾌﾟﾙｰﾑ,メビウスディープレギュラープルーム,4.4g20,4.4,g,,550,520,2026-04-01,https://www.mof.go.jp/policy/tab_salt/topics/20260226_kouriteikahenkou.pdf,2,高
d7aa1776ad0aa52b,2026-02-26,令和8年2月26日,変更認可,,ﾒﾋﾞｳｽ･ﾃﾞｨｰﾌﾟ･ﾚｷﾞｭﾗｰ･ﾌﾟﾙｰﾑ･ｴｯｸｽ,メビウスディープレギュラープルームエックス,5.0g20,5,g,,550,520,2026-04-01,https://www.mof.go.jp/policy/tab_salt/topics/20260226_kouriteikahenkou.pdf,2,高
8c2a491b35c9b130,2026-02-26,令和8年2月26日,変更認可,,ﾒﾋﾞｳｽ･ﾊﾟｰﾌﾟﾙ･ｵﾌﾟｼｮﾝ･ﾌﾟﾙｰﾑ･ｴｯｸｽ,メビウスパープルオプションプルームエックス,5.4g20,5.4,g,,550,520,2026-04-01,https://www.mof.go.jp/policy/tab_salt/topics/20260226_kouriteikahenkou.pdf,2,高
dcd476f5c830967c,2026-02-26,令和8年2月26日,変更認可,,ﾒﾋﾞｳｽ･ﾌﾞﾗｯｸ･ｺｰﾙﾄﾞ･ﾒﾝｿｰﾙ･ﾌﾟﾙｰﾑ･ｴｯｸｽ,メビウスブラックコールドメンソールプルームエックス,4.7g20,4.7,g,,550,520,2026-04-01,https://www.mof.go.jp/policy/tab_salt/topics/20260226_kouriteikahenkou.pdf,2,高
d380eb23cd619b99,2026-02-26,令和8年2月26日,変更認可,,ﾒﾋﾞｳｽ･ﾍﾞｲｽﾞ･ｵﾌﾟｼｮﾝ･ﾌﾟﾙｰﾑ･ｴｯｸｽ,メビウスベイズオプションプルームエックス,4.7g20,4.7,g,,550,520,2026-04-01,https://www.mof.go.jp/policy/tab_salt/topics/20260226_kouriteikahenkou.pdf,2,高
43a64a34a4ea6036,2026-02-26,令和8年2月26日,変更認可,,ﾒﾋﾞｳｽ･ﾏｽｶｯﾄｸﾞﾘｰﾝ･ｵﾌﾟｼｮﾝ･ﾌﾟﾙｰﾑ･ｴｯｸｽ,メビウスマスカットグリーンオプションプルームエックス,5.4g20,5.4,g,,550,520,2026-04-01,https://www.mof.go.jp/policy/tab_salt/topics/20260226_kouriteikahenkou.pdf,2,高
569f91bf02c59aaa,2026-02-26,令和8年2月26日,変更認可,,ﾒﾋﾞｳｽ･ﾐｯｸｽ･ﾐﾝﾄ･ﾒﾝｿｰﾙ･ﾌﾟﾙｰﾑ･ｴｯｸｽ,メビウスミックスミントメンソールプルームエックス,4.9g20,4.9,g,,550,520,2026-04-01,https://www.mof.go.jp/policy/tab_salt/topics/20260226_kouriteikahenkou.pdf,2,高
ffb58d4daff13bfd,2026-02-26,令和8年2月26日,変更認可,,ﾒﾋﾞｳｽ･ﾚｯﾄﾞ･ｵﾌﾟｼｮﾝ･ﾌﾟﾙｰﾑ･ｴｯｸｽ,メビウスレッドオプションプルームエックス,5.4g20,5.4,g,,550,520,2026-04-01,https://www.mof.go.jp/policy/tab_salt/topics/20260226_kouriteikahenkou.pdf,2,高
1699597c57aa04c5,2026-02-20,令和8年2月20日,変更認可,,BdR 1787 ﾚｲﾝﾌｫﾚｽﾄ ﾗﾝｾﾛ,BDR1787レインフォレストランセロ,197mm 1,,,,2750,,,https://www.mof.go.jp/policy/tab_salt/topics/20260220_kouriteika.pdf,1,高
7306c12791a3cf27,2026-02-20,令和8年2月20日,変更認可,,BdR ﾋﾞｾﾝﾃﾅﾘｵ ﾛﾌﾞｽﾄ,BDRビセンテナリオロブスト,127mm 1,,,,2700,,,https://www.mof.go.jp/policy/tab_salt/topics/20260220_kouriteika.pdf,1,高
e0f875b80c5c6901,2026-02-20,令和8年2月20日,変更認可,,JG ﾗﾝｾﾛ,JGランセロ,194mm 1,,,,4000,,,https://www.mof.go.jp/policy/tab_salt/topics/20260220_kouriteika.pdf,1,高
7f6fe61c70bb33af,2026-02-20,令和8年2月20日,変更認可,,ｴﾙ ﾌﾞﾙﾋｰﾄ ｸﾞﾗﾝﾄﾛ LE2025,エルブルヒートグラントロLE2025,150mm 1,,,,3350,,,https://www.mof.go.jp/policy/tab_salt/topics/20260220_kouriteika.pdf,1,高
03164f14ea8dd328,2026-02-16,令和8年2月16日,変更認可,加熱式たばこ,ﾃﾘｱ･ｲｴﾛｰ･ﾒﾝｿｰﾙ,テリアイエローメンソール,F45 20ｽﾃｨｯｸﾊｰﾄﾞﾊﾟｯｸ5.4g,20,スティック,ﾙｰﾏﾆｱｲﾀﾘｱ,620,580,2026-04-01,https://www.mof.go.jp/policy/tab_salt/topics/20260216_kouriteikahenkou.pdf,1,高
666b7255255e14ad,2026-02-16,令和8年2月16日,変更認可,加熱式たばこ,ﾃﾘｱ･ｳｫｰﾑ･ﾚｷﾞｭﾗｰ,テリアウォームレギュラー,ﾊｰﾄﾞﾊﾟｯｸ,,,ｷﾞﾘｼｬ,620,580,2026-04-01,https://www.mof.go.jp/policy/tab_salt/topics/20260216_kouriteikahenkou.pdf,1,高
85d0c612112876bb,2026-02-16,令和8年2月16日,変更認可,加熱式たばこ,ﾃﾘｱ･ｸﾘｱ･ﾚｷﾞｭﾗｰ,テリアクリアレギュラー,F45 20ｽﾃｨｯｸﾊｰﾄﾞﾊﾟｯｸ5.3g,20,スティック,大韓民国ﾙｰﾏﾆｱｷﾞﾘｼｬｲﾀﾘｱ,620,580,2026-04-01,https://www.mof.go.jp/policy/tab_salt/topics/20260216_kouriteikahenkou.pdf,1,高
ad5daa52cb8c2395,2026-02-16,令和8年2月16日,変更認可,加熱式たばこ,ﾃﾘｱ･ｽﾑｰｽ･ﾚｷﾞｭﾗｰ,テリアスムースレギュラー,ﾊｰﾄﾞﾊﾟｯｸ,,,ｷﾞﾘｼｬ,620,580,2026-04-01,https://www.mof.go.jp/policy/tab_salt/topics/20260216_kouriteikahenkou.pdf,1,高
18977eb63293224e,2026-02-16,令和8年2月16日,変更認可,加熱式たばこ,ﾃﾘｱ･ﾊﾞﾗﾝｽﾄﾞ･ﾚｷﾞｭﾗｰ,テリアバランスドレギュラー,ﾊｰﾄﾞﾊﾟｯｸ,,,ｲﾀﾘｱ,620,580,2026-04-01,https://www.mof.go.jp/policy/tab_salt/topics/20260216_kouriteikahenkou.pdf,1,高
ee01d9b055c6cc31,2026-02-16,令和8年2月16日,変更認可,加熱式たばこ,ﾃﾘｱ･ﾌﾞﾗｯｸ･ｲｴﾛｰ･ﾒﾝｿｰﾙ,テリアブラックイエローメンソール,ﾊｰﾄﾞﾊﾟｯｸ,,,ｷﾞﾘｼｬ,620,580,2026-04-01,https://www.mof.go.jp/policy/tab_salt/topics/20260216_kouriteikahenkou.pdf,1,高
ab6222af3b8befc7,2026-02-16,令和8年2月16日,変更認可,加熱式たばこ,ﾃﾘｱ･ﾌﾞﾗｯｸ･ｻﾝｼｬｲﾝ･ﾒﾝｿｰﾙ,テリアブラックサンシャインメンソール,ﾊｰﾄﾞﾊﾟｯｸ,,,ｷﾞﾘｼｬ,620,580,2026-04-01,https://www.mof.go.jp/policy/tab_salt/topics/20260216_kouriteikahenkou.pdf,1,高
cb48a6577c8ae28a,2026-02-16,令和8年2月16日,変更認可,加熱式たばこ,ﾃﾘｱ･ﾌﾞﾗｯｸ･ﾊﾟｰﾌﾟﾙ･ﾒﾝｿｰﾙ,テリアブラックパープルメンソール,F45 20ｽﾃｨｯｸﾊｰﾄﾞﾊﾟｯｸ5.4g,20,スティック,ｷﾞﾘｼｬｲﾀﾘｱ,620,580,2026-04-01,https://www.mof.go.jp/policy/tab_salt/topics/20260216_kouriteikahenkou.pdf,1,高
612aed11428bed7c,2026-02-16,令和8年2月16日,変更認可,加熱式たばこ,ﾃﾘｱ･ﾌﾞﾗｯｸ･ﾌｭｰｼｬ･ﾒﾝｿｰﾙ,テリアブラックフューシャメンソール,ﾊｰﾄﾞﾊﾟｯｸ,,,ｷﾞﾘｼｬ,620,580,2026-04-01,https://www.mof.go.jp/policy/tab_salt/topics/20260216_kouriteikahenkou.pdf,1,高
ee2bed13c0c8b18a,2026-02-16,令和8年2月16日,変更認可,加熱式たばこ,ﾃﾘｱ･ﾌﾞﾗｯｸ･ﾒﾝｿｰﾙ,テリアブラックメンソール,F45 20ｽﾃｨｯｸﾊｰﾄﾞﾊﾟｯｸ5.4g,20,スティック,大韓民国ﾙｰﾏﾆｱｷﾞﾘｼｬｲﾀﾘｱ,620,580,2026-04-01,https://www.mof.go.jp/policy/tab_salt/topics/20260216_kouriteikahenkou.pdf,1,高
218f45f539838ae9,2026-02-16,令和8年2月16日,変更認可,加熱式たばこ,ﾃﾘｱ･ﾌﾞﾗｯｸ･ﾙﾋﾞｰ･ﾒﾝｿｰﾙ,テリアブラックルビーメンソール,F45 20ｽﾃｨｯｸﾊｰﾄﾞﾊﾟｯｸ5.4g,20,スティック,ﾙｰﾏﾆｱｲﾀﾘｱ,620,580,2026-04-01,https://www.mof.go.jp/policy/tab_salt/topics/20260216_kouriteikahenkou.pdf,1,高
c32e6824a2b332f4,2026-02-16,令和8年2月16日,変更認可,加熱式たばこ,ﾃﾘｱ･ﾐﾝﾄ,テリアミント,F45 20ｽﾃｨｯｸﾊｰﾄﾞﾊﾟｯｸ5.4g,20,スティック,大韓民国ﾙｰﾏﾆｱｷﾞﾘｼｬｲﾀﾘｱ,620,580,2026-04-01,https://www.mof.go.jp/policy/tab_salt/topics/20260216_kouriteikahenkou.pdf,1,高
2685af27b83fcf43,2026-02-16,令和8年2月16日,変更認可,加熱式たばこ,ﾃﾘｱ･ﾒﾝｿｰﾙ,テリアメンソール,F45 20ｽﾃｨｯｸﾊｰﾄﾞﾊﾟｯｸ5.4g,20,スティック,大韓民国ﾙｰﾏﾆｱｷﾞﾘｼｬｲﾀﾘｱ,620,580,2026-04-01,https://www.mof.go.jp/policy/tab_salt/topics/20260216_kouriteikahenkou.pdf,1,高
0324485046a55a42,2026-02-16,令和8年2月16日,変更認可,加熱式たばこ,ﾃﾘｱ･ﾘｯﾁ･ﾚｷﾞｭﾗｰ,テリアリッチレギュラー,F45 20ｽﾃｨｯｸﾊｰﾄﾞﾊﾟｯｸ5.3g,20,スティック,ｷﾞﾘｼｬｲﾀﾘｱ,620,580,2026-04-01,https://www.mof.go.jp/policy/tab_salt/topics/20260216_kouriteikahenkou.pdf,1,高
47afc12c098c8463,2026-02-16,令和8年2月16日,変更認可,加熱式たばこ,ﾃﾘｱ･ﾙﾋﾞｰ･ﾚｷﾞｭﾗｰ,テリアルビーレギュラー,ﾊｰﾄﾞﾊﾟｯｸ,,,ｷﾞﾘｼｬ,620,580,2026-04-01,https://www.mof.go.jp/policy/tab_salt/topics/20260216_kouriteikahenkou.pdf,1,高
d1316b6b8f119556,2026-02-16,令和8年2月16日,変更認可,加熱式たばこ,ﾃﾘｱ･ﾚｷﾞｭﾗｰ,テリアレギュラー,F45 20ｽﾃｨｯｸﾊｰﾄﾞﾊﾟｯｸ5.3g,20,スティック,大韓民国ﾙｰﾏﾆｱｷﾞﾘｼｬｲﾀﾘｱ,620,580,2026-04-01,https://www.mof.go.jp/policy/tab_salt/topics/20260216_kouriteikahenkou.pdf,1,高
75c7d0bed065f6c6,2026-02-16,令和8年2月16日,変更認可,加熱式たばこ,ｾﾝﾃｨｱ･ｸｰﾙ･ｼﾞｪｲﾄﾞ,センティアクールジェイド,ﾊｰﾄﾞﾊﾟｯｸ,,,ｷﾞﾘｼｬ,570,530,2026-04-01,https://www.mof.go.jp/policy/tab_salt/topics/20260216_kouriteikahenkou.pdf,2,高
c778e0ff84356894,2026-02-16,令和8年2月16日,変更認可,加熱式たばこ,ｾﾝﾃｨｱ･ｸﾘｱ･ｼﾙﾊﾞｰ,センティアクリアシルバー,ﾊｰﾄﾞﾊﾟｯｸ,,,ｷﾞﾘｼｬ,570,530,2026-04-01,https://www.mof.go.jp/policy/tab_salt/topics/20260216_kouriteikahenkou.pdf,2,高
3e3e46f28943033d,2026-02-16,令和8年2月16日,変更認可,加熱式たばこ,ｾﾝﾃｨｱ･ｼﾄﾗｽ･ｸﾞﾘｰﾝ,センティアシトラスグリーン,ﾊｰﾄﾞﾊﾟｯｸ,,,ｷﾞﾘｼｬ,570,530,2026-04-01,https://www.mof.go.jp/policy/tab_salt/topics/20260216_kouriteikahenkou.pdf,2,高
f1c213ea58d08e44,2026-02-16,令和8年2月16日,変更認可,加熱式たばこ,ｾﾝﾃｨｱ･ﾊﾞﾗﾝｽﾄﾞ･ｲｴﾛｰ,センティアバランスドイエロー,ﾊｰﾄﾞﾊﾟｯｸ,,,ｷﾞﾘｼｬ,570,530,2026-04-01,https://www.mof.go.jp/policy/tab_salt/topics/20260216_kouriteikahenkou.pdf,2,高
60c77a7358b19fbd,2026-02-16,令和8年2月16日,変更認可,加熱式たばこ,ｾﾝﾃｨｱ･ﾊﾞﾗﾝｽﾄﾞ･ｺﾞｰﾙﾄﾞ,センティアバランスドゴールド,ﾊｰﾄﾞﾊﾟｯｸ,,,ｷﾞﾘｼｬ,570,530,2026-04-01,https://www.mof.go.jp/policy/tab_salt/topics/20260216_kouriteikahenkou.pdf,2,高
65fdd72dea51ba62,2026-02-16,令和8年2月16日,変更認可,加熱式たばこ,ﾃﾘｱ･ｵｱｼｽ･ﾊﾟｰﾙ,テリアオアシスパール,F45 20ｽﾃｨｯｸﾊｰﾄﾞﾊﾟｯｸ5.7g,20,スティック,大韓民国ﾙｰﾏﾆｱｲﾀﾘｱｽｲｽ,620,580,2026-04-01,https://www.mof.go.jp/policy/tab_salt/topics/20260216_kouriteikahenkou.pdf,2,高
0aa1b800b0130950,2026-02-16,令和8年2月16日,変更認可,加熱式たばこ,ﾃﾘｱ･ｻﾝ･ﾊﾟｰﾙ,テリアサンパール,ﾊｰﾄﾞﾊﾟｯｸ,,,ｷﾞﾘｼｬ,620,580,2026-04-01,https://www.mof.go.jp/policy/tab_salt/topics/20260216_kouriteikahenkou.pdf,2,高
f12b373cf3dfcfec,2026-02-16,令和8年2月16日,変更認可,加熱式たばこ,ﾃﾘｱ･ｼｬｲﾝ･ﾊﾟｰﾙ,テリアシャインパール,ﾊｰﾄﾞﾊﾟｯｸ,,,ｷﾞﾘｼｬ,620,580,2026-04-01,https://www.mof.go.jp/policy/tab_salt/topics/20260216_kouriteikahenkou.pdf,2,高
94f1a7c7fe5a5c08,2026-02-16,令和8年2月16日,変更認可,加熱式たばこ,ﾃﾘｱ･ｽﾃﾗｰ･ﾊﾟｰﾙ,テリアステラーパール,ﾊｰﾄﾞﾊﾟｯｸ,,,ｷﾞﾘｼｬ,620,580,2026-04-01,https://www.mof.go.jp/policy/tab_salt/topics/20260216_kouriteikahenkou.pdf,2,高
e0f77684c47c8ad3,2026-02-16,令和8年2月16日,変更認可,加熱式たばこ,ﾃﾘｱ･ﾄﾛﾋﾟｶﾙ･ﾒﾝｿｰﾙ,テリアトロピカルメンソール,ﾊｰﾄﾞﾊﾟｯｸ,,,ｲﾀﾘｱ,620,580,2026-04-01,https://www.mof.go.jp/policy/tab_salt/topics/20260216_kouriteikahenkou.pdf,2,高
c18fed78bb5e021a,2026-02-16,令和8年2月16日,変更認可,加熱式たばこ,ﾃﾘｱ･ﾊﾟｰﾌﾟﾙ･ﾒﾝｿｰﾙ,テリアパープルメンソール,F45 20ｽﾃｨｯｸﾊｰﾄﾞﾊﾟｯｸ5.4g,20,スティック,ｷﾞﾘｼｬｲﾀﾘｱ,620,580,2026-04-01,https://www.mof.go.jp/policy/tab_salt/topics/20260216_kouriteikahenkou.pdf,2,高
7f20e1e8e546d495,2026-02-16,令和8年2月16日,変更認可,加熱式たばこ,ﾃﾘｱ･ﾌｭｰｼﾞｮﾝ･ﾒﾝｿｰﾙ,テリアフュージョンメンソール,ﾊｰﾄﾞﾊﾟｯｸ,,,ｲﾀﾘｱ,620,580,2026-04-01,https://www.mof.go.jp/policy/tab_salt/topics/20260216_kouriteikahenkou.pdf,2,高
b145e1af0bec9571,2026-02-16,令和8年2月16日,変更認可,加熱式たばこ,ﾃﾘｱ･ﾌﾞﾗｲﾄ･ﾒﾝｿｰﾙ,テリアブライトメンソール,ﾊｰﾄﾞﾊﾟｯｸ,,,ｲﾀﾘｱ,620,580,2026-04-01,https://www.mof.go.jp/policy/tab_salt/topics/20260216_kouriteikahenkou.pdf,2,高
2285799a2ab3586d,2026-02-16,令和8年2月16日,変更認可,加熱式たばこ,ﾃﾘｱ･ﾌﾞﾛｯｻﾑ･ﾊﾟｰﾙ,テリアブロッサムパール,ﾊｰﾄﾞﾊﾟｯｸ,,,ｷﾞﾘｼｬ,620,580,2026-04-01,https://www.mof.go.jp/policy/tab_salt/topics/20260216_kouriteikahenkou.pdf,2,高
77aa95e3b1142179,2026-02-16,令和8年2月16日,変更認可,加熱式たばこ,ﾃﾘｱ･ﾍﾞﾙﾍﾞｯﾄ･ﾊﾟｰﾙ,テリアベルベットパール,ﾊｰﾄﾞﾊﾟｯｸ,,,ｷﾞﾘｼｬ,620,580,2026-04-01,https://www.mof.go.jp/policy/tab_salt/topics/20260216_kouriteikahenkou.pdf,2,高
6d42767d04520753,2026-02-16,令和8年2月16日,変更認可,加熱式たばこ,ﾃﾘｱ･ﾘﾋﾞｴﾗ･ﾊﾟｰﾙ,テリアリビエラパール,ﾊｰﾄﾞﾊﾟｯｸ,,,ｷﾞﾘｼｬ,620,580,2026-04-01,https://www.mof.go.jp/policy/tab_salt/topics/20260216_kouriteikahenkou.pdf,2,高
e27c2f457bc3cc32,2026-02-16,令和8年2月16日,変更認可,加熱式たばこ,ｾﾝﾃｨｱ･ｱｲｼｰ･ﾊﾟｰﾌﾟﾙ,センティアアイシーパープル,F45 20ｽﾃｨｯｸﾊｰﾄﾞﾊﾟｯｸ5.4g,20,スティック,大韓民国ﾙｰﾏﾆｱｷﾞﾘｼｬｲﾀﾘｱ,570,530,2026-04-01,https://www.mof.go.jp/policy/tab_salt/topics/20260216_kouriteikahenkou.pdf,3,高
0f36826bf2abfa65,2026-02-16,令和8年2月16日,変更認可,加熱式たばこ,ｾﾝﾃｨｱ･ｱｲｼｰ･ﾌﾞﾗｯｸ,センティアアイシーブラック,ﾊｰﾄﾞﾊﾟｯｸ,,,ｷﾞﾘｼｬ,570,530,2026-04-01,https://www.mof.go.jp/policy/tab_salt/topics/20260216_kouriteikahenkou.pdf,3,高
f51648bf485cba04,2026-02-16,令和8年2月16日,変更認可,加熱式たばこ,ｾﾝﾃｨｱ･ｱｲｼｰ･ﾚｯﾄﾞ,センティアアイシーレッド,F45 20ｽﾃｨｯｸﾊｰﾄﾞﾊﾟｯｸ5.5g,20,スティック,大韓民国ﾙｰﾏﾆｱｷﾞﾘｼｬｲﾀﾘｱ,570,530,2026-04-01,https://www.mof.go.jp/policy/tab_salt/topics/20260216_kouriteikahenkou.pdf,3,高
09691015d326d9b6,2026-02-16,令和8年2月16日,変更認可,加熱式たばこ,ｾﾝﾃｨｱ･ｼﾞｭｰｼｰ･ﾚｯﾄﾞ,センティアジューシーレッド,F45 20ｽﾃｨｯｸﾊｰﾄﾞﾊﾟｯｸ5.5g,20,スティック,大韓民国ﾙｰﾏﾆｱｷﾞﾘｼｬｲﾀﾘｱ,570,530,2026-04-01,https://www.mof.go.jp/policy/tab_salt/topics/20260216_kouriteikahenkou.pdf,3,高
a95df448c62e17a0,2026-02-16,令和8年2月16日,変更認可,加熱式たばこ,ｾﾝﾃｨｱ･ｽﾑｰｽ･ｺﾞｰﾙﾄﾞ,センティアスムースゴールド,F45 20ｽﾃｨｯｸﾊｰﾄﾞﾊﾟｯｸ5.3g,20,スティック,ｷﾞﾘｼｬｲﾀﾘｱ,570,530,2026-04-01,https://www.mof.go.jp/policy/tab_salt/topics/20260216_kouriteikahenkou.pdf,3,高
2f6b98ae7a914208,2026-02-16,令和8年2月16日,変更認可,加熱式たばこ,ｾﾝﾃｨｱ･ｽﾑｰｽ･ﾊﾞｲｵﾚｯﾄ,センティアスムースバイオレット,F45 20ｽﾃｨｯｸﾊｰﾄﾞﾊﾟｯｸ5.3g,20,スティック,大韓民国ﾙｰﾏﾆｱｷﾞﾘｼｬｲﾀﾘｱ,570,530,2026-04-01,https://www.mof.go.jp/policy/tab_salt/topics/20260216_kouriteikahenkou.pdf,3,高
8f315f195f9ce38e,2026-02-16,令和8年2月16日,変更認可,加熱式たばこ,ｾﾝﾃｨｱ･ﾃﾞｨｰﾌﾟ･ﾌﾞﾛﾝｽﾞ,センティアディープブロンズ,ﾊｰﾄﾞﾊﾟｯｸ,,,ｷﾞﾘｼｬ,570,530,2026-04-01,https://www.mof.go.jp/policy/tab_salt/topics/20260216_kouriteikahenkou.pdf,3,高
03919e8c97629064,2026-02-16,令和8年2月16日,変更認可,加熱式たばこ,ｾﾝﾃｨｱ･ﾄﾛﾋﾟｶﾙ･ｲｴﾛｰ,センティアトロピカルイエロー,ﾊｰﾄﾞﾊﾟｯｸ,,,ｷﾞﾘｼｬ,570,530,2026-04-01,https://www.mof.go.jp/policy/tab_salt/topics/20260216_kouriteikahenkou.pdf,3,高
db2e8f7cfe21cd59,2026-02-16,令和8年2月16日,変更認可,加熱式たばこ,ｾﾝﾃｨｱ･ﾊﾟｰﾌﾟﾙ･ｶﾌﾟｾﾙ,センティアパープルカプセル,ﾊｰﾄﾞﾊﾟｯｸ,,,ｷﾞﾘｼｬ,570,530,2026-04-01,https://www.mof.go.jp/policy/tab_salt/topics/20260216_kouriteikahenkou.pdf,3,高
4a510075f48bbca2,2026-02-16,令和8年2月16日,変更認可,加熱式たばこ,ｾﾝﾃｨｱ･ﾋﾟｭｱ･ﾃｨｰｸ,センティアピュアティーク,ﾊｰﾄﾞﾊﾟｯｸ,,,ｷﾞﾘｼｬ,570,530,2026-04-01,https://www.mof.go.jp/policy/tab_salt/topics/20260216_kouriteikahenkou.pdf,3,高
f99b35cfe4c078be,2026-02-16,令和8年2月16日,変更認可,加熱式たばこ,ｾﾝﾃｨｱ･ﾌﾚｯｼｭ･ｴﾒﾗﾙﾄﾞ,センティアフレッシュエメラルド,ﾊｰﾄﾞﾊﾟｯｸ,,,ｷﾞﾘｼｬ,570,530,2026-04-01,https://www.mof.go.jp/policy/tab_salt/topics/20260216_kouriteikahenkou.pdf,3,高
0208a688579004ea,2026-02-16,令和8年2月16日,変更認可,加熱式たばこ,ｾﾝﾃｨｱ･ﾌﾚｯｼｭ･ｺｰﾗﾙ,センティアフレッシュコーラル,F45 20ｽﾃｨｯｸﾊｰﾄﾞﾊﾟｯｸ5.4g,20,スティック,大韓民国ﾙｰﾏﾆｱｷﾞﾘｼｬｲﾀﾘｱ,570,530,2026-04-01,https://www.mof.go.jp/policy/tab_salt/topics/20260216_kouriteikahenkou.pdf,3,高
b728829c1a555424,2026-02-16,令和8年2月16日,変更認可,加熱式たばこ,ｾﾝﾃｨｱ･ﾌﾚｯｼｭ･ﾊﾟｰﾌﾟﾙ,センティアフレッシュパープル,ﾊｰﾄﾞﾊﾟｯｸ,,,ｷﾞﾘｼｬ,570,530,2026-04-01,https://www.mof.go.jp/policy/tab_salt/topics/20260216_kouriteikahenkou.pdf,3,高
972a2875614b6d72,2026-02-16,令和8年2月16日,変更認可,加熱式たばこ,ｾﾝﾃｨｱ･ﾌﾛｽﾄ･ｸﾞﾘｰﾝ,センティアフロストグリーン,F45 20ｽﾃｨｯｸﾊｰﾄﾞﾊﾟｯｸ5.4g,20,スティック,ｷﾞﾘｼｬｲﾀﾘｱ,570,530,2026-04-01,https://www.mof.go.jp/policy/tab_salt/topics/20260216_kouriteikahenkou.pdf,3,高
dd8b29edced07fa4,2026-02-16,令和8年2月16日,変更認可,加熱式たばこ,ﾐｯｸｽ･ｱｲｽ,ミックスアイス,ﾊｰﾄﾞﾊﾟｯｸ,,,大韓民国,560,510,2026-04-01,https://www.mof.go.jp/policy/tab_salt/topics/20260216_kouriteikahenkou.pdf,3,高
eb28e869f0005653,2026-02-16,令和8年2月16日,変更認可,加熱式たばこ,ﾐｯｸｽ･ﾐｯｸｽ,ミックスミックス,ﾊｰﾄﾞﾊﾟｯｸ,,,大韓民国,560,510,2026-04-01,https://www.mof.go.jp/policy/tab_salt/topics/20260216_kouriteikahenkou.pdf,3,高
702096b5b46f9fad,2026-02-16,令和8年2月16日,変更認可,紙巻たばこ,ﾏｰﾙﾎﾞﾛ,マールボロ,FK 20本ｿﾌﾄﾊﾟｯｸ,20,本,ｾﾙﾋﾞｱ,620,600,2026-04-01,https://www.mof.go.jp/policy/tab_salt/topics/20260216_kouriteikahenkou.pdf,4,高
ce3629d7f65c5ac1,2026-02-16,令和8年2月16日,変更認可,紙巻たばこ,ﾏｰﾙﾎﾞﾛ･ｱｲｽ･ﾌﾞﾗｽﾄ･ﾒｶﾞ･1･ﾎﾞｯｸｽ,マールボロアイスブラストメガ1ボックス,ﾊｰﾄﾞﾊﾟｯｸFK 20本,20,本,ｲﾝﾄﾞﾈｼｱｾﾙﾋﾞｱｽｲｽ,620,600,2026-04-01,https://www.mof.go.jp/policy/tab_salt/topics/20260216_kouriteikahenkou.pdf,4,高
f1e0ba3570e6a259,2026-02-16,令和8年2月16日,変更認可,紙巻たばこ,ﾏｰﾙﾎﾞﾛ･ｱｲｽ･ﾌﾞﾗｽﾄ･ﾒｶﾞ･5･ﾎﾞｯｸｽ,マールボロアイスブラストメガ5ボックス,ﾊｰﾄﾞﾊﾟｯｸFK 20本,20,本,ｲﾝﾄﾞﾈｼｱｾﾙﾋﾞｱｽｲｽ,620,600,2026-04-01,https://www.mof.go.jp/policy/tab_salt/topics/20260216_kouriteikahenkou.pdf,4,高
9fdd305a656cdfdf,2026-02-16,令和8年2月16日,変更認可,紙巻たばこ,ﾏｰﾙﾎﾞﾛ･ｱｲｽ･ﾌﾞﾗｽﾄ･ﾒｶﾞ･8･ﾎﾞｯｸｽ,マールボロアイスブラストメガ8ボックス,ﾊｰﾄﾞﾊﾟｯｸFK 20本,20,本,ｾﾙﾋﾞｱｽｲｽ,620,600,2026-04-01,https://www.mof.go.jp/policy/tab_salt/topics/20260216_kouriteikahenkou.pdf,4,高
43c1991039aaa800,2026-02-16,令和8年2月16日,変更認可,紙巻たばこ,ﾏｰﾙﾎﾞﾛ･ｸﾘｱ･ﾊｲﾌﾞﾘｯﾄﾞ･ｽﾘｰ･ﾎﾞｯｸｽ,マールボロクリアハイブリッドスリーボックス,ﾊｰﾄﾞﾊﾟｯｸFK 20本,20,本,ｾﾙﾋﾞｱ,620,600,2026-04-01,https://www.mof.go.jp/policy/tab_salt/topics/20260216_kouriteikahenkou.pdf,4,高
0506fd2653f13483,2026-02-16,令和8年2月16日,変更認可,紙巻たばこ,ﾏｰﾙﾎﾞﾛ･ｺﾞｰﾙﾄﾞ･100's･ﾎﾞｯｸｽ,マールボロゴールド100'Sボックス,FSK 20本ﾊｰﾄﾞﾊﾟｯｸ,20,本,ｾﾙﾋﾞｱ,620,600,2026-04-01,https://www.mof.go.jp/policy/tab_salt/topics/20260216_kouriteikahenkou.pdf,4,高
e9f6526c5c694ecc,2026-02-16,令和8年2月16日,変更認可,紙巻たばこ,ﾏｰﾙﾎﾞﾛ･ｺﾞｰﾙﾄﾞ･ﾎﾞｯｸｽ,マールボロゴールドボックス,ﾊｰﾄﾞﾊﾟｯｸFK 20本,20,本,ｲﾝﾄﾞﾈｼｱﾁｪｺ,620,600,2026-04-01,https://www.mof.go.jp/policy/tab_salt/topics/20260216_kouriteikahenkou.pdf,4,高
b91734f7fafed907,2026-02-16,令和8年2月16日,変更認可,紙巻たばこ,ﾏｰﾙﾎﾞﾛ･ﾌﾞﾗｯｸ･ﾒﾝｿｰﾙ･8･ﾎﾞｯｸｽ,マールボロブラックメンソール8ボックス,ﾊｰﾄﾞﾊﾟｯｸFK 20本,20,本,ｲﾝﾄﾞﾈｼｱｾﾙﾋﾞｱｽｲｽ,620,600,2026-04-01,https://www.mof.go.jp/policy/tab_salt/topics/20260216_kouriteikahenkou.pdf,4,高
6980812ff8a20cea,2026-02-16,令和8年2月16日,変更認可,紙巻たばこ,ﾏｰﾙﾎﾞﾛ･ﾎﾞｯｸｽ,マールボロボックス,ﾊｰﾄﾞﾊﾟｯｸFK 20本,20,本,ｲﾝﾄﾞﾈｼｱｾﾙﾋﾞｱｽｲｽ,620,600,2026-04-01,https://www.mof.go.jp/policy/tab_salt/topics/20260216_kouriteikahenkou.pdf,4,高
c85855e1cb4e2c51,2026-02-16,令和8年2月16日,変更認可,紙巻たばこ,ﾏｰﾙﾎﾞﾛ･ﾐﾃﾞｨｱﾑ･ﾎﾞｯｸｽ,マールボロミディアムボックス,ﾊｰﾄﾞﾊﾟｯｸFK 20本,20,本,ｲﾝﾄﾞﾈｼｱｾﾙﾋﾞｱ,620,600,2026-04-01,https://www.mof.go.jp/policy/tab_salt/topics/20260216_kouriteikahenkou.pdf,4,高
2ff97a2154cd94cd,2026-02-16,令和8年2月16日,変更認可,紙巻たばこ,ﾏｰﾙﾎﾞﾛ･ﾒﾝｿｰﾙ･12･ﾎﾞｯｸｽ,マールボロメンソール12ボックス,ﾊｰﾄﾞﾊﾟｯｸFK 20本,20,本,ｲﾝﾄﾞﾈｼｱｾﾙﾋﾞｱ,620,600,2026-04-01,https://www.mof.go.jp/policy/tab_salt/topics/20260216_kouriteikahenkou.pdf,4,高
714c978ddc49cc9c,2026-02-16,令和8年2月16日,変更認可,紙巻たばこ,ﾏｰﾙﾎﾞﾛ･ﾒﾝｿｰﾙ･4･ﾎﾞｯｸｽ,マールボロメンソール4ボックス,ﾊｰﾄﾞﾊﾟｯｸFK 20本,20,本,ｲﾝﾄﾞﾈｼｱｾﾙﾋﾞｱ,620,600,2026-04-01,https://www.mof.go.jp/policy/tab_salt/topics/20260216_kouriteikahenkou.pdf,4,高
49ff95db44cd09e6,2026-02-16,令和8年2月16日,変更認可,紙巻たばこ,ﾏｰﾙﾎﾞﾛ･ﾒﾝｿｰﾙ･8･100's･ﾎﾞｯｸｽ,マールボロメンソール8100'Sボックス,FSK 20本ﾊｰﾄﾞﾊﾟｯｸ,20,本,ﾘﾄｱﾆｱｾﾙﾋﾞｱ,620,600,2026-04-01,https://www.mof.go.jp/policy/tab_salt/topics/20260216_kouriteikahenkou.pdf,4,高
27ccb8458d4ff3c1,2026-02-16,令和8年2月16日,変更認可,紙巻たばこ,ﾏｰﾙﾎﾞﾛ･ﾒﾝｿｰﾙ･8･ﾎﾞｯｸｽ,マールボロメンソール8ボックス,ﾊｰﾄﾞﾊﾟｯｸFK 20本,20,本,ｾﾙﾋﾞｱｽｲｽ,620,600,2026-04-01,https://www.mof.go.jp/policy/tab_salt/topics/20260216_kouriteikahenkou.pdf,4,高
0ea21618b2f36f22,2026-02-16,令和8年2月16日,変更認可,加熱式たばこ,ﾐｯｸｽ･ｱｲｽ･ﾌﾟﾗｽ,ミックスアイスプラス,ﾊｰﾄﾞﾊﾟｯｸ,,,大韓民国,560,510,2026-04-01,https://www.mof.go.jp/policy/tab_salt/topics/20260216_kouriteikahenkou.pdf,4,高
8497d617f1755013,2026-02-16,令和8年2月16日,変更認可,加熱式たばこ,ﾐｯｸｽ･ﾍﾞﾙﾍﾞｯﾄ,ミックスベルベット,ﾊｰﾄﾞﾊﾟｯｸ,,,大韓民国,560,510,2026-04-01,https://www.mof.go.jp/policy/tab_salt/topics/20260216_kouriteikahenkou.pdf,4,高
b6e191ad7e16f877,2026-02-16,令和8年2月16日,変更認可,紙巻たばこ,ﾏｰﾙﾎﾞﾛ･ﾀﾞﾌﾞﾙ･ﾊﾞｰｽﾄ･5･ﾎﾞｯｸｽ,マールボロダブルバースト5ボックス,ﾊｰﾄﾞﾊﾟｯｸFK 20本,20,本,ﾘﾄｱﾆｱ,620,600,2026-04-01,https://www.mof.go.jp/policy/tab_salt/topics/20260216_kouriteikahenkou.pdf,5,高
c8152100c0769487,2026-02-16,令和8年2月16日,変更認可,紙巻たばこ,ﾏｰﾙﾎﾞﾛ･ﾄﾛﾋﾟｶﾙ･ｽﾌﾟﾗｯｼｭ･8･ﾎﾞｯｸｽ,マールボロトロピカルスプラッシュ8ボックス,ﾊｰﾄﾞﾊﾟｯｸFK 20本,20,本,ｲﾝﾄﾞﾈｼｱ,620,600,2026-04-01,https://www.mof.go.jp/policy/tab_salt/topics/20260216_kouriteikahenkou.pdf,5,高
9f41318e12b56e34,2026-02-04,令和8年2月4日,変更認可,,"Azure hookah tobacco, Black LineIce Lime","AZUREHOOKAHTOBACCO,BLACKLINEICELIME",100.0gﾊﾟｳﾁ,100,g,,3500,,,https://www.mof.go.jp/policy/tab_salt/topics/20260204_kouriteika.pdf,1,高
e0ada243ddca3288,2026-02-04,令和8年2月4日,変更認可,,Casdagli Cigars Cabinet SelectionRosetta Maduro,CASDAGLICIGARSCABINETSELECTIONROSETTAMADURO,100mm 1,,,,1900,,,https://www.mof.go.jp/policy/tab_salt/topics/20260204_kouriteika.pdf,1,高
028190c9d5e23b02,2026-02-04,令和8年2月4日,変更認可,,Casdagli Cigars Cabinet SelectionRosetta Romano,CASDAGLICIGARSCABINETSELECTIONROSETTAROMANO,130mm 1,,,,2300,,,https://www.mof.go.jp/policy/tab_salt/topics/20260204_kouriteika.pdf,1,高
b47257450c84ab72,2026-02-04,令和8年2月4日,変更認可,,Casdagli Cigars Cypher 3311Boniface,CASDAGLICIGARSCYPHER3311BONIFACE,125mm 1,,,,4000,,,https://www.mof.go.jp/policy/tab_salt/topics/20260204_kouriteika.pdf,1,高
8f7d4c7dcd45fe1e,2026-02-04,令和8年2月4日,変更認可,,Casdagli Cigars DoTW Dahman,CASDAGLICIGARSDOTWDAHMAN,180mm 1,,,,3600,,,https://www.mof.go.jp/policy/tab_salt/topics/20260204_kouriteika.pdf,1,高
99480ec93f0f8f3c,2026-02-04,令和8年2月4日,変更認可,,Casdagli Cigars Traditional Line25 Aniversario,CASDAGLICIGARSTRADITIONALLINE25ANIVERSARIO,190mm 1,,,,6000,,,https://www.mof.go.jp/policy/tab_salt/topics/20260204_kouriteika.pdf,1,高
63e81fb82d43783d,2026-02-04,令和8年2月4日,変更認可,,Casdagli Cigars Traditional LineGrand Cafe Maduro,CASDAGLICIGARSTRADITIONALLINEGRANDCAFEMADURO,185mm 1,,,,2950,,,https://www.mof.go.jp/policy/tab_salt/topics/20260204_kouriteika.pdf,1,高
add54624cf9509bc,2026-02-04,令和8年2月4日,変更認可,,Casdagli Cigars Traditional LineRobusto,CASDAGLICIGARSTRADITIONALLINEROBUSTO,130mm 1,,,,2800,,,https://www.mof.go.jp/policy/tab_salt/topics/20260204_kouriteika.pdf,1,高
0e6514818f719ac2,2026-02-04,令和8年2月4日,変更認可,,Tangiers Noir Bacon,TANGIERSNOIRBACON,100.0g,100,g,,4400,,,https://www.mof.go.jp/policy/tab_salt/topics/20260204_kouriteika.pdf,1,高
d0facd94766659fe,2026-02-04,令和8年2月4日,変更認可,,"Tokyo Shisha, Gold Line Ice Lime","TOKYOSHISHA,GOLDLINEICELIME",100.0gﾊﾟｳﾁ,100,g,,3500,,,https://www.mof.go.jp/policy/tab_salt/topics/20260204_kouriteika.pdf,1,高
65bb7f5879ef9ff8,2026-01-19,令和8年1月19日,変更認可,,ｼﾚﾝｼｵ ﾛｽ ﾘｵｽ ﾍﾟｹｰﾆｮｽ,シレンシオロスリオスペケーニョス,106mm 1,,,,1150,,,https://www.mof.go.jp/policy/tab_salt/topics/20260119_kouriteika.pdf,1,高
47d5679589cda8dc,2026-01-19,令和8年1月19日,変更認可,,ｼﾚﾝｼｵ ﾛｽ ﾘｵｽ ﾛﾌﾞｽﾄ,シレンシオロスリオスロブスト,140mm 1,,,,3250,,,https://www.mof.go.jp/policy/tab_salt/topics/20260119_kouriteika.pdf,1,高
9f3588779f571de5,2026-01-19,令和8年1月19日,変更認可,,ﾀﾞﾋﾞﾄﾞﾌ ｳｨﾝｽﾄﾝﾁｬｰﾁﾙ ﾚｲﾄｱﾜｰ ﾍﾞﾘｺｿ,ダビドフウィンストンチャーチルレイトアワーベリコソ,114mm 1,,,,5000,,,https://www.mof.go.jp/policy/tab_salt/topics/20260119_kouriteika.pdf,1,高
47a11c4b6f864cde,2026-01-19,令和8年1月19日,変更認可,,ﾌｫﾝ･ｸﾗｰﾚﾝ VL-LIMITED 2026,フォンクラーレンVL-LIMITED2026,100.0g,100,g,,3600,,,https://www.mof.go.jp/policy/tab_salt/topics/20260119_kouriteika.pdf,1,高
a227bb9574933f9d,2026-01-15,令和8年1月15日,変更認可,,AJF ﾆｭｰﾜｰﾙﾄﾞ ﾃﾞｾﾆｵ ﾛﾌﾞｽﾄ,AJFニューワールドデセニオロブスト,140mm 1,,,,2800,,,https://www.mof.go.jp/policy/tab_salt/topics/20260115_kouriteika.pdf,1,高
a6e13e1fad16da2b,2026-01-15,令和8年1月15日,変更認可,,KRAKEN BLACK CORN,KRAKENBLACKCORN,100.0g,100,g,,8800,,,https://www.mof.go.jp/policy/tab_salt/topics/20260115_kouriteika.pdf,1,高
05035cfdc4e3f654,2026-01-15,令和8年1月15日,変更認可,,KRAKEN CHEDDAR CHEESE,KRAKENCHEDDARCHEESE,100.0g,100,g,,8800,,,https://www.mof.go.jp/policy/tab_salt/topics/20260115_kouriteika.pdf,1,高
deefc6f35a79aebe,2026-01-15,令和8年1月15日,変更認可,,KRAKEN CREME BRULEE,KRAKENCREMEBRULEE,100.0g,100,g,,8800,,,https://www.mof.go.jp/policy/tab_salt/topics/20260115_kouriteika.pdf,1,高
9d080fe4b80a8196,2026-01-15,令和8年1月15日,変更認可,,KRAKEN EARL GREY TEA,KRAKENEARLGREYTEA,100.0g,100,g,,8800,,,https://www.mof.go.jp/policy/tab_salt/topics/20260115_kouriteika.pdf,1,高
2b9310920fe02f5e,2026-01-15,令和8年1月15日,変更認可,,KRAKEN GUAVA SUPREME,KRAKENGUAVASUPREME,100.0g,100,g,,8800,,,https://www.mof.go.jp/policy/tab_salt/topics/20260115_kouriteika.pdf,1,高
49f5b48853d36b67,2026-01-15,令和8年1月15日,変更認可,,KRAKEN LEMON CAKE,KRAKENLEMONCAKE,100.0g,100,g,,8800,,,https://www.mof.go.jp/policy/tab_salt/topics/20260115_kouriteika.pdf,1,高
24a04c045287fc1c,2026-01-15,令和8年1月15日,変更認可,,KRAKEN MANGO ALPHONSO,KRAKENMANGOALPHONSO,100.0g,100,g,,8800,,,https://www.mof.go.jp/policy/tab_salt/topics/20260115_kouriteika.pdf,1,高
1576d96eb0e2198d,2026-01-15,令和8年1月15日,変更認可,,KRAKEN MEXICAN LIME,KRAKENMEXICANLIME,100.0g,100,g,,8800,,,https://www.mof.go.jp/policy/tab_salt/topics/20260115_kouriteika.pdf,1,高
f7dc0e37d9d76154,2026-01-15,令和8年1月15日,変更認可,,KRAKEN MOROCCAN MINT,KRAKENMOROCCANMINT,100.0g,100,g,,8800,,,https://www.mof.go.jp/policy/tab_salt/topics/20260115_kouriteika.pdf,1,高
9f07636994075cd0,2026-01-15,令和8年1月15日,変更認可,,KRAKEN ORIGINAL,KRAKENORIGINAL,100.0g,100,g,,8800,,,https://www.mof.go.jp/policy/tab_salt/topics/20260115_kouriteika.pdf,1,高
a9e43314b34718bb,2026-01-15,令和8年1月15日,変更認可,,KRAKEN PEANUT,KRAKENPEANUT,100.0g,100,g,,8800,,,https://www.mof.go.jp/policy/tab_salt/topics/20260115_kouriteika.pdf,1,高
ad3bd9fc3d1c2476,2026-01-15,令和8年1月15日,変更認可,,KRAKEN STRAWBERRY,KRAKENSTRAWBERRY,100.0g,100,g,,8800,,,https://www.mof.go.jp/policy/tab_salt/topics/20260115_kouriteika.pdf,1,高
6d2d8dd0128205dd,2026-01-15,令和8年1月15日,変更認可,,KRAKEN YUBARI MELON,KRAKENYUBARIMELON,100.0g,100,g,,8800,,,https://www.mof.go.jp/policy/tab_salt/topics/20260115_kouriteika.pdf,1,高
ade6b05beaa89583,2026-01-15,令和8年1月15日,変更認可,,ｽｰﾊﾟｰｽﾘﾑ,スーパースリム,FSK 20 ﾊｰﾄﾞﾊﾟｯｸ,,,,830,,,https://www.mof.go.jp/policy/tab_salt/topics/20260115_kouriteika.pdf,1,高
3cd01f8965c791b5,2026-01-15,令和8年1月15日,変更認可,,ﾍﾞｶﾞﾌｨﾅ･ｲﾔｰ ｵﾌﾞ ｻﾞ ﾎｰｽ 2026,ベガフィナイヤーオブザホース2026,152mm 1,,,,3300,,,https://www.mof.go.jp/policy/tab_salt/topics/20260115_kouriteika.pdf,1,高
5b388a2cd2b07069,2026-01-15,令和8年1月15日,変更認可,,ﾍﾞｶﾞﾌｨﾅ･ﾆｶﾗｸﾞｱ ﾌﾞﾙｶﾉ,ベガフィナニカラグアブルカノ,110mm 1,,,,1650,,,https://www.mof.go.jp/policy/tab_salt/topics/20260115_kouriteika.pdf,1,高
a1225048f8a0d09b,2026-01-13,令和8年1月13日,変更認可,,ﾉﾙﾃﾞｨｯｸｽﾋﾟﾘｯﾄ･ｸｰﾙﾐﾝﾄ･ｴｯｸｽｽﾄﾛﾝｸﾞ,ノルディックスピリットクールミントエックスストロング,5.6g,5.6,g,,500,,,https://www.mof.go.jp/policy/tab_salt/topics/20260113_kouriteika.pdf,1,高
835ff33ce751458b,2026-01-13,令和8年1月13日,変更認可,,ﾉﾙﾃﾞｨｯｸｽﾋﾟﾘｯﾄ･ｸｰﾙﾐﾝﾄ･ｽﾄﾛﾝｸﾞ,ノルディックスピリットクールミントストロング,5.6g,5.6,g,,500,,,https://www.mof.go.jp/policy/tab_salt/topics/20260113_kouriteika.pdf,1,高
4ec2310a61fc2a67,2026-01-13,令和8年1月13日,変更認可,,ﾉﾙﾃﾞｨｯｸｽﾋﾟﾘｯﾄ･ｺｰﾗﾌｨｽﾞ･ﾐﾃﾞｨｱﾑ,ノルディックスピリットコーラフィズミディアム,5.6g,5.6,g,,500,,,https://www.mof.go.jp/policy/tab_salt/topics/20260113_kouriteika.pdf,1,高
9411254b4d81728b,2026-01-13,令和8年1月13日,変更認可,,ﾉﾙﾃﾞｨｯｸｽﾋﾟﾘｯﾄ･ｽｲｰﾄﾐﾝﾄ･ｽﾄﾛﾝｸﾞ,ノルディックスピリットスイートミントストロング,5.6g,5.6,g,,500,,,https://www.mof.go.jp/policy/tab_salt/topics/20260113_kouriteika.pdf,1,高
7bf42b557fc41a5c,2026-01-13,令和8年1月13日,変更認可,,ﾉﾙﾃﾞｨｯｸｽﾋﾟﾘｯﾄ･ｽｲｰﾄﾐﾝﾄ･ﾐﾃﾞｨｱﾑ,ノルディックスピリットスイートミントミディアム,5.6g,5.6,g,,500,,,https://www.mof.go.jp/policy/tab_salt/topics/20260113_kouriteika.pdf,1,高
69bb77d0e14508fd,2026-01-13,令和8年1月13日,変更認可,,ﾉﾙﾃﾞｨｯｸｽﾋﾟﾘｯﾄ･ﾄﾛﾋﾟｶﾙﾐｯｸｽ･ﾐﾃﾞｨｱﾑ,ノルディックスピリットトロピカルミックスミディアム,5.6g,5.6,g,,500,,,https://www.mof.go.jp/policy/tab_salt/topics/20260113_kouriteika.pdf,1,高
0b42de1957651d86,2026-01-13,令和8年1月13日,変更認可,,ﾉﾙﾃﾞｨｯｸｽﾋﾟﾘｯﾄ･ﾍﾞﾘｰﾐｯｸｽ･ﾐﾃﾞｨｱﾑ,ノルディックスピリットベリーミックスミディアム,5.6g,5.6,g,,500,,,https://www.mof.go.jp/policy/tab_salt/topics/20260113_kouriteika.pdf,1,高
380c86cb9634f88e,2026-01-13,令和8年1月13日,変更認可,,ﾉﾙﾃﾞｨｯｸｽﾋﾟﾘｯﾄ･ﾘｯﾁﾒﾛﾝ･ﾐﾃﾞｨｱﾑ,ノルディックスピリットリッチメロンミディアム,5.6g,5.6,g,,500,,,https://www.mof.go.jp/policy/tab_salt/topics/20260113_kouriteika.pdf,1,高
71a84ce0203715b2,2025-12-24,令和7年12月24日,変更認可,,ﾃﾘｱ･ﾌﾞﾛｯｻﾑ･ﾊﾟｰﾙ,テリアブロッサムパール,ﾊｰﾄﾞﾊﾟｯｸ,,,,580,,,https://www.mof.go.jp/policy/tab_salt/topics/20251224_kouriteika.pdf,1,高
cd2935ebf51c7890,2025-12-16,令和7年12月16日,変更認可,,CLE COROJO CORONA,CLECOROJOCORONA,146mm 1,,,,2600,,,https://www.mof.go.jp/policy/tab_salt/topics/20251216_kouriteika.pdf,1,高
282beb104fb31a07,2025-12-16,令和7年12月16日,変更認可,,CLE COROJO ROBUSTO,CLECOROJOROBUSTO,127mm 1,,,,2800,,,https://www.mof.go.jp/policy/tab_salt/topics/20251216_kouriteika.pdf,1,高
c238c049c32f7269,2025-12-16,令和7年12月16日,変更認可,,EIROA 20 YEARS CORONAPRENSADO,EIROA20YEARSCORONAPRENSADO,152mm 1,,,,4000,,,https://www.mof.go.jp/policy/tab_salt/topics/20251216_kouriteika.pdf,1,高
8ed57e3e32ff21c3,2025-12-16,令和7年12月16日,変更認可,,EIROA 20 YEARS ROBUSTOPRENSADO,EIROA20YEARSROBUSTOPRENSADO,127mm 1,,,,4200,,,https://www.mof.go.jp/policy/tab_salt/topics/20251216_kouriteika.pdf,1,高
d80222ea8e7e7c9f,2025-12-16,令和7年12月16日,変更認可,,EIROA CBT MADURO CORONAPRENSADO,EIROACBTMADUROCORONAPRENSADO,102mm 1,,,,3400,,,https://www.mof.go.jp/policy/tab_salt/topics/20251216_kouriteika.pdf,1,高
3cf543d225012c71,2025-12-16,令和7年12月16日,変更認可,,EIROA CBT MADURO ROBUSTO,EIROACBTMADUROROBUSTO,127mm 1,,,,3800,,,https://www.mof.go.jp/policy/tab_salt/topics/20251216_kouriteika.pdf,1,高
f40cb6d67731179d,2025-12-16,令和7年12月16日,変更認可,,EIROA CLASSIC CORONA PRENSADO,EIROACLASSICCORONAPRENSADO,102mm 1,,,,3400,,,https://www.mof.go.jp/policy/tab_salt/topics/20251216_kouriteika.pdf,1,高
9cf410460b4d6752,2025-12-16,令和7年12月16日,変更認可,,EIROA CLASSIC ROBUSTO,EIROACLASSICROBUSTO,127mm 1,,,,3800,,,https://www.mof.go.jp/policy/tab_salt/topics/20251216_kouriteika.pdf,1,高
b2a174009cfcd47a,2025-12-16,令和7年12月16日,変更認可,,Ginza Sapphire Robusto,GINZASAPPHIREROBUSTO,127mm 1,,,,3800,,,https://www.mof.go.jp/policy/tab_salt/topics/20251216_kouriteika.pdf,1,高
17fd15cc0b4c1ec9,2025-12-15,令和7年12月15日,変更認可,,ｳﾞｧﾙﾄ･ﾌﾞﾗｲﾄ･ﾁｪﾘｰ･ｸﾘｯｸ ﾊｰﾄﾞﾊﾟｯｸ,ヴァルトブライトチェリークリックハードパック,ｲﾝﾄﾞﾈｼｱ,,,,580,,,https://www.mof.go.jp/policy/tab_salt/topics/20251215_kouriteika.pdf,1,高
77c95eff236d23fa,2025-12-15,令和7年12月15日,変更認可,,ﾍﾞﾛ･ｽﾑｰｽ･ﾍﾟﾊﾟｰﾐﾝﾄ･ﾐﾃﾞｨｱﾑ,ベロスムースペパーミントミディアム,15,,,,360,,,https://www.mof.go.jp/policy/tab_salt/topics/20251215_kouriteika.pdf,1,高
96f4f457918cda61,2025-12-15,令和7年12月15日,変更認可,,ﾍﾞﾛ･ﾌﾞﾘｰｼﾞｰ･ﾏﾝｺﾞｰ･ｲﾝﾃﾝｽ,ベロブリージーマンゴーインテンス,15,,,,360,,,https://www.mof.go.jp/policy/tab_salt/topics/20251215_kouriteika.pdf,1,高
530a45d44a0796ea,2025-12-05,令和7年12月5日,変更認可,,BLTC Lawless Grand Toro,BLTCLAWLESSGRANDTORO,152.4mm 1,,,,3000,,,https://www.mof.go.jp/policy/tab_salt/topics/20251205_kouriteika.pdf,1,高
bdea49e5bbb8a88b,2025-12-05,令和7年12月5日,変更認可,,BLTC Lawless Robusto,BLTCLAWLESSROBUSTO,127mm 1,,,,2600,,,https://www.mof.go.jp/policy/tab_salt/topics/20251205_kouriteika.pdf,1,高
eca8bc6b7af463ef,2025-12-05,令和7年12月5日,変更認可,,BLTC Lawless Robusto Box,BLTCLAWLESSROBUSTOBOX,127mm 20,,,,52000,,,https://www.mof.go.jp/policy/tab_salt/topics/20251205_kouriteika.pdf,1,高
dc0b230e228f793b,2025-12-05,令和7年12月5日,変更認可,,BLTC Lawless Robusto Real,BLTCLAWLESSROBUSTOREAL,127mm 1,,,,2500,,,https://www.mof.go.jp/policy/tab_salt/topics/20251205_kouriteika.pdf,1,高
a8e8c9beb2b84bf1,2025-12-05,令和7年12月5日,変更認可,,BLTC Lawless Robusto Real Box,BLTCLAWLESSROBUSTOREALBOX,127mm 20,,,,50000,,,https://www.mof.go.jp/policy/tab_salt/topics/20251205_kouriteika.pdf,1,高
1cf4aed1e5b4b68f,2025-12-05,令和7年12月5日,変更認可,,BLTC Lawless Toro,BLTCLAWLESSTORO,152.4mm 1,,,,2700,,,https://www.mof.go.jp/policy/tab_salt/topics/20251205_kouriteika.pdf,1,高
acd329dd7aa45ac1,2025-12-05,令和7年12月5日,変更認可,,BLTC Lawless Toro Box,BLTCLAWLESSTOROBOX,152.4mm 20,,,,54000,,,https://www.mof.go.jp/policy/tab_salt/topics/20251205_kouriteika.pdf,1,高
cc6587ca76e23052,2025-12-05,令和7年12月5日,変更認可,,BLTC Porcelain Corona Gorda,BLTCPORCELAINCORONAGORDA,139.7mm 1,,,,2300,,,https://www.mof.go.jp/policy/tab_salt/topics/20251205_kouriteika.pdf,1,高
b5c72b842bcfdaa3,2025-12-05,令和7年12月5日,変更認可,,BLTC Porcelain Corona Gorda Box,BLTCPORCELAINCORONAGORDABOX,139.7mm 20,,,,46000,,,https://www.mof.go.jp/policy/tab_salt/topics/20251205_kouriteika.pdf,1,高
8319fdcf8bcd72f0,2025-12-05,令和7年12月5日,変更認可,,BLTC Porcelain Robusto,BLTCPORCELAINROBUSTO,127mm 1,,,,2300,,,https://www.mof.go.jp/policy/tab_salt/topics/20251205_kouriteika.pdf,1,高
37bd096a850270c0,2025-12-05,令和7年12月5日,変更認可,,BLTC Porcelain Robusto Box,BLTCPORCELAINROBUSTOBOX,127mm 20,,,,46000,,,https://www.mof.go.jp/policy/tab_salt/topics/20251205_kouriteika.pdf,1,高
49966b45d0c05503,2025-12-05,令和7年12月5日,変更認可,,BLTC Royalty Corona,BLTCROYALTYCORONA,139.7mm 1,,,,2000,,,https://www.mof.go.jp/policy/tab_salt/topics/20251205_kouriteika.pdf,1,高
166527ae08662043,2025-12-05,令和7年12月5日,変更認可,,BLTC Royalty Corona Box,BLTCROYALTYCORONABOX,139.7mm 24,,,,48000,,,https://www.mof.go.jp/policy/tab_salt/topics/20251205_kouriteika.pdf,1,高
b7482e1f6d445caa,2025-12-05,令和7年12月5日,変更認可,,BLTC Royalty Grand Toro,BLTCROYALTYGRANDTORO,152.4mm 1,,,,2900,,,https://www.mof.go.jp/policy/tab_salt/topics/20251205_kouriteika.pdf,1,高
50e87da11603f1ea,2025-12-05,令和7年12月5日,変更認可,,BLTC Royalty Grand Toro Box,BLTCROYALTYGRANDTOROBOX,152.4mm 20,,,,58000,,,https://www.mof.go.jp/policy/tab_salt/topics/20251205_kouriteika.pdf,1,高
16e092453c1f5cc6,2025-12-05,令和7年12月5日,変更認可,,BLTC Royalty Robusto,BLTCROYALTYROBUSTO,127mm 1,,,,2500,,,https://www.mof.go.jp/policy/tab_salt/topics/20251205_kouriteika.pdf,1,高
bad2703b534dd3f9,2025-12-05,令和7年12月5日,変更認可,,BLTC Royalty Robusto Box,BLTCROYALTYROBUSTOBOX,127mm 20,,,,50000,,,https://www.mof.go.jp/policy/tab_salt/topics/20251205_kouriteika.pdf,1,高
d70c2afb4339d5f2,2025-12-05,令和7年12月5日,変更認可,,BLTC Royalty Robusto Real,BLTCROYALTYROBUSTOREAL,127mm 1,,,,2400,,,https://www.mof.go.jp/policy/tab_salt/topics/20251205_kouriteika.pdf,1,高
71096544fa57cdef,2025-12-05,令和7年12月5日,変更認可,,BLTC Royalty Robusto Real Box,BLTCROYALTYROBUSTOREALBOX,127mm 20,,,,48000,,,https://www.mof.go.jp/policy/tab_salt/topics/20251205_kouriteika.pdf,1,高
de4ffe4c84c403fa,2025-12-05,令和7年12月5日,変更認可,,BLTC Royalty Toro,BLTCROYALTYTORO,152.4mm 1,,,,2600,,,https://www.mof.go.jp/policy/tab_salt/topics/20251205_kouriteika.pdf,1,高
7279af377a2b2b31,2025-12-05,令和7年12月5日,変更認可,,BLTC Royalty Toro Box,BLTCROYALTYTOROBOX,152.4mm 20,,,,52000,,,https://www.mof.go.jp/policy/tab_salt/topics/20251205_kouriteika.pdf,1,高
df47a13ecde7b2c7,2025-12-05,令和7年12月5日,変更認可,,BLTC Salvation Grand Toro,BLTCSALVATIONGRANDTORO,152.4mm 1,,,,2900,,,https://www.mof.go.jp/policy/tab_salt/topics/20251205_kouriteika.pdf,1,高
70d02d7d5f8308b1,2025-12-05,令和7年12月5日,変更認可,,BLTC Salvation Grand Toro Box,BLTCSALVATIONGRANDTOROBOX,152.4mm 20,,,,58000,,,https://www.mof.go.jp/policy/tab_salt/topics/20251205_kouriteika.pdf,1,高
5afdb7cacec5350f,2025-12-05,令和7年12月5日,変更認可,,BLTC Salvation Robusto,BLTCSALVATIONROBUSTO,127mm 1,,,,2500,,,https://www.mof.go.jp/policy/tab_salt/topics/20251205_kouriteika.pdf,1,高
074c38a7f3863ae4,2025-12-05,令和7年12月5日,変更認可,,BLTC Salvation Robusto Box,BLTCSALVATIONROBUSTOBOX,127mm 20,,,,50000,,,https://www.mof.go.jp/policy/tab_salt/topics/20251205_kouriteika.pdf,1,高
2b7699c44d219507,2025-12-05,令和7年12月5日,変更認可,,BLTC Salvation Robusto Real,BLTCSALVATIONROBUSTOREAL,127mm 1,,,,2400,,,https://www.mof.go.jp/policy/tab_salt/topics/20251205_kouriteika.pdf,1,高
3199f03b10d15fd4,2025-12-05,令和7年12月5日,変更認可,,BLTC Salvation Robusto Real Box,BLTCSALVATIONROBUSTOREALBOX,127mm 20,,,,48000,,,https://www.mof.go.jp/policy/tab_salt/topics/20251205_kouriteika.pdf,1,高
209b4c8a6c3b4444,2025-12-05,令和7年12月5日,変更認可,,BLTC Salvation Toro,BLTCSALVATIONTORO,152.4mm 1,,,,2600,,,https://www.mof.go.jp/policy/tab_salt/topics/20251205_kouriteika.pdf,1,高
7a147373c4f4ba10,2025-12-05,令和7年12月5日,変更認可,,BLTC Salvation Toro Box,BLTCSALVATIONTOROBOX,152.4mm 20,,,,52000,,,https://www.mof.go.jp/policy/tab_salt/topics/20251205_kouriteika.pdf,1,高
ed1df1c95a12b48b,2025-12-05,令和7年12月5日,変更認可,,BLTC Coffin Nails,BLTCCOFFINNAILS,127mm 1,,,,1600,,,https://www.mof.go.jp/policy/tab_salt/topics/20251205_kouriteika.pdf,2,高
8dc46e0271e7174b,2025-12-05,令和7年12月5日,変更認可,,BLTC Coffin Nails 5Box,BLTCCOFFINNAILS5BOX,127mm 50,,,,80000,,,https://www.mof.go.jp/policy/tab_salt/topics/20251205_kouriteika.pdf,2,高
f33c442f38e9c750,2025-12-05,令和7年12月5日,変更認可,,BLTC Coffin Nails Box,BLTCCOFFINNAILSBOX,127mm 10,,,,16000,,,https://www.mof.go.jp/policy/tab_salt/topics/20251205_kouriteika.pdf,2,高
93d5c534bcf6f882,2025-12-05,令和7年12月5日,変更認可,,BLTC Last Rites Grand Toro,BLTCLASTRITESGRANDTORO,152.4mm 1,,,,3100,,,https://www.mof.go.jp/policy/tab_salt/topics/20251205_kouriteika.pdf,2,高
ea0c408bac1068fd,2025-12-05,令和7年12月5日,変更認可,,BLTC Last Rites Grand Toro Box,BLTCLASTRITESGRANDTOROBOX,152.4mm 20,,,,62000,,,https://www.mof.go.jp/policy/tab_salt/topics/20251205_kouriteika.pdf,2,高
1b600edf2153c20d,2025-12-05,令和7年12月5日,変更認可,,BLTC Last Rites Petite Lancero,BLTCLASTRITESPETITELANCERO,165.1mm 1,,,,2400,,,https://www.mof.go.jp/policy/tab_salt/topics/20251205_kouriteika.pdf,2,高
9351be0fe64f167f,2025-12-05,令和7年12月5日,変更認可,,BLTC Last Rites Petite Lancero Box,BLTCLASTRITESPETITELANCEROBOX,165.1mm 20,,,,48000,,,https://www.mof.go.jp/policy/tab_salt/topics/20251205_kouriteika.pdf,2,高
3aa22b45432f81aa,2025-12-05,令和7年12月5日,変更認可,,BLTC Last Rites Robusto,BLTCLASTRITESROBUSTO,127mm 1,,,,2700,,,https://www.mof.go.jp/policy/tab_salt/topics/20251205_kouriteika.pdf,2,高
91a1e33eefc6f9ea,2025-12-05,令和7年12月5日,変更認可,,BLTC Last Rites Robusto Box,BLTCLASTRITESROBUSTOBOX,127mm 20,,,,54000,,,https://www.mof.go.jp/policy/tab_salt/topics/20251205_kouriteika.pdf,2,高
cf3a2406596f1f1c,2025-12-05,令和7年12月5日,変更認可,,BLTC Last Rites Robusto Real,BLTCLASTRITESROBUSTOREAL,127mm 1,,,,2600,,,https://www.mof.go.jp/policy/tab_salt/topics/20251205_kouriteika.pdf,2,高
88bb3d3ece0be316,2025-12-05,令和7年12月5日,変更認可,,BLTC Last Rites Robusto Real Box,BLTCLASTRITESROBUSTOREALBOX,127mm 20,,,,52000,,,https://www.mof.go.jp/policy/tab_salt/topics/20251205_kouriteika.pdf,2,高
5f9148ec19ee4743,2025-12-05,令和7年12月5日,変更認可,,BLTC Last Rites Toro,BLTCLASTRITESTORO,152.4mm 1,,,,2800,,,https://www.mof.go.jp/policy/tab_salt/topics/20251205_kouriteika.pdf,2,高
eb8130fc6ee4c564,2025-12-05,令和7年12月5日,変更認可,,BLTC Last Rites Toro Box,BLTCLASTRITESTOROBOX,152.4mm 20,,,,56000,,,https://www.mof.go.jp/policy/tab_salt/topics/20251205_kouriteika.pdf,2,高
beec497db9bf02cd,2025-12-05,令和7年12月5日,変更認可,,BLTC Lawless Churchill,BLTCLAWLESSCHURCHILL,177.8mm 1,,,,2600,,,https://www.mof.go.jp/policy/tab_salt/topics/20251205_kouriteika.pdf,2,高
442b7e0039eab0a7,2025-12-05,令和7年12月5日,変更認可,,BLTC Lawless Churchill Box,BLTCLAWLESSCHURCHILLBOX,177.8mm 20,,,,52000,,,https://www.mof.go.jp/policy/tab_salt/topics/20251205_kouriteika.pdf,2,高
4cc3964b1e78c785,2025-12-05,令和7年12月5日,変更認可,,BLTC Lawless Grand Toro Box,BLTCLAWLESSGRANDTOROBOX,152.4mm 20,,,,60000,,,https://www.mof.go.jp/policy/tab_salt/topics/20251205_kouriteika.pdf,2,高
d09141cefbb2a71c,2025-12-05,令和7年12月5日,変更認可,,BLTC Santa Muerte Corona Gorda,BLTCSANTAMUERTECORONAGORDA,139.7mm 1,,,,2300,,,https://www.mof.go.jp/policy/tab_salt/topics/20251205_kouriteika.pdf,2,高
41bc92ed243c085f,2025-12-05,令和7年12月5日,変更認可,,BLTC Santa Muerte Corona Gorda Box,BLTCSANTAMUERTECORONAGORDABOX,139.7mm 20,,,,46000,,,https://www.mof.go.jp/policy/tab_salt/topics/20251205_kouriteika.pdf,2,高
1e14a3e9e0897154,2025-12-05,令和7年12月5日,変更認可,,BLTC Santa Muerte Petite Lancero,BLTCSANTAMUERTEPETITELANCERO,165.1mm 1,,,,2300,,,https://www.mof.go.jp/policy/tab_salt/topics/20251205_kouriteika.pdf,2,高
1404907191f0b981,2025-12-05,令和7年12月5日,変更認可,,BLTC Santa Muerte Petite LanceroBox,BLTCSANTAMUERTEPETITELANCEROBOX,165.1mm 20,,,,46000,,,https://www.mof.go.jp/policy/tab_salt/topics/20251205_kouriteika.pdf,2,高
6e296f0839ddb90f,2025-12-05,令和7年12月5日,変更認可,,BLTC Santa Muerte Short Robusto,BLTCSANTAMUERTESHORTROBUSTO,120.65mm 1,,,,2400,,,https://www.mof.go.jp/policy/tab_salt/topics/20251205_kouriteika.pdf,2,高
2524791f7e7e621e,2025-12-05,令和7年12月5日,変更認可,,BLTC Santa Muerte Short RobustoBox,BLTCSANTAMUERTESHORTROBUSTOBOX,120.65mm 20,,,,48000,,,https://www.mof.go.jp/policy/tab_salt/topics/20251205_kouriteika.pdf,2,高
8bd087ab13709945,2025-12-05,令和7年12月5日,変更認可,,H.ｱｯﾌﾟﾏﾝ･ﾏｸﾞﾅﾑ ﾌｨﾆｰﾄ LE 2024,H.アップマンマグナムフィニートLE2024,130mm 1,,,,16500,,,https://www.mof.go.jp/policy/tab_salt/topics/20251205_kouriteika.pdf,2,高
beadbed0467611fd,2025-12-05,令和7年12月5日,変更認可,,ｺｲｰﾊﾞ･ﾋﾞｽﾄｿｽ TR 2024,コイーバビストソスTR2024,145mm 1,,,,66000,,,https://www.mof.go.jp/policy/tab_salt/topics/20251205_kouriteika.pdf,2,高
ac71bcd12653bd30,2025-12-05,令和7年12月5日,変更認可,,ｽｳｨｯｼｬｰｽｲｰﾄ･ﾌｫｲﾙﾊﾟｳﾁ ｸﾞﾘｰﾝ,スウィッシャースイートフォイルパウチグリーン,109mm 2,,,,290,,,https://www.mof.go.jp/policy/tab_salt/topics/20251205_kouriteika.pdf,2,高
6508274c155cb030,2025-12-05,令和7年12月5日,変更認可,,ｽｳｨｯｼｬｰｽｲｰﾄ･ﾌｫｲﾙﾊﾟｳﾁ ﾊﾆｰﾊﾞﾅﾅ,スウィッシャースイートフォイルパウチハニーバナナ,109mm 2,,,,290,,,https://www.mof.go.jp/policy/tab_salt/topics/20251205_kouriteika.pdf,2,高
fe49b29102a2f564,2025-12-03,令和7年12月3日,変更認可,,ｾﾝﾃｨｱ･ﾊﾟｰﾌﾟﾙ･ｶﾌﾟｾﾙ,センティアパープルカプセル,ﾊｰﾄﾞﾊﾟｯｸ,,,,530,,,https://www.mof.go.jp/policy/tab_salt/topics/20251203_kouriteika.pdf,1,高
66e9dabf1f373e9c,2025-12-02,令和7年12月2日,変更認可,,4th ｼﾞｪﾈﾚｰｼｮﾝ ﾘﾐﾃｯﾄﾞｴﾃﾞｨｼｮﾝ,4THジェネレーションリミテッドエディション,100.0g,100,g,,6000,,,https://www.mof.go.jp/policy/tab_salt/topics/20251202_kouriteika.pdf,1,高
d481782ade75080d,2025-12-02,令和7年12月2日,変更認可,,ADALYA BAGDADI,ADALYABAGDADI,50.0g,50,g,,2000,,,https://www.mof.go.jp/policy/tab_salt/topics/20251202_kouriteika.pdf,1,高
775cb50b1abf115d,2025-12-02,令和7年12月2日,変更認可,,ADALYA BLUE MELON,ADALYABLUEMELON,50.0g,50,g,,2000,,,https://www.mof.go.jp/policy/tab_salt/topics/20251202_kouriteika.pdf,1,高
ec3586470cb20282,2025-12-02,令和7年12月2日,変更認可,,ADALYA BLUEBERRY=S,ADALYABLUEBERRY=S,50.0g,50,g,,2000,,,https://www.mof.go.jp/policy/tab_salt/topics/20251202_kouriteika.pdf,1,高
12ecbf2a0db17875,2025-12-02,令和7年12月2日,変更認可,,ADALYA ENGLISH LORD,ADALYAENGLISHLORD,50.0g,50,g,,2000,,,https://www.mof.go.jp/policy/tab_salt/topics/20251202_kouriteika.pdf,1,高
20a153538ae1da9e,2025-12-02,令和7年12月2日,変更認可,,ADALYA GRAPE,ADALYAGRAPE,50.0g,50,g,,2000,,,https://www.mof.go.jp/policy/tab_salt/topics/20251202_kouriteika.pdf,1,高
68c36fc8c345cde5,2025-12-02,令和7年12月2日,変更認可,,ADALYA GRAPE MINT,ADALYAGRAPEMINT,50.0g,50,g,,2000,,,https://www.mof.go.jp/policy/tab_salt/topics/20251202_kouriteika.pdf,1,高
54d48de293962891,2025-12-02,令和7年12月2日,変更認可,,ADALYA HAVANA,ADALYAHAVANA,50.0g,50,g,,2000,,,https://www.mof.go.jp/policy/tab_salt/topics/20251202_kouriteika.pdf,1,高
b1e406857b252f19,2025-12-02,令和7年12月2日,変更認可,,ADALYA HAWAII,ADALYAHAWAII,50.0g,50,g,,2000,,,https://www.mof.go.jp/policy/tab_salt/topics/20251202_kouriteika.pdf,1,高
46419d6d8dda03e4,2025-12-02,令和7年12月2日,変更認可,,ADALYA ICE LIME ON THE ROCKS,ADALYAICELIMEONTHEROCKS,50.0g,50,g,,2000,,,https://www.mof.go.jp/policy/tab_salt/topics/20251202_kouriteika.pdf,1,高
cb360d9cfd5c2f5a,2025-12-02,令和7年12月2日,変更認可,,ADALYA JAMAICAN VIBES,ADALYAJAMAICANVIBES,50.0g,50,g,,2000,,,https://www.mof.go.jp/policy/tab_salt/topics/20251202_kouriteika.pdf,1,高
f332395add4924b2,2025-12-02,令和7年12月2日,変更認可,,ADALYA JK 777,ADALYAJK777,50.0g,50,g,,2000,,,https://www.mof.go.jp/policy/tab_salt/topics/20251202_kouriteika.pdf,1,高
b68fdb1341ceae14,2025-12-02,令和7年12月2日,変更認可,,ADALYA ORANGE MINT,ADALYAORANGEMINT,50.0g,50,g,,2000,,,https://www.mof.go.jp/policy/tab_salt/topics/20251202_kouriteika.pdf,1,高
d9d78e0e2cb9cb96,2025-12-02,令和7年12月2日,変更認可,,ADALYA SKY FALL,ADALYASKYFALL,50.0g,50,g,,2000,,,https://www.mof.go.jp/policy/tab_salt/topics/20251202_kouriteika.pdf,1,高
fd4752f881212e5f,2025-12-02,令和7年12月2日,変更認可,,ADALYA STRAWBERRY SPLASH,ADALYASTRAWBERRYSPLASH,50.0g,50,g,,2000,,,https://www.mof.go.jp/policy/tab_salt/topics/20251202_kouriteika.pdf,1,高
e7c574327325a8cb,2025-12-02,令和7年12月2日,変更認可,,SERBETLI BLUE CURACAO,SERBETLIBLUECURACAO,50.0g,50,g,,2000,,,https://www.mof.go.jp/policy/tab_salt/topics/20251202_kouriteika.pdf,1,高
5eab7ba797e271be,2025-12-02,令和7年12月2日,変更認可,,SERBETLI ICE GREEN APPLE,SERBETLIICEGREENAPPLE,50.0g,50,g,,2000,,,https://www.mof.go.jp/policy/tab_salt/topics/20251202_kouriteika.pdf,1,高
7b0388f2033ac676,2025-12-02,令和7年12月2日,変更認可,,SERBETLI ICE LEMON MINT,SERBETLIICELEMONMINT,50.0g,50,g,,2000,,,https://www.mof.go.jp/policy/tab_salt/topics/20251202_kouriteika.pdf,1,高
15f8884d611efa8f,2025-12-02,令和7年12月2日,変更認可,,SERBETLI LIME LYCHEE BLUEBERRY,SERBETLILIMELYCHEEBLUEBERRY,50.0g,50,g,,2000,,,https://www.mof.go.jp/policy/tab_salt/topics/20251202_kouriteika.pdf,1,高
849de11a255a28ca,2025-12-02,令和7年12月2日,変更認可,,SERBETLI LIME SPICE PEACH,SERBETLILIMESPICEPEACH,50.0g,50,g,,2000,,,https://www.mof.go.jp/policy/tab_salt/topics/20251202_kouriteika.pdf,1,高
109daa7be00b3073,2025-12-02,令和7年12月2日,変更認可,,SERBETLI PISTACHIO ICE CREAM,SERBETLIPISTACHIOICECREAM,250.0g,250,g,,9500,,,https://www.mof.go.jp/policy/tab_salt/topics/20251202_kouriteika.pdf,1,高
222497471928543c,2025-12-02,令和7年12月2日,変更認可,,TP-77 ｵﾒｶﾞﾒﾝｿｰﾙ,TP-77オメガメンソール,150.0g,150,g,,3990,,,https://www.mof.go.jp/policy/tab_salt/topics/20251202_kouriteika.pdf,1,高
dc955af57faa3637,2025-12-02,令和7年12月2日,変更認可,,ｱｰｸ･ﾛｰﾔﾙ･ｷｬﾗﾒﾙﾏｷｱｰﾄ,アークローヤルキャラメルマキアート,FK84mm 20 ﾎﾞｯｸｽ,,,,550,,,https://www.mof.go.jp/policy/tab_salt/topics/20251202_kouriteika.pdf,1,高
00413b5b66faf64e,2025-12-02,令和7年12月2日,変更認可,,ﾌﾞﾗｯｸｽﾊﾟｲﾀﾞｰｼｬｸﾞ･ｲﾁｺﾞｷｬﾝﾃﾞｨｰ,ブラックスパイダーシャグイチゴキャンディー,30.0gﾊﾟｳﾁ,30,g,,830,,,https://www.mof.go.jp/policy/tab_salt/topics/20251202_kouriteika.pdf,1,高
ee46e1ce9e85ae59,2025-12-02,令和7年12月2日,変更認可,,ﾌﾞﾗｯｸｽﾊﾟｲﾀﾞｰｼｬｸﾞ･ｵﾚﾝｼﾞﾋﾟｰﾙﾒﾝｿｰﾙ,ブラックスパイダーシャグオレンジピールメンソール,30.0gﾊﾟｳﾁ,30,g,,830,,,https://www.mof.go.jp/policy/tab_salt/topics/20251202_kouriteika.pdf,1,高
9ed56414de5cbe67,2025-12-02,令和7年12月2日,変更認可,,ﾌﾞﾗｯｸｽﾊﾟｲﾀﾞｰｼｬｸﾞ･ﾒﾛﾝﾒﾝｿｰﾙ,ブラックスパイダーシャグメロンメンソール,30.0gﾊﾟｳﾁ,30,g,,830,,,https://www.mof.go.jp/policy/tab_salt/topics/20251202_kouriteika.pdf,1,高
3dd56536e462724a,2025-12-02,令和7年12月2日,変更認可,,ﾌﾛｰﾙ･ﾃﾞ･ｺﾊﾟﾝ 1795 ﾘﾐﾃｯﾄﾞｴﾃﾞｨｼｮﾝ,フロールデコパン1795リミテッドエディション,157mm 1,,,,1800,,,https://www.mof.go.jp/policy/tab_salt/topics/20251202_kouriteika.pdf,1,高
db0eaf5562bdbdc4,2025-12-02,令和7年12月2日,変更認可,,ﾗ･ﾘﾊﾟﾌﾞﾘｶｰﾅ･ｲｴﾛｰ,ラリパブリカーナイエロー,FK84mm 20 ﾎﾞｯｸｽ,,,,600,,,https://www.mof.go.jp/policy/tab_salt/topics/20251202_kouriteika.pdf,1,高
c7cd717b8bc163fa,2025-12-02,令和7年12月2日,変更認可,,ﾗ･ﾘﾊﾟﾌﾞﾘｶｰﾅ･ﾌﾞﾗｯｸ,ラリパブリカーナブラック,FK84mm 20 ﾎﾞｯｸｽ,,,,600,,,https://www.mof.go.jp/policy/tab_salt/topics/20251202_kouriteika.pdf,1,高
6ed527051f9bf701,2025-12-02,令和7年12月2日,変更認可,,SERBETLI BUBBLE FRUIT,SERBETLIBUBBLEFRUIT,250.0g,250,g,,9500,,,https://www.mof.go.jp/policy/tab_salt/topics/20251202_kouriteika.pdf,2,高
89b5eb0d5bb64141,2025-12-02,令和7年12月2日,変更認可,,SERBETLI GRAPE,SERBETLIGRAPE,250.0g,250,g,,9500,,,https://www.mof.go.jp/policy/tab_salt/topics/20251202_kouriteika.pdf,2,高
6082fc3902374135,2025-12-02,令和7年12月2日,変更認可,,SERBETLI GREEN MIX,SERBETLIGREENMIX,250.0g,250,g,,9500,,,https://www.mof.go.jp/policy/tab_salt/topics/20251202_kouriteika.pdf,2,高
80083fe30fee76d2,2025-12-02,令和7年12月2日,変更認可,,SERBETLI MARBELLA,SERBETLIMARBELLA,250.0g,250,g,,9500,,,https://www.mof.go.jp/policy/tab_salt/topics/20251202_kouriteika.pdf,2,高
4f8573398dfa2271,2025-11-27,令和7年11月27日,変更認可,,Apyna Robusto,APYNAROBUSTO,127mm 1,,,,3700,,,https://www.mof.go.jp/policy/tab_salt/topics/20251127_kouriteika.pdf,1,高
5f91e958f3df2c27,2025-11-27,令和7年11月27日,変更認可,,EX4 Robusto,EX4ROBUSTO,127mm 1,,,,3400,,,https://www.mof.go.jp/policy/tab_salt/topics/20251127_kouriteika.pdf,1,高
9d8659a2e275cc96,2025-11-27,令和7年11月27日,変更認可,,Juan Lopez Cincuenta y CuatroER2023ES,JUANLOPEZCINCUENTAYCUATROER2023ES,120mm 1,,,,19800,,,https://www.mof.go.jp/policy/tab_salt/topics/20251127_kouriteika.pdf,1,高
2a0f970825bf505e,2025-11-27,令和7年11月27日,変更認可,,Juan Lopez Lancero AdriaticoER2023AD,JUANLOPEZLANCEROADRIATICOER2023AD,192mm 1,,,,20000,,,https://www.mof.go.jp/policy/tab_salt/topics/20251127_kouriteika.pdf,1,高
bab8be4594607fc8,2025-11-27,令和7年11月27日,変更認可,,Por Larra³aga Leones ER2021ES,PORLARRA³AGALEONESER2021ES,155mm 1,,,,16000,,,https://www.mof.go.jp/policy/tab_salt/topics/20251127_kouriteika.pdf,1,高
22a75bcf55a924c8,2025-11-27,令和7年11月27日,変更認可,,San Luis Rey Adamastor ER2023PT,SANLUISREYADAMASTORER2023PT,192mm 1,,,,20000,,,https://www.mof.go.jp/policy/tab_salt/topics/20251127_kouriteika.pdf,1,高
cce4668e5e650fbe,2025-11-27,令和7年11月27日,変更認可,,Ubazito,UBAZITO,114mm 1,,,,1200,,,https://www.mof.go.jp/policy/tab_salt/topics/20251127_kouriteika.pdf,1,高
23b3c90dec61eebd,2025-11-17,令和7年11月17日,変更認可,,ﾊﾝﾃﾞﾙｽｺﾞｰﾙﾄﾞ･ｶｶｵ,ハンデルスゴールドカカオ,97mm 1,,,,120,,,https://www.mof.go.jp/policy/tab_salt/topics/20251117_kouriteika.pdf,1,高
bb82815e7823b33c,2025-11-07,令和7年11月7日,変更認可,,ﾀﾞﾋﾞﾄﾞﾌ ｲﾔｰ ｵﾌﾞ ｻﾞ ﾎｰｽ 2026,ダビドフイヤーオブザホース2026,165mm 1,,,,18000,,,https://www.mof.go.jp/policy/tab_salt/topics/20251107_kouriteika.pdf,1,高
39440ae61595c312,2025-11-07,令和7年11月7日,変更認可,,ﾀﾞﾋﾞﾄﾞﾌ ｲﾔｰ ｵﾌﾞ ｻﾞ ﾎｰｽ ﾌﾗｯｸﾞｼｯﾌﾟ2026,ダビドフイヤーオブザホースフラッグシップ2026,152mm 1,,,,23000,,,https://www.mof.go.jp/policy/tab_salt/topics/20251107_kouriteika.pdf,1,高
937f882817f43df5,2025-11-07,令和7年11月7日,変更認可,,ﾌﾞﾘｯｸﾄｰﾊﾞｰﾌｪｽﾄ･ﾘﾐﾃｯﾄﾞｴﾃﾞｨｼｮﾝ,ブリックトーバーフェストリミテッドエディション,197mm 1,,,,2200,,,https://www.mof.go.jp/policy/tab_salt/topics/20251107_kouriteika.pdf,1,高
0cf05cf687177ad4,2025-11-05,令和7年11月5日,変更認可,,"Tangiers, Birquq PanicPunch","TANGIERS,BIRQUQPANICPUNCH",100.0g,100,g,,4400,,,https://www.mof.go.jp/policy/tab_salt/topics/20251105_kouriteika.pdf,1,高
ec0063f30faab09b,2025-11-05,令和7年11月5日,変更認可,,"Tangiers, Burley a CaneMint","TANGIERS,BURLEYACANEMINT",100.0g,100,g,,4400,,,https://www.mof.go.jp/policy/tab_salt/topics/20251105_kouriteika.pdf,1,高
e481518989c6d92f,2025-11-05,令和7年11月5日,変更認可,,"Tangiers, Noir a Cane Mint","TANGIERS,NOIRACANEMINT",100.0g,100,g,,4400,,,https://www.mof.go.jp/policy/tab_salt/topics/20251105_kouriteika.pdf,1,高
2f0266ee57ece025,2025-11-05,令和7年11月5日,変更認可,,"Tangiers, Noir BananaFoster","TANGIERS,NOIRBANANAFOSTER",100.0g,100,g,,4400,,,https://www.mof.go.jp/policy/tab_salt/topics/20251105_kouriteika.pdf,1,高
722a84dbb7aee548,2025-11-05,令和7年11月5日,変更認可,,"Tangiers, Noir Bubblegum","TANGIERS,NOIRBUBBLEGUM",100.0g,100,g,,4400,,,https://www.mof.go.jp/policy/tab_salt/topics/20251105_kouriteika.pdf,1,高
d2127d0e42a8a822,2025-11-05,令和7年11月5日,変更認可,,"Tangiers, Noir Cane Mint","TANGIERS,NOIRCANEMINT",100.0g,100,g,,4400,,,https://www.mof.go.jp/policy/tab_salt/topics/20251105_kouriteika.pdf,1,高
1070629536cb8a01,2025-11-05,令和7年11月5日,変更認可,,"Tangiers, Noir CaramelApple","TANGIERS,NOIRCARAMELAPPLE",100.0g,100,g,,4400,,,https://www.mof.go.jp/policy/tab_salt/topics/20251105_kouriteika.pdf,1,高
f0619bc0e0611481,2025-11-05,令和7年11月5日,変更認可,,"Tangiers, Noir CardamomCheesecake","TANGIERS,NOIRCARDAMOMCHEESECAKE",250.0g,250,g,,10000,,,https://www.mof.go.jp/policy/tab_salt/topics/20251105_kouriteika.pdf,1,高
42700cb0d8576ea8,2025-11-05,令和7年11月5日,変更認可,,"Tangiers, Noir Clove","TANGIERS,NOIRCLOVE",100.0g,100,g,,4400,,,https://www.mof.go.jp/policy/tab_salt/topics/20251105_kouriteika.pdf,1,高
208cbc17856d9156,2025-11-05,令和7年11月5日,変更認可,,"Tangiers, Noir Coconut","TANGIERS,NOIRCOCONUT",100.0g,100,g,,4400,,,https://www.mof.go.jp/policy/tab_salt/topics/20251105_kouriteika.pdf,1,高
56e26b55a101fab5,2025-11-05,令和7年11月5日,変更認可,,"Tangiers, Noir Cooling","TANGIERS,NOIRCOOLING",100.0g,100,g,,4400,,,https://www.mof.go.jp/policy/tab_salt/topics/20251105_kouriteika.pdf,1,高
3e008b49a153389e,2025-11-05,令和7年11月5日,変更認可,,"Tangiers, Noir Dark Cherry","TANGIERS,NOIRDARKCHERRY",100.0g,100,g,,4400,,,https://www.mof.go.jp/policy/tab_salt/topics/20251105_kouriteika.pdf,1,高
5fa402a8effd3dd5,2025-11-05,令和7年11月5日,変更認可,,"Tangiers, Noir Foreplay onthe Peach","TANGIERS,NOIRFOREPLAYONTHEPEACH",100.0g,100,g,,4400,,,https://www.mof.go.jp/policy/tab_salt/topics/20251105_kouriteika.pdf,1,高
74f8b0b38da4fbe5,2025-11-05,令和7年11月5日,変更認可,,"Tangiers, Noir Ginger Pear","TANGIERS,NOIRGINGERPEAR",250.0g,250,g,,10000,,,https://www.mof.go.jp/policy/tab_salt/topics/20251105_kouriteika.pdf,1,高
081fed36cd44a165,2025-11-05,令和7年11月5日,変更認可,,"Tangiers, Noir Kashmir Lime","TANGIERS,NOIRKASHMIRLIME",100.0g,100,g,,4400,,,https://www.mof.go.jp/policy/tab_salt/topics/20251105_kouriteika.pdf,1,高
8112262759f17122,2025-11-05,令和7年11月5日,変更認可,,"Tangiers, Noir KashmirApple","TANGIERS,NOIRKASHMIRAPPLE",100.0g,100,g,,4400,,,https://www.mof.go.jp/policy/tab_salt/topics/20251105_kouriteika.pdf,1,高
31252f2b9a640698,2025-11-05,令和7年11月5日,変更認可,,"Tangiers, Noir Kosmik","TANGIERS,NOIRKOSMIK",100.0g,100,g,,4400,,,https://www.mof.go.jp/policy/tab_salt/topics/20251105_kouriteika.pdf,1,高
f30cd047db55159d,2025-11-05,令和7年11月5日,変更認可,,"Tangiers, Noir Lemon Tea","TANGIERS,NOIRLEMONTEA",100.0g,100,g,,4400,,,https://www.mof.go.jp/policy/tab_salt/topics/20251105_kouriteika.pdf,1,高
2fd39ab676309afa,2025-11-05,令和7年11月5日,変更認可,,"Tangiers, Noir Mime","TANGIERS,NOIRMIME",100.0g,100,g,,4400,,,https://www.mof.go.jp/policy/tab_salt/topics/20251105_kouriteika.pdf,1,高
77785037cd0b8388,2025-11-05,令和7年11月5日,変更認可,,"Tangiers, Noir Nectarine","TANGIERS,NOIRNECTARINE",100.0g,100,g,,4400,,,https://www.mof.go.jp/policy/tab_salt/topics/20251105_kouriteika.pdf,1,高
c17f5d2bc378bde8,2025-11-05,令和7年11月5日,変更認可,,"Tangiers, Noir Ololiuqui","TANGIERS,NOIROLOLIUQUI",100.0g,100,g,,4400,,,https://www.mof.go.jp/policy/tab_salt/topics/20251105_kouriteika.pdf,1,高
50807e5ebeafae40,2025-11-05,令和7年11月5日,変更認可,,"Tangiers, Noir PinkGrapefruit","TANGIERS,NOIRPINKGRAPEFRUIT",100.0g,100,g,,4400,,,https://www.mof.go.jp/policy/tab_salt/topics/20251105_kouriteika.pdf,1,高
7f4e16bbbcc4ca79,2025-11-05,令和7年11月5日,変更認可,,"Tangiers, Noir Pumpkin","TANGIERS,NOIRPUMPKIN",100.0g,100,g,,4400,,,https://www.mof.go.jp/policy/tab_salt/topics/20251105_kouriteika.pdf,1,高
18aca41084396616,2025-11-05,令和7年11月5日,変更認可,,"Tangiers, Noir RaspberryIced Tea","TANGIERS,NOIRRASPBERRYICEDTEA",100.0g,100,g,,4400,,,https://www.mof.go.jp/policy/tab_salt/topics/20251105_kouriteika.pdf,1,高
35aae16ef62d79c5,2025-11-05,令和7年11月5日,変更認可,,"Tangiers, Noir Vanilla","TANGIERS,NOIRVANILLA",100.0g,100,g,,4400,,,https://www.mof.go.jp/policy/tab_salt/topics/20251105_kouriteika.pdf,1,高
50192e28fa89c7d8,2025-11-05,令和7年11月5日,変更認可,,"Tangiers, Noir YunnanShaddok","TANGIERS,NOIRYUNNANSHADDOK",100.0g,100,g,,4400,,,https://www.mof.go.jp/policy/tab_salt/topics/20251105_kouriteika.pdf,1,高
20c0f444fe439f0d,2025-10-24,令和7年10月24日,変更認可,,Aganorsa Leaf La ValidacionMaduro Toro BP,AGANORSALEAFLAVALIDACIONMADUROTOROBP,165mm 1,,,,2100,,,https://www.mof.go.jp/policy/tab_salt/topics/20251024_kouriteika.pdf,1,高
e3e1f8e833f3b1cd,2025-10-24,令和7年10月24日,変更認可,,JFR 20th Anniversary SuperToro,JFR20THANNIVERSARYSUPERTORO,165mm 1,,,,2200,,,https://www.mof.go.jp/policy/tab_salt/topics/20251024_kouriteika.pdf,1,高
ee07b4f7e34bfe8e,2025-10-24,令和7年10月24日,変更認可,,JFR Connecticut Junior,JFRCONNECTICUTJUNIOR,114mm 1,,,,1300,,,https://www.mof.go.jp/policy/tab_salt/topics/20251024_kouriteika.pdf,1,高
b3088141820e90d9,2025-10-24,令和7年10月24日,変更認可,,Lunatic Habano Hombre Libre,LUNATICHABANOHOMBRELIBRE,152mm 1,,,,1900,,,https://www.mof.go.jp/policy/tab_salt/topics/20251024_kouriteika.pdf,1,高
69b1e6aee30a89e2,2025-10-24,令和7年10月24日,変更認可,,Lunatic Maduro Short Robusto,LUNATICMADUROSHORTROBUSTO,120mm 1,,,,1600,,,https://www.mof.go.jp/policy/tab_salt/topics/20251024_kouriteika.pdf,1,高
80f7bbd8516ece93,2025-10-22,令和7年10月22日,変更認可,,ﾃﾘｱ･ｽﾃﾗｰ･ﾊﾟｰﾙ,テリアステラーパール,ﾊｰﾄﾞﾊﾟｯｸ,,,,580,,,https://www.mof.go.jp/policy/tab_salt/topics/20251022_kouriteika.pdf,1,高
d649daa1edc96ffe,2025-10-20,令和7年10月20日,変更認可,,Bang Bang Ice Grape,BANGBANGICEGRAPE,50.0g,50,g,,1780,,,https://www.mof.go.jp/policy/tab_salt/topics/20251020_kouriteika.pdf,1,高
6a6ef449294d1fe0,2025-10-20,令和7年10月20日,変更認可,,DARKSIDE RETRO APPLE,DARKSIDERETROAPPLE,100.0g,100,g,,4400,,,https://www.mof.go.jp/policy/tab_salt/topics/20251020_kouriteika.pdf,1,高
6951700fe7798fa0,2025-10-20,令和7年10月20日,変更認可,,Don Pepin Garcia Serie JJ 20thAnniversary Salomon,DONPEPINGARCIASERIEJJ20THANNIVERSARYSALOMON,184mm 1,,,,7000,,,https://www.mof.go.jp/policy/tab_salt/topics/20251020_kouriteika.pdf,1,高
002f223398afcd01,2025-10-20,令和7年10月20日,変更認可,,Don Pepin Garcia Serie JJ 20thAnniversary Toro,DONPEPINGARCIASERIEJJ20THANNIVERSARYTORO,165mm 1,,,,5000,,,https://www.mof.go.jp/policy/tab_salt/topics/20251020_kouriteika.pdf,1,高
ad18b648a2b09c80,2025-10-20,令和7年10月20日,変更認可,,El Triunfador Lancero Original,ELTRIUNFADORLANCEROORIGINAL,191mm 1,,,,2500,,,https://www.mof.go.jp/policy/tab_salt/topics/20251020_kouriteika.pdf,1,高
62f675e540436002,2025-10-20,令和7年10月20日,変更認可,,Jaime Garcia Reserva EspecialFigurado,JAIMEGARCIARESERVAESPECIALFIGURADO,143mm 1,,,,2500,,,https://www.mof.go.jp/policy/tab_salt/topics/20251020_kouriteika.pdf,1,高
21ec92c7ff62c2fc,2025-10-20,令和7年10月20日,変更認可,,Tatuaje 10th Belle Encre Perfect,TATUAJE10THBELLEENCREPERFECT,136mm 1,,,,2100,,,https://www.mof.go.jp/policy/tab_salt/topics/20251020_kouriteika.pdf,1,高
ae3eee71b470b716,2025-10-20,令和7年10月20日,変更認可,,Tatuaje Black Petite Lancero,TATUAJEBLACKPETITELANCERO,152mm 1,,,,1900,,,https://www.mof.go.jp/policy/tab_salt/topics/20251020_kouriteika.pdf,1,高
c45f488e2d808b94,2025-10-17,令和7年10月17日,変更認可,,ｹﾝﾄ･ﾄｩﾙｰ･ﾀﾊﾞｺ･glo hyper,ケントトゥルータバコGLOHYPER,ﾊｰﾄﾞﾊﾟｯｸ,,,,500,480,2026-01-01,https://www.mof.go.jp/policy/tab_salt/topics/20251017_kouriteikahenkou.pdf,1,高
92cfa1ebad2a2ee6,2025-10-17,令和7年10月17日,変更認可,,ｹﾝﾄ･ﾄｩﾙｰ･ﾍﾞﾘｰ･ﾌﾞｰｽﾄ･glo hyper,ケントトゥルーベリーブーストGLOHYPER,ﾌｨﾙﾀｰ 20 ﾊｰﾄﾞﾊﾟｯｸ5.4g,5.4,g,,500,480,2026-01-01,https://www.mof.go.jp/policy/tab_salt/topics/20251017_kouriteikahenkou.pdf,1,高
5f6566aa6d6c54df,2025-10-17,令和7年10月17日,変更認可,,ｹﾝﾄ･ﾄｩﾙｰ･ﾒﾝｿｰﾙ･glo hyper,ケントトゥルーメンソールGLOHYPER,ﾊｰﾄﾞﾊﾟｯｸ,,,,500,480,2026-01-01,https://www.mof.go.jp/policy/tab_salt/topics/20251017_kouriteikahenkou.pdf,1,高
5b0fff624c4fb75b,2025-10-17,令和7年10月17日,変更認可,,ｹﾝﾄ･ﾄｩﾙｰ･ﾘｯﾁ･ﾀﾊﾞｺ･glo hyper,ケントトゥルーリッチタバコGLOHYPER,ﾊｰﾄﾞﾊﾟｯｸ,,,,500,480,2026-01-01,https://www.mof.go.jp/policy/tab_salt/topics/20251017_kouriteikahenkou.pdf,1,高
5fe9bbba002264b1,2025-10-17,令和7年10月17日,変更認可,,ｹﾝﾄ･ﾄｩﾙｰ･ﾘｯﾁ･ﾒﾝｿｰﾙ･glo hyper,ケントトゥルーリッチメンソールGLOHYPER,ﾌｨﾙﾀｰ 20 ﾊｰﾄﾞﾊﾟｯｸ5.2g,5.2,g,,500,480,2026-01-01,https://www.mof.go.jp/policy/tab_salt/topics/20251017_kouriteikahenkou.pdf,1,高
592d52c91b288283,2025-10-17,令和7年10月17日,変更認可,,ﾗｯｷｰ･ｽﾄﾗｲｸ･ｽﾑｰｽ･ﾀﾊﾞｺ･glohyper,ラッキーストライクスムースタバコGLOHYPER,ﾌｨﾙﾀｰ 20 ﾊｰﾄﾞﾊﾟｯｸ5.2g,5.2,g,,450,430,2026-01-01,https://www.mof.go.jp/policy/tab_salt/topics/20251017_kouriteikahenkou.pdf,1,高
26b73a391bff868b,2025-10-17,令和7年10月17日,変更認可,,ﾗｯｷｰ･ｽﾄﾗｲｸ･ﾀﾞｰｸ･ｲｴﾛｰ･ﾒﾝｿｰﾙ･glo hyper,ラッキーストライクダークイエローメンソールGLOHYPER,ﾌｨﾙﾀｰ 20 ﾊｰﾄﾞﾊﾟｯｸ5.2g,5.2,g,,450,430,2026-01-01,https://www.mof.go.jp/policy/tab_salt/topics/20251017_kouriteikahenkou.pdf,1,高
9316bcfa7720f4c7,2025-10-17,令和7年10月17日,変更認可,,ﾗｯｷｰ･ｽﾄﾗｲｸ･ﾀﾞｰｸ･ﾀﾊﾞｺ･glohyper,ラッキーストライクダークタバコGLOHYPER,ﾌｨﾙﾀｰ 20 ﾊｰﾄﾞﾊﾟｯｸ5.2g,5.2,g,,450,430,2026-01-01,https://www.mof.go.jp/policy/tab_salt/topics/20251017_kouriteikahenkou.pdf,1,高
ae1313a9abced938,2025-10-17,令和7年10月17日,変更認可,,ﾗｯｷｰ･ｽﾄﾗｲｸ･ﾀﾞｰｸ･ﾒﾝｿｰﾙ･glohyper,ラッキーストライクダークメンソールGLOHYPER,ﾌｨﾙﾀｰ 20 ﾊｰﾄﾞﾊﾟｯｸ5.2g,5.2,g,,450,430,2026-01-01,https://www.mof.go.jp/policy/tab_salt/topics/20251017_kouriteikahenkou.pdf,1,高
07d5886f66839144,2025-10-17,令和7年10月17日,変更認可,,ﾗｯｷｰ･ｽﾄﾗｲｸ･ﾄﾛﾋﾟｶﾙ･ｽｲｯﾁ･hyper,ラッキーストライクトロピカルスイッチHYPER,ﾌｨﾙﾀｰ 20 ﾊｰﾄﾞﾊﾟｯｸ5.4g,5.4,g,,450,430,2026-01-01,https://www.mof.go.jp/policy/tab_salt/topics/20251017_kouriteikahenkou.pdf,1,高
5ad31bbe36f207f5,2025-10-17,令和7年10月17日,変更認可,,ﾗｯｷｰ･ｽﾄﾗｲｸ･ﾄﾛﾋﾟｶﾙ･ﾌﾞｰｽﾄ･glohyper,ラッキーストライクトロピカルブーストGLOHYPER,ﾌｨﾙﾀｰ 20 ﾊｰﾄﾞﾊﾟｯｸ5.4g,5.4,g,,450,430,2026-01-01,https://www.mof.go.jp/policy/tab_salt/topics/20251017_kouriteikahenkou.pdf,1,高
e109e515f2fd546d,2025-10-17,令和7年10月17日,変更認可,,ﾗｯｷｰ･ｽﾄﾗｲｸ･ﾍﾞﾘｰ･ｽｲｯﾁ･hyper,ラッキーストライクベリースイッチHYPER,ﾊｰﾄﾞﾊﾟｯｸ,,,,450,430,2026-01-01,https://www.mof.go.jp/policy/tab_salt/topics/20251017_kouriteikahenkou.pdf,1,高
6f1725df15344cc6,2025-10-17,令和7年10月17日,変更認可,,ﾗｯｷｰ･ｽﾄﾗｲｸ･ﾍﾞﾘｰ･ﾌﾞｰｽﾄ･glohyper,ラッキーストライクベリーブーストGLOHYPER,ﾌｨﾙﾀｰ 20 ﾊｰﾄﾞﾊﾟｯｸ5.4g,5.4,g,,450,430,2026-01-01,https://www.mof.go.jp/policy/tab_salt/topics/20251017_kouriteikahenkou.pdf,1,高
52bce351696a29e1,2025-10-17,令和7年10月17日,変更認可,,ﾗｯｷｰ･ｽﾄﾗｲｸ･ﾍﾞﾘｰ･ﾒﾝｿｰﾙ･glohyper,ラッキーストライクベリーメンソールGLOHYPER,ﾌｨﾙﾀｰ 20 ﾊｰﾄﾞﾊﾟｯｸ5.4g,5.4,g,,450,430,2026-01-01,https://www.mof.go.jp/policy/tab_salt/topics/20251017_kouriteikahenkou.pdf,1,高
20f2a6d7842fa875,2025-10-17,令和7年10月17日,変更認可,,ﾗｯｷｰ･ｽﾄﾗｲｸ･ﾒﾝｿｰﾙ･glo hyper,ラッキーストライクメンソールGLOHYPER,ﾊｰﾄﾞﾊﾟｯｸ,,,,450,430,2026-01-01,https://www.mof.go.jp/policy/tab_salt/topics/20251017_kouriteikahenkou.pdf,1,高
b931d13e4af2241d,2025-10-17,令和7年10月17日,変更認可,,ﾗｯｷｰ･ｽﾄﾗｲｸ･ﾘｯﾁ･ﾀﾊﾞｺ･glo hyper,ラッキーストライクリッチタバコGLOHYPER,ﾌｨﾙﾀｰ 20 ﾊｰﾄﾞﾊﾟｯｸ5.2g,5.2,g,,450,430,2026-01-01,https://www.mof.go.jp/policy/tab_salt/topics/20251017_kouriteikahenkou.pdf,1,高
7daaf6c56c3ae3f3,2025-10-10,令和7年10月10日,変更認可,,ﾍﾞﾛ･ｸﾞﾙｰﾋﾞｰ･ｸﾞﾚｰﾌﾟ･ｲﾝﾃﾝｽ 15 ﾊﾟｷｽﾀﾝ,ベログルービーグレープインテンス15パキスタン,,,,,360,,,https://www.mof.go.jp/policy/tab_salt/topics/20251010_kouriteika.pdf,1,高
3dcd9edbeeb94291,2025-10-10,令和7年10月10日,変更認可,,ﾍﾞﾛ･ｸﾞﾙｰﾋﾞｰ･ｸﾞﾚｰﾌﾟ･ｴｯｸｽｲﾝﾃﾝｽ 15 ﾊﾟｷｽﾀﾝ,ベログルービーグレープエックスインテンス15パキスタン,,,,,360,,,https://www.mof.go.jp/policy/tab_salt/topics/20251010_kouriteika.pdf,1,高
389622147d33eabc,2025-10-10,令和7年10月10日,変更認可,,ﾍﾞﾛ･ｽﾋﾟｯﾌｨｰ･ｽﾍﾟｱﾐﾝﾄ･ｳﾙﾄﾗ,ベロスピッフィースペアミントウルトラ,,,,,500,,,https://www.mof.go.jp/policy/tab_salt/topics/20251010_kouriteika.pdf,1,中
3d7369fb84017f14,2025-10-10,令和7年10月10日,変更認可,,ﾍﾞﾛ･ｽﾋﾟｯﾌｨｰ･ｽﾍﾟｱﾐﾝﾄ･ｳﾙﾄﾗ 20 ﾊﾟｷｽﾀﾝ,ベロスピッフィースペアミントウルトラ20パキスタン,,,,,500,,,https://www.mof.go.jp/policy/tab_salt/topics/20251010_kouriteika.pdf,1,高
5e5fb0b207c10d14,2025-10-10,令和7年10月10日,変更認可,,ﾍﾞﾛ･ｱｲｼｰ･ﾍﾞﾘｰｽﾞ･ﾐﾃﾞｨｱﾑ 15 ﾊﾟｷｽﾀﾝ,ベロアイシーベリーズミディアム15パキスタン,,,,,360,320,2025-12-01,https://www.mof.go.jp/policy/tab_salt/topics/20251010_kouriteikahenkou.pdf,1,高
cbcfb36925906f40,2025-10-10,令和7年10月10日,変更認可,,ﾍﾞﾛ･ｸﾞﾙｰﾋﾞｰ･ｸﾞﾚｰﾌﾟ･ﾐﾃﾞｨｱﾑ 15 ﾊﾟｷｽﾀﾝ,ベログルービーグレープミディアム15パキスタン,,,,,360,320,2025-12-01,https://www.mof.go.jp/policy/tab_salt/topics/20251010_kouriteikahenkou.pdf,1,高
8b1554852278fbb2,2025-10-10,令和7年10月10日,変更認可,,ﾍﾞﾛ･ｽﾋﾟｯﾌｨｰ･ｽﾍﾟｱﾐﾝﾄ･ｲﾝﾃﾝｽ 15 ﾊﾟｷｽﾀﾝ,ベロスピッフィースペアミントインテンス15パキスタン,,,,,360,320,2025-12-01,https://www.mof.go.jp/policy/tab_salt/topics/20251010_kouriteikahenkou.pdf,1,高
7bd4038ea423a108,2025-10-10,令和7年10月10日,変更認可,,ﾍﾞﾛ･ｽﾋﾟｯﾌｨｰ･ｽﾍﾟｱﾐﾝﾄ･ｴｯｸｽｲﾝﾃﾝｽ 15 ﾊﾟｷｽﾀﾝ,ベロスピッフィースペアミントエックスインテンス15パキスタン,,,,,360,340,2025-12-01,https://www.mof.go.jp/policy/tab_salt/topics/20251010_kouriteikahenkou.pdf,1,高
436bca44afec6112,2025-10-10,令和7年10月10日,変更認可,,ﾍﾞﾛ･ｽﾋﾟｯﾌｨｰ･ｽﾍﾟｱﾐﾝﾄ･ﾐﾃﾞｨｱﾑ,ベロスピッフィースペアミントミディアム,,,,,360,320,2025-12-01,https://www.mof.go.jp/policy/tab_salt/topics/20251010_kouriteikahenkou.pdf,1,中
2ba0762cd5ffd680,2025-10-10,令和7年10月10日,変更認可,,ﾍﾞﾛ･ｽﾋﾟｯﾌｨｰ･ｽﾍﾟｱﾐﾝﾄ･ﾐﾃﾞｨｱﾑ 15 ﾊﾟｷｽﾀﾝ,ベロスピッフィースペアミントミディアム15パキスタン,,,,,360,320,2025-12-01,https://www.mof.go.jp/policy/tab_salt/topics/20251010_kouriteikahenkou.pdf,1,高
798cb3d80a0cf3f7,2025-10-10,令和7年10月10日,変更認可,,ﾍﾞﾛ･ﾌﾞﾗｯｼｰ･ﾍﾞﾘｰ･ｲﾝﾃﾝｽ 15 ﾊﾟｷｽﾀﾝ,ベロブラッシーベリーインテンス15パキスタン,,,,,360,320,2025-12-01,https://www.mof.go.jp/policy/tab_salt/topics/20251010_kouriteikahenkou.pdf,1,高
870f656f6653d957,2025-10-10,令和7年10月10日,変更認可,,ﾍﾞﾛ･ﾌﾞﾗｯｼｰ･ﾍﾞﾘｰ･ｴｯｸｽｲﾝﾃﾝｽ 15 ﾊﾟｷｽﾀﾝ,ベロブラッシーベリーエックスインテンス15パキスタン,,,,,360,340,2025-12-01,https://www.mof.go.jp/policy/tab_salt/topics/20251010_kouriteikahenkou.pdf,1,高
5e59a98797143b89,2025-10-10,令和7年10月10日,変更認可,,ﾍﾞﾛ･ﾌﾞﾗｯｼｰ･ﾍﾞﾘｰ･ﾐﾃﾞｨｱﾑ 15 ﾊﾟｷｽﾀﾝ,ベロブラッシーベリーミディアム15パキスタン,,,,,360,320,2025-12-01,https://www.mof.go.jp/policy/tab_salt/topics/20251010_kouriteikahenkou.pdf,1,高
0871f1b626bf9f04,2025-10-10,令和7年10月10日,変更認可,,ﾍﾞﾛ･ﾌﾞﾘｰｼﾞｰ･ﾏﾝｺﾞｰ･ﾐﾃﾞｨｱﾑ 15 ﾊﾟｷｽﾀﾝ,ベロブリージーマンゴーミディアム15パキスタン,,,,,360,320,2025-12-01,https://www.mof.go.jp/policy/tab_salt/topics/20251010_kouriteikahenkou.pdf,1,高
98fac75153114415,2025-10-10,令和7年10月10日,変更認可,,ﾍﾞﾛ･ﾏｲﾃｨｰ･ﾍﾟﾊﾟｰﾐﾝﾄ･ｲﾝﾃﾝｽ 15 ﾊﾟｷｽﾀﾝ,ベロマイティーペパーミントインテンス15パキスタン,,,,,360,320,2025-12-01,https://www.mof.go.jp/policy/tab_salt/topics/20251010_kouriteikahenkou.pdf,1,高
047f1b822430be21,2025-10-10,令和7年10月10日,変更認可,,ﾍﾞﾛ･ﾏｲﾃｨｰ･ﾍﾟﾊﾟｰﾐﾝﾄ･ｴｯｸｽｲﾝﾃﾝｽ 15 ﾊﾟｷｽﾀﾝ,ベロマイティーペパーミントエックスインテンス15パキスタン,,,,,360,340,2025-12-01,https://www.mof.go.jp/policy/tab_salt/topics/20251010_kouriteikahenkou.pdf,1,高
7ea811b509b65974,2025-10-10,令和7年10月10日,変更認可,,ﾍﾞﾛ･ﾛｲﾔﾙﾐﾙｸﾃｨｰ･ﾐﾃﾞｨｱﾑ 15 ﾊﾟｷｽﾀﾝ,ベロロイヤルミルクティーミディアム15パキスタン,,,,,360,320,2025-12-01,https://www.mof.go.jp/policy/tab_salt/topics/20251010_kouriteikahenkou.pdf,1,高
caf1f80e636bc4cf,2025-10-08,令和7年10月8日,変更認可,,NASH ｱﾛｴｽﾄﾛﾍﾞﾘｰ,NASHアロエストロベリー,40.0g,40,g,,2300,,,https://www.mof.go.jp/policy/tab_salt/topics/20251008_kouriteika.pdf,1,高
dbc40116a3ea6fc4,2025-10-08,令和7年10月8日,変更認可,,NASH ｳｲｽｷｰ,NASHウイスキー,20.0g,20,g,,1300,,,https://www.mof.go.jp/policy/tab_salt/topics/20251008_kouriteika.pdf,1,高
f2923d51fddac62b,2025-10-08,令和7年10月8日,変更認可,,NASH ｷｳｲ,NASHキウイ,40.0g,40,g,,2300,,,https://www.mof.go.jp/policy/tab_salt/topics/20251008_kouriteika.pdf,1,高
730dfad592d25f73,2025-10-08,令和7年10月8日,変更認可,,NASH ｷｳｲ,NASHキウイ,100.0g,100,g,,4600,,,https://www.mof.go.jp/policy/tab_salt/topics/20251008_kouriteika.pdf,1,高
99381374d56ddaa1,2025-10-08,令和7年10月8日,変更認可,,NASH ｸﾞﾙｰﾄ,NASHグルート,40.0g,40,g,,2300,,,https://www.mof.go.jp/policy/tab_salt/topics/20251008_kouriteika.pdf,1,高
5b63f60fc4bc8318,2025-10-08,令和7年10月8日,変更認可,,NASH ｸﾞﾚｰﾌﾟﾌﾙｰﾂ,NASHグレープフルーツ,40.0g,40,g,,2300,,,https://www.mof.go.jp/policy/tab_salt/topics/20251008_kouriteika.pdf,1,高
f82758cfe5f1e682,2025-10-08,令和7年10月8日,変更認可,,NASH ｸﾞﾚｰﾌﾟﾌﾙｰﾂ,NASHグレープフルーツ,100.0g,100,g,,4600,,,https://www.mof.go.jp/policy/tab_salt/topics/20251008_kouriteika.pdf,1,高
19d27c41db404818,2025-10-08,令和7年10月8日,変更認可,,NASH ｺｰﾗ ｷｬﾗﾒﾙ,NASHコーラキャラメル,40.0g,40,g,,2300,,,https://www.mof.go.jp/policy/tab_salt/topics/20251008_kouriteika.pdf,1,高
a326404d75e75f43,2025-10-08,令和7年10月8日,変更認可,,NASH ｼﾀﾞｰﾍﾞﾘｰﾊﾟｲﾅｯﾌﾟﾙ,NASHシダーベリーパイナップル,40.0g,40,g,,2300,,,https://www.mof.go.jp/policy/tab_salt/topics/20251008_kouriteika.pdf,1,高
b6582a2c411733ab,2025-10-08,令和7年10月8日,変更認可,,NASH ｽｷｯﾄﾙｽﾞ,NASHスキットルズ,40.0g,40,g,,2300,,,https://www.mof.go.jp/policy/tab_salt/topics/20251008_kouriteika.pdf,1,高
05d9c1968fadbfeb,2025-10-08,令和7年10月8日,変更認可,,NASH ﾄﾌｨｰ,NASHトフィー,40.0g,40,g,,2300,,,https://www.mof.go.jp/policy/tab_salt/topics/20251008_kouriteika.pdf,1,高
374f2d8a8b4d6ead,2025-10-08,令和7年10月8日,変更認可,,NASH ﾊﾞｸﾗｳﾞｧ,NASHバクラヴァ,40.0g,40,g,,2300,,,https://www.mof.go.jp/policy/tab_salt/topics/20251008_kouriteika.pdf,1,高
781f8731891a18a9,2025-10-08,令和7年10月8日,変更認可,,NASH ﾊﾞｸﾗｳﾞｧ,NASHバクラヴァ,100.0g,100,g,,4600,,,https://www.mof.go.jp/policy/tab_salt/topics/20251008_kouriteika.pdf,1,高
3e35fa87f0828b13,2025-10-08,令和7年10月8日,変更認可,,NASH ﾊﾞﾀｰｽｺｯﾁ,NASHバタースコッチ,40.0g,40,g,,2300,,,https://www.mof.go.jp/policy/tab_salt/topics/20251008_kouriteika.pdf,1,高
9c10d44f2223c89d,2025-10-08,令和7年10月8日,変更認可,,NASH ﾊﾟｯｼｮﾝﾌﾙｰﾂ,NASHパッションフルーツ,40.0g,40,g,,2300,,,https://www.mof.go.jp/policy/tab_salt/topics/20251008_kouriteika.pdf,1,高
677aaeec4c8c3d2c,2025-10-08,令和7年10月8日,変更認可,,NASH ﾊﾟｯｼｮﾝﾌﾙｰﾂ,NASHパッションフルーツ,100.0g,100,g,,4600,,,https://www.mof.go.jp/policy/tab_salt/topics/20251008_kouriteika.pdf,1,高
5cd2b642f05c7f9a,2025-10-08,令和7年10月8日,変更認可,,NASH ﾊﾟｯｼｮﾝﾌﾙｰﾂｱﾎﾞｶﾞﾄﾞ,NASHパッションフルーツアボガド,40.0g,40,g,,2300,,,https://www.mof.go.jp/policy/tab_salt/topics/20251008_kouriteika.pdf,1,高
ccbedb2612fcd4af,2025-10-08,令和7年10月8日,変更認可,,NASH ﾊﾟﾊﾟｲﾔ,NASHパパイヤ,40.0g,40,g,,2300,,,https://www.mof.go.jp/policy/tab_salt/topics/20251008_kouriteika.pdf,1,高
7f8699072dbe7415,2025-10-08,令和7年10月8日,変更認可,,NASH ﾋﾟｰﾅｯﾂﾊﾞﾀｰ,NASHピーナッツバター,40.0g,40,g,,2300,,,https://www.mof.go.jp/policy/tab_salt/topics/20251008_kouriteika.pdf,1,高
99cff6d3f8958aac,2025-10-08,令和7年10月8日,変更認可,,NASH ﾌﾞﾗﾝﾃﾞｰ,NASHブランデー,100.0g,100,g,,4600,,,https://www.mof.go.jp/policy/tab_salt/topics/20251008_kouriteika.pdf,1,高
dced344aee2bd151,2025-10-08,令和7年10月8日,変更認可,,NASH ﾌﾞﾙｰﾍﾞﾘｰ,NASHブルーベリー,40.0g,40,g,,2300,,,https://www.mof.go.jp/policy/tab_salt/topics/20251008_kouriteika.pdf,1,高
b62e9eabf9ab3722,2025-10-08,令和7年10月8日,変更認可,,NASH ﾏﾝｺﾞｰ,NASHマンゴー,40.0g,40,g,,2300,,,https://www.mof.go.jp/policy/tab_salt/topics/20251008_kouriteika.pdf,1,高
f431d1e162c95ec6,2025-10-08,令和7年10月8日,変更認可,,NASH ﾗｲﾁ,NASHライチ,40.0g,40,g,,2300,,,https://www.mof.go.jp/policy/tab_salt/topics/20251008_kouriteika.pdf,1,高
f8bd9bfc68374ff6,2025-10-08,令和7年10月8日,変更認可,,NASH ﾗｽﾄｻﾑﾗｲ,NASHラストサムライ,40.0g,40,g,,2300,,,https://www.mof.go.jp/policy/tab_salt/topics/20251008_kouriteika.pdf,1,高
429c8e82741f52d6,2025-10-08,令和7年10月8日,変更認可,,NASH ﾗｽﾄｻﾑﾗｲ,NASHラストサムライ,100.0g,100,g,,4600,,,https://www.mof.go.jp/policy/tab_salt/topics/20251008_kouriteika.pdf,1,高
105d0586c716392e,2025-10-08,令和7年10月8日,変更認可,,NASH ﾗﾍﾞﾝﾀﾞｰ ﾄﾆｯｸ,NASHラベンダートニック,40.0g,40,g,,2300,,,https://www.mof.go.jp/policy/tab_salt/topics/20251008_kouriteika.pdf,1,高
030ea4beb5d923a2,2025-10-08,令和7年10月8日,変更認可,,NASH ﾘﾌﾟﾄﾝ,NASHリプトン,40.0g,40,g,,2300,,,https://www.mof.go.jp/policy/tab_salt/topics/20251008_kouriteika.pdf,1,高
9f137b1c0749ddfe,2025-10-08,令和7年10月8日,変更認可,,NASH ﾜｯﾌﾙ,NASHワッフル,40.0g,40,g,,2300,,,https://www.mof.go.jp/policy/tab_salt/topics/20251008_kouriteika.pdf,1,高
0ba6762b2d80aa3e,2025-10-08,令和7年10月8日,変更認可,,NASH ﾜｯﾌﾙ,NASHワッフル,100.0g,100,g,,4600,,,https://www.mof.go.jp/policy/tab_salt/topics/20251008_kouriteika.pdf,1,高
7de3ee45662c7d2a,2025-10-08,令和7年10月8日,変更認可,,NASH ｳｲｽｷｰ,NASHウイスキー,100.0g,100,g,,4600,,,https://www.mof.go.jp/policy/tab_salt/topics/20251008_kouriteika.pdf,2,高
fc529e7f97bcf5fe,2025-10-08,令和7年10月8日,変更認可,,NASH ｺｺﾅﾂ,NASHココナツ,100.0g,100,g,,4600,,,https://www.mof.go.jp/policy/tab_salt/topics/20251008_kouriteika.pdf,2,高
3f09aa81bba6bbc8,2025-10-08,令和7年10月8日,変更認可,,NASH ﾊﾆｰﾄﾛﾋﾟｶﾙﾌﾙｰﾂ,NASHハニートロピカルフルーツ,30.0g,30,g,,2600,,,https://www.mof.go.jp/policy/tab_salt/topics/20251008_kouriteika.pdf,2,高
cf48a86e6bd990fd,2025-10-08,令和7年10月8日,変更認可,,NASH ﾊﾆｰﾄﾛﾋﾟｶﾙﾌﾙｰﾂ,NASHハニートロピカルフルーツ,120.0g,120,g,,7500,,,https://www.mof.go.jp/policy/tab_salt/topics/20251008_kouriteika.pdf,2,高
5d1bbfc6190d07a9,2025-10-08,令和7年10月8日,変更認可,,NASH ﾌﾟﾙｰﾝｼﾀﾞｰ,NASHプルーンシダー,100.0g,100,g,,4600,,,https://www.mof.go.jp/policy/tab_salt/topics/20251008_kouriteika.pdf,2,高
d7ef84bb19521e70,2025-10-08,令和7年10月8日,変更認可,,NASH ﾛｰｽﾞﾏﾘｰ ﾀｲﾑ,NASHローズマリータイム,30.0g,30,g,,2600,,,https://www.mof.go.jp/policy/tab_salt/topics/20251008_kouriteika.pdf,2,高
a73b2c150989f6cb,2025-10-08,令和7年10月8日,変更認可,,NASH ﾛｰｽﾞﾏﾘｰ ﾀｲﾑ,NASHローズマリータイム,120.0g,120,g,,7500,,,https://www.mof.go.jp/policy/tab_salt/topics/20251008_kouriteika.pdf,2,高
186be8a53374020f,2025-10-08,令和7年10月8日,変更認可,,ﾀﾞﾋﾞﾄﾞﾌ ｳｨﾝｽﾄﾝﾁｬｰﾁﾙ ﾚｲﾄｱﾜｰ ﾄﾛ ｱﾝｶｯﾄ LT 2025,ダビドフウィンストンチャーチルレイトアワートロアンカットLT2025,172mm 1,,,,8600,,,https://www.mof.go.jp/policy/tab_salt/topics/20251008_kouriteika.pdf,2,高
d8188818ce601806,2025-10-08,令和7年10月8日,変更認可,,ﾀﾞﾋﾞﾄﾞﾌ ｳｨﾝｽﾄﾝﾁｬｰﾁﾙ ﾚｲﾄｱﾜｰ ﾛﾌﾞｽﾄ ｱﾝｶｯﾄ LT 2025,ダビドフウィンストンチャーチルレイトアワーロブストアンカットLT2025,145mm 1,,,,7600,,,https://www.mof.go.jp/policy/tab_salt/topics/20251008_kouriteika.pdf,2,高
030abb25cb613e4f,2025-10-08,令和7年10月8日,変更認可,,ﾀﾞﾋﾞﾄﾞﾌ ｸﾞﾗﾝｸﾘｭ ﾛﾌﾞｽﾄ ｱﾝｶｯﾄ LT2025,ダビドフグランクリュロブストアンカットLT2025,153mm 1,,,,6400,,,https://www.mof.go.jp/policy/tab_salt/topics/20251008_kouriteika.pdf,2,高
9e1e889feb572b89,2025-10-08,令和7年10月8日,変更認可,,ﾀﾞﾋﾞﾄﾞﾌ ﾆｶﾗｸﾞｱ ﾄﾛ ｱﾝｶｯﾄ LT 2025,ダビドフニカラグアトロアンカットLT2025,160mm 1,,,,7100,,,https://www.mof.go.jp/policy/tab_salt/topics/20251008_kouriteika.pdf,2,高
f8cc65e53145e892,2025-10-08,令和7年10月8日,変更認可,,ﾀﾞﾋﾞﾄﾞﾌ ﾆｶﾗｸﾞｱ ﾛﾌﾞｽﾄ ｱﾝｶｯﾄ LT 2025,ダビドフニカラグアロブストアンカットLT2025,147mm 1,,,,6100,,,https://www.mof.go.jp/policy/tab_salt/topics/20251008_kouriteika.pdf,2,高
69fd3aedf3369aac,2025-10-08,令和7年10月8日,変更認可,,ﾀﾞﾋﾞﾄﾞﾌ ﾔﾏｻ ﾛﾌﾞｽﾄ ｱﾝｶｯﾄ LT 2025,ダビドフヤマサロブストアンカットLT2025,147mm 1,,,,7000,,,https://www.mof.go.jp/policy/tab_salt/topics/20251008_kouriteika.pdf,2,高
3c5e74028faa38d1,2025-10-06,令和7年10月6日,変更認可,,ﾋﾞﾘｶﾞｰ･ｴｸｽﾎﾟｰﾄ,ビリガーエクスポート,101mm 5 ﾊｰﾄﾞﾊﾟｯｸ,,,"1,070 =1,330",600,550,2025-11-01,https://www.mof.go.jp/policy/tab_salt/topics/20251006_kouriteikahenkou.pdf,1,中
78d0c2b68410001d,2025-10-06,令和7年10月6日,変更認可,,ﾋﾞﾘｶﾞｰ･ｴｸｽﾎﾟｰﾄ ﾏﾃﾞｭｰﾛ,ビリガーエクスポートマデューロ,101mm 5 ﾊｰﾄﾞﾊﾟｯｸ,,,"1,070 =1,330",600,550,2025-11-01,https://www.mof.go.jp/policy/tab_salt/topics/20251006_kouriteikahenkou.pdf,1,中
7a0d69339140e951,2025-10-06,令和7年10月6日,変更認可,,ﾌﾟﾚﾐｱﾑ ﾅﾝﾊﾞｰｴｲﾄ =1,プレミアムナンバーエイト=1,107mm 1,,,"1,070 =1,330",350,290,2025-11-01,https://www.mof.go.jp/policy/tab_salt/topics/20251006_kouriteikahenkou.pdf,1,高
526225c6784a8362,2025-10-06,令和7年10月6日,変更認可,,ﾌﾟﾚﾐｱﾑNo.1 ｽﾏﾄﾗ,プレミアムNO.1スマトラ,120mm 1,,,"1,070 =1,330",600,550,2025-11-01,https://www.mof.go.jp/policy/tab_salt/topics/20251006_kouriteikahenkou.pdf,1,高
7cad92014fd9edd3,2025-10-06,令和7年10月6日,変更認可,,ﾌﾟﾚﾐｱﾑNo.6,プレミアムNO.6,F96mm 10,,,"1,090 =1,420",600,550,2025-11-01,https://www.mof.go.jp/policy/tab_salt/topics/20251006_kouriteikahenkou.pdf,1,中
c88074b5407a1acd,2025-10-06,令和7年10月6日,変更認可,,ﾌﾟﾚﾐｱﾑNo.6 ﾁｪﾘｰ,プレミアムNO.6チェリー,F96mm 10,,,"1,090 =1,420",600,550,2025-11-01,https://www.mof.go.jp/policy/tab_salt/topics/20251006_kouriteikahenkou.pdf,1,中
ae9f022ac63ea880,2025-10-06,令和7年10月6日,変更認可,,ﾌﾟﾚﾐｱﾑNo.6 ﾊﾆｰ,プレミアムNO.6ハニー,F96mm 10,,,"1,090 =1,420",600,550,2025-11-01,https://www.mof.go.jp/policy/tab_salt/topics/20251006_kouriteikahenkou.pdf,1,中
bd4de4a262101adf,2025-09-30,令和7年9月30日,変更認可,,DARKSIDE KASHMIR GOA JAVA,DARKSIDEKASHMIRGOAJAVA,100.0g,100,g,,4400,,,https://www.mof.go.jp/policy/tab_salt/topics/20250930_kouriteika.pdf,1,高
1196b1f2c39200be,2025-09-30,令和7年9月30日,変更認可,,DARKSIDE STARLIME,DARKSIDESTARLIME,100.0g,100,g,,4400,,,https://www.mof.go.jp/policy/tab_salt/topics/20250930_kouriteika.pdf,1,高
3daf89a88a5e81f0,2025-09-30,令和7年9月30日,変更認可,,DARKSIDE TOP GUM,DARKSIDETOPGUM,100.0g,100,g,,4400,,,https://www.mof.go.jp/policy/tab_salt/topics/20250930_kouriteika.pdf,1,高
7c25409ef339b948,2025-09-30,令和7年9月30日,変更認可,,ｱｸﾚﾏ･ﾌﾞﾚﾝﾄﾞ,アクレマブレンド,ﾊﾟｳﾁﾊﾟｯｸ20.0g,20,g,,700,,,https://www.mof.go.jp/policy/tab_salt/topics/20250930_kouriteika.pdf,1,高
ab7aa608bfc24774,2025-09-29,令和7年9月29日,変更認可,,DARKSIDE SUPERMINT,DARKSIDESUPERMINT,30.0g,30,g,,1500,,,https://www.mof.go.jp/policy/tab_salt/topics/20250929_kouriteika.pdf,1,高
d92058d91a8912ce,2025-09-29,令和7年9月29日,変更認可,,DARKSIDE VIRGIN PEACH 2.0,DARKSIDEVIRGINPEACH2.0,30.0g,30,g,,1500,,,https://www.mof.go.jp/policy/tab_salt/topics/20250929_kouriteika.pdf,1,高
edf557cc314d354b,2025-09-25,令和7年9月25日,変更認可,,CAPITOL SWING,CAPITOLSWING,129mm 1,,,,2530,,,https://www.mof.go.jp/policy/tab_salt/topics/20250925_kouriteika.pdf,1,高
729b77e9e3565325,2025-09-25,令和7年9月25日,変更認可,,Kentucky Fire Cured Fat Molly,KENTUCKYFIRECUREDFATMOLLY,127mm 1,,,,2310,,,https://www.mof.go.jp/policy/tab_salt/topics/20250925_kouriteika.pdf,1,高
23d8c2cff3000631,2025-09-25,令和7年9月25日,変更認可,,Kentucky Fire Cured Sweet Chunky,KENTUCKYFIRECUREDSWEETCHUNKY,101mm 1,,,,1650,,,https://www.mof.go.jp/policy/tab_salt/topics/20250925_kouriteika.pdf,1,高
f04b994003dd62da,2025-09-25,令和7年9月25日,変更認可,,Liga Privada Unico Papas Fritas,LIGAPRIVADAUNICOPAPASFRITAS,114mm 1,,,,1540,,,https://www.mof.go.jp/policy/tab_salt/topics/20250925_kouriteika.pdf,1,高
c4007cd038f6c095,2025-09-25,令和7年9月25日,変更認可,,Nica Rustica Adobe Robusto,NICARUSTICAADOBEROBUSTO,127mm 1,,,,1980,,,https://www.mof.go.jp/policy/tab_salt/topics/20250925_kouriteika.pdf,1,高
37506b4df52ec342,2025-09-25,令和7年9月25日,変更認可,,Nica Rustica Broadleaf Toro,NICARUSTICABROADLEAFTORO,152mm 1,,,,2200,,,https://www.mof.go.jp/policy/tab_salt/topics/20250925_kouriteika.pdf,1,高
5d55970e37f82b78,2025-09-25,令和7年9月25日,変更認可,,Oliva CSWC Mareva,OLIVACSWCMAREVA,130mm 1,,,,1980,,,https://www.mof.go.jp/policy/tab_salt/topics/20250925_kouriteika.pdf,1,高
6eafa89d4579ea1b,2025-09-25,令和7年9月25日,変更認可,,STARLINE APPLE JUICE,STARLINEAPPLEJUICE,50.0g,50,g,,1850,,,https://www.mof.go.jp/policy/tab_salt/topics/20250925_kouriteika.pdf,1,高
56c617c4aebc30bb,2025-09-25,令和7年9月25日,変更認可,,STARLINE BELGIAN WAFFLE,STARLINEBELGIANWAFFLE,50.0g,50,g,,1850,,,https://www.mof.go.jp/policy/tab_salt/topics/20250925_kouriteika.pdf,1,高
539b3e948cf6711d,2025-09-25,令和7年9月25日,変更認可,,STARLINE BERRY POPCORN,STARLINEBERRYPOPCORN,50.0g,50,g,,1850,,,https://www.mof.go.jp/policy/tab_salt/topics/20250925_kouriteika.pdf,1,高
7aa220447d8a11b1,2025-09-25,令和7年9月25日,変更認可,,STARLINE BLUEBERRY CRUMBLE,STARLINEBLUEBERRYCRUMBLE,50.0g,50,g,,1850,,,https://www.mof.go.jp/policy/tab_salt/topics/20250925_kouriteika.pdf,1,高
6b33fcd16e85aeaa,2025-09-25,令和7年9月25日,変更認可,,STARLINE FREE CUBA,STARLINEFREECUBA,50.0g,50,g,,1850,,,https://www.mof.go.jp/policy/tab_salt/topics/20250925_kouriteika.pdf,1,高
0de3804817b246c7,2025-09-25,令和7年9月25日,変更認可,,STARLINE LEMON FIZZ,STARLINELEMONFIZZ,50.0g,50,g,,1850,,,https://www.mof.go.jp/policy/tab_salt/topics/20250925_kouriteika.pdf,1,高
5b497c3b2b959c7b,2025-09-25,令和7年9月25日,変更認可,,STARLINE NECTARINE,STARLINENECTARINE,50.0g,50,g,,1850,,,https://www.mof.go.jp/policy/tab_salt/topics/20250925_kouriteika.pdf,1,高
c25e16cdc8241aae,2025-09-25,令和7年9月25日,変更認可,,STARLINE ORANGINA,STARLINEORANGINA,50.0g,50,g,,1850,,,https://www.mof.go.jp/policy/tab_salt/topics/20250925_kouriteika.pdf,1,高
7255fe206909d858,2025-09-25,令和7年9月25日,変更認可,,STARLINE PAPAYA,STARLINEPAPAYA,50.0g,50,g,,1850,,,https://www.mof.go.jp/policy/tab_salt/topics/20250925_kouriteika.pdf,1,高
3974aff606590896,2025-09-25,令和7年9月25日,変更認可,,STARLINE STRAWBERRY MILLEFEUILLE,STARLINESTRAWBERRYMILLEFEUILLE,50.0g,50,g,,1850,,,https://www.mof.go.jp/policy/tab_salt/topics/20250925_kouriteika.pdf,1,高
b18ce8d8fbad3d53,2025-09-25,令和7年9月25日,変更認可,,ｺｲｰﾊﾞ･ｼｮｰﾄ ｽﾈｲｸ 2025ED,コイーバショートスネイク2025ED,82mm 88,,,,49500,,,https://www.mof.go.jp/policy/tab_salt/topics/20250925_kouriteika.pdf,1,高
8cdce9ac82142f8a,2025-09-25,令和7年9月25日,変更認可,,ﾍﾞｶﾞﾌｨﾅ･1998/42L,ベガフィナ1998/42L,187mm 1,,,,1870,,,https://www.mof.go.jp/policy/tab_salt/topics/20250925_kouriteika.pdf,1,高
cda7f5499b9f6e90,2025-09-25,令和7年9月25日,変更認可,,ﾍﾞｶﾞﾌｨﾅ･1998/44S,ベガフィナ1998/44S,100mm 1,,,,1320,,,https://www.mof.go.jp/policy/tab_salt/topics/20250925_kouriteika.pdf,1,高
924161f167fb6f99,2025-09-25,令和7年9月25日,変更認可,,ﾍﾞｶﾞﾌｨﾅ･1998/46,ベガフィナ1998/46,143mm 1,,,,1760,,,https://www.mof.go.jp/policy/tab_salt/topics/20250925_kouriteika.pdf,1,高
0ee7efda81dc10d5,2025-09-25,令和7年9月25日,変更認可,,ﾍﾞｶﾞﾌｨﾅ･F2 ﾚﾎﾟｻﾄﾞ 2023,ベガフィナF2レポサド2023,140mm 1,,,,2530,,,https://www.mof.go.jp/policy/tab_salt/topics/20250925_kouriteika.pdf,1,高
547e2294f740d169,2025-09-25,令和7年9月25日,変更認可,,ﾍﾞｶﾞﾌｨﾅ･ｲﾔｰ ｵﾌﾞ ｻﾞ ｽﾈｲｸ 2025,ベガフィナイヤーオブザスネイク2025,159mm 1,,,,3190,,,https://www.mof.go.jp/policy/tab_salt/topics/20250925_kouriteika.pdf,1,高
29c7031173e5e03e,2025-09-25,令和7年9月25日,変更認可,,ﾍﾞｶﾞﾌｨﾅ･ｽｰﾊﾟｰﾛﾌﾞｽﾄ ｽｰﾌﾟﾚﾓ 2024,ベガフィナスーパーロブストスープレモ2024,137mm 1,,,,2530,,,https://www.mof.go.jp/policy/tab_salt/topics/20250925_kouriteika.pdf,1,高
b5d93c565dc1cb89,2025-09-25,令和7年9月25日,変更認可,,ﾍﾞｶﾞﾌｨﾅ･ｾﾘｴ2 ｸﾊﾟｰｼﾞｭ,ベガフィナセリエ2クパージュ,140mm 1,,,,2750,,,https://www.mof.go.jp/policy/tab_salt/topics/20250925_kouriteika.pdf,1,高
db291418b60cfae4,2025-09-25,令和7年9月25日,変更認可,,ﾓﾝﾃｸﾘｽﾄ･ｼｮｰﾄ ｽﾈｲｸ 2025ED,モンテクリストショートスネイク2025ED,82mm 66,,,,30800,,,https://www.mof.go.jp/policy/tab_salt/topics/20250925_kouriteika.pdf,1,高
be5a3813a16944df,2025-09-25,令和7年9月25日,変更認可,,ﾗﾓﾝ･ｱﾛﾝﾈｽ･ｱﾌﾞｿﾘｭｰﾄｽ LE 2024,ラモンアロンネスアブソリュートスLE2024,156mm 1,,,,16500,,,https://www.mof.go.jp/policy/tab_salt/topics/20250925_kouriteika.pdf,1,高
841922da33b51ba6,2025-09-12,令和7年9月12日,変更認可,,ｾﾝﾃｨｱ･ｱｲｼｰ･ﾚｯﾄﾞ,センティアアイシーレッド,ﾊｰﾄﾞﾊﾟｯｸ,,,,530,,,https://www.mof.go.jp/policy/tab_salt/topics/20250912_kouriteika.pdf,1,高
4e106ad4905bc382,2025-08-29,令和7年8月29日,変更認可,,My Father Le Bijou 1922 TorpedoBox Pressed,MYFATHERLEBIJOU1922TORPEDOBOXPRESSED,155mm 1,,,,3100,,,https://www.mof.go.jp/policy/tab_salt/topics/20250829_kouriteika.pdf,1,高
079a9c8a25d5a347,2025-08-29,令和7年8月29日,変更認可,,ﾋﾟｰﾙ･ｽｲｶ,ピールスイカ,ﾊｰﾄﾞﾊﾟｯｸFK 20,,,,550,,,https://www.mof.go.jp/policy/tab_salt/topics/20250829_kouriteika.pdf,1,高
c24d73ee685b684e,2025-08-29,令和7年8月29日,変更認可,,ｸﾞﾛｳｽﾑｰｱ,グロウスムーア,50.0g,50,g,,3200,2200,2025-10-01,https://www.mof.go.jp/policy/tab_salt/topics/20250829_kouriteikahenkou.pdf,1,高
36f7d41cee908e85,2025-08-29,令和7年8月29日,変更認可,,ｺﾓﾝｳｪﾙｽ,コモンウェルス,50.0g,50,g,,3200,2200,2025-10-01,https://www.mof.go.jp/policy/tab_salt/topics/20250829_kouriteikahenkou.pdf,1,高
11a6bba04a94676b,2025-08-29,令和7年8月29日,変更認可,,ｻﾐｭｴﾙ･ｶﾞｰｳｨｽﾞ･ｷｬﾋﾞｰｽﾞ･ﾐｯｸｽﾁｬｰ,サミュエルガーウィズキャビーズミックスチャー,50.0g,50,g,,3900,2550,2025-10-01,https://www.mof.go.jp/policy/tab_salt/topics/20250829_kouriteikahenkou.pdf,1,高
91844e6a2c22d699,2025-08-29,令和7年8月29日,変更認可,,ｻﾐｭｴﾙ･ｶﾞｰｳｨｽﾞ･ﾎﾞｼｰ･ﾌﾚｲｸ,サミュエルガーウィズボシーフレイク,50.0g,50,g,,3200,2200,2025-10-01,https://www.mof.go.jp/policy/tab_salt/topics/20250829_kouriteikahenkou.pdf,1,高
b89eb62b6e4594fd,2025-08-29,令和7年8月29日,変更認可,,ｻﾐｭｴﾙｶﾞｰｳｨｽﾞ･ｹﾝﾀﾞﾙｸﾘｰﾑDXﾌﾚｲｸ,サミュエルガーウィズケンダルクリームDXフレイク,50.0g,50,g,,3200,2200,2025-10-01,https://www.mof.go.jp/policy/tab_salt/topics/20250829_kouriteikahenkou.pdf,1,高
363e5f75051846bd,2025-08-29,令和7年8月29日,変更認可,,ｻﾐｭｴﾙｶﾞｰｳｨｽﾞ･ｺﾞｰﾙﾃﾞﾝｸﾞﾛｳ,サミュエルガーウィズゴールデングロウ,50.0g,50,g,,3200,2200,2025-10-01,https://www.mof.go.jp/policy/tab_salt/topics/20250829_kouriteikahenkou.pdf,1,高
473d88d7cba9f550,2025-08-29,令和7年8月29日,変更認可,,ｻﾐｭｴﾙｶﾞｰｳｨｽﾞ･ｽｷｯﾌﾐｯｸｽﾁｬｰ,サミュエルガーウィズスキッフミックスチャー,50.0g,50,g,,3200,2200,2025-10-01,https://www.mof.go.jp/policy/tab_salt/topics/20250829_kouriteikahenkou.pdf,1,高
aca95b56e64ec13e,2025-08-29,令和7年8月29日,変更認可,,ｻﾐｭｴﾙｶﾞｰｳｨｽﾞ･ﾊﾟｰﾌｪｸｼｮﾝ,サミュエルガーウィズパーフェクション,50.0g,50,g,,3200,2200,2025-10-01,https://www.mof.go.jp/policy/tab_salt/topics/20250829_kouriteikahenkou.pdf,1,高
ee753f28ba560d02,2025-08-29,令和7年8月29日,変更認可,,ｻﾐｭｴﾙｶﾞｰｳｨｽﾞ･ﾌｧｲﾔｰﾀﾞﾝｽ,サミュエルガーウィズファイヤーダンス,50.0g,50,g,,3200,2200,2025-10-01,https://www.mof.go.jp/policy/tab_salt/topics/20250829_kouriteikahenkou.pdf,1,高
12e42e9f580a727c,2025-08-29,令和7年8月29日,変更認可,,ｻﾑｽﾞ･ﾌﾚｲｸ,サムズフレイク,50.0g,50,g,,3200,2200,2025-10-01,https://www.mof.go.jp/policy/tab_salt/topics/20250829_kouriteikahenkou.pdf,1,高
28924b1e0605c55a,2025-08-29,令和7年8月29日,変更認可,,ｽｸﾜﾄﾞﾛﾝ,スクワドロン,50.0g,50,g,,3200,2200,2025-10-01,https://www.mof.go.jp/policy/tab_salt/topics/20250829_kouriteikahenkou.pdf,1,高
7abbddf62270154f,2025-08-29,令和7年8月29日,変更認可,,ｾﾝﾄｼﾞｪｰﾑｽ･ﾌﾚｲｸ,セントジェームスフレイク,50.0g,50,g,,3300,2200,2025-10-01,https://www.mof.go.jp/policy/tab_salt/topics/20250829_kouriteikahenkou.pdf,1,高
b2614ff01954349a,2025-08-29,令和7年8月29日,変更認可,,ﾊﾞﾙｶﾝ･ﾌﾚｲｸ,バルカンフレイク,50.0g,50,g,,3200,2200,2025-10-01,https://www.mof.go.jp/policy/tab_salt/topics/20250829_kouriteikahenkou.pdf,1,高
d0d7f8ec78a34dd7,2025-08-29,令和7年8月29日,変更認可,,ﾌﾙ･ﾊﾞｰｼﾞﾆｱ,フルバージニア,50.0g,50,g,,3200,2200,2025-10-01,https://www.mof.go.jp/policy/tab_salt/topics/20250829_kouriteikahenkou.pdf,1,高
4339928527524678,2025-08-29,令和7年8月29日,変更認可,,ﾍﾞｽﾄ･ﾌﾞﾗｳﾝﾌﾚｲｸ,ベストブラウンフレイク,50.0g,50,g,,3200,2200,2025-10-01,https://www.mof.go.jp/policy/tab_salt/topics/20250829_kouriteikahenkou.pdf,1,高
7fb7c930902755f7,2025-08-28,令和7年8月28日,変更認可,,BONCHE Base,BONCHEBASE,30.0g,30,g,,2400,,,https://www.mof.go.jp/policy/tab_salt/topics/20250828_kouriteika.pdf,1,高
8ab741d1c95ac580,2025-08-28,令和7年8月28日,変更認可,,BONCHE Base,BONCHEBASE,60.0g,60,g,,4500,,,https://www.mof.go.jp/policy/tab_salt/topics/20250828_kouriteika.pdf,1,高
47d0987f32b33baf,2025-08-28,令和7年8月28日,変更認可,,BONCHE Basil,BONCHEBASIL,30.0g,30,g,,2400,,,https://www.mof.go.jp/policy/tab_salt/topics/20250828_kouriteika.pdf,1,高
6331739518b535ba,2025-08-28,令和7年8月28日,変更認可,,BONCHE Basil,BONCHEBASIL,60.0g,60,g,,4500,,,https://www.mof.go.jp/policy/tab_salt/topics/20250828_kouriteika.pdf,1,高
7ad7f0990d0fe49f,2025-08-28,令和7年8月28日,変更認可,,BONCHE Caramel,BONCHECARAMEL,30.0g,30,g,,2400,,,https://www.mof.go.jp/policy/tab_salt/topics/20250828_kouriteika.pdf,1,高
f0f933ef88acffac,2025-08-28,令和7年8月28日,変更認可,,BONCHE Caramel,BONCHECARAMEL,60.0g,60,g,,4500,,,https://www.mof.go.jp/policy/tab_salt/topics/20250828_kouriteika.pdf,1,高
36298e7df7d9ae4d,2025-08-28,令和7年8月28日,変更認可,,BONCHE Cherry,BONCHECHERRY,30.0g,30,g,,2400,,,https://www.mof.go.jp/policy/tab_salt/topics/20250828_kouriteika.pdf,1,高
103f417c2c73fa8a,2025-08-28,令和7年8月28日,変更認可,,BONCHE Cherry,BONCHECHERRY,60.0g,60,g,,4500,,,https://www.mof.go.jp/policy/tab_salt/topics/20250828_kouriteika.pdf,1,高
3b24d4c73843d8c3,2025-08-28,令和7年8月28日,変更認可,,BONCHE Honey,BONCHEHONEY,30.0g,30,g,,2400,,,https://www.mof.go.jp/policy/tab_salt/topics/20250828_kouriteika.pdf,1,高
781ec89677cfffa0,2025-08-28,令和7年8月28日,変更認可,,BONCHE Honey,BONCHEHONEY,60.0g,60,g,,4500,,,https://www.mof.go.jp/policy/tab_salt/topics/20250828_kouriteika.pdf,1,高
2f599efd8ae7d192,2025-08-28,令和7年8月28日,変更認可,,BONCHE Lavender,BONCHELAVENDER,30.0g,30,g,,2400,,,https://www.mof.go.jp/policy/tab_salt/topics/20250828_kouriteika.pdf,1,高
62d1d81f51816a34,2025-08-28,令和7年8月28日,変更認可,,BONCHE Lavender,BONCHELAVENDER,60.0g,60,g,,4500,,,https://www.mof.go.jp/policy/tab_salt/topics/20250828_kouriteika.pdf,1,高
743a0cdbb2054dad,2025-08-28,令和7年8月28日,変更認可,,BONCHE Lychee,BONCHELYCHEE,30.0g,30,g,,2400,,,https://www.mof.go.jp/policy/tab_salt/topics/20250828_kouriteika.pdf,1,高
36767f3176a71657,2025-08-28,令和7年8月28日,変更認可,,BONCHE Mango,BONCHEMANGO,30.0g,30,g,,2400,,,https://www.mof.go.jp/policy/tab_salt/topics/20250828_kouriteika.pdf,1,高
1bfcaf483e126fba,2025-08-28,令和7年8月28日,変更認可,,BONCHE Passion Fruit,BONCHEPASSIONFRUIT,30.0g,30,g,,2400,,,https://www.mof.go.jp/policy/tab_salt/topics/20250828_kouriteika.pdf,1,高
16e3a722bfae0538,2025-08-28,令和7年8月28日,変更認可,,BONCHE Salami,BONCHESALAMI,30.0g,30,g,,2400,,,https://www.mof.go.jp/policy/tab_salt/topics/20250828_kouriteika.pdf,1,高
f773435073f5dbef,2025-08-28,令和7年8月28日,変更認可,,BONCHE Wild Strawberry,BONCHEWILDSTRAWBERRY,30.0g,30,g,,2400,,,https://www.mof.go.jp/policy/tab_salt/topics/20250828_kouriteika.pdf,1,高
5529ab160b070daf,2025-08-28,令和7年8月28日,変更認可,,BONCHE Wild Strawberry,BONCHEWILDSTRAWBERRY,60.0g,60,g,,4500,,,https://www.mof.go.jp/policy/tab_salt/topics/20250828_kouriteika.pdf,1,高
0b9771d988ab6f23,2025-08-28,令和7年8月28日,変更認可,,DEUS Flower Perfume,DEUSFLOWERPERFUME,30.0g,30,g,,1500,,,https://www.mof.go.jp/policy/tab_salt/topics/20250828_kouriteika.pdf,1,高
bfdbcf6e4d796ac4,2025-08-28,令和7年8月28日,変更認可,,DEUS Mango Pineapple,DEUSMANGOPINEAPPLE,30.0g,30,g,,1500,,,https://www.mof.go.jp/policy/tab_salt/topics/20250828_kouriteika.pdf,1,高
762ddf5c0f17a8fa,2025-08-28,令和7年8月28日,変更認可,,DEUS Pink Grapefruit,DEUSPINKGRAPEFRUIT,30.0g,30,g,,1500,,,https://www.mof.go.jp/policy/tab_salt/topics/20250828_kouriteika.pdf,1,高
89c0d8b2ed889f2b,2025-08-28,令和7年8月28日,変更認可,,DEUS Strawberry,DEUSSTRAWBERRY,30.0g,30,g,,1500,,,https://www.mof.go.jp/policy/tab_salt/topics/20250828_kouriteika.pdf,1,高
e3b3aa4c11bc79e6,2025-08-28,令和7年8月28日,変更認可,,DEUS Viola,DEUSVIOLA,30.0g,30,g,,1500,,,https://www.mof.go.jp/policy/tab_salt/topics/20250828_kouriteika.pdf,1,高
692ffc049b2cafdc,2025-08-28,令和7年8月28日,変更認可,,DEUS Wood,DEUSWOOD,30.0g,30,g,,1500,,,https://www.mof.go.jp/policy/tab_salt/topics/20250828_kouriteika.pdf,1,高
9523f5445c747b12,2025-08-28,令和7年8月28日,変更認可,,DEUS Black Berry,DEUSBLACKBERRY,30.0g,30,g,,1500,,,https://www.mof.go.jp/policy/tab_salt/topics/20250828_kouriteika.pdf,2,高
76156dcf880cc550,2025-08-28,令和7年8月28日,変更認可,,DEUS Black Berry,DEUSBLACKBERRY,100.0g,100,g,,4400,,,https://www.mof.go.jp/policy/tab_salt/topics/20250828_kouriteika.pdf,2,高
35d1a05fb36465ec,2025-08-28,令和7年8月28日,変更認可,,DEUS Elderberry Wine,DEUSELDERBERRYWINE,30.0g,30,g,,1500,,,https://www.mof.go.jp/policy/tab_salt/topics/20250828_kouriteika.pdf,2,高
09b4edeee0048021,2025-08-28,令和7年8月28日,変更認可,,DEUS Elderberry Wine,DEUSELDERBERRYWINE,100.0g,100,g,,4400,,,https://www.mof.go.jp/policy/tab_salt/topics/20250828_kouriteika.pdf,2,高
ac1e60177605838e,2025-08-28,令和7年8月28日,変更認可,,DEUS Green Apple,DEUSGREENAPPLE,30.0g,30,g,,1500,,,https://www.mof.go.jp/policy/tab_salt/topics/20250828_kouriteika.pdf,2,高
bcde0cfb720e9a2f,2025-08-28,令和7年8月28日,変更認可,,DEUS Green Apple,DEUSGREENAPPLE,100.0g,100,g,,4400,,,https://www.mof.go.jp/policy/tab_salt/topics/20250828_kouriteika.pdf,2,高
c1e5c0ac5e1043c5,2025-08-28,令和7年8月28日,変更認可,,DEUS Gynness,DEUSGYNNESS,30.0g,30,g,,1500,,,https://www.mof.go.jp/policy/tab_salt/topics/20250828_kouriteika.pdf,2,高
8741635bf5562022,2025-08-28,令和7年8月28日,変更認可,,DEUS Gynness,DEUSGYNNESS,100.0g,100,g,,4400,,,https://www.mof.go.jp/policy/tab_salt/topics/20250828_kouriteika.pdf,2,高
a71062842a7546fb,2025-08-28,令和7年8月28日,変更認可,,DEUS Mango Pineapple,DEUSMANGOPINEAPPLE,100.0g,100,g,,4400,,,https://www.mof.go.jp/policy/tab_salt/topics/20250828_kouriteika.pdf,2,高
344bc1ea46560688,2025-08-28,令和7年8月28日,変更認可,,DEUS Marmelade,DEUSMARMELADE,30.0g,30,g,,1500,,,https://www.mof.go.jp/policy/tab_salt/topics/20250828_kouriteika.pdf,2,高
9c2e7234c8daef32,2025-08-28,令和7年8月28日,変更認可,,DEUS Marmelade,DEUSMARMELADE,100.0g,100,g,,4400,,,https://www.mof.go.jp/policy/tab_salt/topics/20250828_kouriteika.pdf,2,高
753d5d185ab2d92d,2025-08-28,令和7年8月28日,変更認可,,DEUS Pink Grapefruit,DEUSPINKGRAPEFRUIT,100.0g,100,g,,4400,,,https://www.mof.go.jp/policy/tab_salt/topics/20250828_kouriteika.pdf,2,高
3c4975dace33d17b,2025-08-28,令和7年8月28日,変更認可,,DEUS Strawberry,DEUSSTRAWBERRY,100.0g,100,g,,4400,,,https://www.mof.go.jp/policy/tab_salt/topics/20250828_kouriteika.pdf,2,高
c9642c6e08ea8c5f,2025-08-28,令和7年8月28日,変更認可,,DEUS Viola,DEUSVIOLA,100.0g,100,g,,4400,,,https://www.mof.go.jp/policy/tab_salt/topics/20250828_kouriteika.pdf,2,高
25c9547a5b2df74c,2025-08-28,令和7年8月28日,変更認可,,JENT MARIJUANA,JENTMARIJUANA,100.0g,100,g,,4500,,,https://www.mof.go.jp/policy/tab_salt/topics/20250828_kouriteika.pdf,2,高
c5e762cf732c79be,2025-08-28,令和7年8月28日,変更認可,,JENT SUPER LEMON,JENTSUPERLEMON,100.0g,100,g,,4500,,,https://www.mof.go.jp/policy/tab_salt/topics/20250828_kouriteika.pdf,2,高
c3956e5e5c34ed2e,2025-08-28,令和7年8月28日,変更認可,,SEBERO Black SNICKERS,SEBEROBLACKSNICKERS,40.0g,40,g,,1790,,,https://www.mof.go.jp/policy/tab_salt/topics/20250828_kouriteika.pdf,2,高
0de220875adcfe9c,2025-08-28,令和7年8月28日,変更認可,,SEBERO Black VALENTINE=s,SEBEROBLACKVALENTINE=S,40.0g,40,g,,1790,,,https://www.mof.go.jp/policy/tab_salt/topics/20250828_kouriteika.pdf,2,高
2e197636a0fb3ae7,2025-08-28,令和7年8月28日,変更認可,,SEBERO Classic Coco Like,SEBEROCLASSICCOCOLIKE,40.0g,40,g,,1700,,,https://www.mof.go.jp/policy/tab_salt/topics/20250828_kouriteika.pdf,2,高
802577c9729b59de,2025-08-28,令和7年8月28日,変更認可,,SEBERO Classic Coco Like,SEBEROCLASSICCOCOLIKE,100.0g,100,g,,4200,,,https://www.mof.go.jp/policy/tab_salt/topics/20250828_kouriteika.pdf,2,高
bb24627fc5cbaf61,2025-08-28,令和7年8月28日,変更認可,,SEBERO Classic Coffee,SEBEROCLASSICCOFFEE,40.0g,40,g,,1700,,,https://www.mof.go.jp/policy/tab_salt/topics/20250828_kouriteika.pdf,2,高
f779bc4bdfacfcc7,2025-08-28,令和7年8月28日,変更認可,,SEBERO Classic Coffee,SEBEROCLASSICCOFFEE,100.0g,100,g,,4200,,,https://www.mof.go.jp/policy/tab_salt/topics/20250828_kouriteika.pdf,2,高
dc7aa068079ab653,2025-08-28,令和7年8月28日,変更認可,,SEBERO Classic HalloweenPumpkin,SEBEROCLASSICHALLOWEENPUMPKIN,40.0g,40,g,,1700,,,https://www.mof.go.jp/policy/tab_salt/topics/20250828_kouriteika.pdf,2,高
31fdc43b8aa538ed,2025-08-28,令和7年8月28日,変更認可,,SEBERO Classic HalloweenPumpkin,SEBEROCLASSICHALLOWEENPUMPKIN,100.0g,100,g,,4200,,,https://www.mof.go.jp/policy/tab_salt/topics/20250828_kouriteika.pdf,2,高
267400b959db732c,2025-08-28,令和7年8月28日,変更認可,,JENT BERRY SORBET,JENTBERRYSORBET,40.0g,40,g,,1790,,,https://www.mof.go.jp/policy/tab_salt/topics/20250828_kouriteika.pdf,3,高
2bc16b72d0811b8d,2025-08-28,令和7年8月28日,変更認可,,JENT BRIOCHE RUM,JENTBRIOCHERUM,40.0g,40,g,,1790,,,https://www.mof.go.jp/policy/tab_salt/topics/20250828_kouriteika.pdf,3,高
36acbcfe682971ad,2025-08-28,令和7年8月28日,変更認可,,JENT CHRISTMAS WINE,JENTCHRISTMASWINE,40.0g,40,g,,1790,,,https://www.mof.go.jp/policy/tab_salt/topics/20250828_kouriteika.pdf,3,高
cda5559307149509,2025-08-28,令和7年8月28日,変更認可,,JENT CIGAR Ginger Cookies,JENTCIGARGINGERCOOKIES,20.0g,20,g,,980,,,https://www.mof.go.jp/policy/tab_salt/topics/20250828_kouriteika.pdf,3,高
d04abbc9b2a4bf7a,2025-08-28,令和7年8月28日,変更認可,,JENT CIGAR Ginger Cookies,JENTCIGARGINGERCOOKIES,100.0g,100,g,,4800,,,https://www.mof.go.jp/policy/tab_salt/topics/20250828_kouriteika.pdf,3,高
0921d3126b25a4cf,2025-08-28,令和7年8月28日,変更認可,,JENT CIGAR Lavender,JENTCIGARLAVENDER,20.0g,20,g,,980,,,https://www.mof.go.jp/policy/tab_salt/topics/20250828_kouriteika.pdf,3,高
af5735d73cc6b439,2025-08-28,令和7年8月28日,変更認可,,JENT CIGAR Lavender,JENTCIGARLAVENDER,100.0g,100,g,,4800,,,https://www.mof.go.jp/policy/tab_salt/topics/20250828_kouriteika.pdf,3,高
d7eef58eba7257eb,2025-08-28,令和7年8月28日,変更認可,,JENT CIGAR No Aroma,JENTCIGARNOAROMA,20.0g,20,g,,980,,,https://www.mof.go.jp/policy/tab_salt/topics/20250828_kouriteika.pdf,3,高
4b04f4b2451d2459,2025-08-28,令和7年8月28日,変更認可,,JENT CIGAR No Aroma,JENTCIGARNOAROMA,100.0g,100,g,,4800,,,https://www.mof.go.jp/policy/tab_salt/topics/20250828_kouriteika.pdf,3,高
a5d75d6bfc41e04c,2025-08-28,令和7年8月28日,変更認可,,JENT CIGAR Nuts,JENTCIGARNUTS,20.0g,20,g,,980,,,https://www.mof.go.jp/policy/tab_salt/topics/20250828_kouriteika.pdf,3,高
224e7e0628139bd8,2025-08-28,令和7年8月28日,変更認可,,JENT CIGAR Nuts,JENTCIGARNUTS,100.0g,100,g,,4800,,,https://www.mof.go.jp/policy/tab_salt/topics/20250828_kouriteika.pdf,3,高
20e06c2c73462143,2025-08-28,令和7年8月28日,変更認可,,JENT CIGAR Raspberry Basil,JENTCIGARRASPBERRYBASIL,20.0g,20,g,,980,,,https://www.mof.go.jp/policy/tab_salt/topics/20250828_kouriteika.pdf,3,高
084cce203c718434,2025-08-28,令和7年8月28日,変更認可,,JENT CIGAR Raspberry Basil,JENTCIGARRASPBERRYBASIL,100.0g,100,g,,4800,,,https://www.mof.go.jp/policy/tab_salt/topics/20250828_kouriteika.pdf,3,高
42e10116ca24daed,2025-08-28,令和7年8月28日,変更認可,,JENT CIGAR Single MaltWhiskey,JENTCIGARSINGLEMALTWHISKEY,20.0g,20,g,,980,,,https://www.mof.go.jp/policy/tab_salt/topics/20250828_kouriteika.pdf,3,高
0404035db6bc7632,2025-08-28,令和7年8月28日,変更認可,,JENT CIGAR Single MaltWhiskey,JENTCIGARSINGLEMALTWHISKEY,100.0g,100,g,,4800,,,https://www.mof.go.jp/policy/tab_salt/topics/20250828_kouriteika.pdf,3,高
dd94500c53ada596,2025-08-28,令和7年8月28日,変更認可,,JENT CIGAR White Wine,JENTCIGARWHITEWINE,100.0g,100,g,,4800,,,https://www.mof.go.jp/policy/tab_salt/topics/20250828_kouriteika.pdf,3,高
b8c4baa2a1ddc27f,2025-08-28,令和7年8月28日,変更認可,,JENT GIN AIR,JENTGINAIR,100.0g,100,g,,4500,,,https://www.mof.go.jp/policy/tab_salt/topics/20250828_kouriteika.pdf,3,高
d106cae305bf471d,2025-08-28,令和7年8月28日,変更認可,,JENT GOLDEN RASPBERRY,JENTGOLDENRASPBERRY,40.0g,40,g,,1790,,,https://www.mof.go.jp/policy/tab_salt/topics/20250828_kouriteika.pdf,3,高
c201fc046a4ac6ed,2025-08-28,令和7年8月28日,変更認可,,JENT LIMITED,JENTLIMITED,40.0g,40,g,,1790,,,https://www.mof.go.jp/policy/tab_salt/topics/20250828_kouriteika.pdf,3,高
0ca33514faab478e,2025-08-28,令和7年8月28日,変更認可,,JENT LINDEN BLOSSOM,JENTLINDENBLOSSOM,100.0g,100,g,,4500,,,https://www.mof.go.jp/policy/tab_salt/topics/20250828_kouriteika.pdf,3,高
c1190a7c0fec2a7e,2025-08-28,令和7年8月28日,変更認可,,JENT MALIBU CREAM,JENTMALIBUCREAM,40.0g,40,g,,1790,,,https://www.mof.go.jp/policy/tab_salt/topics/20250828_kouriteika.pdf,3,高
f35d97617341309f,2025-08-28,令和7年8月28日,変更認可,,JENT SOUR CASSIS,JENTSOURCASSIS,100.0g,100,g,,4500,,,https://www.mof.go.jp/policy/tab_salt/topics/20250828_kouriteika.pdf,3,高
a163b65e98508d70,2025-08-28,令和7年8月28日,変更認可,,JENT SPICY STRAWBERRY,JENTSPICYSTRAWBERRY,40.0g,40,g,,1790,,,https://www.mof.go.jp/policy/tab_salt/topics/20250828_kouriteika.pdf,3,高
66ae5f50073dbac6,2025-08-28,令和7年8月28日,変更認可,,JENT WHITE SANGRIA,JENTWHITESANGRIA,40.0g,40,g,,1790,,,https://www.mof.go.jp/policy/tab_salt/topics/20250828_kouriteika.pdf,3,高
952d8fef8300845c,2025-08-28,令和7年8月28日,変更認可,,JENT CIGAR White Wine,JENTCIGARWHITEWINE,20.0g,20,g,,980,,,https://www.mof.go.jp/policy/tab_salt/topics/20250828_kouriteika.pdf,4,高
b87dd67d6a933d82,2025-08-28,令和7年8月28日,変更認可,,CIGARO GOLD,CIGAROGOLD,108mm 1,,,,480,220,2025-09-15,https://www.mof.go.jp/policy/tab_salt/topics/20250828_kouriteikahenkou.pdf,1,高
1dcf1d2e5fc54257,2025-08-28,令和7年8月28日,変更認可,,CIGARO SILVER,CIGAROSILVER,108mm 1,,,,480,220,2025-09-15,https://www.mof.go.jp/policy/tab_salt/topics/20250828_kouriteikahenkou.pdf,1,高
3a27091c8d7ef247,2025-08-26,令和7年8月26日,変更認可,,AL AMASI Chili Sauce,ALAMASICHILISAUCE,50.0g,50,g,,1650,,,https://www.mof.go.jp/policy/tab_salt/20250826_kouriteika.pdf,2,高
5c9c02bc0fabc6ab,2025-08-26,令和7年8月26日,変更認可,,Casdagli Cigars Basilica A,CASDAGLICIGARSBASILICAA,150mm 1,,,,2990,,,https://www.mof.go.jp/policy/tab_salt/20250826_kouriteika.pdf,2,高
da7138f7dbef7c4c,2025-08-26,令和7年8月26日,変更認可,,Casdagli Cigars Brave Robusto Ney,CASDAGLICIGARSBRAVEROBUSTONEY,125mm 1,,,,2560,,,https://www.mof.go.jp/policy/tab_salt/20250826_kouriteika.pdf,2,高
8c83b12b6b3d7a19,2025-08-26,令和7年8月26日,変更認可,,Casdagli Cigars Brother Of SabreEpicurist,CASDAGLICIGARSBROTHEROFSABREEPICURIST,100mm 1,,,,2150,,,https://www.mof.go.jp/policy/tab_salt/20250826_kouriteika.pdf,2,高
315a060736261c3b,2025-08-26,令和7年8月26日,変更認可,,Casdagli Cigars Brother Of SabreVater Figurado,CASDAGLICIGARSBROTHEROFSABREVATERFIGURADO,155mm 1,,,,2800,,,https://www.mof.go.jp/policy/tab_salt/20250826_kouriteika.pdf,2,高
cb69f76ba5f84ad2,2025-08-26,令和7年8月26日,変更認可,,Casdagli Cigars DoTW Cremello,CASDAGLICIGARSDOTWCREMELLO,190mm 1,,,,2700,,,https://www.mof.go.jp/policy/tab_salt/20250826_kouriteika.pdf,2,高
7c63068f49ede83e,2025-08-26,令和7年8月26日,変更認可,,Casdagli Cigars DoTW Pony Express,CASDAGLICIGARSDOTWPONYEXPRESS,150mm 1,,,,3050,,,https://www.mof.go.jp/policy/tab_salt/20250826_kouriteika.pdf,2,高
0fd507d2e27a420f,2025-08-26,令和7年8月26日,変更認可,,Casdagli Cigars Jure,CASDAGLICIGARSJURE,130mm 1,,,,3250,,,https://www.mof.go.jp/policy/tab_salt/20250826_kouriteika.pdf,2,高
5de564dff6ccc42d,2025-08-26,令和7年8月26日,変更認可,,Casdagli Cigars Traditional LineCotton Tail,CASDAGLICIGARSTRADITIONALLINECOTTONTAIL,120mm 1,,,,2750,,,https://www.mof.go.jp/policy/tab_salt/20250826_kouriteika.pdf,2,高
53b5614f988246e1,2025-08-26,令和7年8月26日,変更認可,,Casdagli Cigars Traditional LineGrand Cafe,CASDAGLICIGARSTRADITIONALLINEGRANDCAFE,185mm 1,,,,2500,,,https://www.mof.go.jp/policy/tab_salt/20250826_kouriteika.pdf,2,高
e4f598d9a23db846,2025-08-26,令和7年8月26日,変更認可,,Casdagli Cigars VC Lonsdale,CASDAGLICIGARSVCLONSDALE,170mm 1,,,,3800,,,https://www.mof.go.jp/policy/tab_salt/20250826_kouriteika.pdf,2,高
1d568f54a8fb8358,2025-08-26,令和7年8月26日,変更認可,,Saint Luis Rey La Cuna ER2021IT,SAINTLUISREYLACUNAER2021IT,170mm 1,,,,16000,,,https://www.mof.go.jp/policy/tab_salt/20250826_kouriteika.pdf,2,高
98662d7399a468ee,2025-08-26,令和7年8月26日,変更認可,,TABACALERA MINIS,TABACALERAMINIS,87mm 1,,,,550,,,https://www.mof.go.jp/policy/tab_salt/20250826_kouriteika.pdf,2,中
3cb0a889e0848fcf,2025-08-26,令和7年8月26日,変更認可,,ﾋﾟｰﾙ･ﾊﾟｲﾅｯﾌﾟﾙ,ピールパイナップル,ﾊｰﾄﾞﾊﾟｯｸFK 20,,,,550,,,https://www.mof.go.jp/policy/tab_salt/20250826_kouriteika.pdf,2,高
f14fc24f98285f44,2025-08-26,令和7年8月26日,変更認可,,ﾌﾟﾗｾﾝｼｱ 2025 ｽﾈｰｸ ｸﾚﾌﾞﾗ,プラセンシア2025スネーククレブラ,178mm 1,,,,7000,,,https://www.mof.go.jp/policy/tab_salt/20250826_kouriteika.pdf,2,高
006926e2fb477a31,2025-08-26,令和7年8月26日,変更認可,,ﾌﾟﾗｾﾝｼｱ 2025 ｽﾈｰｸ ﾗﾝｾﾛ,プラセンシア2025スネークランセロ,178mm 1,,,,7000,,,https://www.mof.go.jp/policy/tab_salt/20250826_kouriteika.pdf,2,高
43e979eb77538f4b,2025-08-26,令和7年8月26日,変更認可,,ﾌﾟﾗｾﾝｼｱ ｱﾙﾏ ﾃﾞﾙ ｼｴﾛ ｱﾏﾈｾﾙ,プラセンシアアルマデルシエロアマネセル,152mm 1,,,,4450,,,https://www.mof.go.jp/policy/tab_salt/20250826_kouriteika.pdf,2,高
b55c2d063fde419d,2025-08-26,令和7年8月26日,変更認可,,ﾌﾟﾗｾﾝｼｱ ｱﾙﾏ ﾃﾞﾙ ｼｴﾛ ｾﾚｽﾃ,プラセンシアアルマデルシエロセレステ,124mm 1,,,,4000,,,https://www.mof.go.jp/policy/tab_salt/20250826_kouriteika.pdf,2,高
9175e7800920a71e,2025-08-26,令和7年8月26日,変更認可,,ﾌﾟﾗｾﾝｼｱ ｱﾙﾏ ﾃﾞﾙ ｼｴﾛ ﾎﾞﾚｱﾙ,プラセンシアアルマデルシエロボレアル,156mm 1,,,,4250,,,https://www.mof.go.jp/policy/tab_salt/20250826_kouriteika.pdf,2,高
59f245ccd63afdd5,2025-08-26,令和7年8月26日,変更認可,,ﾌﾟﾗｾﾝｼｱ ｱﾙﾏ ﾌｴﾙﾃ ﾛﾌﾞｽﾄ,プラセンシアアルマフエルテロブスト,130mm 1,,,,3800,,,https://www.mof.go.jp/policy/tab_salt/20250826_kouriteika.pdf,2,高
fa170f47929fb5d7,2025-08-08,令和7年8月8日,変更認可,,"Azure hookah tobacco, Black LineApple Cider","AZUREHOOKAHTOBACCO,BLACKLINEAPPLECIDER",100.0gﾊﾟｳﾁ,100,g,,3500,,,https://www.mof.go.jp/policy/tab_salt/20250808_kouriteika_1.pdf,1,高
30bd349e7a78ffc2,2025-08-08,令和7年8月8日,変更認可,,"Azure hookah tobacco, Black LineBarista=s Choice","AZUREHOOKAHTOBACCO,BLACKLINEBARISTA=SCHOICE",100.0gﾊﾟｳﾁ,100,g,,3500,,,https://www.mof.go.jp/policy/tab_salt/20250808_kouriteika_1.pdf,1,高
104c9ee87727e8d8,2025-08-08,令和7年8月8日,変更認可,,"Azure hookah tobacco, Black LineBerrymania","AZUREHOOKAHTOBACCO,BLACKLINEBERRYMANIA",100.0gﾊﾟｳﾁ,100,g,,3500,,,https://www.mof.go.jp/policy/tab_salt/20250808_kouriteika_1.pdf,1,高
0bb80f2de2c7e5a8,2025-08-08,令和7年8月8日,変更認可,,"Azure hookah tobacco, Black LineGrapefruit","AZUREHOOKAHTOBACCO,BLACKLINEGRAPEFRUIT",100.0gﾊﾟｳﾁ,100,g,,3500,,,https://www.mof.go.jp/policy/tab_salt/20250808_kouriteika_1.pdf,1,高
607cfb1ac12ed95a,2025-08-08,令和7年8月8日,変更認可,,"Azure hookah tobacco, Black LineGuavi","AZUREHOOKAHTOBACCO,BLACKLINEGUAVI",100.0gﾊﾟｳﾁ,100,g,,3500,,,https://www.mof.go.jp/policy/tab_salt/20250808_kouriteika_1.pdf,1,高
398c4a28b0e1612c,2025-08-08,令和7年8月8日,変更認可,,"Azure hookah tobacco, Black LineIce Pear","AZUREHOOKAHTOBACCO,BLACKLINEICEPEAR",100.0gﾊﾟｳﾁ,100,g,,3500,,,https://www.mof.go.jp/policy/tab_salt/20250808_kouriteika_1.pdf,1,高
bf8eb7a30ea2565f,2025-08-08,令和7年8月8日,変更認可,,"Azure hookah tobacco, Black LineJungle Juice","AZUREHOOKAHTOBACCO,BLACKLINEJUNGLEJUICE",100.0gﾊﾟｳﾁ,100,g,,3500,,,https://www.mof.go.jp/policy/tab_salt/20250808_kouriteika_1.pdf,1,高
00a1e96c678d2053,2025-08-08,令和7年8月8日,変更認可,,"Azure hookah tobacco, Black LineLime","AZUREHOOKAHTOBACCO,BLACKLINELIME",100.0gﾊﾟｳﾁ,100,g,,3500,,,https://www.mof.go.jp/policy/tab_salt/20250808_kouriteika_1.pdf,1,高
16e981db84fe5a6b,2025-08-08,令和7年8月8日,変更認可,,"Azure hookah tobacco, Black LineLimoncello","AZUREHOOKAHTOBACCO,BLACKLINELIMONCELLO",100.0gﾊﾟｳﾁ,100,g,,3500,,,https://www.mof.go.jp/policy/tab_salt/20250808_kouriteika_1.pdf,1,高
caa0cfd2304f1cab,2025-08-08,令和7年8月8日,変更認可,,"Azure hookah tobacco, Black LineNew Grape Mint","AZUREHOOKAHTOBACCO,BLACKLINENEWGRAPEMINT",100.0gﾊﾟｳﾁ,100,g,,3500,,,https://www.mof.go.jp/policy/tab_salt/20250808_kouriteika_1.pdf,1,高
19329a97379f7381,2025-08-08,令和7年8月8日,変更認可,,"Azure hookah tobacco, Black LineOrange Crush","AZUREHOOKAHTOBACCO,BLACKLINEORANGECRUSH",100.0gﾊﾟｳﾁ,100,g,,3500,,,https://www.mof.go.jp/policy/tab_salt/20250808_kouriteika_1.pdf,1,高
e0926f51c857986c,2025-08-08,令和7年8月8日,変更認可,,"Azure hookah tobacco, Black LineVanilla Bean","AZUREHOOKAHTOBACCO,BLACKLINEVANILLABEAN",100.0gﾊﾟｳﾁ,100,g,,3500,,,https://www.mof.go.jp/policy/tab_salt/20250808_kouriteika_1.pdf,1,高
e75a78fbef58eabd,2025-08-08,令和7年8月8日,変更認可,,"Tokyo Shisha, Gold Line Guavi","TOKYOSHISHA,GOLDLINEGUAVI",100.0gﾊﾟｳﾁ,100,g,,3500,,,https://www.mof.go.jp/policy/tab_salt/20250808_kouriteika_1.pdf,1,高
253a71002b142f90,2025-08-08,令和7年8月8日,変更認可,,"Tokyo Shisha, Gold Line JungleJuice","TOKYOSHISHA,GOLDLINEJUNGLEJUICE",100.0gﾊﾟｳﾁ,100,g,,3500,,,https://www.mof.go.jp/policy/tab_salt/20250808_kouriteika_1.pdf,1,高
def8c8821a51833e,2025-08-08,令和7年8月8日,変更認可,,ﾄﾞﾝ･ﾃﾞｨｴｺﾞ ﾄﾛ･ｽﾍﾟｼｬﾙｴﾃﾞｨｼｮﾝ,ドンディエゴトロスペシャルエディション,154mm 1,,,,2000,,,https://www.mof.go.jp/policy/tab_salt/20250808_kouriteika_1.pdf,1,高
cc97eb6580e50b9f,2025-07-28,令和7年7月28日,変更認可,,AL AMASI Curry Spice,ALAMASICURRYSPICE,50.0g,50,g,,1650,,,https://www.mof.go.jp/policy/tab_salt/topics/20250728_kouriteika.pdf,1,高
9f0e71bd014d0a75,2025-07-28,令和7年7月28日,変更認可,,AL AMASI Energy Bull,ALAMASIENERGYBULL,50.0g,50,g,,1650,,,https://www.mof.go.jp/policy/tab_salt/topics/20250728_kouriteika.pdf,1,高
92a4c25b6896b429,2025-07-28,令和7年7月28日,変更認可,,AL AMASI Paprika,ALAMASIPAPRIKA,50.0g,50,g,,1650,,,https://www.mof.go.jp/policy/tab_salt/topics/20250728_kouriteika.pdf,1,高
59ade65315759102,2025-07-28,令和7年7月28日,変更認可,,AL AMASI Xylitol Gum,ALAMASIXYLITOLGUM,50.0g,50,g,,1650,,,https://www.mof.go.jp/policy/tab_salt/topics/20250728_kouriteika.pdf,1,高
3c90e0511a6500f8,2025-07-28,令和7年7月28日,変更認可,,Bang Bang ENGLISH MAN,BANGBANGENGLISHMAN,,,,,1780,,,https://www.mof.go.jp/policy/tab_salt/topics/20250728_kouriteika.pdf,1,高
b8daec06f5c54960,2025-07-28,令和7年7月28日,変更認可,,Bang Bang FEEL FREE,BANGBANGFEELFREE,,,,,1780,,,https://www.mof.go.jp/policy/tab_salt/topics/20250728_kouriteika.pdf,1,高
62d1cab3b39b1085,2025-07-28,令和7年7月28日,変更認可,,Bang Bang LOVE ISLAND,BANGBANGLOVEISLAND,,,,,1780,,,https://www.mof.go.jp/policy/tab_salt/topics/20250728_kouriteika.pdf,1,高
05f6c4edd236cad5,2025-07-28,令和7年7月28日,変更認可,,Bang Bang SILENT NIGHT,BANGBANGSILENTNIGHT,,,,,1780,,,https://www.mof.go.jp/policy/tab_salt/topics/20250728_kouriteika.pdf,1,高
b243577463045b72,2025-07-23,令和7年7月23日,変更認可,,"Azure hookah tobacco, Gold Line DCherry","AZUREHOOKAHTOBACCO,GOLDLINEDCHERRY",100.0gﾊﾟｳﾁ,100,g,,3500,,,https://www.mof.go.jp/policy/tab_salt/topics/20250723_kouriteika.pdf,1,高
ecb84bb62f6bd07e,2025-07-23,令和7年7月23日,変更認可,,"Azure hookah tobacco, Gold Line DCherry","AZUREHOOKAHTOBACCO,GOLDLINEDCHERRY",250.0gﾊﾟｳﾁ,250,g,,8750,,,https://www.mof.go.jp/policy/tab_salt/topics/20250723_kouriteika.pdf,1,高
c59ac441fa851896,2025-07-23,令和7年7月23日,変更認可,,"Azure hookah tobacco, Gold LineCopacabana","AZUREHOOKAHTOBACCO,GOLDLINECOPACABANA",100.0gﾊﾟｳﾁ,100,g,,3500,,,https://www.mof.go.jp/policy/tab_salt/topics/20250723_kouriteika.pdf,1,高
dce7904b979e79c4,2025-07-23,令和7年7月23日,変更認可,,"Azure hookah tobacco, Gold LineCopacabana","AZUREHOOKAHTOBACCO,GOLDLINECOPACABANA",250.0gﾊﾟｳﾁ,250,g,,8750,,,https://www.mof.go.jp/policy/tab_salt/topics/20250723_kouriteika.pdf,1,高
a0c82037ef03043b,2025-07-23,令和7年7月23日,変更認可,,"Azure hookah tobacco, Gold LineCucumelon","AZUREHOOKAHTOBACCO,GOLDLINECUCUMELON",100.0gﾊﾟｳﾁ,100,g,,3500,,,https://www.mof.go.jp/policy/tab_salt/topics/20250723_kouriteika.pdf,1,高
a32329224cd361b5,2025-07-23,令和7年7月23日,変更認可,,"Azure hookah tobacco, Gold LineCucumelon","AZUREHOOKAHTOBACCO,GOLDLINECUCUMELON",250.0gﾊﾟｳﾁ,250,g,,8750,,,https://www.mof.go.jp/policy/tab_salt/topics/20250723_kouriteika.pdf,1,高
bf49db65e2196f6a,2025-07-23,令和7年7月23日,変更認可,,"Azure hookah tobacco, Gold LineGrapefruit","AZUREHOOKAHTOBACCO,GOLDLINEGRAPEFRUIT",100.0gﾊﾟｳﾁ,100,g,,3500,,,https://www.mof.go.jp/policy/tab_salt/topics/20250723_kouriteika.pdf,1,高
f9004b4c1bc32c32,2025-07-23,令和7年7月23日,変更認可,,"Azure hookah tobacco, Gold LineGrapefruit","AZUREHOOKAHTOBACCO,GOLDLINEGRAPEFRUIT",250.0gﾊﾟｳﾁ,250,g,,8750,,,https://www.mof.go.jp/policy/tab_salt/topics/20250723_kouriteika.pdf,1,高
ea0c52cf832b599d,2025-07-23,令和7年7月23日,変更認可,,"Azure hookah tobacco, Gold LineGreen Tea","AZUREHOOKAHTOBACCO,GOLDLINEGREENTEA",250.0gﾊﾟｳﾁ,250,g,,8750,,,https://www.mof.go.jp/policy/tab_salt/topics/20250723_kouriteika.pdf,1,高
3e9c592c49783a09,2025-07-23,令和7年7月23日,変更認可,,"Azure hookah tobacco, Gold LineIce Pear","AZUREHOOKAHTOBACCO,GOLDLINEICEPEAR",100.0gﾊﾟｳﾁ,100,g,,3500,,,https://www.mof.go.jp/policy/tab_salt/topics/20250723_kouriteika.pdf,1,高
3ad999bbbe8afc66,2025-07-23,令和7年7月23日,変更認可,,"Azure hookah tobacco, Gold LineIce Pear","AZUREHOOKAHTOBACCO,GOLDLINEICEPEAR",250.0gﾊﾟｳﾁ,250,g,,8750,,,https://www.mof.go.jp/policy/tab_salt/topics/20250723_kouriteika.pdf,1,高
f472d52067659023,2025-07-23,令和7年7月23日,変更認可,,"Azure hookah tobacco, Gold LineLime Cola","AZUREHOOKAHTOBACCO,GOLDLINELIMECOLA",100.0gﾊﾟｳﾁ,100,g,,3500,,,https://www.mof.go.jp/policy/tab_salt/topics/20250723_kouriteika.pdf,1,高
9fcef45742553404,2025-07-23,令和7年7月23日,変更認可,,"Azure hookah tobacco, Gold LineLime Cola","AZUREHOOKAHTOBACCO,GOLDLINELIMECOLA",250.0gﾊﾟｳﾁ,250,g,,8750,,,https://www.mof.go.jp/policy/tab_salt/topics/20250723_kouriteika.pdf,1,高
9fb2cc1dc5ed9b82,2025-07-23,令和7年7月23日,変更認可,,"Azure hookah tobacco, Gold LineMelon Green Tea","AZUREHOOKAHTOBACCO,GOLDLINEMELONGREENTEA",100.0gﾊﾟｳﾁ,100,g,,3500,,,https://www.mof.go.jp/policy/tab_salt/topics/20250723_kouriteika.pdf,1,高
436d6224c9d3035e,2025-07-23,令和7年7月23日,変更認可,,"Azure hookah tobacco, Gold LineMelon Green Tea","AZUREHOOKAHTOBACCO,GOLDLINEMELONGREENTEA",250.0gﾊﾟｳﾁ,250,g,,8750,,,https://www.mof.go.jp/policy/tab_salt/topics/20250723_kouriteika.pdf,1,高
6464804d366cb615,2025-07-23,令和7年7月23日,変更認可,,"Azure hookah tobacco, Gold LineOrange Crush","AZUREHOOKAHTOBACCO,GOLDLINEORANGECRUSH",100.0gﾊﾟｳﾁ,100,g,,3500,,,https://www.mof.go.jp/policy/tab_salt/topics/20250723_kouriteika.pdf,1,高
2006fb716ac9057d,2025-07-23,令和7年7月23日,変更認可,,"Azure hookah tobacco, Gold LineOrange Crush","AZUREHOOKAHTOBACCO,GOLDLINEORANGECRUSH",250.0gﾊﾟｳﾁ,250,g,,8750,,,https://www.mof.go.jp/policy/tab_salt/topics/20250723_kouriteika.pdf,1,高
1e736c4a12c85189,2025-07-23,令和7年7月23日,変更認可,,"Azure hookah tobacco, Gold LinePapaya","AZUREHOOKAHTOBACCO,GOLDLINEPAPAYA",100.0gﾊﾟｳﾁ,100,g,,3500,,,https://www.mof.go.jp/policy/tab_salt/topics/20250723_kouriteika.pdf,1,高
d101093be689d0cb,2025-07-23,令和7年7月23日,変更認可,,"Azure hookah tobacco, Gold LinePapaya","AZUREHOOKAHTOBACCO,GOLDLINEPAPAYA",250.0gﾊﾟｳﾁ,250,g,,8750,,,https://www.mof.go.jp/policy/tab_salt/topics/20250723_kouriteika.pdf,1,高
9c8fdc27d6e7e887,2025-07-23,令和7年7月23日,変更認可,,"Azure hookah tobacco, Gold LinePinky","AZUREHOOKAHTOBACCO,GOLDLINEPINKY",100.0gﾊﾟｳﾁ,100,g,,3500,,,https://www.mof.go.jp/policy/tab_salt/topics/20250723_kouriteika.pdf,1,高
e3b997cf21397e12,2025-07-23,令和7年7月23日,変更認可,,"Azure hookah tobacco, Gold LinePinky","AZUREHOOKAHTOBACCO,GOLDLINEPINKY",250.0gﾊﾟｳﾁ,250,g,,8750,,,https://www.mof.go.jp/policy/tab_salt/topics/20250723_kouriteika.pdf,1,高
179ac9b48fb32983,2025-07-23,令和7年7月23日,変更認可,,"Azure hookah tobacco, Gold LineQueen Of Fruits","AZUREHOOKAHTOBACCO,GOLDLINEQUEENOFFRUITS",100.0gﾊﾟｳﾁ,100,g,,3500,,,https://www.mof.go.jp/policy/tab_salt/topics/20250723_kouriteika.pdf,1,高
15ca005524baa8cb,2025-07-23,令和7年7月23日,変更認可,,"Azure hookah tobacco, Gold LineRaspberry Vanilla","AZUREHOOKAHTOBACCO,GOLDLINERASPBERRYVANILLA",100.0gﾊﾟｳﾁ,100,g,,3500,,,https://www.mof.go.jp/policy/tab_salt/topics/20250723_kouriteika.pdf,1,高
ba9eed062203ef19,2025-07-23,令和7年7月23日,変更認可,,"Azure hookah tobacco, Gold LineRaspberry Vanilla","AZUREHOOKAHTOBACCO,GOLDLINERASPBERRYVANILLA",250.0gﾊﾟｳﾁ,250,g,,8750,,,https://www.mof.go.jp/policy/tab_salt/topics/20250723_kouriteika.pdf,1,高
f7d9ce2a3b7b2e0a,2025-07-23,令和7年7月23日,変更認可,,"Azure hookah tobacco, Gold LineSolana Beach","AZUREHOOKAHTOBACCO,GOLDLINESOLANABEACH",100.0gﾊﾟｳﾁ,100,g,,3500,,,https://www.mof.go.jp/policy/tab_salt/topics/20250723_kouriteika.pdf,1,高
abe8e56eca66c436,2025-07-23,令和7年7月23日,変更認可,,"Azure hookah tobacco, Gold LineSolana Beach","AZUREHOOKAHTOBACCO,GOLDLINESOLANABEACH",250.0gﾊﾟｳﾁ,250,g,,8750,,,https://www.mof.go.jp/policy/tab_salt/topics/20250723_kouriteika.pdf,1,高
9a551a6ac0861f1d,2025-07-23,令和7年7月23日,変更認可,,"Azure hookah tobacco, Gold LineSour","AZUREHOOKAHTOBACCO,GOLDLINESOUR",100.0gﾊﾟｳﾁ,100,g,,3500,,,https://www.mof.go.jp/policy/tab_salt/topics/20250723_kouriteika.pdf,1,高
185a478d90569b6c,2025-07-23,令和7年7月23日,変更認可,,"Azure hookah tobacco, Gold LineSour","AZUREHOOKAHTOBACCO,GOLDLINESOUR",250.0gﾊﾟｳﾁ,250,g,,8750,,,https://www.mof.go.jp/policy/tab_salt/topics/20250723_kouriteika.pdf,1,高
3a95e0cb1ad2a67b,2025-07-23,令和7年7月23日,変更認可,,"Azure hookah tobacco, Gold LineStrong Lychee","AZUREHOOKAHTOBACCO,GOLDLINESTRONGLYCHEE",100.0gﾊﾟｳﾁ,100,g,,3500,,,https://www.mof.go.jp/policy/tab_salt/topics/20250723_kouriteika.pdf,1,高
276024e7c1c57a61,2025-07-23,令和7年7月23日,変更認可,,"Azure hookah tobacco, Gold LineQueen Of Fruits","AZUREHOOKAHTOBACCO,GOLDLINEQUEENOFFRUITS",250.0gﾊﾟｳﾁ,250,g,,8750,,,https://www.mof.go.jp/policy/tab_salt/topics/20250723_kouriteika.pdf,2,高
710dba8e4afe7f71,2025-07-23,令和7年7月23日,変更認可,,"Azure hookah tobacco, Gold LineStrong Lychee","AZUREHOOKAHTOBACCO,GOLDLINESTRONGLYCHEE",250.0gﾊﾟｳﾁ,250,g,,8750,,,https://www.mof.go.jp/policy/tab_salt/topics/20250723_kouriteika.pdf,2,高
17803cf710bb3a6a,2025-07-23,令和7年7月23日,変更認可,,Dr.Pipe･ﾌﾚｲｸ ｽﾄﾛﾝｸﾞ ﾊﾞｰﾚｰ,DR.PIPEフレイクストロングバーレー,50.0g,50,g,,2500,,,https://www.mof.go.jp/policy/tab_salt/topics/20250723_kouriteika.pdf,2,高
865bac5d0d29bb73,2025-07-23,令和7年7月23日,変更認可,,ﾀﾞﾋﾞﾄﾞﾌ ｼｪﾌｽﾞ ｴﾃﾞｨｼｮﾝ 2025,ダビドフシェフズエディション2025,152mm 1,,,,13800,,,https://www.mof.go.jp/policy/tab_salt/topics/20250723_kouriteika.pdf,2,高
8a3c64330618fcbc,2025-07-23,令和7年7月23日,変更認可,,ﾄｽｶﾈﾛ･ﾅﾁｭﾗｰﾚ,トスカネロナチュラーレ,78mm 1,,,,230,,,https://www.mof.go.jp/policy/tab_salt/topics/20250723_kouriteika.pdf,2,高
95747cd6edcfb3d0,2025-07-23,令和7年7月23日,変更認可,,ﾌﾞﾗｯｸｽﾊﾟｲﾀﾞｰｼｬｸﾞ･,ブラックスパイダーシャグ,30.0gﾊﾟｳﾁ,30,g,,830,,,https://www.mof.go.jp/policy/tab_salt/topics/20250723_kouriteika.pdf,2,高
0298fdae5642dd27,2025-07-23,令和7年7月23日,変更認可,,ﾌﾞﾗｯｸｽﾊﾟｲﾀﾞｰｼｬｸﾞ･ｱｯﾌﾟﾙﾊﾟｲ,ブラックスパイダーシャグアップルパイ,30.0gﾊﾟｳﾁ,30,g,,830,,,https://www.mof.go.jp/policy/tab_salt/topics/20250723_kouriteika.pdf,2,高
53b86c0ce9ce38cf,2025-07-23,令和7年7月23日,変更認可,,ﾌﾞﾗｯｸｽﾊﾟｲﾀﾞｰｼｬｸﾞ･ｵﾚﾝｼﾞｼﾞｬﾑ,ブラックスパイダーシャグオレンジジャム,30.0gﾊﾟｳﾁ,30,g,,830,,,https://www.mof.go.jp/policy/tab_salt/topics/20250723_kouriteika.pdf,2,高
6e2249c9c7503256,2025-07-23,令和7年7月23日,変更認可,,ﾌﾞﾗｯｸｽﾊﾟｲﾀﾞｰｼｬｸﾞ･ｽﾄﾛﾍﾞﾘｰ,ブラックスパイダーシャグストロベリー,30.0gﾊﾟｳﾁ,30,g,,830,,,https://www.mof.go.jp/policy/tab_salt/topics/20250723_kouriteika.pdf,2,高
0033230b1d7f8c90,2025-07-23,令和7年7月23日,変更認可,,ﾌﾞﾗｯｸｽﾊﾟｲﾀﾞｰｼｬｸﾞ･ﾀﾞﾌﾞﾙﾘｯﾁ ｶｽﾀｰﾄﾞ,ブラックスパイダーシャグダブルリッチカスタード,30.0gﾊﾟｳﾁ,30,g,,830,,,https://www.mof.go.jp/policy/tab_salt/topics/20250723_kouriteika.pdf,2,高
489bc1546b3c1b1b,2025-07-23,令和7年7月23日,変更認可,,ﾌﾞﾗｯｸｽﾊﾟｲﾀﾞｰｼｬｸﾞ･ﾄﾛﾋﾟｶﾙ ﾒﾝｿｰﾙ,ブラックスパイダーシャグトロピカルメンソール,30.0gﾊﾟｳﾁ,30,g,,830,,,https://www.mof.go.jp/policy/tab_salt/topics/20250723_kouriteika.pdf,2,高
aed3fa64816cfb4e,2025-07-23,令和7年7月23日,変更認可,,ﾌﾞﾗｯｸｽﾊﾟｲﾀﾞｰｼｬｸﾞ･ﾋﾟｰﾅｯﾂﾊﾞﾀｰ,ブラックスパイダーシャグピーナッツバター,30.0gﾊﾟｳﾁ,30,g,,830,,,https://www.mof.go.jp/policy/tab_salt/topics/20250723_kouriteika.pdf,2,高
7bc302ecf579baad,2025-07-23,令和7年7月23日,変更認可,,ﾌﾞﾗｯｸｽﾊﾟｲﾀﾞｰｼｬｸﾞ･ﾗｲﾁ ﾒﾝｿｰﾙ,ブラックスパイダーシャグライチメンソール,30.0gﾊﾟｳﾁ,30,g,,830,,,https://www.mof.go.jp/policy/tab_salt/topics/20250723_kouriteika.pdf,2,高
cc0220c25f912004,2025-07-23,令和7年7月23日,変更認可,,ﾌﾞﾗｯｸﾃﾞﾋﾞﾙ･ｶｶｵ ﾘﾐﾃｯﾄﾞｴﾃﾞｨｼｮﾝ,ブラックデビルカカオリミテッドエディション,F85mm 20 ﾊｰﾄﾞﾊﾟｯｸ,,,,560,,,https://www.mof.go.jp/policy/tab_salt/topics/20250723_kouriteika.pdf,2,高
dfcd8e7dfa10c136,2025-07-16,令和7年7月16日,変更認可,,ｽﾓｰｷﾝｼﾞｮｰｽﾞ･ｳﾙﾄﾗﾗｲﾄ ﾊｰﾄﾞﾊﾟｯｸFL 20 ｱﾒﾘｶ,スモーキンジョーズウルトラライトハードパックFL20アメリカ,,,,,580,540,2025-08-05,https://www.mof.go.jp/policy/tab_salt/topics/20250716_kouriteikahenkou.pdf,1,高
e0a4784864257cb5,2025-07-16,令和7年7月16日,変更認可,,ｽﾓｰｷﾝｼﾞｮｰｽﾞ･ﾌﾙﾌﾚｰﾊﾞｰ,スモーキンジョーズフルフレーバー,,,,,580,540,2025-08-05,https://www.mof.go.jp/policy/tab_salt/topics/20250716_kouriteikahenkou.pdf,1,中
e678c382c21e78f1,2025-07-16,令和7年7月16日,変更認可,,ｽﾓｰｷﾝｼﾞｮｰｽﾞ･ﾌﾙﾌﾚｰﾊﾞｰ ﾊｰﾄﾞﾊﾟｯｸFL 20 ｱﾒﾘｶ,スモーキンジョーズフルフレーバーハードパックFL20アメリカ,,,,,580,540,2025-08-05,https://www.mof.go.jp/policy/tab_salt/topics/20250716_kouriteikahenkou.pdf,1,高
f41951ae2ad18e06,2025-07-16,令和7年7月16日,変更認可,,ｽﾓｰｷﾝｼﾞｮｰｽﾞ･ﾒﾝｿｰﾙ ﾊｰﾄﾞﾊﾟｯｸFL 20 ｱﾒﾘｶ,スモーキンジョーズメンソールハードパックFL20アメリカ,,,,,580,540,2025-08-05,https://www.mof.go.jp/policy/tab_salt/topics/20250716_kouriteikahenkou.pdf,1,高
f698d3e65720f5ee,2025-07-16,令和7年7月16日,変更認可,,ｽﾓｰｷﾝｼﾞｮｰｽﾞ･ﾗｲﾄ ﾊｰﾄﾞﾊﾟｯｸFL 20 ｱﾒﾘｶ,スモーキンジョーズライトハードパックFL20アメリカ,,,,,580,540,2025-08-05,https://www.mof.go.jp/policy/tab_salt/topics/20250716_kouriteikahenkou.pdf,1,高
fb9cb9dc43af19af,2025-07-11,令和7年7月11日,変更認可,,L.A.ｱｲｽ ﾏﾝｺﾞｰﾌﾞｰｽﾄ,L.A.アイスマンゴーブースト,ﾊｰﾄﾞﾊﾟｯｸFK 16,,,,500,,,https://www.mof.go.jp/policy/tab_salt/topics/20250711_kouriteika.pdf,1,高
9f23ae0ba9c7d905,2025-07-11,令和7年7月11日,変更認可,,L.A.ﾗｲﾄ,L.A.ライト,ﾊｰﾄﾞﾊﾟｯｸFK 16,,,,500,,,https://www.mof.go.jp/policy/tab_salt/topics/20250711_kouriteika.pdf,1,高
6fddfb3182627843,2025-07-11,令和7年7月11日,変更認可,,ﾄﾞｰﾗ ｱｲｽ,ドーラアイス,ﾊﾟｳﾁﾊﾟｯｸ30.0g,30,g,,900,,,https://www.mof.go.jp/policy/tab_salt/topics/20250711_kouriteika.pdf,1,高
30e4e24502545080,2025-07-11,令和7年7月11日,変更認可,,ﾄﾞｰﾗ ｱｻｲｰ,ドーラアサイー,ﾊﾟｳﾁﾊﾟｯｸ30.0g,30,g,,900,,,https://www.mof.go.jp/policy/tab_salt/topics/20250711_kouriteika.pdf,1,高
e423c85f9f2f67ed,2025-07-11,令和7年7月11日,変更認可,,ﾄﾞｰﾗ ｸﾚｰﾑﾌﾞﾘｭﾚ,ドーラクレームブリュレ,ﾊﾟｳﾁﾊﾟｯｸ30.0g,30,g,,900,,,https://www.mof.go.jp/policy/tab_salt/topics/20250711_kouriteika.pdf,1,高
66746447ed2df09b,2025-07-11,令和7年7月11日,変更認可,,ﾄﾞｰﾗ ﾁｪﾘｰ,ドーラチェリー,ﾊﾟｳﾁﾊﾟｯｸ30.0g,30,g,,900,,,https://www.mof.go.jp/policy/tab_salt/topics/20250711_kouriteika.pdf,1,高
3723debf08d3e1c9,2025-06-27,令和7年6月27日,変更認可,,ﾒﾋﾞｳｽ･ｱｯﾌﾟﾙ･ｵﾌﾟｼｮﾝ･ﾌﾟﾙｰﾑ,メビウスアップルオプションプルーム,4.0g20,4,g,,520,500,2025-09-01,https://www.mof.go.jp/policy/tab_salt/topics/20250627_kouriteikahenkou.pdf,1,高
3d8506816e09b7c2,2025-06-27,令和7年6月27日,変更認可,,ﾒﾋﾞｳｽ･ｱﾛﾏﾘｯﾁ･ﾚｷﾞｭﾗｰ･ﾌﾟﾙｰﾑ,メビウスアロマリッチレギュラープルーム,4.4g20,4.4,g,,520,500,2025-09-01,https://www.mof.go.jp/policy/tab_salt/topics/20250627_kouriteikahenkou.pdf,1,高
89815465c03cfa19,2025-06-27,令和7年6月27日,変更認可,,ﾒﾋﾞｳｽ･ｱﾛﾏﾘｯﾁ･ﾚｷﾞｭﾗｰ･ﾌﾟﾙｰﾑ･ｴｯｸｽ,メビウスアロマリッチレギュラープルームエックス,5.0g20,5,g,,520,500,2025-09-01,https://www.mof.go.jp/policy/tab_salt/topics/20250627_kouriteikahenkou.pdf,1,高
70c6c92130f28661,2025-06-27,令和7年6月27日,変更認可,,ﾒﾋﾞｳｽ･ｲｴﾛｰ･ｵﾌﾟｼｮﾝ･ﾌﾟﾙｰﾑ･ｴｯｸｽ,メビウスイエローオプションプルームエックス,5.4g20,5.4,g,,520,500,2025-09-01,https://www.mof.go.jp/policy/tab_salt/topics/20250627_kouriteikahenkou.pdf,1,高
b71b79b4db841f3e,2025-06-27,令和7年6月27日,変更認可,,ﾒﾋﾞｳｽ･ｺｰﾙﾄﾞ･ﾒﾝｿｰﾙ･ﾌﾟﾙｰﾑ,メビウスコールドメンソールプルーム,4.4g20,4.4,g,,520,500,2025-09-01,https://www.mof.go.jp/policy/tab_salt/topics/20250627_kouriteikahenkou.pdf,1,高
710cae5dd768b524,2025-06-27,令和7年6月27日,変更認可,,ﾒﾋﾞｳｽ･ｺｰﾙﾄﾞ･ﾒﾝｿｰﾙ･ﾌﾟﾙｰﾑ･ｴｯｸｽ,メビウスコールドメンソールプルームエックス,5.2g20,5.2,g,,520,500,2025-09-01,https://www.mof.go.jp/policy/tab_salt/topics/20250627_kouriteikahenkou.pdf,1,高
12a3bc5ab1bebf23,2025-06-27,令和7年6月27日,変更認可,,ﾒﾋﾞｳｽ･ｼﾄﾗｽ･ｵﾌﾟｼｮﾝ･ﾌﾟﾙｰﾑ,メビウスシトラスオプションプルーム,4.0g20,4,g,,520,500,2025-09-01,https://www.mof.go.jp/policy/tab_salt/topics/20250627_kouriteikahenkou.pdf,1,高
8edef1a449dbb39e,2025-06-27,令和7年6月27日,変更認可,,ﾒﾋﾞｳｽ･ｼｬｰﾌﾟ･ｺｰﾙﾄﾞ･ﾒﾝｿｰﾙ･ﾌﾟﾙｰﾑ,メビウスシャープコールドメンソールプルーム,4.4g20,4.4,g,,520,500,2025-09-01,https://www.mof.go.jp/policy/tab_salt/topics/20250627_kouriteikahenkou.pdf,1,高
dcfe9ef46be1bcf6,2025-06-27,令和7年6月27日,変更認可,,ﾒﾋﾞｳｽ･ｼｬｰﾌﾟ･ｺｰﾙﾄﾞ･ﾒﾝｿｰﾙ･ﾌﾟﾙｰﾑ･ｴｯｸｽ,メビウスシャープコールドメンソールプルームエックス,5.2g20,5.2,g,,520,500,2025-09-01,https://www.mof.go.jp/policy/tab_salt/topics/20250627_kouriteikahenkou.pdf,1,高
2c44cc603ba1c3b6,2025-06-27,令和7年6月27日,変更認可,,ﾒﾋﾞｳｽ･ｽﾑｰｽ･ﾚｷﾞｭﾗｰ･ﾌﾟﾙｰﾑ,メビウススムースレギュラープルーム,4.4g20,4.4,g,,520,500,2025-09-01,https://www.mof.go.jp/policy/tab_salt/topics/20250627_kouriteikahenkou.pdf,1,高
318088e10a85f496,2025-06-27,令和7年6月27日,変更認可,,ﾒﾋﾞｳｽ･ｽﾑｰｽ･ﾚｷﾞｭﾗｰ･ﾌﾟﾙｰﾑ･ｴｯｸｽ,メビウススムースレギュラープルームエックス,5.0g20,5,g,,520,500,2025-09-01,https://www.mof.go.jp/policy/tab_salt/topics/20250627_kouriteikahenkou.pdf,1,高
777d9b6b80925236,2025-06-27,令和7年6月27日,変更認可,,ﾒﾋﾞｳｽ･ﾃﾞｨｰﾌﾟ･ﾚｷﾞｭﾗｰ･ﾌﾟﾙｰﾑ,メビウスディープレギュラープルーム,4.4g20,4.4,g,,520,500,2025-09-01,https://www.mof.go.jp/policy/tab_salt/topics/20250627_kouriteikahenkou.pdf,1,高
7619a97794a39599,2025-06-27,令和7年6月27日,変更認可,,ﾒﾋﾞｳｽ･ﾃﾞｨｰﾌﾟ･ﾚｷﾞｭﾗｰ･ﾌﾟﾙｰﾑ･ｴｯｸｽ,メビウスディープレギュラープルームエックス,5.0g20,5,g,,520,500,2025-09-01,https://www.mof.go.jp/policy/tab_salt/topics/20250627_kouriteikahenkou.pdf,1,高
0d64c32ecbc65baf,2025-06-27,令和7年6月27日,変更認可,,ﾒﾋﾞｳｽ･ﾊﾟｰﾌﾟﾙ･ｵﾌﾟｼｮﾝ･ﾌﾟﾙｰﾑ･ｴｯｸｽ,メビウスパープルオプションプルームエックス,5.4g20,5.4,g,,520,500,2025-09-01,https://www.mof.go.jp/policy/tab_salt/topics/20250627_kouriteikahenkou.pdf,1,高
d0b881f6cd23ceb8,2025-06-27,令和7年6月27日,変更認可,,ﾒﾋﾞｳｽ･ﾌﾞﾗｯｸ･ｺｰﾙﾄﾞ･ﾒﾝｿｰﾙ･ﾌﾟﾙｰﾑ,メビウスブラックコールドメンソールプルーム,4.0g20,4,g,,520,500,2025-09-01,https://www.mof.go.jp/policy/tab_salt/topics/20250627_kouriteikahenkou.pdf,1,高
f6e19dc472bd199d,2025-06-27,令和7年6月27日,変更認可,,ﾒﾋﾞｳｽ･ﾌﾞﾗｯｸ･ｺｰﾙﾄﾞ･ﾒﾝｿｰﾙ･ﾌﾟﾙｰﾑ･ｴｯｸｽ,メビウスブラックコールドメンソールプルームエックス,4.7g20,4.7,g,,520,500,2025-09-01,https://www.mof.go.jp/policy/tab_salt/topics/20250627_kouriteikahenkou.pdf,1,高
5e621f898f3c1e09,2025-06-27,令和7年6月27日,変更認可,,ﾒﾋﾞｳｽ･ﾍﾟｱｰ･ｵﾌﾟｼｮﾝ･ﾌﾟﾙｰﾑ,メビウスペアーオプションプルーム,4.0g20,4,g,,520,500,2025-09-01,https://www.mof.go.jp/policy/tab_salt/topics/20250627_kouriteikahenkou.pdf,1,高
c75d02d9daed95e2,2025-06-27,令和7年6月27日,変更認可,,ﾒﾋﾞｳｽ･ﾍﾞｲｽﾞ･ｵﾌﾟｼｮﾝ･ﾌﾟﾙｰﾑ･ｴｯｸｽ,メビウスベイズオプションプルームエックス,4.7g20,4.7,g,,520,500,2025-09-01,https://www.mof.go.jp/policy/tab_salt/topics/20250627_kouriteikahenkou.pdf,1,高
2ab187d8a7f6a624,2025-06-27,令和7年6月27日,変更認可,,ﾒﾋﾞｳｽ･ﾍﾞﾘｰ･ｵﾌﾟｼｮﾝ･ﾌﾟﾙｰﾑ,メビウスベリーオプションプルーム,4.0g20,4,g,,520,500,2025-09-01,https://www.mof.go.jp/policy/tab_salt/topics/20250627_kouriteikahenkou.pdf,1,高
76218e4c540660af,2025-06-27,令和7年6月27日,変更認可,,ﾒﾋﾞｳｽ･ﾏｽｶｯﾄ･ｵﾌﾟｼｮﾝ･ﾌﾟﾙｰﾑ,メビウスマスカットオプションプルーム,4.0g20,4,g,,520,500,2025-09-01,https://www.mof.go.jp/policy/tab_salt/topics/20250627_kouriteikahenkou.pdf,1,高
c760656031f7a034,2025-06-27,令和7年6月27日,変更認可,,ﾒﾋﾞｳｽ･ﾏｽｶｯﾄｸﾞﾘｰﾝ･ｵﾌﾟｼｮﾝ･ﾌﾟﾙｰﾑ･ｴｯｸｽ,メビウスマスカットグリーンオプションプルームエックス,5.4g20,5.4,g,,520,500,2025-09-01,https://www.mof.go.jp/policy/tab_salt/topics/20250627_kouriteikahenkou.pdf,1,高
828c524bc12da726,2025-06-27,令和7年6月27日,変更認可,,ﾒﾋﾞｳｽ･ﾐｯｸｽ･ﾐﾝﾄ･ﾒﾝｿｰﾙ･ﾌﾟﾙｰﾑ,メビウスミックスミントメンソールプルーム,4.4g20,4.4,g,,520,500,2025-09-01,https://www.mof.go.jp/policy/tab_salt/topics/20250627_kouriteikahenkou.pdf,1,高
a290f7f2b9d96f17,2025-06-27,令和7年6月27日,変更認可,,ﾒﾋﾞｳｽ･ﾐｯｸｽ･ﾐﾝﾄ･ﾒﾝｿｰﾙ･ﾌﾟﾙｰﾑ･ｴｯｸｽ,メビウスミックスミントメンソールプルームエックス,4.9g20,4.9,g,,520,500,2025-09-01,https://www.mof.go.jp/policy/tab_salt/topics/20250627_kouriteikahenkou.pdf,1,高
0c8c7960ca127f08,2025-06-27,令和7年6月27日,変更認可,,ﾒﾋﾞｳｽ･ﾚｯﾄﾞ･ｵﾌﾟｼｮﾝ･ﾌﾟﾙｰﾑ･ｴｯｸｽ,メビウスレッドオプションプルームエックス,5.4g20,5.4,g,,520,500,2025-09-01,https://www.mof.go.jp/policy/tab_salt/topics/20250627_kouriteikahenkou.pdf,1,高
6028e8d6bb92e6e5,2025-06-26,令和7年6月26日,変更認可,,ﾃﾘｱ･ﾍﾞﾙﾍﾞｯﾄ･ﾊﾟｰﾙ,テリアベルベットパール,ﾊｰﾄﾞﾊﾟｯｸ,,,,580,,,https://www.mof.go.jp/policy/tab_salt/topics/20250626_kouriteika.pdf,1,高
69f7b2e917ff7a6a,2025-06-25,令和7年6月25日,変更認可,,ﾃﾘｱ･ｸﾘｱ･ﾚｷﾞｭﾗｰ,テリアクリアレギュラー,ﾊｰﾄﾞﾊﾟｯｸ,,,,580,,,https://www.mof.go.jp/policy/tab_salt/20250625_kouriteika_1.pdf,1,高
959506e64f7f19c7,2025-06-25,令和7年6月25日,変更認可,,OVERSEAS NO.1,OVERSEASNO.1,152mm 1,,,,4800,,,https://www.mof.go.jp/policy/tab_salt/20250625_kouriteika_2.pdf,1,高
1b4348a14550b079,2025-06-19,令和7年6月19日,変更認可,,ﾀｲｸｰﾝ9=s,タイクーン9=S,99mm 9,,,,1080,,,https://www.mof.go.jp/policy/tab_salt/topics/20250619_kouriteika.pdf,1,高
608d276aafef39bd,2025-06-10,令和7年6月10日,変更認可,,EGM ｴｽｸﾄﾞｽ,EGMエスクドス,144mm 1,,,,3900,,,https://www.mof.go.jp/policy/tab_salt/topics/20250610_kouriteika.pdf,1,高
3ddeffc4a7c34423,2025-06-10,令和7年6月10日,変更認可,,EGM ｴﾝｶﾝﾄｽ,EGMエンカントス,192mm 1,,,,3000,,,https://www.mof.go.jp/policy/tab_salt/topics/20250610_kouriteika.pdf,1,高
c437c144537de265,2025-06-10,令和7年6月10日,変更認可,,EGM ｴﾝｶﾝﾄｽ ｷｬﾋﾞﾈｯﾄ,EGMエンカントスキャビネット,192mm 1,,,,3500,,,https://www.mof.go.jp/policy/tab_salt/topics/20250610_kouriteika.pdf,1,高
8f786837c8a7b4a7,2025-06-10,令和7年6月10日,変更認可,,EGM ﾃｨﾌﾞﾛﾈｽ,EGMティブロネス,102mm 1,,,,2500,,,https://www.mof.go.jp/policy/tab_salt/topics/20250610_kouriteika.pdf,1,高
49c78f69239e89cb,2025-06-10,令和7年6月10日,変更認可,,EGM ﾌﾞﾗﾎﾞｽ,EGMブラボス,119mm 1,,,,3400,,,https://www.mof.go.jp/policy/tab_salt/topics/20250610_kouriteika.pdf,1,高
3c33386f579e84a0,2025-06-10,令和7年6月10日,変更認可,,EGM ﾌﾞﾚｺｽ,EGMブレコス,120mm 1,,,,2700,,,https://www.mof.go.jp/policy/tab_salt/topics/20250610_kouriteika.pdf,1,高
a07c0e4356a993c4,2025-06-10,令和7年6月10日,変更認可,,EGM ﾎﾟﾃﾞﾛｿｽ,EGMポデロソス,166mm 1,,,,4500,,,https://www.mof.go.jp/policy/tab_salt/topics/20250610_kouriteika.pdf,1,高
e3346b5fad88259b,2025-06-10,令和7年6月10日,変更認可,,EGM ﾒﾃﾞｨｱ･ｺﾛﾅ,EGMメディアコロナ,90mm 1,,,,1900,,,https://www.mof.go.jp/policy/tab_salt/topics/20250610_kouriteika.pdf,1,高
b3bccd3c683d94cf,2025-06-10,令和7年6月10日,変更認可,,EGM ﾛﾌﾞｽﾄ,EGMロブスト,124mm 1,,,,2900,,,https://www.mof.go.jp/policy/tab_salt/topics/20250610_kouriteika.pdf,1,高
bac8fcc8cfb2043b,2025-06-10,令和7年6月10日,変更認可,,ETB ﾚﾃﾞﾝﾌﾟｼｮﾝ ｺﾛﾅ,ETBレデンプションコロナ,142mm 1,,,,2800,,,https://www.mof.go.jp/policy/tab_salt/topics/20250610_kouriteika.pdf,1,高
b6ea6738976be767,2025-06-10,令和7年6月10日,変更認可,,ETB ﾚﾃﾞﾝﾌﾟｼｮﾝ ﾄﾛ,ETBレデンプショントロ,152mm 1,,,,3000,,,https://www.mof.go.jp/policy/tab_salt/topics/20250610_kouriteika.pdf,1,高
eb64b06ac38b2a62,2025-06-10,令和7年6月10日,変更認可,,ﾊﾑﾚｯﾄ ｺﾝﾌｨﾃﾞﾝｽ 2024,ハムレットコンフィデンス2024,196mm 1,,,,6000,,,https://www.mof.go.jp/policy/tab_salt/topics/20250610_kouriteika.pdf,1,高
a96256e0439befcd,2025-06-10,令和7年6月10日,変更認可,,ﾛｯｷｰﾊﾟﾃﾙ ｳﾞｨﾝﾃｰｼﾞ1990 DX ﾄﾛ ﾃｭﾎﾞｽ,ロッキーパテルヴィンテージ1990DXトロテュボス,152mm 1,,,,2650,,,https://www.mof.go.jp/policy/tab_salt/topics/20250610_kouriteika.pdf,1,高
f47a4283d5c79dfa,2025-06-10,令和7年6月10日,変更認可,,ﾛｯｷｰﾊﾟﾃﾙ ｳﾞｨﾝﾃｰｼﾞ1990 ｼｸｽﾃｨ,ロッキーパテルヴィンテージ1990シクスティ,152mm 1,,,,2650,,,https://www.mof.go.jp/policy/tab_salt/topics/20250610_kouriteika.pdf,1,高
9d7bbb3e547f7524,2025-06-10,令和7年6月10日,変更認可,,ﾛｯｷｰﾊﾟﾃﾙ ｳﾞｨﾝﾃｰｼﾞ1990 ﾄﾛ,ロッキーパテルヴィンテージ1990トロ,165mm 1,,,,2200,,,https://www.mof.go.jp/policy/tab_salt/topics/20250610_kouriteika.pdf,1,高
27b03e817e324247,2025-06-10,令和7年6月10日,変更認可,,ﾛｯｷｰﾊﾟﾃﾙ ｳﾞｨﾝﾃｰｼﾞ1999 DX ﾄﾛ ﾃｭﾎﾞｽ,ロッキーパテルヴィンテージ1999DXトロテュボス,152mm 1,,,,2650,,,https://www.mof.go.jp/policy/tab_salt/topics/20250610_kouriteika.pdf,1,高
2133663066e2178c,2025-06-10,令和7年6月10日,変更認可,,ﾛｯｷｰﾊﾟﾃﾙ ｳﾞｨﾝﾃｰｼﾞ1999 ｺﾛﾅ,ロッキーパテルヴィンテージ1999コロナ,140mm 1,,,,1700,,,https://www.mof.go.jp/policy/tab_salt/topics/20250610_kouriteika.pdf,1,高
f8782cda70948fce,2025-06-10,令和7年6月10日,変更認可,,ﾛｯｷｰﾊﾟﾃﾙ ｳﾞｨﾝﾃｰｼﾞ1999 ｼｸｽﾃｨ,ロッキーパテルヴィンテージ1999シクスティ,152mm 1,,,,2650,,,https://www.mof.go.jp/policy/tab_salt/topics/20250610_kouriteika.pdf,1,高
fcdd0564c5bd5eff,2025-06-10,令和7年6月10日,変更認可,,ﾛｯｷｰﾊﾟﾃﾙ ｳﾞｨﾝﾃｰｼﾞ1999 ﾍﾟﾙﾌｪｸﾄ,ロッキーパテルヴィンテージ1999ペルフェクト,102mm 1,,,,1650,,,https://www.mof.go.jp/policy/tab_salt/topics/20250610_kouriteika.pdf,1,高
ab58b3b750a9893d,2025-06-10,令和7年6月10日,変更認可,,ﾛｯｷｰﾊﾟﾃﾙ ｳﾞｨﾝﾃｰｼﾞ2003 ｼｸｽﾃｨ,ロッキーパテルヴィンテージ2003シクスティ,152mm 1,,,,3000,,,https://www.mof.go.jp/policy/tab_salt/topics/20250610_kouriteika.pdf,1,高
b210543afcb5d025,2025-06-10,令和7年6月10日,変更認可,,ﾛｯｷｰﾊﾟﾃﾙ ｳﾞｨﾝﾃｰｼﾞ2003 ﾄﾛ,ロッキーパテルヴィンテージ2003トロ,165mm 1,,,,2450,,,https://www.mof.go.jp/policy/tab_salt/topics/20250610_kouriteika.pdf,1,高
4dd40c184d40c582,2025-06-10,令和7年6月10日,変更認可,,ﾛｯｷｰﾊﾟﾃﾙ ｴｯｼﾞ ｺﾈﾁｶｯﾄ ﾛﾌﾞｽﾄ,ロッキーパテルエッジコネチカットロブスト,140mm 1,,,,1800,,,https://www.mof.go.jp/policy/tab_salt/topics/20250610_kouriteika.pdf,1,高
7dce82824b387c70,2025-06-10,令和7年6月10日,変更認可,,ﾛｯｷｰﾊﾟﾃﾙ ｴｯｼﾞ ｺﾛﾎ B-52,ロッキーパテルエッジコロホB-52,114mm 1,,,,2100,,,https://www.mof.go.jp/policy/tab_salt/topics/20250610_kouriteika.pdf,1,高
a887fb14d26a20ad,2025-06-10,令和7年6月10日,変更認可,,ﾛｯｷｰﾊﾟﾃﾙ ｴｯｼﾞ ｺﾛﾎ ﾛﾌﾞｽﾄ,ロッキーパテルエッジコロホロブスト,140mm 1,,,,1800,,,https://www.mof.go.jp/policy/tab_salt/topics/20250610_kouriteika.pdf,1,高
b16eada10a098ae6,2025-06-10,令和7年6月10日,変更認可,,ﾛｯｷｰﾊﾟﾃﾙ ｴｯｼﾞ ﾏﾃﾞｭｰﾛ B-52,ロッキーパテルエッジマデューロB-52,114mm 1,,,,2100,,,https://www.mof.go.jp/policy/tab_salt/topics/20250610_kouriteika.pdf,1,高
bd461c2a5aa5f266,2025-06-10,令和7年6月10日,変更認可,,ﾛｯｷｰﾊﾟﾃﾙ ｴｯｼﾞ ﾏﾃﾞｭｰﾛ ﾛﾌﾞｽﾄ,ロッキーパテルエッジマデューロロブスト,140mm 1,,,,1800,,,https://www.mof.go.jp/policy/tab_salt/topics/20250610_kouriteika.pdf,1,高
4433e02ed2268df8,2025-06-10,令和7年6月10日,変更認可,,ﾛｯｷｰﾊﾟﾃﾙ ﾃﾞｹｲﾄﾞ ﾄﾙﾍﾟﾄﾞ,ロッキーパテルデケイドトルペド,165mm 1,,,,2700,,,https://www.mof.go.jp/policy/tab_salt/topics/20250610_kouriteika.pdf,1,高
4ea7956c36932da3,2025-06-10,令和7年6月10日,変更認可,,ﾛｯｷｰﾊﾟﾃﾙ ﾃﾞｹｲﾄﾞ ﾄﾛ,ロッキーパテルデケイドトロ,165mm 1,,,,2700,,,https://www.mof.go.jp/policy/tab_salt/topics/20250610_kouriteika.pdf,1,高
d43222a3c298dd17,2025-06-10,令和7年6月10日,変更認可,,ﾛｯｷｰﾊﾟﾃﾙ ﾃﾞｹｲﾄﾞ ﾄﾛ ﾃｭﾎﾞｽ,ロッキーパテルデケイドトロテュボス,165mm 1,,,,3200,,,https://www.mof.go.jp/policy/tab_salt/topics/20250610_kouriteika.pdf,1,高
90295e7ef183f390,2025-06-10,令和7年6月10日,変更認可,,ﾛｯｷｰﾊﾟﾃﾙ A.L.R. 2nd. ｼｸｽﾃｨ,ロッキーパテルA.L.R.2ND.シクスティ,152mm 1,,,,3900,,,https://www.mof.go.jp/policy/tab_salt/topics/20250610_kouriteika.pdf,2,高
011b650caa0e5461,2025-06-10,令和7年6月10日,変更認可,,ﾛｯｷｰﾊﾟﾃﾙ A.L.R. 2nd. ﾄﾛ,ロッキーパテルA.L.R.2ND.トロ,165mm 1,,,,3600,,,https://www.mof.go.jp/policy/tab_salt/topics/20250610_kouriteika.pdf,2,高
dbdd9a2dc939e2e8,2025-06-10,令和7年6月10日,変更認可,,ﾛｯｷｰﾊﾟﾃﾙ CSWC ﾄﾛ,ロッキーパテルCSWCトロ,152mm 1,,,,2500,,,https://www.mof.go.jp/policy/tab_salt/topics/20250610_kouriteika.pdf,2,高
8b3e13c3d9590d52,2025-06-10,令和7年6月10日,変更認可,,ﾛｯｷｰﾊﾟﾃﾙ CSWC ﾛﾌﾞｽﾄ,ロッキーパテルCSWCロブスト,127mm 1,,,,2250,,,https://www.mof.go.jp/policy/tab_salt/topics/20250610_kouriteika.pdf,2,高
c5fb1bf69a119a75,2025-06-10,令和7年6月10日,変更認可,,ﾛｯｷｰﾊﾟﾃﾙ DBS ｼｸｽﾃｨ,ロッキーパテルDBSシクスティ,152mm 1,,,,4800,,,https://www.mof.go.jp/policy/tab_salt/topics/20250610_kouriteika.pdf,2,高
28abd2e6b26a3c8d,2025-06-10,令和7年6月10日,変更認可,,ﾛｯｷｰﾊﾟﾃﾙ DBS ﾄﾛ,ロッキーパテルDBSトロ,165mm 1,,,,4300,,,https://www.mof.go.jp/policy/tab_salt/topics/20250610_kouriteika.pdf,2,高
345ecc5657038de4,2025-06-10,令和7年6月10日,変更認可,,ﾛｯｷｰﾊﾟﾃﾙ DBS ﾛﾌﾞｽﾄ,ロッキーパテルDBSロブスト,140mm 1,,,,3900,,,https://www.mof.go.jp/policy/tab_salt/topics/20250610_kouriteika.pdf,2,高
b4cd4d98e0f3067e,2025-06-10,令和7年6月10日,変更認可,,ﾛｯｷｰﾊﾟﾃﾙ LB1 ｼｸｽﾃｨ,ロッキーパテルLB1シクスティ,152mm 1,,,,3100,,,https://www.mof.go.jp/policy/tab_salt/topics/20250610_kouriteika.pdf,2,高
bcf560a17035c416,2025-06-10,令和7年6月10日,変更認可,,ﾛｯｷｰﾊﾟﾃﾙ LB1 ﾄﾛ,ロッキーパテルLB1トロ,165mm 1,,,,2500,,,https://www.mof.go.jp/policy/tab_salt/topics/20250610_kouriteika.pdf,2,高
02a245997d9b6306,2025-06-10,令和7年6月10日,変更認可,,ﾛｯｷｰﾊﾟﾃﾙ STS ｸﾗｼｯｸ ｼｸｽﾃｨ,ロッキーパテルSTSクラシックシクスティ,152mm 1,,,,1550,,,https://www.mof.go.jp/policy/tab_salt/topics/20250610_kouriteika.pdf,2,高
eb77262af0147e5d,2025-06-10,令和7年6月10日,変更認可,,ﾛｯｷｰﾊﾟﾃﾙ STS ｸﾗｼｯｸ ﾁｬｰﾁﾙ,ロッキーパテルSTSクラシックチャーチル,178mm 1,,,,1250,,,https://www.mof.go.jp/policy/tab_salt/topics/20250610_kouriteika.pdf,2,高
2c6594800e7ada2d,2025-06-10,令和7年6月10日,変更認可,,ﾛｯｷｰﾊﾟﾃﾙ STS ｸﾗｼｯｸ ﾄﾛ,ロッキーパテルSTSクラシックトロ,152mm 1,,,,1200,,,https://www.mof.go.jp/policy/tab_salt/topics/20250610_kouriteika.pdf,2,高
8c784f7deb3e7ca4,2025-06-10,令和7年6月10日,変更認可,,ﾛｯｷｰﾊﾟﾃﾙ STS ｼｪｰﾄﾞ ｼｸｽﾃｨ,ロッキーパテルSTSシェードシクスティ,152mm 1,,,,1550,,,https://www.mof.go.jp/policy/tab_salt/topics/20250610_kouriteika.pdf,2,高
4c40a3f061fd9977,2025-06-10,令和7年6月10日,変更認可,,ﾛｯｷｰﾊﾟﾃﾙ STS ｼｪｰﾄﾞ ﾁｬｰﾁﾙ,ロッキーパテルSTSシェードチャーチル,178mm 1,,,,1250,,,https://www.mof.go.jp/policy/tab_salt/topics/20250610_kouriteika.pdf,2,高
102bcfcd1dc39a2b,2025-06-10,令和7年6月10日,変更認可,,ﾛｯｷｰﾊﾟﾃﾙ STS ｼｪｰﾄﾞ ﾄﾛ,ロッキーパテルSTSシェードトロ,152mm 1,,,,1200,,,https://www.mof.go.jp/policy/tab_salt/topics/20250610_kouriteika.pdf,2,高
45a388a3faba8eaf,2025-06-10,令和7年6月10日,変更認可,,ﾛｯｷｰﾊﾟﾃﾙ ｲﾔｰｵﾌﾞﾄﾞﾗｺﾞﾝ 2024,ロッキーパテルイヤーオブドラゴン2024,165mm 1,,,,5800,,,https://www.mof.go.jp/policy/tab_salt/topics/20250610_kouriteika.pdf,2,高
d34c0c71971ce4a8,2025-06-10,令和7年6月10日,変更認可,,ﾛｯｷｰﾊﾟﾃﾙ ｴｯｼﾞ 20 ｼｸｽﾃｨ,ロッキーパテルエッジ20シクスティ,152mm 1,,,,2750,,,https://www.mof.go.jp/policy/tab_salt/topics/20250610_kouriteika.pdf,2,高
a4fe419bd32533fc,2025-06-10,令和7年6月10日,変更認可,,ﾛｯｷｰﾊﾟﾃﾙ ｴｯｼﾞ 20 ﾄﾛ,ロッキーパテルエッジ20トロ,152mm 1,,,,2500,,,https://www.mof.go.jp/policy/tab_salt/topics/20250610_kouriteika.pdf,2,高
32b0b9a094e0683a,2025-06-10,令和7年6月10日,変更認可,,ﾛｯｷｰﾊﾟﾃﾙ ｴｯｼﾞ 20 ﾛﾌﾞｽﾄ,ロッキーパテルエッジ20ロブスト,140mm 1,,,,2200,,,https://www.mof.go.jp/policy/tab_salt/topics/20250610_kouriteika.pdf,2,高
d6d3919e0cead0fd,2025-06-10,令和7年6月10日,変更認可,,ﾛｯｷｰﾊﾟﾃﾙ ｴｯｼﾞ ﾆｶﾗｸﾞｱ ﾄﾛ,ロッキーパテルエッジニカラグアトロ,152mm 1,,,,2000,,,https://www.mof.go.jp/policy/tab_salt/topics/20250610_kouriteika.pdf,2,高
e973ebb159bad77e,2025-06-10,令和7年6月10日,変更認可,,ﾛｯｷｰﾊﾟﾃﾙ ｺﾞｰﾙﾄﾞﾗﾍﾞﾙ ﾊｰﾌｺﾛﾅ,ロッキーパテルゴールドラベルハーフコロナ,89mm 1,,,,1750,,,https://www.mof.go.jp/policy/tab_salt/topics/20250610_kouriteika.pdf,2,高
c180aedc00c36b42,2025-06-10,令和7年6月10日,変更認可,,ﾛｯｷｰﾊﾟﾃﾙ ｺﾝｳﾞｨｸｼｮﾝ ﾄﾛ,ロッキーパテルコンヴィクショントロ,165mm 1,,,,17500,,,https://www.mof.go.jp/policy/tab_salt/topics/20250610_kouriteika.pdf,2,高
abfd3f725c7ad07a,2025-06-10,令和7年6月10日,変更認可,,ﾛｯｷｰﾊﾟﾃﾙ ｻﾝｸﾞﾛｳﾝ ﾄﾛ,ロッキーパテルサングロウントロ,165mm 1,,,,2100,,,https://www.mof.go.jp/policy/tab_salt/topics/20250610_kouriteika.pdf,2,高
b2ec37c84b5866ea,2025-06-10,令和7年6月10日,変更認可,,ﾛｯｷｰﾊﾟﾃﾙ ﾀﾞｰｸｽﾀｰ ｼｸｽﾃｨ,ロッキーパテルダークスターシクスティ,152mm 1,,,,3100,,,https://www.mof.go.jp/policy/tab_salt/topics/20250610_kouriteika.pdf,2,高
6e3ff0e34c7cbb01,2025-06-10,令和7年6月10日,変更認可,,ﾛｯｷｰﾊﾟﾃﾙ ﾀﾞｰｸｽﾀｰ ﾄﾛ,ロッキーパテルダークスタートロ,152mm 1,,,,2700,,,https://www.mof.go.jp/policy/tab_salt/topics/20250610_kouriteika.pdf,2,高
d4623fdd6caf4811,2025-06-10,令和7年6月10日,変更認可,,ﾛｯｷｰﾊﾟﾃﾙ ﾀﾞｰｸｽﾀｰ ﾛﾌﾞｽﾄ,ロッキーパテルダークスターロブスト,140mm 1,,,,2500,,,https://www.mof.go.jp/policy/tab_salt/topics/20250610_kouriteika.pdf,2,高
8d2a8cb05b799018,2025-06-10,令和7年6月10日,変更認可,,ﾛｯｷｰﾊﾟﾃﾙ ﾃﾞｨｻｲﾌﾟﾙ ﾊｰﾌｺﾛﾅ,ロッキーパテルディサイプルハーフコロナ,89mm 1,,,,1700,,,https://www.mof.go.jp/policy/tab_salt/topics/20250610_kouriteika.pdf,2,高
cfa2a0029b2a231a,2025-06-10,令和7年6月10日,変更認可,,ﾛｯｷｰﾊﾟﾃﾙ ﾅﾝﾊﾞｰ6 ｼｸｽﾃｨ,ロッキーパテルナンバー6シクスティ,152mm 1,,,,3000,,,https://www.mof.go.jp/policy/tab_salt/topics/20250610_kouriteika.pdf,2,高
23a6a1ee37817bfa,2025-06-10,令和7年6月10日,変更認可,,ﾛｯｷｰﾊﾟﾃﾙ ﾅﾝﾊﾞｰ6 ﾄﾛ,ロッキーパテルナンバー6トロ,165mm 1,,,,2500,,,https://www.mof.go.jp/policy/tab_salt/topics/20250610_kouriteika.pdf,2,高
ffcbab64810237b5,2025-06-10,令和7年6月10日,変更認可,,ﾛｯｷｰﾊﾟﾃﾙ ｴｯｼﾞ ｺﾈﾁｶｯﾄ DX ﾄﾛ ﾃｭﾎﾞｽ,ロッキーパテルエッジコネチカットDXトロテュボス,152mm 1,,,,2100,,,https://www.mof.go.jp/policy/tab_salt/topics/20250610_kouriteika.pdf,3,高
4aee0430b4a5eafe,2025-06-10,令和7年6月10日,変更認可,,ﾛｯｷｰﾊﾟﾃﾙ ｴｯｼﾞ ｺﾛﾎ DX ﾄﾛ ﾃｭﾎﾞｽ,ロッキーパテルエッジコロホDXトロテュボス,152mm 1,,,,2100,,,https://www.mof.go.jp/policy/tab_salt/topics/20250610_kouriteika.pdf,3,高
fd7e548a5fc108ca,2025-06-10,令和7年6月10日,変更認可,,ﾛｯｷｰﾊﾟﾃﾙ ｴｯｼﾞ ﾏﾃﾞｭｰﾛ DX ﾄﾛ ﾃｭﾎﾞｽ,ロッキーパテルエッジマデューロDXトロテュボス,152mm 1,,,,2100,,,https://www.mof.go.jp/policy/tab_salt/topics/20250610_kouriteika.pdf,3,高
96b912ef04879147,2025-06-10,令和7年6月10日,変更認可,,ﾛｯｷｰﾊﾟﾃﾙ ｸｵｰﾀｰｾﾝﾁｭﾘｰ DX ﾄﾛ ﾃｭﾎﾞｽ,ロッキーパテルクオーターセンチュリーDXトロテュボス,152mm 1,,,,3150,,,https://www.mof.go.jp/policy/tab_salt/topics/20250610_kouriteika.pdf,3,高
9c2d4294697205b2,2025-06-10,令和7年6月10日,変更認可,,ﾛｯｷｰﾊﾟﾃﾙ ｸﾞﾗﾝﾘｾﾞﾙｳﾞｧ DX ﾄﾛ ﾃｭﾎﾞｽ,ロッキーパテルグランリゼルヴァDXトロテュボス,152mm 1,,,,2700,,,https://www.mof.go.jp/policy/tab_salt/topics/20250610_kouriteika.pdf,3,高
6c2f297c5bd271a2,2025-06-10,令和7年6月10日,変更認可,,ﾛｯｷｰﾊﾟﾃﾙ ｺﾞｰﾙﾄﾞﾗﾍﾞﾙ ｼｸｽﾃｨ,ロッキーパテルゴールドラベルシクスティ,152mm 1,,,,3300,,,https://www.mof.go.jp/policy/tab_salt/topics/20250610_kouriteika.pdf,3,高
96cb6136da2f5264,2025-06-10,令和7年6月10日,変更認可,,ﾛｯｷｰﾊﾟﾃﾙ ｺﾞｰﾙﾄﾞﾗﾍﾞﾙ ﾄﾛ,ロッキーパテルゴールドラベルトロ,165mm 1,,,,3000,,,https://www.mof.go.jp/policy/tab_salt/topics/20250610_kouriteika.pdf,3,高
6d10428199ca69ba,2025-06-10,令和7年6月10日,変更認可,,ﾛｯｷｰﾊﾟﾃﾙ ｺﾞｰﾙﾄﾞﾗﾍﾞﾙ ﾛﾌﾞｽﾄ,ロッキーパテルゴールドラベルロブスト,140mm 1,,,,2700,,,https://www.mof.go.jp/policy/tab_salt/topics/20250610_kouriteika.pdf,3,高
ccef97b1961bdaa0,2025-06-10,令和7年6月10日,変更認可,,ﾛｯｷｰﾊﾟﾃﾙ ｻﾝｸﾞﾛｳﾝ ﾏﾃﾞｭｰﾛ DX ﾄﾛ ﾃｭﾎﾞｽ,ロッキーパテルサングロウンマデューロDXトロテュボス,152mm 1,,,,2700,,,https://www.mof.go.jp/policy/tab_salt/topics/20250610_kouriteika.pdf,3,高
f3d5f4772f7c5d19,2025-06-10,令和7年6月10日,変更認可,,ﾛｯｷｰﾊﾟﾃﾙ ｼｸｽﾃｨ DX ﾄﾛ ﾃｭﾎﾞｽ,ロッキーパテルシクスティDXトロテュボス,152mm 1,,,,4100,,,https://www.mof.go.jp/policy/tab_salt/topics/20250610_kouriteika.pdf,3,高
26034ca6013564b1,2025-06-10,令和7年6月10日,変更認可,,ﾛｯｷｰﾊﾟﾃﾙ ﾅﾝﾊﾞｰ6 DX ﾄﾛ ﾃｭﾎﾞｽ,ロッキーパテルナンバー6DXトロテュボス,152mm 1,,,,2550,,,https://www.mof.go.jp/policy/tab_salt/topics/20250610_kouriteika.pdf,3,高
f68bf224934139a5,2025-05-30,令和7年5月30日,変更認可,,DARKSIDE SUPERMINT,DARKSIDESUPERMINT,100.0g,100,g,,4400,,,https://www.mof.go.jp/policy/tab_salt/topics/20250530_kouriteika.pdf,1,高
0be7e1febe7e63ff,2025-05-30,令和7年5月30日,変更認可,,ｷｬﾒﾙ･ﾘｯﾁ･ﾌﾟﾙｰﾑ,キャメルリッチプルーム,4.4g20,4.4,g,,500,,,https://www.mof.go.jp/policy/tab_salt/topics/20250530_kouriteika.pdf,1,高
daef98084733e8c3,2025-05-30,令和7年5月30日,変更認可,,ﾒﾋﾞｳｽ･ｽﾑｰｽ･ﾚｷﾞｭﾗｰ･ﾌﾟﾙｰﾑ,メビウススムースレギュラープルーム,4.4g20,4.4,g,,500,,,https://www.mof.go.jp/policy/tab_salt/topics/20250530_kouriteika.pdf,1,高
9796d413f49fb17a,2025-05-30,令和7年5月30日,変更認可,,ﾒﾋﾞｳｽ･ﾃﾞｨｰﾌﾟ･ﾚｷﾞｭﾗｰ･ﾌﾟﾙｰﾑ,メビウスディープレギュラープルーム,4.4g20,4.4,g,,500,,,https://www.mof.go.jp/policy/tab_salt/topics/20250530_kouriteika.pdf,1,高
e332b4011cf15a68,2025-05-21,令和7年5月21日,変更認可,,Bang Bang DEJAVU,BANGBANGDEJAVU,50.0g,50,g,,1780,,,https://www.mof.go.jp/policy/tab_salt/topics/20250521_kouriteika.pdf,1,高
3e2dddab9fecdf08,2025-05-21,令和7年5月21日,変更認可,,Bang Bang SHEIKH MONEY,BANGBANGSHEIKHMONEY,50.0g,50,g,,1780,,,https://www.mof.go.jp/policy/tab_salt/topics/20250521_kouriteika.pdf,1,高
a7334b07fede3085,2025-05-21,令和7年5月21日,変更認可,,Bang Bang White Grape,BANGBANGWHITEGRAPE,50.0g,50,g,,1780,,,https://www.mof.go.jp/policy/tab_salt/topics/20250521_kouriteika.pdf,1,高
8a95e1f80c641c58,2025-05-21,令和7年5月21日,変更認可,,Debaj Cardamon Coffee,DEBAJCARDAMONCOFFEE,50.0g,50,g,,1650,,,https://www.mof.go.jp/policy/tab_salt/topics/20250521_kouriteika.pdf,1,高
14b4330da0405544,2025-05-21,令和7年5月21日,変更認可,,FUMARI Apple Squared,FUMARIAPPLESQUARED,100.0gﾊﾟｳﾁ,100,g,,3400,,,https://www.mof.go.jp/policy/tab_salt/topics/20250521_kouriteika.pdf,1,高
ed33fb116ccb68a4,2025-05-21,令和7年5月21日,変更認可,,FUMARI Earl Grey Brulee,FUMARIEARLGREYBRULEE,100.0gﾊﾟｳﾁ,100,g,,3400,,,https://www.mof.go.jp/policy/tab_salt/topics/20250521_kouriteika.pdf,1,高
d1ffb4f1e5123715,2025-05-21,令和7年5月21日,変更認可,,FUMARI Enlighten Mint,FUMARIENLIGHTENMINT,100.0gﾊﾟｳﾁ,100,g,,3400,,,https://www.mof.go.jp/policy/tab_salt/topics/20250521_kouriteika.pdf,1,高
9eb1eb92ed20be12,2025-05-21,令和7年5月21日,変更認可,,FUMARI Hola Peaches,FUMARIHOLAPEACHES,100.0gﾊﾟｳﾁ,100,g,,3400,,,https://www.mof.go.jp/policy/tab_salt/topics/20250521_kouriteika.pdf,1,高
9d0990ed1e5786f5,2025-05-21,令和7年5月21日,変更認可,,FUMARI Mandarin Mint,FUMARIMANDARINMINT,100.0gﾊﾟｳﾁ,100,g,,3400,,,https://www.mof.go.jp/policy/tab_salt/topics/20250521_kouriteika.pdf,1,高
172bd73aedf5d2da,2025-05-21,令和7年5月21日,変更認可,,FUMARI Peaches N Honey,FUMARIPEACHESNHONEY,100.0gﾊﾟｳﾁ,100,g,,3400,,,https://www.mof.go.jp/policy/tab_salt/topics/20250521_kouriteika.pdf,1,高
24aea92c7fdb6704,2025-05-21,令和7年5月21日,変更認可,,FUMARI Shaka Guava,FUMARISHAKAGUAVA,100.0gﾊﾟｳﾁ,100,g,,3400,,,https://www.mof.go.jp/policy/tab_salt/topics/20250521_kouriteika.pdf,1,高
ebc8c7d3b9334b7c,2025-05-21,令和7年5月21日,変更認可,,FUMARI Watermelon Sugarush,FUMARIWATERMELONSUGARUSH,100.0gﾊﾟｳﾁ,100,g,,3400,,,https://www.mof.go.jp/policy/tab_salt/topics/20250521_kouriteika.pdf,1,高
88c0d818521b8ecf,2025-05-21,令和7年5月21日,変更認可,,Tangiers Noir Lemon,TANGIERSNOIRLEMON,100.0g,100,g,,3600,,,https://www.mof.go.jp/policy/tab_salt/topics/20250521_kouriteika.pdf,1,高
d2dae5cbe47cb630,2025-05-21,令和7年5月21日,変更認可,,Tangiers Noir Lime,TANGIERSNOIRLIME,100.0g,100,g,,3600,,,https://www.mof.go.jp/policy/tab_salt/topics/20250521_kouriteika.pdf,1,高
68c34db68da507ec,2025-05-21,令和7年5月21日,変更認可,,Tangiers Noir PassionfruitLemonade,TANGIERSNOIRPASSIONFRUITLEMONADE,100.0g,100,g,,3600,,,https://www.mof.go.jp/policy/tab_salt/topics/20250521_kouriteika.pdf,1,高
04348f91e3b4f5f1,2025-05-21,令和7年5月21日,変更認可,,ｱﾝﾄﾆｵ ﾋﾒﾈｽ ｺﾛﾅｽ,アントニオヒメネスコロナス,122mm 1,,,,550,490,2025-06-01,https://www.mof.go.jp/policy/tab_salt/topics/20250521_kouriteikahenkou.pdf,1,高
5e2ce6634595ece3,2025-05-21,令和7年5月21日,変更認可,,ｱﾝﾄﾆｵ ﾋﾒﾈｽ ﾊｰﾌｺﾛﾅｽ,アントニオヒメネスハーフコロナス,122mm 1,,,,400,350,2025-06-01,https://www.mof.go.jp/policy/tab_salt/topics/20250521_kouriteikahenkou.pdf,1,高
bf8e89559fa46ad5,2025-05-21,令和7年5月21日,変更認可,,ｱﾝﾄﾆｵ ﾋﾒﾈｽ ﾛﾌﾞｽﾄ,アントニオヒメネスロブスト,122mm 1,,,,700,650,2025-06-01,https://www.mof.go.jp/policy/tab_salt/topics/20250521_kouriteikahenkou.pdf,1,高
f898ec73a9d1f592,2025-05-21,令和7年5月21日,変更認可,,ｶｰｻ･ﾄｳﾗﾝﾄ 1880 ｼｮｰﾄﾛﾌﾞｽﾄ･ｵｽｸﾛ,カーサトウラント1880ショートロブストオスクロ,105mm 1,,,"1,000 =1,200",950,850,2025-06-01,https://www.mof.go.jp/policy/tab_salt/topics/20250521_kouriteikahenkou.pdf,1,中
1a5b66005358a1a0,2025-05-21,令和7年5月21日,変更認可,,ｶｰｻ･ﾄｳﾗﾝﾄ 1880 ｼｮｰﾄﾛﾌﾞｽﾄ･ｸﾗﾛ,カーサトウラント1880ショートロブストクラロ,105mm 1,,,"1,000 =1,200",950,850,2025-06-01,https://www.mof.go.jp/policy/tab_salt/topics/20250521_kouriteikahenkou.pdf,1,中
a9d8476719716a7a,2025-05-21,令和7年5月21日,変更認可,,ｶｰｻ･ﾄｳﾗﾝﾄ 1880 ｼｮｰﾄﾛﾌﾞｽﾄ･ｺﾛﾗﾄﾞ,カーサトウラント1880ショートロブストコロラド,105mm 1,,,"1,000 =1,200",950,850,2025-06-01,https://www.mof.go.jp/policy/tab_salt/topics/20250521_kouriteikahenkou.pdf,1,中
1c02eba6b8cd5e8e,2025-05-21,令和7年5月21日,変更認可,,ｸｵｰﾗﾑ ｺﾛﾅ,クオーラムコロナ,140mm 1,,,"1,000 =1,200",670,600,2025-06-01,https://www.mof.go.jp/policy/tab_salt/topics/20250521_kouriteikahenkou.pdf,1,高
a657d0613412ea28,2025-05-21,令和7年5月21日,変更認可,,ｸｵｰﾗﾑ ﾀﾞﾌﾞﾙｺﾞﾙﾄﾞ,クオーラムダブルゴルド,152mm 1,,,"1,000 =1,200",850,750,2025-06-01,https://www.mof.go.jp/policy/tab_salt/topics/20250521_kouriteikahenkou.pdf,1,中
c8b7cba1cdd3251f,2025-05-21,令和7年5月21日,変更認可,,ｸｵｰﾗﾑ ﾄﾙﾍﾟｰﾄﾞ,クオーラムトルペード,150mm 1,,,"1,000 =1,200",870,780,2025-06-01,https://www.mof.go.jp/policy/tab_salt/topics/20250521_kouriteikahenkou.pdf,1,高
f8d54111d70f092a,2025-05-21,令和7年5月21日,変更認可,,ｸｵｰﾗﾑ ﾄﾚﾌﾟﾁｺﾛﾅ,クオーラムトレプチコロナ,114mm 1,,,"1,000 =1,200",540,500,2025-06-01,https://www.mof.go.jp/policy/tab_salt/topics/20250521_kouriteikahenkou.pdf,1,高
3686a1cc00cadec7,2025-05-21,令和7年5月21日,変更認可,,ｸｵｰﾗﾑ ﾄﾛ,クオーラムトロ,152mm 1,,,"1,000 =1,200",850,750,2025-06-01,https://www.mof.go.jp/policy/tab_salt/topics/20250521_kouriteikahenkou.pdf,1,高
cafa8818ff2749c5,2025-05-21,令和7年5月21日,変更認可,,ｸｵｰﾗﾑ ﾛﾌﾞｽﾄ,クオーラムロブスト,120mm 1,,,"1,000 =1,200",800,700,2025-06-01,https://www.mof.go.jp/policy/tab_salt/topics/20250521_kouriteikahenkou.pdf,1,高
6cee00cdd975c91c,2025-05-21,令和7年5月21日,変更認可,,ｸｵﾗﾑ･ｸﾗｼｯｸ･ﾃﾞﾙｶﾞﾄﾞ,クオラムクラシックデルガド,152mm 1,,,,450,300,2025-06-01,https://www.mof.go.jp/policy/tab_salt/topics/20250521_kouriteikahenkou.pdf,1,高
aa1352a22ca40980,2025-05-21,令和7年5月21日,変更認可,,ｸｵﾗﾑ･ｼｪｲﾄﾞ･ﾃﾞﾙｶﾞﾄﾞ,クオラムシェイドデルガド,152mm 1,,,,450,300,2025-06-01,https://www.mof.go.jp/policy/tab_salt/topics/20250521_kouriteikahenkou.pdf,1,高
526ac83b7a63e37b,2025-05-21,令和7年5月21日,変更認可,,ﾄﾞﾝ･ﾃﾞｨｴｺﾞ ｸﾗｼｯｸ･ﾍﾟﾙﾗ,ドンディエゴクラシックペルラ,100mm 1,,,"1,350 =1,550",900,800,2025-06-01,https://www.mof.go.jp/policy/tab_salt/topics/20250521_kouriteikahenkou.pdf,1,高
ad7a51f815425979,2025-05-21,令和7年5月21日,変更認可,,ﾄﾞﾝ･ﾃﾞｨｴｺﾞ ｸﾗｼｯｸ･ﾛﾌﾞｽﾄ,ドンディエゴクラシックロブスト,127mm 1,,,"1,350 =1,550",900,800,2025-06-01,https://www.mof.go.jp/policy/tab_salt/topics/20250521_kouriteikahenkou.pdf,1,中
a04eb68dd890dd03,2025-05-21,令和7年5月21日,変更認可,,ﾄﾞﾝ･ﾃﾞｨｴｺﾞ･ﾌﾟﾚﾘｭｰﾄﾞ=6,ドンディエゴプレリュード=6,102mm 6,,,"1,390 =1,800",950,850,2025-06-01,https://www.mof.go.jp/policy/tab_salt/topics/20250521_kouriteikahenkou.pdf,1,中
088a2a0e3bf7cc04,2025-05-21,令和7年5月21日,変更認可,,ﾌﾞﾘｯｸﾊｳｽ･ｺﾛﾅ,ブリックハウスコロナ,127mm 1,,,"1,000 =1,200",850,750,2025-06-01,https://www.mof.go.jp/policy/tab_salt/topics/20250521_kouriteikahenkou.pdf,1,中
ee3131a58a65c799,2025-05-21,令和7年5月21日,変更認可,,ﾌﾞﾘｯｸﾊｳｽ･ｼｮｰﾄﾄﾙﾍﾟｰﾄﾞ,ブリックハウスショートトルペード,139mm 1,,,"1,010 =1,200",850,750,2025-06-01,https://www.mof.go.jp/policy/tab_salt/topics/20250521_kouriteikahenkou.pdf,1,中
e6f277269252d8d5,2025-05-21,令和7年5月21日,変更認可,,ﾌﾞﾘｯｸﾊｳｽ･ﾄﾛ,ブリックハウストロ,152mm 1,,,"1,200 =1,300",850,750,2025-06-01,https://www.mof.go.jp/policy/tab_salt/topics/20250521_kouriteikahenkou.pdf,1,中
11b3c36a939c5c84,2025-05-21,令和7年5月21日,変更認可,,ﾌﾞﾘｯｸﾊｳｽ･ﾄﾛ･ﾏﾃﾞｭｰﾛ,ブリックハウストロマデューロ,152mm 1,,,"1,200 =1,300",850,750,2025-06-01,https://www.mof.go.jp/policy/tab_salt/topics/20250521_kouriteikahenkou.pdf,1,中
86e94ad64509578c,2025-05-21,令和7年5月21日,変更認可,,ﾌﾞﾘｯｸﾊｳｽ･ﾏｲﾃｨﾏｲﾃｨ,ブリックハウスマイティマイティ,158mm 1,,,"1,560 =1,700",850,750,2025-06-01,https://www.mof.go.jp/policy/tab_salt/topics/20250521_kouriteikahenkou.pdf,1,中
8cbf41194bb36fa1,2025-05-21,令和7年5月21日,変更認可,,ﾌﾞﾘｯｸﾊｳｽ･ﾏｲﾃｨﾏｲﾃｨ･ﾏﾃﾞｭｰﾛ,ブリックハウスマイティマイティマデューロ,159mm 1,,,"1,560 =1,700",850,750,2025-06-01,https://www.mof.go.jp/policy/tab_salt/topics/20250521_kouriteikahenkou.pdf,1,中
27d32f08c108ec98,2025-05-21,令和7年5月21日,変更認可,,ﾌﾞﾘｯｸﾊｳｽ･ﾛﾌﾞｽﾄ,ブリックハウスロブスト,127mm 1,,,"1,060 =1,250",850,750,2025-06-01,https://www.mof.go.jp/policy/tab_salt/topics/20250521_kouriteikahenkou.pdf,1,中
fe4940d721b1a6b5,2025-05-21,令和7年5月21日,変更認可,,ﾌﾞﾘｯｸﾊｳｽ･ﾛﾌﾞｽﾄ･ﾏﾃﾞｭｰﾛ,ブリックハウスロブストマデューロ,127mm 1,,,"1,060 =1,250",850,750,2025-06-01,https://www.mof.go.jp/policy/tab_salt/topics/20250521_kouriteikahenkou.pdf,1,中
9a0317899cdefe68,2025-05-21,令和7年5月21日,変更認可,,ﾌﾛｰﾙ･ﾃﾞ･ｺﾊﾟﾝ ｺﾛﾅ,フロールデコパンコロナ,138mm 1,,,"1,000 =1,200",950,850,2025-06-01,https://www.mof.go.jp/policy/tab_salt/topics/20250521_kouriteikahenkou.pdf,1,中
61cd9e494c1a2990,2025-05-21,令和7年5月21日,変更認可,,ﾌﾛｰﾙ･ﾃﾞ･ｺﾊﾟﾝ ﾍﾞﾘｺｿ,フロールデコパンベリコソ,151mm 1,,,"1,140 =1,500",950,850,2025-06-01,https://www.mof.go.jp/policy/tab_salt/topics/20250521_kouriteikahenkou.pdf,1,中
c2bcff4a420f0108,2025-05-21,令和7年5月21日,変更認可,,ﾌﾛｰﾙ･ﾃﾞ･ｺﾊﾟﾝ ﾍﾟﾙﾗ,フロールデコパンペルラ,102mm 1,,,"1,390 =1,800",950,850,2025-06-01,https://www.mof.go.jp/policy/tab_salt/topics/20250521_kouriteikahenkou.pdf,1,高
117cef688ca20e32,2025-05-21,令和7年5月21日,変更認可,,ﾌﾛｰﾙ･ﾃﾞ･ｺﾊﾟﾝ ﾓﾅﾙｶｽ･ﾁｭｰﾌﾞ,フロールデコパンモナルカスチューブ,165mm 1,,,"1,310 =1,700",950,850,2025-06-01,https://www.mof.go.jp/policy/tab_salt/topics/20250521_kouriteikahenkou.pdf,1,中
4532ee3c14c56c97,2025-05-21,令和7年5月21日,変更認可,,ﾌﾛｰﾙ･ﾃﾞ･ｺﾊﾟﾝ ﾛｽﾁｬｲﾙﾄﾞ,フロールデコパンロスチャイルド,125mm 1,,,"980 =1,200",950,850,2025-06-01,https://www.mof.go.jp/policy/tab_salt/topics/20250521_kouriteikahenkou.pdf,1,中
59136f33674b94d4,2025-05-14,令和7年5月14日,変更認可,,AJF 20 ﾄﾛ,AJF20トロ,152mm 1,,,,5700,,,https://www.mof.go.jp/policy/tab_salt/topics/20250514_kouriteika.pdf,1,高
3209cdc692c5b187,2025-05-14,令和7年5月14日,変更認可,,AJF 20 ﾍﾞﾘｺｿ,AJF20ベリコソ,171mm 1,,,,6900,,,https://www.mof.go.jp/policy/tab_salt/topics/20250514_kouriteika.pdf,1,高
cb899cafb0c65ce3,2025-05-14,令和7年5月14日,変更認可,,AJF ﾃﾞｨｱｽ ﾃﾞ ｸﾞﾛﾘｱ ﾌﾞﾗｼﾞﾙ ﾛﾌﾞｽﾄ,AJFディアスデグロリアブラジルロブスト,140mm 1,,,,2800,,,https://www.mof.go.jp/policy/tab_salt/topics/20250514_kouriteika.pdf,1,高
34b85310b2ac2fea,2025-05-14,令和7年5月14日,変更認可,,Arturo Fuente Forbidden X AmorSensal,ARTUROFUENTEFORBIDDENXAMORSENSAL,156mm 1,,,,19000,,,https://www.mof.go.jp/policy/tab_salt/topics/20250514_kouriteika.pdf,1,高
935c9cb5812bdacc,2025-05-14,令和7年5月14日,変更認可,,Arturo Fuente Forbidden X DeseosD= Amor,ARTUROFUENTEFORBIDDENXDESEOSD=AMOR,133mm 1,,,,16000,,,https://www.mof.go.jp/policy/tab_salt/topics/20250514_kouriteika.pdf,1,高
8be5d79c420fec86,2025-05-14,令和7年5月14日,変更認可,,Arturo Fuente Forbidden X El BesoProhibido,ARTUROFUENTEFORBIDDENXELBESOPROHIBIDO,146mm 1,,,,17000,,,https://www.mof.go.jp/policy/tab_salt/topics/20250514_kouriteika.pdf,1,高
955e9a960ef40e24,2025-05-14,令和7年5月14日,変更認可,,Arturo Fuente Forbidden X PasionD= Amor,ARTUROFUENTEFORBIDDENXPASIOND=AMOR,156mm 1,,,,18000,,,https://www.mof.go.jp/policy/tab_salt/topics/20250514_kouriteika.pdf,1,高
795ec35557058ac2,2025-05-14,令和7年5月14日,変更認可,,CRUZ DE BARRA PANATELA MADURO,CRUZDEBARRAPANATELAMADURO,140mm 1,,,,1600,,,https://www.mof.go.jp/policy/tab_salt/topics/20250514_kouriteika.pdf,1,高
520bb27269b5efa1,2025-05-14,令和7年5月14日,変更認可,,Meeraphel Master Blends ErnestRobusto,MEERAPHELMASTERBLENDSERNESTROBUSTO,124mm 1,,,,9000,,,https://www.mof.go.jp/policy/tab_salt/topics/20250514_kouriteika.pdf,1,高
3ae9a062ffeabb44,2025-05-14,令和7年5月14日,変更認可,,Meeraphel Master Blends MairRobusto,MEERAPHELMASTERBLENDSMAIRROBUSTO,124mm 1,,,,9000,,,https://www.mof.go.jp/policy/tab_salt/topics/20250514_kouriteika.pdf,1,高
7b7d8d3378ae51ef,2025-05-14,令和7年5月14日,変更認可,,Tres Hermanos Robusto No.201,TRESHERMANOSROBUSTONO.201,140mm 1,,,,2900,,,https://www.mof.go.jp/policy/tab_salt/topics/20250514_kouriteika.pdf,1,高
db80cd5bb842311b,2025-05-14,令和7年5月14日,変更認可,,ｱﾙﾄｳｰﾛ ﾌｴﾝﾃ ｵｰﾊﾟｽX ｵｸｿ ｵｽｸｰﾛ ｵﾛ ｽｰﾊﾟｰﾍﾞﾘｺｿ,アルトウーロフエンテオーパスXオクソオスクーロオロスーパーベリコソ,140mm 1,,,,8800,,,https://www.mof.go.jp/policy/tab_salt/topics/20250514_kouriteika.pdf,1,高
bc6c5009ac7a6752,2025-05-14,令和7年5月14日,変更認可,,ｱﾙﾄｳｰﾛ ﾌｴﾝﾃ ｵｰﾊﾟｽX ｵｸｿ ｵｽｸｰﾛ ｵﾛ ﾚｾﾞﾙﾊﾞｼｬﾄｰ,アルトウーロフエンテオーパスXオクソオスクーロオロレゼルバシャトー,178mm 1,,,,9500,,,https://www.mof.go.jp/policy/tab_salt/topics/20250514_kouriteika.pdf,1,高
ea96901904791b15,2025-05-14,令和7年5月14日,変更認可,,ｱﾙﾄｳｰﾛ ﾌｴﾝﾃ ｵｰﾊﾟｽX ｵｸｿ ｵｽｸｰﾛ ｵﾛﾊﾟｰﾌｪｸｼｮﾝ No.4,アルトウーロフエンテオーパスXオクソオスクーロオロパーフェクションNO.4,130mm 1,,,,6400,,,https://www.mof.go.jp/policy/tab_salt/topics/20250514_kouriteika.pdf,1,高
db547d8a333f0570,2025-05-14,令和7年5月14日,変更認可,,ｱﾙﾄｳｰﾛ ﾌｴﾝﾃ ﾍﾐﾝｸﾞｳｪｲ ｼｮｰﾄｽﾄｰﾘｰ ﾏﾃﾞｭｰﾛ,アルトウーロフエンテヘミングウェイショートストーリーマデューロ,102mm 1,,,,2700,,,https://www.mof.go.jp/policy/tab_salt/topics/20250514_kouriteika.pdf,1,高
4fb08ecd34472bf5,2025-05-14,令和7年5月14日,変更認可,,ｱﾙﾄｳｰﾛ ﾌｴﾝﾃ ﾍﾐﾝｸﾞｳｪｲ ﾍﾞｽﾄｾﾗｰ ﾏﾃﾞｭｰﾛ,アルトウーロフエンテヘミングウェイベストセラーマデューロ,114mm 1,,,,3200,,,https://www.mof.go.jp/policy/tab_salt/topics/20250514_kouriteika.pdf,1,高
9c0b60a9ddb58361,2025-05-14,令和7年5月14日,変更認可,,ｴﾙ ﾌﾟﾙﾎﾟ ｵｸﾄ･ｵﾁｮ,エルプルポオクトオチョ,178mm 3,,,,8800,,,https://www.mof.go.jp/policy/tab_salt/topics/20250514_kouriteika.pdf,1,高
b2c76c3224fed2b4,2025-05-14,令和7年5月14日,変更認可,,ｴﾙ ﾌﾟﾙﾎﾟ ｻﾞ･ﾌﾗｲ,エルプルポザフライ,102mm 1,,,,3200,,,https://www.mof.go.jp/policy/tab_salt/topics/20250514_kouriteika.pdf,1,高
228927bbc616012b,2025-05-14,令和7年5月14日,変更認可,,ｴﾙ ﾌﾟﾙﾎﾟ ﾄﾛｸﾞﾗﾝﾃﾞ,エルプルポトログランデ,152mm 1,,,,3800,,,https://www.mof.go.jp/policy/tab_salt/topics/20250514_kouriteika.pdf,1,高
0e8552c58f526690,2025-05-14,令和7年5月14日,変更認可,,ｴﾙ ﾌﾟﾙﾎﾟ ﾍﾞﾘｺｿｸﾞﾗﾝﾃﾞ,エルプルポベリコソグランデ,146mm 1,,,,3900,,,https://www.mof.go.jp/policy/tab_salt/topics/20250514_kouriteika.pdf,1,高
ad989fc429b4d8c4,2025-05-14,令和7年5月14日,変更認可,,ｴﾙ ﾌﾟﾙﾎﾟ ﾛﾌﾞｽﾄｸﾞﾗﾝﾃﾞ,エルプルポロブストグランデ,127mm 1,,,,3500,,,https://www.mof.go.jp/policy/tab_salt/topics/20250514_kouriteika.pdf,1,高
098c778a0d7b5aa9,2025-05-14,令和7年5月14日,変更認可,,ﾄﾘﾆﾀﾞｯﾄﾞ･ｶﾋﾞﾙﾄﾞｽ L.E. 2024,トリニダッドカビルドスL.E.2024,162mm 1,,,,27500,,,https://www.mof.go.jp/policy/tab_salt/topics/20250514_kouriteika.pdf,1,高
434b3470e7a4d88d,2025-05-14,令和7年5月14日,変更認可,,ﾄﾘﾆﾀﾞｯﾄﾞ･ﾛﾌﾞｽﾄｽ ｴｸｽﾄﾗ 55th ｱﾆﾍﾞﾙｻﾘｵ,トリニダッドロブストスエクストラ55THアニベルサリオ,155mm 1,,,,20900,,,https://www.mof.go.jp/policy/tab_salt/topics/20250514_kouriteika.pdf,1,高
612dbd84e862495a,2025-05-14,令和7年5月14日,変更認可,,ﾊﾟﾙﾀｶﾞｽ･ｾﾄﾞﾛｽ ｲﾔｰ ｵﾌﾞ ｻﾞ ｽﾈｲｸ 2025,パルタガスセドロスイヤーオブザスネイク2025,135mm 1,,,,19800,,,https://www.mof.go.jp/policy/tab_salt/topics/20250514_kouriteika.pdf,1,高
6f9e607018edd213,2025-05-14,令和7年5月14日,変更認可,,ﾋﾞﾊﾞ ﾗ ｳﾞｨｰﾀﾞ 5 ｸﾗﾌﾞ500,ビバラヴィーダ5クラブ500,133mm 1,,,,3900,,,https://www.mof.go.jp/policy/tab_salt/topics/20250514_kouriteika.pdf,1,高
2ee37cca1101b9c5,2025-05-14,令和7年5月14日,変更認可,,ﾋﾞﾊﾞ ﾗ ｳﾞｨｰﾀﾞ 5 ｼﾞｪｽﾀｰ,ビバラヴィーダ5ジェスター,140mm 1,,,,4100,,,https://www.mof.go.jp/policy/tab_salt/topics/20250514_kouriteika.pdf,1,高
1ec61a891121020d,2025-05-14,令和7年5月14日,変更認可,,ﾓﾝﾃｸﾘｽﾄ･ｵｰﾌﾟﾝ ｽﾗﾑ,モンテクリストオープンスラム,142mm 1,,,,7150,,,https://www.mof.go.jp/policy/tab_salt/topics/20250514_kouriteika.pdf,1,高
c99924f4d2ce7bd7,2025-05-13,令和7年5月13日,変更認可,,ﾈｵ･ﾌﾞﾘﾘｱﾝﾄ･ﾏｽｶｯﾄ･hyper ﾊｰﾄﾞﾊﾟｯｸ,ネオブリリアントマスカットHYPERハードパック,,,,,500,,,https://www.mof.go.jp/policy/tab_salt/topics/20250513_kouriteika.pdf,1,高
0486d1f13c60257b,2025-05-13,令和7年5月13日,変更認可,,ﾈｵ･ﾌﾞﾘﾘｱﾝﾄ･ﾜｲﾙﾄﾞﾍﾞﾘｰ･hyper ﾊｰﾄﾞﾊﾟｯｸ,ネオブリリアントワイルドベリーHYPERハードパック,,,,,500,,,https://www.mof.go.jp/policy/tab_salt/topics/20250513_kouriteika.pdf,1,高
ad6da99df1623669,2025-05-09,令和7年5月9日,変更認可,,ｳﾞｧﾙﾄ･ｱｲｽﾄﾞ･ﾍﾞﾘｰ･ｸﾘｯｸ ﾊｰﾄﾞﾊﾟｯｸ,ヴァルトアイスドベリークリックハードパック,ｲﾝﾄﾞﾈｼｱ,,,,580,,,https://www.mof.go.jp/policy/tab_salt/topics/20250509_kouriteika.pdf,1,高
b9e1804b96dc5432,2025-05-09,令和7年5月9日,変更認可,,ｳﾞｧﾙﾄ･ｱｲｽﾄﾞ･ﾒﾝｿｰﾙ･ｸﾘｯｸ ﾊｰﾄﾞﾊﾟｯｸ,ヴァルトアイスドメンソールクリックハードパック,ｲﾝﾄﾞﾈｼｱ,,,,580,,,https://www.mof.go.jp/policy/tab_salt/topics/20250509_kouriteika.pdf,1,高
8f038559f783b593,2025-05-09,令和7年5月9日,変更認可,,ｳﾞｧﾙﾄ･ｸﾗｼｯｸ･ﾀﾊﾞｺ ﾊｰﾄﾞﾊﾟｯｸ,ヴァルトクラシックタバコハードパック,ｲﾝﾄﾞﾈｼｱ,,,,580,,,https://www.mof.go.jp/policy/tab_salt/topics/20250509_kouriteika.pdf,1,高
f2bb8973cb43805e,2025-05-09,令和7年5月9日,変更認可,,ｳﾞｧﾙﾄ･ﾀﾞｰｸ･ﾀﾊﾞｺ ﾊｰﾄﾞﾊﾟｯｸ,ヴァルトダークタバコハードパック,ｲﾝﾄﾞﾈｼｱ,,,,580,,,https://www.mof.go.jp/policy/tab_salt/topics/20250509_kouriteika.pdf,1,高
45d31ba74450b298,2025-05-09,令和7年5月9日,変更認可,,ｳﾞｧﾙﾄ･ﾊﾞﾗﾝｽﾄﾞ･ﾀﾊﾞｺ ﾊｰﾄﾞﾊﾟｯｸ,ヴァルトバランスドタバコハードパック,ｲﾝﾄﾞﾈｼｱ,,,,580,,,https://www.mof.go.jp/policy/tab_salt/topics/20250509_kouriteika.pdf,1,高
1e2c94c70778bc1e,2025-05-09,令和7年5月9日,変更認可,,ｳﾞｧﾙﾄ･ﾍﾞﾘｰ･ｸﾘｯｸ ﾊｰﾄﾞﾊﾟｯｸ,ヴァルトベリークリックハードパック,ｲﾝﾄﾞﾈｼｱ,,,,580,,,https://www.mof.go.jp/policy/tab_salt/topics/20250509_kouriteika.pdf,1,高
f574bc3c1a4610d9,2025-05-09,令和7年5月9日,変更認可,,ｳﾞｧﾙﾄ･ﾐﾝﾄ･ｸﾘｯｸ ﾊｰﾄﾞﾊﾟｯｸ,ヴァルトミントクリックハードパック,ｲﾝﾄﾞﾈｼｱ,,,,580,,,https://www.mof.go.jp/policy/tab_salt/topics/20250509_kouriteika.pdf,1,高
f0177e5b1c96f99f,2025-05-09,令和7年5月9日,変更認可,,ｳﾞｧﾙﾄ･ﾒﾛﾝ･ｸﾘｯｸ ﾊｰﾄﾞﾊﾟｯｸ,ヴァルトメロンクリックハードパック,ｲﾝﾄﾞﾈｼｱ,,,,580,,,https://www.mof.go.jp/policy/tab_salt/topics/20250509_kouriteika.pdf,1,高
2757d6db1bc76a8d,2025-05-09,令和7年5月9日,変更認可,,ｳﾞｧﾙﾄ･ﾒﾝｿｰﾙ･ｸﾘｯｸ ﾊｰﾄﾞﾊﾟｯｸ,ヴァルトメンソールクリックハードパック,ｲﾝﾄﾞﾈｼｱ,,,,580,,,https://www.mof.go.jp/policy/tab_salt/topics/20250509_kouriteika.pdf,1,高
92d99523feb99e6f,2025-05-09,令和7年5月9日,変更認可,,ｳﾞｧﾙﾄ･ﾗｳﾝﾃﾞｯﾄﾞ･ﾀﾊﾞｺ ﾊｰﾄﾞﾊﾟｯｸ,ヴァルトラウンデッドタバコハードパック,ｲﾝﾄﾞﾈｼｱ,,,,580,,,https://www.mof.go.jp/policy/tab_salt/topics/20250509_kouriteika.pdf,1,高
01999a945adde18e,2025-05-09,令和7年5月9日,変更認可,,ｳﾞｧﾙﾄ･ﾚｯﾄﾞﾌﾙｰﾂ･ｸﾘｯｸ ﾊｰﾄﾞﾊﾟｯｸ,ヴァルトレッドフルーツクリックハードパック,ｲﾝﾄﾞﾈｼｱ,,,,580,,,https://www.mof.go.jp/policy/tab_salt/topics/20250509_kouriteika.pdf,1,高
e0166691ec49b1cd,2025-05-02,令和7年5月2日,変更認可,,ｼﾞﾝ･ﾐﾆ･ｱｯﾌﾟﾙ･ﾐﾝﾄ･ﾐﾃﾞｨｱﾑ,ジンミニアップルミントミディアム,,,,,500,,,https://www.mof.go.jp/policy/tab_salt/topics/20250502_kouriteika.pdf,1,高
eb71f0ac36c67e85,2025-05-02,令和7年5月2日,変更認可,,ｼﾞﾝ･ﾐﾆ･ｱｯﾌﾟﾙ･ﾐﾝﾄ･ﾛｰ,ジンミニアップルミントロー,,,,,500,,,https://www.mof.go.jp/policy/tab_salt/topics/20250502_kouriteika.pdf,1,高
6b7df326dfd984fd,2025-05-02,令和7年5月2日,変更認可,,ｼﾞﾝ･ﾐﾆ･ｸｰﾙ･ﾐﾝﾄ･ﾐﾃﾞｨｱﾑ,ジンミニクールミントミディアム,,,,,500,,,https://www.mof.go.jp/policy/tab_salt/topics/20250502_kouriteika.pdf,1,高
5b9482c513757da8,2025-05-02,令和7年5月2日,変更認可,,ｼﾞﾝ･ﾐﾆ･ｸｰﾙ･ﾐﾝﾄ･ﾛｰ,ジンミニクールミントロー,,,,,500,,,https://www.mof.go.jp/policy/tab_salt/topics/20250502_kouriteika.pdf,1,高
1aabc63aabfeaeeb,2025-05-02,令和7年5月2日,変更認可,,ｼﾞﾝ･ﾐﾆ･ｽﾍﾟｱﾐﾝﾄ･ﾐﾃﾞｨｱﾑ,ジンミニスペアミントミディアム,,,,,500,,,https://www.mof.go.jp/policy/tab_salt/topics/20250502_kouriteika.pdf,1,高
5cd471863a4f462a,2025-05-02,令和7年5月2日,変更認可,,ｼﾞﾝ･ﾐﾆ･ｽﾍﾟｱﾐﾝﾄ･ﾛｰ,ジンミニスペアミントロー,,,,,500,,,https://www.mof.go.jp/policy/tab_salt/topics/20250502_kouriteika.pdf,1,高
dab1b85071c76a91,2025-05-02,令和7年5月2日,変更認可,,ｼﾞﾝ･ﾐﾆ･ﾋﾟｰﾁ･ﾐﾃﾞｨｱﾑ,ジンミニピーチミディアム,,,,,500,,,https://www.mof.go.jp/policy/tab_salt/topics/20250502_kouriteika.pdf,1,高
8b014e210cce72a0,2025-05-02,令和7年5月2日,変更認可,,ｼﾞﾝ･ﾐﾆ･ﾋﾟｰﾁ･ﾛｰ,ジンミニピーチロー,,,,,500,,,https://www.mof.go.jp/policy/tab_salt/topics/20250502_kouriteika.pdf,1,高
5a62841368f28a3e,2025-04-30,令和7年4月30日,変更認可,,ﾌｨﾘｯﾌﾟﾓﾘｽ･1･100sﾎﾞｯｸｽ FSK 20 ﾊｰﾄﾞﾊﾟｯｸ ﾘﾄｱﾆｱｾﾙﾋﾞｱﾄﾙｺ,フィリップモリス1100SボックスFSK20ハードパックリトアニアセルビアトルコ,,,,,450,430,2025-06-01,https://www.mof.go.jp/policy/tab_salt/topics/20250430_kouriteikahenkou_1.pdf,1,高
e7fe1a8e7a84a9ba,2025-04-30,令和7年4月30日,変更認可,,ﾌｨﾘｯﾌﾟﾓﾘｽ･10･KSﾎﾞｯｸｽ ﾊｰﾄﾞﾊﾟｯｸFK 20 ｲﾝﾄﾞﾈｼｱｾﾙﾋﾞｱ,フィリップモリス10KSボックスハードパックFK20インドネシアセルビア,,,,,450,430,2025-06-01,https://www.mof.go.jp/policy/tab_salt/topics/20250430_kouriteikahenkou_1.pdf,1,高
f7764f3f61de6bfb,2025-04-30,令和7年4月30日,変更認可,,ﾌｨﾘｯﾌﾟﾓﾘｽ･10･KSﾎﾞｯｸｽ ﾊｰﾄﾞﾊﾟｯｸFK 20 ﾁｪｺ,フィリップモリス10KSボックスハードパックFK20チェコ,,,,,450,430,2025-06-01,https://www.mof.go.jp/policy/tab_salt/topics/20250430_kouriteikahenkou_1.pdf,1,中
eb8a7e5f2d919309,2025-04-30,令和7年4月30日,変更認可,,ﾌｨﾘｯﾌﾟﾓﾘｽ･14･KSﾎﾞｯｸｽ ﾊｰﾄﾞﾊﾟｯｸFK 20 ｲﾝﾄﾞﾈｼｱｾﾙﾋﾞｱﾄﾙｺ,フィリップモリス14KSボックスハードパックFK20インドネシアセルビアトルコ,,,,,450,430,2025-06-01,https://www.mof.go.jp/policy/tab_salt/topics/20250430_kouriteikahenkou_1.pdf,1,高
1cffe6f1b3acc9a2,2025-04-30,令和7年4月30日,変更認可,,ﾌｨﾘｯﾌﾟﾓﾘｽ･14･KSﾎﾞｯｸｽ ﾊｰﾄﾞﾊﾟｯｸFK 20 ﾄﾙｺ,フィリップモリス14KSボックスハードパックFK20トルコ,,,,,450,430,2025-06-01,https://www.mof.go.jp/policy/tab_salt/topics/20250430_kouriteikahenkou_1.pdf,1,中
50c77e54bbd380a8,2025-04-30,令和7年4月30日,変更認可,,ﾗｯｷｰ･ｽﾄﾗｲｸ･FK FK 20 ｿﾌﾄﾊﾟｯｸ ｱﾒﾘｶ,ラッキーストライクFKFK20ソフトパックアメリカ,,,,,620,600,2025-06-01,https://www.mof.go.jp/policy/tab_salt/topics/20250430_kouriteikahenkou_1.pdf,1,高
4d3a1b07a9ec490f,2025-04-30,令和7年4月30日,変更認可,,ﾗｯｷｰ･ｽﾄﾗｲｸ･ｴｷｽﾊﾟｰﾄｶｯﾄ･1･100 FSK 20 ﾊｰﾄﾞﾊﾟｯｸ,ラッキーストライクエキスパートカット1100FSK20ハードパック,,,,,470,450,2025-06-01,https://www.mof.go.jp/policy/tab_salt/topics/20250430_kouriteikahenkou_1.pdf,1,高
2b45e8bb609aa657,2025-04-30,令和7年4月30日,変更認可,,ﾗｯｷｰ･ｽﾄﾗｲｸ･ｴｷｽﾊﾟｰﾄｶｯﾄ･10 ﾊｰﾄﾞﾊﾟｯｸFK 20,ラッキーストライクエキスパートカット10ハードパックFK20,,,,,470,450,2025-06-01,https://www.mof.go.jp/policy/tab_salt/topics/20250430_kouriteikahenkou_1.pdf,1,高
c96073b50c7d794d,2025-04-30,令和7年4月30日,変更認可,,ﾗｯｷｰ･ｽﾄﾗｲｸ･ｴｷｽﾊﾟｰﾄｶｯﾄ･14 ﾊｰﾄﾞﾊﾟｯｸFK 20,ラッキーストライクエキスパートカット14ハードパックFK20,,,,,470,450,2025-06-01,https://www.mof.go.jp/policy/tab_salt/topics/20250430_kouriteikahenkou_1.pdf,1,高
72fb15ba58829cbd,2025-04-30,令和7年4月30日,変更認可,,ﾗｯｷｰ･ｽﾄﾗｲｸ･ｴｷｽﾊﾟｰﾄｶｯﾄ･3 ﾊｰﾄﾞﾊﾟｯｸFK 20,ラッキーストライクエキスパートカット3ハードパックFK20,,,,,470,450,2025-06-01,https://www.mof.go.jp/policy/tab_salt/topics/20250430_kouriteikahenkou_1.pdf,1,高
7acb5c92f6cbbbc7,2025-04-30,令和7年4月30日,変更認可,,ﾗｯｷｰ･ｽﾄﾗｲｸ･ｴｷｽﾊﾟｰﾄｶｯﾄ･6 ﾊｰﾄﾞﾊﾟｯｸFK 20,ラッキーストライクエキスパートカット6ハードパックFK20,,,,,470,450,2025-06-01,https://www.mof.go.jp/policy/tab_salt/topics/20250430_kouriteikahenkou_1.pdf,1,高
597dc7b8b9b626ee,2025-04-30,令和7年4月30日,変更認可,,ﾗｯｷｰ･ｽﾄﾗｲｸ･ｴｷｽﾊﾟｰﾄｶｯﾄ･8 ﾊｰﾄﾞﾊﾟｯｸFK 20,ラッキーストライクエキスパートカット8ハードパックFK20,,,,,470,450,2025-06-01,https://www.mof.go.jp/policy/tab_salt/topics/20250430_kouriteikahenkou_1.pdf,1,高
c0d75771698b0d95,2025-04-30,令和7年4月30日,変更認可,,ﾗｯｷｰ･ｽﾄﾗｲｸ･ﾌｨﾙﾀｰ･ｼｶﾞﾘﾛ･ｽﾘﾑ･ﾗｲﾄ ﾊｰﾄﾞﾊﾟｯｸFK 20 ｲﾝﾄﾞﾈｼｱ,ラッキーストライクフィルターシガリロスリムライトハードパックFK20インドネシア,,,,,470,450,2025-06-01,https://www.mof.go.jp/policy/tab_salt/topics/20250430_kouriteikahenkou_1.pdf,1,高
be178d83a549c133,2025-04-30,令和7年4月30日,変更認可,,ﾗｯｷｰ･ｽﾄﾗｲｸ･ﾌﾞﾗｯｸ･ｼﾘｰｽﾞ･ﾁﾙﾍﾞﾘｰ･1･100 FSK 20 ﾊｰﾄﾞﾊﾟｯｸ,ラッキーストライクブラックシリーズチルベリー1100FSK20ハードパック,,,,,470,450,2025-06-01,https://www.mof.go.jp/policy/tab_salt/topics/20250430_kouriteikahenkou_1.pdf,1,高
31f6411dadbd6ce1,2025-04-30,令和7年4月30日,変更認可,,ﾗｯｷｰ･ｽﾄﾗｲｸ･ﾌﾞﾗｯｸ･ｼﾘｰｽﾞ･ﾁﾙﾍﾞﾘｰ･5 ﾊｰﾄﾞﾊﾟｯｸFK 20,ラッキーストライクブラックシリーズチルベリー5ハードパックFK20,,,,,470,450,2025-06-01,https://www.mof.go.jp/policy/tab_salt/topics/20250430_kouriteikahenkou_1.pdf,1,高
2ae27e1744aabbda,2025-04-30,令和7年4月30日,変更認可,,ﾗｯｷｰ･ｽﾄﾗｲｸ･ﾌﾞﾗｯｸ･ｼﾘｰｽﾞ･ﾁﾙﾍﾞﾘｰ･8 ﾊｰﾄﾞﾊﾟｯｸFK 20,ラッキーストライクブラックシリーズチルベリー8ハードパックFK20,,,,,470,450,2025-06-01,https://www.mof.go.jp/policy/tab_salt/topics/20250430_kouriteikahenkou_1.pdf,1,高
78043201828fdc68,2025-04-30,令和7年4月30日,変更認可,,ﾗｯｷｰ･ｽﾄﾗｲｸ･ﾌﾞﾗｯｸ･ｼﾘｰｽﾞ･ﾒﾝｿｰﾙ･5 ﾊｰﾄﾞﾊﾟｯｸFK 20,ラッキーストライクブラックシリーズメンソール5ハードパックFK20,,,,,470,450,2025-06-01,https://www.mof.go.jp/policy/tab_salt/topics/20250430_kouriteikahenkou_1.pdf,1,高
f55c4f227a29b64d,2025-04-30,令和7年4月30日,変更認可,,ﾗｯｷｰ･ｽﾄﾗｲｸ･ﾌﾞﾗｯｸ･ｼﾘｰｽﾞ･ﾒﾝｿｰﾙ･8 ﾊｰﾄﾞﾊﾟｯｸFK 20,ラッキーストライクブラックシリーズメンソール8ハードパックFK20,,,,,470,450,2025-06-01,https://www.mof.go.jp/policy/tab_salt/topics/20250430_kouriteikahenkou_1.pdf,1,高
335493b8bfb41950,2025-04-30,令和7年4月30日,変更認可,,ﾗｯｷｰ･ｽﾄﾗｲｸ･ﾎﾞｯｸｽ ﾊｰﾄﾞﾊﾟｯｸFK 20,ラッキーストライクボックスハードパックFK20,,,,,620,600,2025-06-01,https://www.mof.go.jp/policy/tab_salt/topics/20250430_kouriteikahenkou_1.pdf,1,高
7bcc962535e30933,2025-04-30,令和7年4月30日,変更認可,,ﾗｯｷｰ･ｽﾄﾗｲｸ･ﾗｲﾄ･ﾎﾞｯｸｽ ﾊｰﾄﾞﾊﾟｯｸFK 20,ラッキーストライクライトボックスハードパックFK20,,,,,620,600,2025-06-01,https://www.mof.go.jp/policy/tab_salt/topics/20250430_kouriteikahenkou_1.pdf,1,高
e8618d7698fdb0f1,2025-04-30,令和7年4月30日,変更認可,,ﾌｨﾘｯﾌﾟﾓﾘｽ･1･100sｽｰﾊﾟｰｽﾘﾑﾎﾞｯｸｽN FSK 20 ﾊｰﾄﾞﾊﾟｯｸ ﾁｪｺ,フィリップモリス1100SスーパースリムボックスNFSK20ハードパックチェコ,,,,,450,430,2025-06-01,https://www.mof.go.jp/policy/tab_salt/topics/20250430_kouriteikahenkou_1.pdf,2,高
ec1dc7208d46a4b6,2025-04-30,令和7年4月30日,変更認可,,ﾌｨﾘｯﾌﾟﾓﾘｽ･3･KSﾎﾞｯｸｽ ﾊｰﾄﾞﾊﾟｯｸFK 20 ｾﾙﾋﾞｱｽｲｽﾄﾙｺ,フィリップモリス3KSボックスハードパックFK20セルビアスイストルコ,,,,,450,430,2025-06-01,https://www.mof.go.jp/policy/tab_salt/topics/20250430_kouriteikahenkou_1.pdf,2,高
845bf7cec3bc0070,2025-04-30,令和7年4月30日,変更認可,,ﾌｨﾘｯﾌﾟﾓﾘｽ･6･KSﾎﾞｯｸｽ ﾊｰﾄﾞﾊﾟｯｸFK 20 ｲﾝﾄﾞﾈｼｱｾﾙﾋﾞｱ,フィリップモリス6KSボックスハードパックFK20インドネシアセルビア,,,,,450,430,2025-06-01,https://www.mof.go.jp/policy/tab_salt/topics/20250430_kouriteikahenkou_1.pdf,2,高
9533846ea8044736,2025-04-30,令和7年4月30日,変更認可,,ﾌｨﾘｯﾌﾟﾓﾘｽ･ﾊﾟｰﾌﾟﾙ･1･100sｽｰﾊﾟｰｽﾘﾑﾎﾞｯｸｽN FSK 20 ﾊｰﾄﾞﾊﾟｯｸ ﾁｪｺ,フィリップモリスパープル1100SスーパースリムボックスNFSK20ハードパックチェコ,,,,,450,430,2025-06-01,https://www.mof.go.jp/policy/tab_salt/topics/20250430_kouriteikahenkou_1.pdf,2,高
fbc98fd2af5e3f66,2025-04-30,令和7年4月30日,変更認可,,ﾌｨﾘｯﾌﾟﾓﾘｽ･ﾊﾟｰﾌﾟﾙ･1･100sﾎﾞｯｸｽ FSK 20 ﾊｰﾄﾞﾊﾟｯｸ ﾌｨﾘﾋﾟﾝ,フィリップモリスパープル1100SボックスFSK20ハードパックフィリピン,,,,,450,430,2025-06-01,https://www.mof.go.jp/policy/tab_salt/topics/20250430_kouriteikahenkou_1.pdf,2,高
8b1eb36d8762db59,2025-04-30,令和7年4月30日,変更認可,,ﾌｨﾘｯﾌﾟﾓﾘｽ･ﾊﾟｰﾌﾟﾙ･5･KSﾎﾞｯｸｽ ﾊｰﾄﾞﾊﾟｯｸFK 20 ｲﾝﾄﾞﾈｼｱｾﾙﾋﾞｱ,フィリップモリスパープル5KSボックスハードパックFK20インドネシアセルビア,,,,,450,430,2025-06-01,https://www.mof.go.jp/policy/tab_salt/topics/20250430_kouriteikahenkou_1.pdf,2,高
7186cd748a26dcdb,2025-04-30,令和7年4月30日,変更認可,,ﾌｨﾘｯﾌﾟﾓﾘｽ･ﾊﾟｰﾌﾟﾙ･8･KSﾎﾞｯｸｽ ﾊｰﾄﾞﾊﾟｯｸFK 20 ﾌｨﾘﾋﾟﾝ,フィリップモリスパープル8KSボックスハードパックFK20フィリピン,,,,,450,430,2025-06-01,https://www.mof.go.jp/policy/tab_salt/topics/20250430_kouriteikahenkou_1.pdf,2,高
acd80cfe0a26e023,2025-04-30,令和7年4月30日,変更認可,,ﾌｨﾘｯﾌﾟﾓﾘｽ･ﾒﾝｿｰﾙ･1･100sﾎﾞｯｸｽ FSK 20 ﾊｰﾄﾞﾊﾟｯｸ ｾﾙﾋﾞｱ,フィリップモリスメンソール1100SボックスFSK20ハードパックセルビア,,,,,450,430,2025-06-01,https://www.mof.go.jp/policy/tab_salt/topics/20250430_kouriteikahenkou_1.pdf,2,高
68a61263a1cc8623,2025-04-30,令和7年4月30日,変更認可,,ﾌｨﾘｯﾌﾟﾓﾘｽ･ﾒﾝｿｰﾙ･5･KSﾎﾞｯｸｽ ﾊｰﾄﾞﾊﾟｯｸFK 20 ｲﾝﾄﾞﾈｼｱｾﾙﾋﾞｱ,フィリップモリスメンソール5KSボックスハードパックFK20インドネシアセルビア,,,,,450,430,2025-06-01,https://www.mof.go.jp/policy/tab_salt/topics/20250430_kouriteikahenkou_1.pdf,2,高
fb54e05b1fcdc9b7,2025-04-30,令和7年4月30日,変更認可,,ﾌｨﾘｯﾌﾟﾓﾘｽ･ﾒﾝｿｰﾙ･8･KSﾎﾞｯｸｽ ﾊｰﾄﾞﾊﾟｯｸFK 20 ｲﾝﾄﾞﾈｼｱｾﾙﾋﾞｱ,フィリップモリスメンソール8KSボックスハードパックFK20インドネシアセルビア,,,,,450,430,2025-06-01,https://www.mof.go.jp/policy/tab_salt/topics/20250430_kouriteikahenkou_1.pdf,2,高
f4b085afc7f6dd02,2025-04-30,令和7年4月30日,変更認可,,Don Duarte Clasico Golden Ancho,DONDUARTECLASICOGOLDENANCHO,102mm 1,,,,1800,1700,2025-05-07,https://www.mof.go.jp/policy/tab_salt/topics/20250430_kouriteikahenkou_2.pdf,1,高
2ff60ab8cce8e4ef,2025-04-30,令和7年4月30日,変更認可,,Don Duarte Clasico Golden Short,DONDUARTECLASICOGOLDENSHORT,114mm 1,,,,1500,1200,2025-05-07,https://www.mof.go.jp/policy/tab_salt/topics/20250430_kouriteikahenkou_2.pdf,1,高
d5a0f245c0523859,2025-04-30,令和7年4月30日,変更認可,,Don Duarte Clasico GoldenCazador,DONDUARTECLASICOGOLDENCAZADOR,140mm 1,,,,1900,1800,2025-05-07,https://www.mof.go.jp/policy/tab_salt/topics/20250430_kouriteikahenkou_2.pdf,1,高
a71015bce3efa54f,2025-04-30,令和7年4月30日,変更認可,,Don Duarte Clasico GoldenRobusto,DONDUARTECLASICOGOLDENROBUSTO,127mm 1,,,,1700,1600,2025-05-07,https://www.mof.go.jp/policy/tab_salt/topics/20250430_kouriteikahenkou_2.pdf,1,高
87789294abaddf2b,2025-04-30,令和7年4月30日,変更認可,,Don Duarte Clasico IntermediaAncho,DONDUARTECLASICOINTERMEDIAANCHO,102mm 1,,,,1800,1700,2025-05-07,https://www.mof.go.jp/policy/tab_salt/topics/20250430_kouriteikahenkou_2.pdf,1,高
d04be3ef52b90169,2025-04-30,令和7年4月30日,変更認可,,Don Duarte Clasico IntermediaCazador,DONDUARTECLASICOINTERMEDIACAZADOR,140mm 1,,,,1900,1700,2025-05-07,https://www.mof.go.jp/policy/tab_salt/topics/20250430_kouriteikahenkou_2.pdf,1,高
1524b9b91918f716,2025-04-30,令和7年4月30日,変更認可,,Don Duarte Clasico IntermediaChurchill,DONDUARTECLASICOINTERMEDIACHURCHILL,180mm 1,,,,2000,1800,2025-05-07,https://www.mof.go.jp/policy/tab_salt/topics/20250430_kouriteikahenkou_2.pdf,1,高
4cac9242fd58f503,2025-04-30,令和7年4月30日,変更認可,,Don Duarte Clasico IntermediaCorona,DONDUARTECLASICOINTERMEDIACORONA,140mm 1,,,,1600,1400,2025-05-07,https://www.mof.go.jp/policy/tab_salt/topics/20250430_kouriteikahenkou_2.pdf,1,高
36851e7d212d13be,2025-04-30,令和7年4月30日,変更認可,,Don Duarte Clasico IntermediaRobusto,DONDUARTECLASICOINTERMEDIAROBUSTO,127mm 1,,,,1700,1500,2025-05-07,https://www.mof.go.jp/policy/tab_salt/topics/20250430_kouriteikahenkou_2.pdf,1,高
be813bc8adc1e175,2025-04-30,令和7年4月30日,変更認可,,Don Duarte Clasico IntermediaShort,DONDUARTECLASICOINTERMEDIASHORT,114mm 1,,,,1500,1300,2025-05-07,https://www.mof.go.jp/policy/tab_salt/topics/20250430_kouriteikahenkou_2.pdf,1,高
cc5624f0f0948474,2025-04-30,令和7年4月30日,変更認可,,ﾄﾚｼﾞｬﾗｰ･ｴｸﾞｾﾞｸﾃｨﾌﾞ ﾌﾞﾗｯｸ,トレジャラーエグゼクティブブラック,ﾎﾞｯｸｽ,,,,680,580,2025-06-01,https://www.mof.go.jp/policy/tab_salt/topics/20250430_kouriteikahenkou_2.pdf,1,高
e6e7787643d2564e,2025-04-30,令和7年4月30日,変更認可,,ﾄﾚｼﾞｬﾗｰ･ﾌﾟﾚﾐｱﾑ･ｺﾞｰﾙﾄﾞ,トレジャラープレミアムゴールド,ｱﾙﾐ,,,,3800,2800,2025-06-01,https://www.mof.go.jp/policy/tab_salt/topics/20250430_kouriteikahenkou_2.pdf,1,高
47cc6f89233c2230,2025-04-30,令和7年4月30日,変更認可,,ﾄﾚｼﾞｬﾗｰ･ﾌﾟﾚﾐｱﾑ･ﾌﾞﾗｯｸ,トレジャラープレミアムブラック,ｱﾙﾐ,,,,4000,3000,2025-06-01,https://www.mof.go.jp/policy/tab_salt/topics/20250430_kouriteikahenkou_2.pdf,1,高
bc898013b861a14b,2025-04-30,令和7年4月30日,変更認可,,ﾄﾚｼﾞｬﾗｰ･ﾗｸﾞｼﾞｭｱﾘｰ･ﾌﾞﾗｯｸ,トレジャラーラグジュアリーブラック,ﾎﾞｯｸｽ,,,,1500,1150,2025-06-01,https://www.mof.go.jp/policy/tab_salt/topics/20250430_kouriteikahenkou_2.pdf,1,高
6dd62070d1164bc8,2025-04-25,令和7年4月25日,変更認可,,Aganorsa Leaf Aniversario LanceroCorojo Inter,AGANORSALEAFANIVERSARIOLANCEROCOROJOINTER,191mm 1,,,,2450,,,https://www.mof.go.jp/policy/tab_salt/topics/20250425_kouriteika.pdf,1,高
ec06320fa90ee1ff,2025-04-25,令和7年4月25日,変更認可,,Aganorsa Leaf Aniversario MaduroToro BP,AGANORSALEAFANIVERSARIOMADUROTOROBP,159mm 1,,,,2600,,,https://www.mof.go.jp/policy/tab_salt/topics/20250425_kouriteika.pdf,1,高
65df556170510da5,2025-04-25,令和7年4月25日,変更認可,,Aganorsa Leaf Aniversario RobustoCorojo,AGANORSALEAFANIVERSARIOROBUSTOCOROJO,127mm 1,,,,2400,,,https://www.mof.go.jp/policy/tab_salt/topics/20250425_kouriteika.pdf,1,高
3987c9bc357b6846,2025-04-25,令和7年4月25日,変更認可,,Aganorsa Leaf Aniversario RobustoMaduro BP,AGANORSALEAFANIVERSARIOROBUSTOMADUROBP,127mm 1,,,,2400,,,https://www.mof.go.jp/policy/tab_salt/topics/20250425_kouriteika.pdf,1,高
f5c6fb6956596237,2025-04-25,令和7年4月25日,変更認可,,Aganorsa Leaf AniversarioConnecticut Robusto BP,AGANORSALEAFANIVERSARIOCONNECTICUTROBUSTOBP,127mm 1,,,,2400,,,https://www.mof.go.jp/policy/tab_salt/topics/20250425_kouriteika.pdf,1,高
0632e6db057dce79,2025-04-25,令和7年4月25日,変更認可,,Aganorsa Leaf AniversarioConnecticut Toro BP,AGANORSALEAFANIVERSARIOCONNECTICUTTOROBP,159mm 1,,,,2600,,,https://www.mof.go.jp/policy/tab_salt/topics/20250425_kouriteika.pdf,1,高
9933cc166d22fbac,2025-04-25,令和7年4月25日,変更認可,,Aganorsa Leaf Arsenio Corona,AGANORSALEAFARSENIOCORONA,152mm 1,,,,2200,,,https://www.mof.go.jp/policy/tab_salt/topics/20250425_kouriteika.pdf,1,高
c9d52c5387de2ef4,2025-04-25,令和7年4月25日,変更認可,,Aganorsa Leaf Arsenio Robusto,AGANORSALEAFARSENIOROBUSTO,133mm 1,,,,2600,,,https://www.mof.go.jp/policy/tab_salt/topics/20250425_kouriteika.pdf,1,高
f00b9047e1b520dd,2025-04-25,令和7年4月25日,変更認可,,Aganorsa Leaf Arsenio Toro,AGANORSALEAFARSENIOTORO,152mm 1,,,,2800,,,https://www.mof.go.jp/policy/tab_salt/topics/20250425_kouriteika.pdf,1,高
099e4f2445cf4551,2025-04-25,令和7年4月25日,変更認可,,Aganorsa Leaf La Validacion CorojoGran Robusto BP,AGANORSALEAFLAVALIDACIONCOROJOGRANROBUSTOBP,127mm 1,,,,1850,,,https://www.mof.go.jp/policy/tab_salt/topics/20250425_kouriteika.pdf,1,高
90bf90a48db196d0,2025-04-25,令和7年4月25日,変更認可,,Aganorsa Leaf La Validacion CorojoGran Toro BP,AGANORSALEAFLAVALIDACIONCOROJOGRANTOROBP,152mm 1,,,,2600,,,https://www.mof.go.jp/policy/tab_salt/topics/20250425_kouriteika.pdf,1,高
283d1f49902a3ca2,2025-04-25,令和7年4月25日,変更認可,,Aganorsa Leaf La Validacion CorojoToro BP,AGANORSALEAFLAVALIDACIONCOROJOTOROBP,159mm 1,,,,1980,,,https://www.mof.go.jp/policy/tab_salt/topics/20250425_kouriteika.pdf,1,高
bea7a615a0f19c95,2025-04-25,令和7年4月25日,変更認可,,Aganorsa Leaf La Validacion HabanoGran Robusto BP,AGANORSALEAFLAVALIDACIONHABANOGRANROBUSTOBP,127mm 1,,,,1850,,,https://www.mof.go.jp/policy/tab_salt/topics/20250425_kouriteika.pdf,1,高
ec6f000fb1cc5423,2025-04-25,令和7年4月25日,変更認可,,Aganorsa Leaf La Validacion HabanoGran Toro,AGANORSALEAFLAVALIDACIONHABANOGRANTORO,152mm 1,,,,2600,,,https://www.mof.go.jp/policy/tab_salt/topics/20250425_kouriteika.pdf,1,高
9115fd1cb7b04cf2,2025-04-25,令和7年4月25日,変更認可,,Aganorsa Leaf La Validacion HabanoToro BP,AGANORSALEAFLAVALIDACIONHABANOTOROBP,159mm 1,,,,1980,,,https://www.mof.go.jp/policy/tab_salt/topics/20250425_kouriteika.pdf,1,高
98aaf474592d2215,2025-04-25,令和7年4月25日,変更認可,,Aganorsa Leaf La Validacion MaduroGran Robusto BP,AGANORSALEAFLAVALIDACIONMADUROGRANROBUSTOBP,127mm 1,,,,1980,,,https://www.mof.go.jp/policy/tab_salt/topics/20250425_kouriteika.pdf,1,高
4ac48da2b62bf00c,2025-04-25,令和7年4月25日,変更認可,,Aganorsa Leaf La Validacion MaduroGran Toro,AGANORSALEAFLAVALIDACIONMADUROGRANTORO,152mm 1,,,,2600,,,https://www.mof.go.jp/policy/tab_salt/topics/20250425_kouriteika.pdf,1,高
15de08b61b9cb1cc,2025-04-25,令和7年4月25日,変更認可,,Aganorsa Leaf La ValidacionConnecticut Gran Robusto BP,AGANORSALEAFLAVALIDACIONCONNECTICUTGRANROBUSTOBP,127mm 1,,,,1850,,,https://www.mof.go.jp/policy/tab_salt/topics/20250425_kouriteika.pdf,1,高
063bdd84c90fbd8d,2025-04-25,令和7年4月25日,変更認可,,Aganorsa Leaf La ValidacionConnecticut Gran Toro,AGANORSALEAFLAVALIDACIONCONNECTICUTGRANTORO,152mm 1,,,,2600,,,https://www.mof.go.jp/policy/tab_salt/topics/20250425_kouriteika.pdf,1,高
f1f8e35517b570d8,2025-04-25,令和7年4月25日,変更認可,,Aganorsa Leaf La ValidacionConnecticut Toro BP,AGANORSALEAFLAVALIDACIONCONNECTICUTTOROBP,159mm 1,,,,1980,,,https://www.mof.go.jp/policy/tab_salt/topics/20250425_kouriteika.pdf,1,高
c5b098a4c08e1a3d,2025-04-25,令和7年4月25日,変更認可,,Four Seasons,FOURSEASONS,FSK 20 ﾊｰﾄﾞﾊﾟｯｸ,,,,770,,,https://www.mof.go.jp/policy/tab_salt/topics/20250425_kouriteika.pdf,1,高
5d1e6308357d9675,2025-04-25,令和7年4月25日,変更認可,,Supreme Leaf Euro Toro,SUPREMELEAFEUROTORO,152mm 1,,,,2200,,,https://www.mof.go.jp/policy/tab_salt/topics/20250425_kouriteika.pdf,1,高
ce596a2fcd02c344,2025-04-25,令和7年4月25日,変更認可,,Supreme Leaf Inter Robusto,SUPREMELEAFINTERROBUSTO,133mm 1,,,,2100,,,https://www.mof.go.jp/policy/tab_salt/topics/20250425_kouriteika.pdf,1,高
1928928a7b9db379,2025-04-25,令和7年4月25日,変更認可,,ｳﾞｨｶ ｽｳﾞｪﾝｿﾝ ｽｰﾊﾟｰﾏｯｼﾌﾞ,ヴィカスヴェンソンスーパーマッシブ,13.0g,13,g,,800,,,https://www.mof.go.jp/policy/tab_salt/topics/20250425_kouriteika.pdf,1,高
2a333e01156b0adf,2025-04-25,令和7年4月25日,変更認可,,ｴｯｾﾝﾂｪ･ｲﾝﾃﾞｨｱﾝｻﾏｰ,エッセンツェインディアンサマー,10,,,,1000,,,https://www.mof.go.jp/policy/tab_salt/topics/20250425_kouriteika.pdf,1,高
4defea1756049638,2025-04-25,令和7年4月25日,変更認可,,ｴｯｾﾝﾂｪ･ｶﾞｲｱ･ﾁｬｰﾁﾙ,エッセンツェガイアチャーチル,178mm 1,,,,3000,,,https://www.mof.go.jp/policy/tab_salt/topics/20250425_kouriteika.pdf,1,高
56b4f31eaa6f6ff8,2025-04-25,令和7年4月25日,変更認可,,ｴｯｾﾝﾂｪ･ｷｬﾍﾞﾝﾃﾞｨｯｼｭﾌｧｲﾔｰ,エッセンツェキャベンディッシュファイヤー,10,,,,1000,,,https://www.mof.go.jp/policy/tab_salt/topics/20250425_kouriteika.pdf,1,高
8543846bcbe1851f,2025-04-25,令和7年4月25日,変更認可,,ｴｯｾﾝﾂｪ･ｽﾓｰｷｰﾀﾌﾞｰ,エッセンツェスモーキータブー,10,,,,1000,,,https://www.mof.go.jp/policy/tab_salt/topics/20250425_kouriteika.pdf,1,高
27c7b0af80069b6c,2025-04-25,令和7年4月25日,変更認可,,ｴｯｾﾝﾂｪ･ﾄﾗﾃﾞｨｼｮﾝ･ｼｮｰﾄﾊﾟﾅﾃﾗ,エッセンツェトラディションショートパナテラ,127mm 1,,,,1500,,,https://www.mof.go.jp/policy/tab_salt/topics/20250425_kouriteika.pdf,1,高
ccfc834f652890e0,2025-04-25,令和7年4月25日,変更認可,,Aganorsa Leaf Rare Leaf ReserveCorojo Lonsdale,AGANORSALEAFRARELEAFRESERVECOROJOLONSDALE,152mm 1,,,,2100,,,https://www.mof.go.jp/policy/tab_salt/topics/20250425_kouriteika.pdf,2,高
852bd1333f18466c,2025-04-25,令和7年4月25日,変更認可,,Aganorsa Leaf Rare Leaf ReserveCorojo Robusto,AGANORSALEAFRARELEAFRESERVECOROJOROBUSTO,133mm 1,,,,2200,,,https://www.mof.go.jp/policy/tab_salt/topics/20250425_kouriteika.pdf,2,高
117ed1306f23892f,2025-04-25,令和7年4月25日,変更認可,,Aganorsa Leaf Rare Leaf ReserveCorojo Toro,AGANORSALEAFRARELEAFRESERVECOROJOTORO,152mm 1,,,,2350,,,https://www.mof.go.jp/policy/tab_salt/topics/20250425_kouriteika.pdf,2,高
fc60e3d7c37e2e81,2025-04-25,令和7年4月25日,変更認可,,Aganorsa Leaf Rare Leaf ReserveMaduro Robusto,AGANORSALEAFRARELEAFRESERVEMADUROROBUSTO,133mm 1,,,,2400,,,https://www.mof.go.jp/policy/tab_salt/topics/20250425_kouriteika.pdf,2,高
97743bc3f793faae,2025-04-25,令和7年4月25日,変更認可,,Aganorsa Leaf Rare Leaf ReserveMaduro Toro,AGANORSALEAFRARELEAFRESERVEMADUROTORO,152mm 1,,,,2600,,,https://www.mof.go.jp/policy/tab_salt/topics/20250425_kouriteika.pdf,2,高
e6f4ace9b12de3f6,2025-04-25,令和7年4月25日,変更認可,,Aganorsa Leaf Rare Leaf ReserveMaduro Torpedo,AGANORSALEAFRARELEAFRESERVEMADUROTORPEDO,159mm 1,,,,2700,,,https://www.mof.go.jp/policy/tab_salt/topics/20250425_kouriteika.pdf,2,高
f0702a5ae2d7aef0,2025-04-25,令和7年4月25日,変更認可,,Aganorsa Leaf Signature SelectionCorona Gorda,AGANORSALEAFSIGNATURESELECTIONCORONAGORDA,152mm 1,,,,1800,,,https://www.mof.go.jp/policy/tab_salt/topics/20250425_kouriteika.pdf,2,高
9eb8cc2202f8f086,2025-04-25,令和7年4月25日,変更認可,,Aganorsa Leaf Signature SelectionMaduro Corona Gorda,AGANORSALEAFSIGNATURESELECTIONMADUROCORONAGORDA,152mm 1,,,,1900,,,https://www.mof.go.jp/policy/tab_salt/topics/20250425_kouriteika.pdf,2,高
410b1f35c8f6c7d2,2025-04-25,令和7年4月25日,変更認可,,Aganorsa Leaf Signature SelectionMaduro Robusto,AGANORSALEAFSIGNATURESELECTIONMADUROROBUSTO,127mm 1,,,,2100,,,https://www.mof.go.jp/policy/tab_salt/topics/20250425_kouriteika.pdf,2,高
713ce077372d4883,2025-04-25,令和7年4月25日,変更認可,,Aganorsa Leaf Signature SelectionMaduro Toro,AGANORSALEAFSIGNATURESELECTIONMADUROTORO,152mm 1,,,,2250,,,https://www.mof.go.jp/policy/tab_salt/topics/20250425_kouriteika.pdf,2,高
d970c8c527d31a5b,2025-04-25,令和7年4月25日,変更認可,,Aganorsa Leaf Signature SelectionRobusto,AGANORSALEAFSIGNATURESELECTIONROBUSTO,127mm 1,,,,1980,,,https://www.mof.go.jp/policy/tab_salt/topics/20250425_kouriteika.pdf,2,高
d52890da37c0a253,2025-04-25,令和7年4月25日,変更認可,,Aganorsa Leaf Signature SelectionToro,AGANORSALEAFSIGNATURESELECTIONTORO,152mm 1,,,,2150,,,https://www.mof.go.jp/policy/tab_salt/topics/20250425_kouriteika.pdf,2,高
32d437d76581ab06,2025-04-25,令和7年4月25日,変更認可,,Guardian of the Farm Apollo Inter,GUARDIANOFTHEFARMAPOLLOINTER,152mm 1,,,,1700,,,https://www.mof.go.jp/policy/tab_salt/topics/20250425_kouriteika.pdf,2,高
aa7a1e77d8f9d7f5,2025-04-25,令和7年4月25日,変更認可,,Guardian of the Farm Campeon,GUARDIANOFTHEFARMCAMPEON,152mm 1,,,,2000,,,https://www.mof.go.jp/policy/tab_salt/topics/20250425_kouriteika.pdf,2,高
5dfa99677ce9d6d2,2025-04-25,令和7年4月25日,変更認可,,Guardian of the Farm Cerberus ToroInter,GUARDIANOFTHEFARMCERBERUSTOROINTER,159mm 1,,,,2100,,,https://www.mof.go.jp/policy/tab_salt/topics/20250425_kouriteika.pdf,2,高
1663a8ad4fee9f40,2025-04-25,令和7年4月25日,変更認可,,Guardian of the Farm CerberusLonsdale Inter,GUARDIANOFTHEFARMCERBERUSLONSDALEINTER,152mm 1,,,,1800,,,https://www.mof.go.jp/policy/tab_salt/topics/20250425_kouriteika.pdf,2,高
d914fbafcbebbd46,2025-04-25,令和7年4月25日,変更認可,,Guardian of the Farm CerberusRobusto,GUARDIANOFTHEFARMCERBERUSROBUSTO,127mm 1,,,,2000,,,https://www.mof.go.jp/policy/tab_salt/topics/20250425_kouriteika.pdf,2,高
d9fdd6fbb66b890f,2025-04-25,令和7年4月25日,変更認可,,Guardian of the Farm JJ Inter,GUARDIANOFTHEFARMJJINTER,133mm 1,,,,1800,,,https://www.mof.go.jp/policy/tab_salt/topics/20250425_kouriteika.pdf,2,高
c87d1c28430d5d92,2025-04-25,令和7年4月25日,変更認可,,Guardian of the Farm Night WatchCampeon,GUARDIANOFTHEFARMNIGHTWATCHCAMPEON,152mm 1,,,,2250,,,https://www.mof.go.jp/policy/tab_salt/topics/20250425_kouriteika.pdf,2,高
905d512ccfd9268d,2025-04-25,令和7年4月25日,変更認可,,Guardian of the Farm Night WatchJJ BP,GUARDIANOFTHEFARMNIGHTWATCHJJBP,133mm 1,,,,2000,,,https://www.mof.go.jp/policy/tab_salt/topics/20250425_kouriteika.pdf,2,高
7e517084ec149623,2025-04-25,令和7年4月25日,変更認可,,Guardian of the Farm Night WatchOrpheus,GUARDIANOFTHEFARMNIGHTWATCHORPHEUS,152mm 1,,,,1900,,,https://www.mof.go.jp/policy/tab_salt/topics/20250425_kouriteika.pdf,2,高
fb3e979f80a675eb,2025-04-25,令和7年4月25日,変更認可,,Guardian of the Farm Night WatchRambo,GUARDIANOFTHEFARMNIGHTWATCHRAMBO,114mm 1,,,,1850,,,https://www.mof.go.jp/policy/tab_salt/topics/20250425_kouriteika.pdf,2,高
3e2659b3e57d1818,2025-04-25,令和7年4月25日,変更認可,,JFR Connecticut Robusto Inter,JFRCONNECTICUTROBUSTOINTER,140mm 1,,,,1450,,,https://www.mof.go.jp/policy/tab_salt/topics/20250425_kouriteika.pdf,2,高
06d6311b54a16b5a,2025-04-25,令和7年4月25日,変更認可,,JFR Connecticut Super Toro,JFRCONNECTICUTSUPERTORO,165mm 1,,,,1700,,,https://www.mof.go.jp/policy/tab_salt/topics/20250425_kouriteika.pdf,2,高
99b4fa338dbcab27,2025-04-25,令和7年4月25日,変更認可,,JFR Corojo Junior,JFRCOROJOJUNIOR,114mm 1,,,,1200,,,https://www.mof.go.jp/policy/tab_salt/topics/20250425_kouriteika.pdf,2,高
a16eb8d4c1ab5172,2025-04-25,令和7年4月25日,変更認可,,JFR Corojo Robusto Inter,JFRCOROJOROBUSTOINTER,140mm 1,,,,1450,,,https://www.mof.go.jp/policy/tab_salt/topics/20250425_kouriteika.pdf,2,高
7596ec77a7749248,2025-04-25,令和7年4月25日,変更認可,,JFR Corojo Titan,JFRCOROJOTITAN,152mm 1,,,,2000,,,https://www.mof.go.jp/policy/tab_salt/topics/20250425_kouriteika.pdf,2,高
c276abad5c84e732,2025-04-25,令和7年4月25日,変更認可,,JFR Lunatic Perfecto El Loco,JFRLUNATICPERFECTOELLOCO,121mm 1,,,,2800,,,https://www.mof.go.jp/policy/tab_salt/topics/20250425_kouriteika.pdf,2,高
82a4772ca16784b1,2025-04-25,令和7年4月25日,変更認可,,JFR Maduro Super Toro,JFRMADUROSUPERTORO,165mm 1,,,,1750,,,https://www.mof.go.jp/policy/tab_salt/topics/20250425_kouriteika.pdf,2,高
21a6688d3928c6a3,2025-04-25,令和7年4月25日,変更認可,,DARKSIDE VIRGIN PEACH 2.0,DARKSIDEVIRGINPEACH2.0,100.0g,100,g,,4400,,,https://www.mof.go.jp/policy/tab_salt/topics/20250425_kouriteika.pdf,3,高
4243ff0bc2c7f22b,2025-04-25,令和7年4月25日,変更認可,,Don Duarte Clasico Intermedio Toro,DONDUARTECLASICOINTERMEDIOTORO,152mm 1,,,,2000,,,https://www.mof.go.jp/policy/tab_salt/topics/20250425_kouriteika.pdf,3,高
ddb101b28d8d751b,2025-04-25,令和7年4月25日,変更認可,,Don Duarte Clasico IntermedioGrande Escoba,DONDUARTECLASICOINTERMEDIOGRANDEESCOBA,165mm 1,,,,2800,,,https://www.mof.go.jp/policy/tab_salt/topics/20250425_kouriteika.pdf,3,高
cb60f227922e388a,2025-04-25,令和7年4月25日,変更認可,,Don Duarte Reserva Privada FuertePiramide52,DONDUARTERESERVAPRIVADAFUERTEPIRAMIDE52,156mm 1,,,,2200,,,https://www.mof.go.jp/policy/tab_salt/topics/20250425_kouriteika.pdf,3,高
5e0c29b60eaf9712,2025-04-25,令和7年4月25日,変更認可,,Don Duarte Reserva Privada FuerteRobusto,DONDUARTERESERVAPRIVADAFUERTEROBUSTO,127mm 1,,,,2000,,,https://www.mof.go.jp/policy/tab_salt/topics/20250425_kouriteika.pdf,3,高
ebdf9f16307bad6a,2025-04-25,令和7年4月25日,変更認可,,Don Duarte Reserva Privada FuerteToro Grande60,DONDUARTERESERVAPRIVADAFUERTETOROGRANDE60,152mm 1,,,,2800,,,https://www.mof.go.jp/policy/tab_salt/topics/20250425_kouriteika.pdf,3,高
fb211ced7ec3bbd9,2025-04-25,令和7年4月25日,変更認可,,JFR Lunatic Maduro,JFRLUNATICMADURO,203mm 1,,,,4000,,,https://www.mof.go.jp/policy/tab_salt/topics/20250425_kouriteika.pdf,3,高
5fbaf85bceee739c,2025-04-25,令和7年4月25日,変更認可,,JFR Lunatic Torch Imagine Inter,JFRLUNATICTORCHIMAGINEINTER,140mm 1,,,,1700,,,https://www.mof.go.jp/policy/tab_salt/topics/20250425_kouriteika.pdf,3,高
80e5333d655846a3,2025-04-25,令和7年4月25日,変更認可,,ｶﾏｰﾁｮ ﾘﾐﾃｯﾄﾞｴﾃﾞｨｼｮﾝ 2025,カマーチョリミテッドエディション2025,152mm 1,,,,6500,,,https://www.mof.go.jp/policy/tab_salt/topics/20250425_kouriteika.pdf,3,高
fa85bc55af2efed4,2025-04-25,令和7年4月25日,変更認可,,ｺｲｰﾊﾞ ﾍﾞｲｹ BHK 52,コイーバベイケBHK52,119mm 1,,,ｷｭｰﾊﾞ,39600,30800,2025-05-01,https://www.mof.go.jp/policy/tab_salt/topics/20250425_kouriteikahenkou.pdf,1,高
a2a9e13d8002f9e2,2025-04-25,令和7年4月25日,変更認可,,ｺｲｰﾊﾞ ﾍﾞｲｹ BHK 54,コイーバベイケBHK54,144mm 1,,,ｷｭｰﾊﾞ,49500,38500,2025-05-01,https://www.mof.go.jp/policy/tab_salt/topics/20250425_kouriteikahenkou.pdf,1,高
820a7bf6b36f07b9,2025-04-25,令和7年4月25日,変更認可,,ｺｲｰﾊﾞ ﾍﾞｲｹ BHK 56,コイーバベイケBHK56,166mm 1,,,ｷｭｰﾊﾞ,57200,44000,2025-05-01,https://www.mof.go.jp/policy/tab_salt/topics/20250425_kouriteikahenkou.pdf,1,高
482e033fd2f7850a,2025-04-25,令和7年4月25日,変更認可,,ｺｲｰﾊﾞ･55 ｱﾆﾍﾞﾙｻﾘｵ L.E. 2021,コイーバ55アニベルサリオL.E.2021,150mm 1,,,ｷｭｰﾊﾞ,99000,88000,2025-05-01,https://www.mof.go.jp/policy/tab_salt/topics/20250425_kouriteikahenkou.pdf,1,高
0b196b0afe2a121c,2025-04-25,令和7年4月25日,変更認可,,ｺｲｰﾊﾞ･ｱﾝﾊﾞｰ,コイーバアンバー,132mm 1,,,ｷｭｰﾊﾞ,29700,24200,2025-05-01,https://www.mof.go.jp/policy/tab_salt/topics/20250425_kouriteikahenkou.pdf,1,高
449d2f93491273ef,2025-04-25,令和7年4月25日,変更認可,,ｺｲｰﾊﾞ･ｴｸｽｸｲｼﾞｰﾄﾞ,コイーバエクスクイジード,125mm 1,,,ｷｭｰﾊﾞ,7480,6820,2025-05-01,https://www.mof.go.jp/policy/tab_salt/topics/20250425_kouriteikahenkou.pdf,1,高
d370a6d18afad794,2025-04-25,令和7年4月25日,変更認可,,ｺｲｰﾊﾞ･ｴｽﾌﾟﾚﾝﾃﾞｨｰﾄﾞｽ,コイーバエスプレンディードス,178mm 1,,,ｷｭｰﾊﾞ,20900,17050,2025-05-01,https://www.mof.go.jp/policy/tab_salt/topics/20250425_kouriteikahenkou.pdf,1,高
645c3ff4ef389aae,2025-04-25,令和7年4月25日,変更認可,,ｺｲｰﾊﾞ･ｺﾛﾅｽ･ｴｽﾍﾟｼｬﾙ,コイーバコロナスエスペシャル,152mm 1,,,ｷｭｰﾊﾞ,11220,9350,2025-05-01,https://www.mof.go.jp/policy/tab_salt/topics/20250425_kouriteikahenkou.pdf,1,高
4c325ba263dbae28,2025-04-25,令和7年4月25日,変更認可,,ｺｲｰﾊﾞ･ｼｸﾞﾛ ﾃﾞ ｵﾛ ｲﾔｰ ｵﾌﾞ ｻﾞ ﾗﾋﾞｯﾄ,コイーバシグロデオロイヤーオブザラビット,115mm 1,,,ｷｭｰﾊﾞ,52800,48400,2025-05-01,https://www.mof.go.jp/policy/tab_salt/topics/20250425_kouriteikahenkou.pdf,1,高
892f82e3fd17895e,2025-04-25,令和7年4月25日,変更認可,,ｺｲｰﾊﾞ･ﾊﾟﾅﾃﾗｽ,コイーバパナテラス,115mm 1,,,ｷｭｰﾊﾞ,6270,5720,2025-05-01,https://www.mof.go.jp/policy/tab_salt/topics/20250425_kouriteikahenkou.pdf,1,高
e4ae3cc907e7b0ac,2025-04-25,令和7年4月25日,変更認可,,ｺｲｰﾊﾞ･ﾋﾟﾗﾐﾃﾞｽ ｴｸｽﾄﾗ,コイーバピラミデスエクストラ,160mm 1,,,ｷｭｰﾊﾞ,20900,17600,2025-05-01,https://www.mof.go.jp/policy/tab_salt/topics/20250425_kouriteikahenkou.pdf,1,高
0e13772117f87ef6,2025-04-25,令和7年4月25日,変更認可,,ｺｲｰﾊﾞ･ﾋﾟﾗﾐﾃﾞｽ ｴｸｽﾄﾗ ﾃｭﾎﾞｽ,コイーバピラミデスエクストラテュボス,160mm 1,,,ｷｭｰﾊﾞ,21340,17710,2025-05-01,https://www.mof.go.jp/policy/tab_salt/topics/20250425_kouriteikahenkou.pdf,1,高
15d9b32181e93b0e,2025-04-25,令和7年4月25日,変更認可,,ｺｲｰﾊﾞ･ﾏﾃﾞｭｰﾛ5 ｾｸﾚﾄｽ,コイーバマデューロ5セクレトス,110mm 1,,,ｷｭｰﾊﾞ,9680,8140,2025-05-01,https://www.mof.go.jp/policy/tab_salt/topics/20250425_kouriteikahenkou.pdf,1,高
ba3699d16f165f7d,2025-04-25,令和7年4月25日,変更認可,,ｺｲｰﾊﾞ･ﾏﾃﾞｭｰﾛ5 ﾍﾆｵｽ,コイーバマデューロ5ヘニオス,140mm 1,,,ｷｭｰﾊﾞ,19800,16500,2025-05-01,https://www.mof.go.jp/policy/tab_salt/topics/20250425_kouriteikahenkou.pdf,1,高
7aef4fe2098ec872,2025-04-25,令和7年4月25日,変更認可,,ｺｲｰﾊﾞ･ﾏﾃﾞｭｰﾛ5 ﾏﾋｺｽ,コイーバマデューロ5マヒコス,115mm 1,,,ｷｭｰﾊﾞ,15400,12650,2025-05-01,https://www.mof.go.jp/policy/tab_salt/topics/20250425_kouriteikahenkou.pdf,1,高
d69618a46687cedc,2025-04-25,令和7年4月25日,変更認可,,ｺｲｰﾊﾞ･ﾒﾃﾞｨｵ ｼｸﾞﾛ,コイーバメディオシグロ,102mm 1,,,ｷｭｰﾊﾞ,13200,10230,2025-05-01,https://www.mof.go.jp/policy/tab_salt/topics/20250425_kouriteikahenkou.pdf,1,高
e08e64495d7017f7,2025-04-25,令和7年4月25日,変更認可,,ｺｲｰﾊﾞ･ﾗﾝｾﾛ,コイーバランセロ,192mm 1,,,ｷｭｰﾊﾞ,15400,12540,2025-05-01,https://www.mof.go.jp/policy/tab_salt/topics/20250425_kouriteikahenkou.pdf,1,高
3d395dc654be69e7,2025-04-25,令和7年4月25日,変更認可,,ｺｲｰﾊﾞ･ﾛﾌﾞｽﾄｽ,コイーバロブストス,124mm 1,,,ｷｭｰﾊﾞ,14520,12100,2025-05-01,https://www.mof.go.jp/policy/tab_salt/topics/20250425_kouriteikahenkou.pdf,1,高
6d067c2710669f7c,2025-04-25,令和7年4月25日,変更認可,,ｺｲｰﾊﾞ･ﾛﾌﾞｽﾄｽ ﾃｭﾎﾞｽ,コイーバロブストステュボス,124mm 1,,,ｷｭｰﾊﾞ,14850,12320,2025-05-01,https://www.mof.go.jp/policy/tab_salt/topics/20250425_kouriteikahenkou.pdf,1,高
e4e0a3e3e1bd1563,2025-04-25,令和7年4月25日,変更認可,,ﾎﾞﾘﾊﾞｰ ｺﾛﾅｽ ｼﾞｭﾆｱ,ボリバーコロナスジュニア,110mm 1,,,ｷｭｰﾊﾞ,2860,2640,2025-05-01,https://www.mof.go.jp/policy/tab_salt/topics/20250425_kouriteikahenkou.pdf,1,高
4bfc67f92c0fcce4,2025-04-25,令和7年4月25日,変更認可,,ﾎﾞﾘﾊﾞｰ ﾃｭﾎﾞｽ No.2,ボリバーテュボスNO.2,129mm 1,,,ｷｭｰﾊﾞ,3850,3300,2025-05-01,https://www.mof.go.jp/policy/tab_salt/topics/20250425_kouriteikahenkou.pdf,1,高
a85080c9751a76b9,2025-04-25,令和7年4月25日,変更認可,,ﾎﾞﾘﾊﾞｰ ﾃｭﾎﾞｽ No.3,ボリバーテュボスNO.3,125mm 1,,,ｷｭｰﾊﾞ,3520,3190,2025-05-01,https://www.mof.go.jp/policy/tab_salt/topics/20250425_kouriteikahenkou.pdf,1,高
27f061a1e55eff09,2025-04-25,令和7年4月25日,変更認可,,ﾎﾞﾘﾊﾞｰ ﾍﾟﾃｨ ｺﾛﾅｽ,ボリバーペティコロナス,129mm 1,,,ｷｭｰﾊﾞ,2860,2640,2025-05-01,https://www.mof.go.jp/policy/tab_salt/topics/20250425_kouriteikahenkou.pdf,1,高
9d8176184e791e3d,2025-04-25,令和7年4月25日,変更認可,,ﾎﾞﾘﾊﾞｰ ﾍﾞﾘｺｿｽ ﾌｨﾉｽ,ボリバーベリコソスフィノス,140mm 1,,,ｷｭｰﾊﾞ,6050,5500,2025-05-01,https://www.mof.go.jp/policy/tab_salt/topics/20250425_kouriteikahenkou.pdf,1,高
0e0ead9d3843131e,2025-04-25,令和7年4月25日,変更認可,,ﾎﾞﾘﾊﾞｰ ﾍﾞﾘｺｿｽ ﾌｨﾉｽ SLB,ボリバーベリコソスフィノスSLB,140mm 1,,,ｷｭｰﾊﾞ,6600,5710,2025-05-01,https://www.mof.go.jp/policy/tab_salt/topics/20250425_kouriteikahenkou.pdf,1,高
45a8dc74df5c0ee5,2025-04-25,令和7年4月25日,変更認可,,ﾎﾞﾘﾊﾞｰ ﾛｲﾔﾙ･ｺﾛﾅｽ,ボリバーロイヤルコロナス,124mm 1,,,ｷｭｰﾊﾞ,4840,4400,2025-05-01,https://www.mof.go.jp/policy/tab_salt/topics/20250425_kouriteikahenkou.pdf,1,高
83b2c4550702e8d3,2025-04-25,令和7年4月25日,変更認可,,ﾎﾞﾘﾊﾞｰ･ﾆｭｰ ｺﾞｰﾙﾄﾞﾒﾀﾞﾙ LCDH,ボリバーニューゴールドメダルLCDH,165mm 1,,,ｷｭｰﾊﾞ,11000,9900,2025-05-01,https://www.mof.go.jp/policy/tab_salt/topics/20250425_kouriteikahenkou.pdf,1,高
e900803ecabab4c4,2025-04-25,令和7年4月25日,変更認可,,ﾎﾞﾘﾊﾞｰ･ﾘﾍﾞﾙﾀﾄﾞｰﾙ LCDH,ボリバーリベルタドールLCDH,164mm 1,,,ｷｭｰﾊﾞ,12100,6700,2025-05-01,https://www.mof.go.jp/policy/tab_salt/topics/20250425_kouriteikahenkou.pdf,1,高
c855633d617e82e0,2025-04-25,令和7年4月25日,変更認可,,H.ｱｯﾌﾟﾏﾝ･ｺﾉｽｰﾙ A,H.アップマンコノスールA,140mm 1,,,ｷｭｰﾊﾞ,8800,6490,2025-05-01,https://www.mof.go.jp/policy/tab_salt/topics/20250425_kouriteikahenkou.pdf,2,高
f23864872074eba4,2025-04-25,令和7年4月25日,変更認可,,H.ｱｯﾌﾟﾏﾝ･ｺﾉｽｰﾙ B,H.アップマンコノスールB,150mm 1,,,ｷｭｰﾊﾞ,8800,7150,2025-05-01,https://www.mof.go.jp/policy/tab_salt/topics/20250425_kouriteikahenkou.pdf,2,高
203353e2d535c900,2025-04-25,令和7年4月25日,変更認可,,H.ｱｯﾌﾟﾏﾝ･ｺﾉｽｰﾙ No.2,H.アップマンコノスールNO.2,134mm 1,,,ｷｭｰﾊﾞ,5500,5060,2025-05-01,https://www.mof.go.jp/policy/tab_salt/topics/20250425_kouriteikahenkou.pdf,2,高
09e958e4c3ec07e2,2025-04-25,令和7年4月25日,変更認可,,H.ｱｯﾌﾟﾏﾝ･ｺﾚｸｼｵﾝ ｽｰﾊﾟｰﾏｸﾞﾅﾑLCDH,H.アップマンコレクシオンスーパーマグナムLCDH,180mm 1,,,ｷｭｰﾊﾞ,48400,44000,2025-05-01,https://www.mof.go.jp/policy/tab_salt/topics/20250425_kouriteikahenkou.pdf,2,高
edd3548617560a7c,2025-04-25,令和7年4月25日,変更認可,,ｱｯﾌﾟﾏﾝ･ｺﾉｽｰﾙNO.1,アップマンコノスールNO.1,127mm 1,,,ｷｭｰﾊﾞ,4620,4180,2025-05-01,https://www.mof.go.jp/policy/tab_salt/topics/20250425_kouriteikahenkou.pdf,2,高
8e2901b3cd9b8933,2025-04-25,令和7年4月25日,変更認可,,ｸｱﾊﾞ ｴｸｽｸﾙｰｼﾎﾞｽ,クアバエクスクルーシボス,145mm 1,,,ｷｭｰﾊﾞ,4180,3850,2025-05-01,https://www.mof.go.jp/policy/tab_salt/topics/20250425_kouriteikahenkou.pdf,2,高
876d5460af2d9288,2025-04-25,令和7年4月25日,変更認可,,ｸｱﾊﾞ ｻﾛﾓﾈｽ,クアバサロモネス,185mm 1,,,ｷｭｰﾊﾞ,9240,8360,2025-05-01,https://www.mof.go.jp/policy/tab_salt/topics/20250425_kouriteikahenkou.pdf,2,高
6923ba18c547fbbd,2025-04-25,令和7年4月25日,変更認可,,ｸｱﾊﾞ ﾃﾞｨｳﾞｨﾉｽ,クアバディヴィノス,101mm 1,,,ｷｭｰﾊﾞ,2970,2750,2025-05-01,https://www.mof.go.jp/policy/tab_salt/topics/20250425_kouriteikahenkou.pdf,2,高
b89064ad29b54857,2025-04-25,令和7年4月25日,変更認可,,ｸｱﾊﾞ ﾃﾞｨｽﾃｨﾝｸﾞｲﾄﾞｽ ﾌﾗｯﾄﾎﾞｯｸｽ,クアバディスティングイドスフラットボックス,162mm 1,,,ｷｭｰﾊﾞ,7700,7040,2025-05-01,https://www.mof.go.jp/policy/tab_salt/topics/20250425_kouriteikahenkou.pdf,2,高
dd9a50b52ade2d3d,2025-04-25,令和7年4月25日,変更認可,,ｸｱﾊﾞ ﾄﾗﾃﾞｨｼｮﾅﾚｽ,クアバトラディショナレス,120mm 1,,,ｷｭｰﾊﾞ,3190,2970,2025-05-01,https://www.mof.go.jp/policy/tab_salt/topics/20250425_kouriteikahenkou.pdf,2,高
3fb48adf0d10d8c8,2025-04-25,令和7年4月25日,変更認可,,ｸｱﾊﾞ･ｴｲﾊﾟｯｸ RE 2021,クアバエイパックRE2021,158mm 1,,,ｷｭｰﾊﾞ,7700,5720,2025-05-01,https://www.mof.go.jp/policy/tab_salt/topics/20250425_kouriteikahenkou.pdf,2,高
4be98cced4c6683a,2025-04-25,令和7年4月25日,変更認可,,ｺｲｰﾊﾞ ｼｸﾞﾛ ﾃｭﾎﾞｽ,コイーバシグロテュボス,150mm 1,,,ｷｭｰﾊﾞ,18150,14520,2025-05-01,https://www.mof.go.jp/policy/tab_salt/topics/20250425_kouriteikahenkou.pdf,2,高
dd4a60a817cdf24a,2025-04-25,令和7年4月25日,変更認可,,ｺｲｰﾊﾞ ｼｸﾞﾛ1 ﾃｭﾎﾞｽ,コイーバシグロ1テュボス,102mm 1,,,ｷｭｰﾊﾞ,6710,6160,2025-05-01,https://www.mof.go.jp/policy/tab_salt/topics/20250425_kouriteikahenkou.pdf,2,高
c71dbe9553df5c7f,2025-04-25,令和7年4月25日,変更認可,,ｺｲｰﾊﾞ ｼｸﾞﾛ3 ﾃｭﾎﾞｽ,コイーバシグロ3テュボス,155mm 1,,,ｷｭｰﾊﾞ,11000,9240,2025-05-01,https://www.mof.go.jp/policy/tab_salt/topics/20250425_kouriteikahenkou.pdf,2,高
e081e606e5a50b0b,2025-04-25,令和7年4月25日,変更認可,,ｺｲｰﾊﾞ ｼｸﾞﾛ4 ﾃｭﾎﾞｽ,コイーバシグロ4テュボス,143mm 1,,,ｷｭｰﾊﾞ,12430,10010,2025-05-01,https://www.mof.go.jp/policy/tab_salt/topics/20250425_kouriteikahenkou.pdf,2,高
cb5ed13dc314ff48,2025-04-25,令和7年4月25日,変更認可,,ｺｲｰﾊﾞ ｼｸﾞﾛ5 ﾃｭﾎﾞｽ,コイーバシグロ5テュボス,170mm 1,,,ｷｭｰﾊﾞ,13640,11000,2025-05-01,https://www.mof.go.jp/policy/tab_salt/topics/20250425_kouriteikahenkou.pdf,2,高
71e35eb1ee141f2c,2025-04-25,令和7年4月25日,変更認可,,ｺｲｰﾊﾞ･ｼｸﾞﾛ,コイーバシグロ,102mm 1,,,ｷｭｰﾊﾞ,6490,5940,2025-05-01,https://www.mof.go.jp/policy/tab_salt/topics/20250425_kouriteikahenkou.pdf,2,高
b21c379de90dbdaf,2025-04-25,令和7年4月25日,変更認可,,ｺｲｰﾊﾞ･ｼｸﾞﾛ,コイーバシグロ,129mm 1,,,ｷｭｰﾊﾞ,8250,7150,2025-05-01,https://www.mof.go.jp/policy/tab_salt/topics/20250425_kouriteikahenkou.pdf,2,高
2b5881b600f03009,2025-04-25,令和7年4月25日,変更認可,,ｺｲｰﾊﾞ･ｼｸﾞﾛ,コイーバシグロ,155mm 1,,,ｷｭｰﾊﾞ,10560,8800,2025-05-01,https://www.mof.go.jp/policy/tab_salt/topics/20250425_kouriteikahenkou.pdf,2,高
dfd6ee74138bf4b4,2025-04-25,令和7年4月25日,変更認可,,ｺｲｰﾊﾞ･ｼｸﾞﾛ,コイーバシグロ,143mm 1,,,ｷｭｰﾊﾞ,12100,9900,2025-05-01,https://www.mof.go.jp/policy/tab_salt/topics/20250425_kouriteikahenkou.pdf,2,高
d6801faa52ac82f3,2025-04-25,令和7年4月25日,変更認可,,ｺｲｰﾊﾞ･ｼｸﾞﾛ,コイーバシグロ,170mm 1,,,ｷｭｰﾊﾞ,13200,10780,2025-05-01,https://www.mof.go.jp/policy/tab_salt/topics/20250425_kouriteikahenkou.pdf,2,高
79e4abd34e4cd34c,2025-04-25,令和7年4月25日,変更認可,,ｺｲｰﾊﾞ･ｼｸﾞﾛ,コイーバシグロ,150mm 1,,,ｷｭｰﾊﾞ,17820,14300,2025-05-01,https://www.mof.go.jp/policy/tab_salt/topics/20250425_kouriteikahenkou.pdf,2,高
6fc6b07cfc26fed9,2025-04-25,令和7年4月25日,変更認可,,ｺｲｰﾊﾞ･ｼｸﾞﾛ ﾃｭﾎﾞｽ,コイーバシグロテュボス,129mm 1,,,ｷｭｰﾊﾞ,8580,7480,2025-05-01,https://www.mof.go.jp/policy/tab_salt/topics/20250425_kouriteikahenkou.pdf,2,高
3dcdd2777bdbe6ae,2025-04-25,令和7年4月25日,変更認可,,ｺﾝﾋﾞﾅｼｵﾈｽ･ｾﾚｸｼｵﾝ ﾋﾟﾗﾐﾃﾞｽ 6=S,コンビナシオネスセレクシオンピラミデス6=S,156mm 6,,,ｷｭｰﾊﾞ,61600,56100,2025-05-01,https://www.mof.go.jp/policy/tab_salt/topics/20250425_kouriteikahenkou.pdf,2,高
024f7148ed487530,2025-04-25,令和7年4月25日,変更認可,,ｺﾝﾋﾞﾅｼｵﾈｽ･ｾﾚｸｼｵﾝ ﾛﾌﾞｽﾄｽ 6=S,コンビナシオネスセレクシオンロブストス6=S,124mm 6,,,ｷｭｰﾊﾞ,54450,49500,2025-05-01,https://www.mof.go.jp/policy/tab_salt/topics/20250425_kouriteikahenkou.pdf,2,高
d3fbe08b15a6ab85,2025-04-25,令和7年4月25日,変更認可,,ﾃﾞｨﾌﾟﾛﾏﾃｨｺｽ No.2,ディプロマティコスNO.2,156mm 1,,,ｷｭｰﾊﾞ,6050,5500,2025-05-01,https://www.mof.go.jp/policy/tab_salt/topics/20250425_kouriteikahenkou.pdf,2,高
d3b3067ec4b7a041,2025-04-25,令和7年4月25日,変更認可,,ﾃﾞｨﾌﾟﾛﾏﾃｨｺｽ･PCC 30th ｱﾆﾍﾞﾙｻﾘｵRE 2022,ディプロマティコスPCC30THアニベルサリオRE2022,140mm 1,,,ｷｭｰﾊﾞ,14300,12100,2025-05-01,https://www.mof.go.jp/policy/tab_salt/topics/20250425_kouriteikahenkou.pdf,2,高
7a66cb4925a2fad7,2025-04-25,令和7年4月25日,変更認可,,ﾌｫﾝｾｶ KDT ｶﾃﾞｯﾄ,フォンセカKDTカデット,115mm 1,,,ｷｭｰﾊﾞ,2200,1980,2025-05-01,https://www.mof.go.jp/policy/tab_salt/topics/20250425_kouriteikahenkou.pdf,2,高
8e8e8b52167514a9,2025-04-25,令和7年4月25日,変更認可,,H.ｱｯﾌﾟﾏﾝ ﾏｸﾞﾅﾑ50 SLB,H.アップマンマグナム50SLB,160mm 1,,,ｷｭｰﾊﾞ,7700,6160,2025-05-01,https://www.mof.go.jp/policy/tab_salt/topics/20250425_kouriteikahenkou.pdf,3,高
408c0dfd9270066a,2025-04-25,令和7年4月25日,変更認可,,H.ｱｯﾌﾟﾏﾝ･ﾊｰﾌ ｺﾛﾅ,H.アップマンハーフコロナ,90mm 1,,,ｷｭｰﾊﾞ,2420,2200,2025-05-01,https://www.mof.go.jp/policy/tab_salt/topics/20250425_kouriteikahenkou.pdf,3,高
344534a680353a9f,2025-04-25,令和7年4月25日,変更認可,,H.ｱｯﾌﾟﾏﾝ･ﾏｸﾞﾅﾑ54,H.アップマンマグナム54,120mm 1,,,ｷｭｰﾊﾞ,6270,5720,2025-05-01,https://www.mof.go.jp/policy/tab_salt/topics/20250425_kouriteikahenkou.pdf,3,高
051a2cc09b338342,2025-04-25,令和7年4月25日,変更認可,,H.ｱｯﾌﾟﾏﾝ･ﾛｲﾔﾙ ﾛﾌﾞｽﾄ ﾗ･ｶｰｻ,H.アップマンロイヤルロブストラカーサ,135mm 1,,,ｷｭｰﾊﾞ,6160,5610,2025-05-01,https://www.mof.go.jp/policy/tab_salt/topics/20250425_kouriteikahenkou.pdf,3,高
2211342f5dfa1324,2025-04-25,令和7年4月25日,変更認可,,ｱｯﾌﾟﾏﾝ No.2,アップマンNO.2,156mm 1,,,ｷｭｰﾊﾞ,6600,5830,2025-05-01,https://www.mof.go.jp/policy/tab_salt/topics/20250425_kouriteikahenkou.pdf,3,高
195e77beb63a6c88,2025-04-25,令和7年4月25日,変更認可,,ｱｯﾌﾟﾏﾝ ｺﾛﾅｽｼﾞｭﾆｱ,アップマンコロナスジュニア,115mm 1,,,ｷｭｰﾊﾞ,2530,2310,2025-05-01,https://www.mof.go.jp/policy/tab_salt/topics/20250425_kouriteikahenkou.pdf,3,高
c8040b97f5ada929,2025-04-25,令和7年4月25日,変更認可,,ｱｯﾌﾟﾏﾝ ｺﾛﾅｽﾒｼﾞｬｰ,アップマンコロナスメジャー,132mm 1,,,ｷｭｰﾊﾞ,3080,2860,2025-05-01,https://www.mof.go.jp/policy/tab_salt/topics/20250425_kouriteikahenkou.pdf,3,高
86f790e364c81428,2025-04-25,令和7年4月25日,変更認可,,ｱｯﾌﾟﾏﾝ ｻｰｳｨﾝｽﾄﾝ,アップマンサーウィンストン,178mm 1,,,ｷｭｰﾊﾞ,9680,8800,2025-05-01,https://www.mof.go.jp/policy/tab_salt/topics/20250425_kouriteikahenkou.pdf,3,高
08ffbee896377e56,2025-04-25,令和7年4月25日,変更認可,,ｱｯﾌﾟﾏﾝ･ﾏｸﾞﾅﾑ,アップマンマグナム,143mm 1,,,ｷｭｰﾊﾞ,5830,5280,2025-05-01,https://www.mof.go.jp/policy/tab_salt/topics/20250425_kouriteikahenkou.pdf,3,高
f5fff409ad41b7d5,2025-04-25,令和7年4月25日,変更認可,,ﾌｧﾝﾛﾍﾟｽﾞ ｾﾚｸｼｮﾝ NO.2,ファンロペズセレクションNO.2,124mm 1,,,ｷｭｰﾊﾞ,5500,4290,2025-05-01,https://www.mof.go.jp/policy/tab_salt/topics/20250425_kouriteikahenkou.pdf,3,高
5135e991cf014564,2025-04-25,令和7年4月25日,変更認可,,ﾌｧﾝﾛﾍﾟｽﾞ･ｾﾚｸｼｮﾝ ｴｽﾍﾟｼｬﾙ,ファンロペズセレクションエスペシャル,170mm 1,,,ｷｭｰﾊﾞ,9680,8800,2025-05-01,https://www.mof.go.jp/policy/tab_salt/topics/20250425_kouriteikahenkou.pdf,3,高
d67cab5a13774731,2025-04-25,令和7年4月25日,変更認可,,ﾎｾ･L･ﾋﾟｴﾄﾞﾗ ｶｻﾄﾞﾚｽ ﾊﾞﾝﾄﾞﾙ,ホセLピエドラカサドレスバンドル,153mm 1,,,ｷｭｰﾊﾞ,2200,1980,2025-05-01,https://www.mof.go.jp/policy/tab_salt/topics/20250425_kouriteikahenkou.pdf,3,高
98ea2d54dc87ef14,2025-04-25,令和7年4月25日,変更認可,,ﾎｾ･L･ﾋﾟｴﾄﾞﾗ ｺﾝｾﾙﾊﾞｽ ﾊﾞﾝﾄﾞﾙ,ホセLピエドラコンセルバスバンドル,140mm 1,,,ｷｭｰﾊﾞ,1870,1650,2025-05-01,https://www.mof.go.jp/policy/tab_salt/topics/20250425_kouriteikahenkou.pdf,3,高
1ca943a6e795f4df,2025-04-25,令和7年4月25日,変更認可,,ﾎｾ･L･ﾋﾟｴﾄﾞﾗ ﾌﾞﾚﾊﾞｽ ﾊﾞﾝﾄﾞﾙ,ホセLピエドラブレバスバンドル,133mm 1,,,ｷｭｰﾊﾞ,1870,1650,2025-05-01,https://www.mof.go.jp/policy/tab_salt/topics/20250425_kouriteikahenkou.pdf,3,高
efac0a99be51f943,2025-04-25,令和7年4月25日,変更認可,,ﾎｾ･L･ﾋﾟｴﾄﾞﾗ･ﾍﾟﾃｨ ｶﾊﾞﾚﾛｽ,ホセLピエドラペティカバレロス,120mm 1,,,ｷｭｰﾊﾞ,1870,1650,2025-05-01,https://www.mof.go.jp/policy/tab_salt/topics/20250425_kouriteikahenkou.pdf,3,高
a75d1bdeff025e1e,2025-04-25,令和7年4月25日,変更認可,,ﾎﾖｰ･ﾄﾞｩ･ﾓﾝﾄﾚｰ ｴﾋﾟｷｭｱ ｴｽﾍﾟｼｬﾙSLB,ホヨードゥモントレーエピキュアエスペシャルSLB,141mm 1,,,ｷｭｰﾊﾞ,6600,5940,2025-05-01,https://www.mof.go.jp/policy/tab_salt/topics/20250425_kouriteikahenkou.pdf,3,高
5d856f002238c8b6,2025-04-25,令和7年4月25日,変更認可,,ﾎﾖｰ･ﾄﾞｩ･ﾓﾝﾄﾚｰ ｻﾝ ﾌｧﾝ,ホヨードゥモントレーサンファン,150mm 1,,,ｷｭｰﾊﾞ,7700,6710,2025-05-01,https://www.mof.go.jp/policy/tab_salt/topics/20250425_kouriteikahenkou.pdf,3,高
053b808784cb39bc,2025-04-25,令和7年4月25日,変更認可,,ﾎﾖｰ･ﾄﾞｩ･ﾓﾝﾄﾚｰ･ｴﾋﾟｷｭｱ No.3,ホヨードゥモントレーエピキュアNO.3,125mm 1,,,ｷｭｰﾊﾞ,8470,7700,2025-05-01,https://www.mof.go.jp/policy/tab_salt/topics/20250425_kouriteikahenkou.pdf,3,高
b6faee93503c4096,2025-04-25,令和7年4月25日,変更認可,,ﾎﾖｰ･ﾄﾞｩ･ﾓﾝﾄﾚｰ･ｴﾋﾟｷｭｱ ﾃﾞﾗｯｸｽLCDH,ホヨードゥモントレーエピキュアデラックスLCDH,115mm 1,,,ｷｭｰﾊﾞ,6820,5390,2025-05-01,https://www.mof.go.jp/policy/tab_salt/topics/20250425_kouriteikahenkou.pdf,3,高
ef48bfee9553fb88,2025-04-25,令和7年4月25日,変更認可,,ﾎﾖｰ･ﾄﾞｩ･ﾓﾝﾄﾚｰ･ｴﾚｶﾞﾝﾃｽ LCDH,ホヨードゥモントレーエレガンテスLCDH,158mm 1,,,ｷｭｰﾊﾞ,6380,5830,2025-05-01,https://www.mof.go.jp/policy/tab_salt/topics/20250425_kouriteikahenkou.pdf,3,高
c1f745eb71ce04c9,2025-04-25,令和7年4月25日,変更認可,,ﾎﾖｰ･ﾄﾞｩ･ﾓﾝﾄﾚｰ･ｽｰｳﾞｪﾆｰﾙ ﾃﾞﾗｯｸｽ,ホヨードゥモントレースーヴェニールデラックス,129mm 1,,,ｷｭｰﾊﾞ,4400,3850,2025-05-01,https://www.mof.go.jp/policy/tab_salt/topics/20250425_kouriteikahenkou.pdf,3,高
539f7dd6fdbf3e6f,2025-04-25,令和7年4月25日,変更認可,,ﾎﾖｰ･ﾄﾞｩ･ﾓﾝﾄﾚｰ･ﾘｵ ｾｺ,ホヨードゥモントレーリオセコ,140mm 1,,,ｷｭｰﾊﾞ,7920,6930,2025-05-01,https://www.mof.go.jp/policy/tab_salt/topics/20250425_kouriteikahenkou.pdf,3,高
ff032ca06ef8dd56,2025-04-25,令和7年4月25日,変更認可,,ﾎﾖｰﾄﾞｩ ﾓﾝﾄﾚｰ ｴﾋﾟｷｭｱNo.1,ホヨードゥモントレーエピキュアNO.1,143mm 1,,,ｷｭｰﾊﾞ,5720,5170,2025-05-01,https://www.mof.go.jp/policy/tab_salt/topics/20250425_kouriteikahenkou.pdf,3,高
443100a9cc960193,2025-04-25,令和7年4月25日,変更認可,,ﾎﾖｰﾄﾞｩ･ﾓﾝﾄﾚｰ ｴﾋﾟｷｭｱNo.2,ホヨードゥモントレーエピキュアNO.2,124mm 1,,,ｷｭｰﾊﾞ,5720,5170,2025-05-01,https://www.mof.go.jp/policy/tab_salt/topics/20250425_kouriteikahenkou.pdf,3,高
76a2c56e171c4fd0,2025-04-25,令和7年4月25日,変更認可,,ﾎﾖｰﾄﾞｩ･ﾓﾝﾄﾚｰ ｴﾋﾟｷｭｱNo.2 ｷｬﾋﾞﾈｯﾄ,ホヨードゥモントレーエピキュアNO.2キャビネット,124mm 1,,,ｷｭｰﾊﾞ,5940,5390,2025-05-01,https://www.mof.go.jp/policy/tab_salt/topics/20250425_kouriteikahenkou.pdf,3,高
e7d8dbdcc262619c,2025-04-25,令和7年4月25日,変更認可,,ﾎﾖｰﾄﾞｩ･ﾓﾝﾄﾚｰ ﾃﾞｭﾋﾟｭﾃ,ホヨードゥモントレーデュピュテ,110mm 1,,,ｷｭｰﾊﾞ,2860,2640,2025-05-01,https://www.mof.go.jp/policy/tab_salt/topics/20250425_kouriteikahenkou.pdf,3,高
0ee4f56a86d13faa,2025-04-25,令和7年4月25日,変更認可,,ﾎﾖｰﾄﾞｩ･ﾓﾝﾄﾚｰ･ｴｽｺｼﾞﾄﾞｽ,ホヨードゥモントレーエスコジドス,180mm 1,,,ｷｭｰﾊﾞ,8800,8140,2025-05-01,https://www.mof.go.jp/policy/tab_salt/topics/20250425_kouriteikahenkou.pdf,3,高
9c814670891ae9d4,2025-04-25,令和7年4月25日,変更認可,,ﾎﾖｰﾄﾞｩ･ﾓﾝﾄﾚｰ･ﾀﾞﾌﾞﾙ･ｺﾛﾅｽ,ホヨードゥモントレーダブルコロナス,194mm 1,,,ｷｭｰﾊﾞ,7370,6710,2025-05-01,https://www.mof.go.jp/policy/tab_salt/topics/20250425_kouriteikahenkou.pdf,3,高
36537818d011aef3,2025-04-25,令和7年4月25日,変更認可,,ﾎﾖｰﾄﾞｳﾓﾝﾄﾚｰ ﾀﾞﾌﾞﾙｺﾛﾅｽ ｷｬﾋﾞﾈｯﾄ,ホヨードウモントレーダブルコロナスキャビネット,194mm 1,,,ｷｭｰﾊﾞ,7700,7040,2025-05-01,https://www.mof.go.jp/policy/tab_salt/topics/20250425_kouriteikahenkou.pdf,3,高
d043aa3e9f618c1e,2025-04-25,令和7年4月25日,変更認可,,ﾎﾖｰﾄﾞｩﾓﾝﾄﾚｰ ﾍﾟﾃｨ ﾛﾌﾞｽﾄ,ホヨードゥモントレーペティロブスト,102mm 1,,,ｷｭｰﾊﾞ,4180,3850,2025-05-01,https://www.mof.go.jp/policy/tab_salt/topics/20250425_kouriteikahenkou.pdf,3,高
2ca60cd3d2f50cde,2025-04-25,令和7年4月25日,変更認可,,ﾎﾖｰﾄﾞｩﾓﾝﾄﾚｰ･ﾒｰﾙ,ホヨードゥモントレーメール,100mm 1,,,ｷｭｰﾊﾞ,2420,2200,2025-05-01,https://www.mof.go.jp/policy/tab_salt/topics/20250425_kouriteikahenkou.pdf,3,高
7cad00930163b6c7,2025-04-25,令和7年4月25日,変更認可,,ｸﾞﾛﾘｱ･ｷｭﾊﾞｰﾅ･ｸﾞﾛﾘｱｽ LCDH,グロリアキュバーナグロリアスLCDH,156mm 1,,,ｷｭｰﾊﾞ,27500,25300,2025-05-01,https://www.mof.go.jp/policy/tab_salt/topics/20250425_kouriteikahenkou.pdf,4,高
c789dc9b814ed91b,2025-04-25,令和7年4月25日,変更認可,,ﾊﾟﾙﾀｶﾞｽ 8-9-8ﾊﾞｰﾆｯｼｭ,パルタガス8-9-8バーニッシュ,170mm 1,,,ｷｭｰﾊﾞ,5720,5170,2025-05-01,https://www.mof.go.jp/policy/tab_salt/topics/20250425_kouriteikahenkou.pdf,4,高
7f631064ed5cbff9,2025-04-25,令和7年4月25日,変更認可,,ﾊﾟﾙﾀｶﾞｽ･ｱﾘｱﾄﾞｽ LCDH,パルタガスアリアドスLCDH,167mm 1,,,ｷｭｰﾊﾞ,14960,13640,2025-05-01,https://www.mof.go.jp/policy/tab_salt/topics/20250425_kouriteikahenkou.pdf,4,高
d6d1877609b01a84,2025-04-25,令和7年4月25日,変更認可,,ﾓﾝﾃ･ｸﾘｽﾄ･ﾃｭﾎﾞｽ,モンテクリストテュボス,155mm 1,,,ｷｭｰﾊﾞ,4950,4510,2025-05-01,https://www.mof.go.jp/policy/tab_salt/topics/20250425_kouriteikahenkou.pdf,4,高
4e2028e056bcdc9c,2025-04-25,令和7年4月25日,変更認可,,ﾓﾝﾃｸﾘｽﾄ A,モンテクリストA,235mm 1,,,ｷｭｰﾊﾞ,16500,13200,2025-05-01,https://www.mof.go.jp/policy/tab_salt/topics/20250425_kouriteikahenkou.pdf,4,高
532d3b8547ec1a07,2025-04-25,令和7年4月25日,変更認可,,ﾓﾝﾃｸﾘｽﾄ No.1,モンテクリストNO.1,165mm 1,,,ｷｭｰﾊﾞ,5060,4620,2025-05-01,https://www.mof.go.jp/policy/tab_salt/topics/20250425_kouriteikahenkou.pdf,4,高
91539504471237e6,2025-04-25,令和7年4月25日,変更認可,,ﾓﾝﾃｸﾘｽﾄ No.3,モンテクリストNO.3,142mm 1,,,ｷｭｰﾊﾞ,3960,3630,2025-05-01,https://www.mof.go.jp/policy/tab_salt/topics/20250425_kouriteikahenkou.pdf,4,高
80792ee684bb7ab0,2025-04-25,令和7年4月25日,変更認可,,ﾓﾝﾃｸﾘｽﾄ ｲｰｸﾞﾙ,モンテクリストイーグル,150mm 1,,,ｷｭｰﾊﾞ,7370,6710,2025-05-01,https://www.mof.go.jp/policy/tab_salt/topics/20250425_kouriteikahenkou.pdf,4,高
521dd87ba829b798,2025-04-25,令和7年4月25日,変更認可,,ﾓﾝﾃｸﾘｽﾄ ｴﾄﾞｩﾑﾝﾄﾞ ﾃｭﾎﾞｽ,モンテクリストエドゥムンドテュボス,135mm 1,,,ｷｭｰﾊﾞ,6600,6050,2025-05-01,https://www.mof.go.jp/policy/tab_salt/topics/20250425_kouriteikahenkou.pdf,4,高
59052d1144e28842,2025-04-25,令和7年4月25日,変更認可,,ﾓﾝﾃｸﾘｽﾄ ｴﾄﾞｩﾓﾝﾄﾞ,モンテクリストエドゥモンド,135mm 1,,,ｷｭｰﾊﾞ,6270,5720,2025-05-01,https://www.mof.go.jp/policy/tab_salt/topics/20250425_kouriteikahenkou.pdf,4,高
d295e7483e960a3f,2025-04-25,令和7年4月25日,変更認可,,ﾓﾝﾃｸﾘｽﾄ ｼﾞｭﾆｱ,モンテクリストジュニア,110mm 1,,,ｷｭｰﾊﾞ,2970,2750,2025-05-01,https://www.mof.go.jp/policy/tab_salt/topics/20250425_kouriteikahenkou.pdf,4,高
34823a1e0f8e64a8,2025-04-25,令和7年4月25日,変更認可,,ﾓﾝﾃｸﾘｽﾄ ﾍﾟﾃｨ ｴﾄﾞﾑﾝﾄﾞ,モンテクリストペティエドムンド,110mm 1,,,ｷｭｰﾊﾞ,4620,4180,2025-05-01,https://www.mof.go.jp/policy/tab_salt/topics/20250425_kouriteikahenkou.pdf,4,高
447f92317729bfa0,2025-04-25,令和7年4月25日,変更認可,,ﾓﾝﾃｸﾘｽﾄ ﾍﾟﾃｨ ｴﾄﾞﾑﾝﾄﾞ ﾃｭﾎﾞｽ,モンテクリストペティエドムンドテュボス,110mm 1,,,ｷｭｰﾊﾞ,4840,4400,2025-05-01,https://www.mof.go.jp/policy/tab_salt/topics/20250425_kouriteikahenkou.pdf,4,高
9c5d942cbd19da0b,2025-04-25,令和7年4月25日,変更認可,,ﾓﾝﾃｸﾘｽﾄ ﾍﾟﾃｨﾃｭﾎﾞｽ,モンテクリストペティテュボス,129mm 1,,,ｷｭｰﾊﾞ,3960,3630,2025-05-01,https://www.mof.go.jp/policy/tab_salt/topics/20250425_kouriteikahenkou.pdf,4,高
d1e28f2e8f1e400c,2025-04-25,令和7年4月25日,変更認可,,ﾓﾝﾃｸﾘｽﾄ ﾏｽﾀｰ,モンテクリストマスター,124mm 1,,,ｷｭｰﾊﾞ,6160,5610,2025-05-01,https://www.mof.go.jp/policy/tab_salt/topics/20250425_kouriteikahenkou.pdf,4,高
76d3d5c2144ec10a,2025-04-25,令和7年4月25日,変更認可,,ﾓﾝﾃｸﾘｽﾄ ﾚｶﾞｰﾀ,モンテクリストレガータ,135mm 1,,,ｷｭｰﾊﾞ,5060,4620,2025-05-01,https://www.mof.go.jp/policy/tab_salt/topics/20250425_kouriteikahenkou.pdf,4,高
d5c06d447d563170,2025-04-25,令和7年4月25日,変更認可,,ﾓﾝﾃｸﾘｽﾄ･No.2,モンテクリストNO.2,156mm 1,,,ｷｭｰﾊﾞ,6380,5830,2025-05-01,https://www.mof.go.jp/policy/tab_salt/topics/20250425_kouriteikahenkou.pdf,4,高
1b924101a2f0fd2c,2025-04-25,令和7年4月25日,変更認可,,ﾓﾝﾃｸﾘｽﾄ･No.4,モンテクリストNO.4,129mm 1,,,ｷｭｰﾊﾞ,3520,3190,2025-05-01,https://www.mof.go.jp/policy/tab_salt/topics/20250425_kouriteikahenkou.pdf,4,高
68f6825d1c314afb,2025-04-25,令和7年4月25日,変更認可,,ﾓﾝﾃｸﾘｽﾄ･No.5,モンテクリストNO.5,102mm 1,,,ｷｭｰﾊﾞ,2970,2750,2025-05-01,https://www.mof.go.jp/policy/tab_salt/topics/20250425_kouriteikahenkou.pdf,4,高
1cffa17f355dd1e6,2025-04-25,令和7年4月25日,変更認可,,ﾓﾝﾃｸﾘｽﾄ･ｲｰｸﾞﾙ ﾃｭﾎﾞｽ,モンテクリストイーグルテュボス,150mm 1,,,ｷｭｰﾊﾞ,7700,6820,2025-05-01,https://www.mof.go.jp/policy/tab_salt/topics/20250425_kouriteikahenkou.pdf,4,高
82303db321c0c425,2025-04-25,令和7年4月25日,変更認可,,ﾓﾝﾃｸﾘｽﾄ･ｴｽﾍﾟｼｬﾙNO.2,モンテクリストエスペシャルNO.2,152mm 1,,,ｷｭｰﾊﾞ,4400,4290,2025-05-01,https://www.mof.go.jp/policy/tab_salt/topics/20250425_kouriteikahenkou.pdf,4,高
9881834cdfc084bd,2025-04-25,令和7年4月25日,変更認可,,ﾓﾝﾃｸﾘｽﾄ･ﾀﾞﾌﾞﾙ ｴﾄﾞｩﾑﾝﾄﾞ,モンテクリストダブルエドゥムンド,155mm 1,,,ｷｭｰﾊﾞ,8800,7150,2025-05-01,https://www.mof.go.jp/policy/tab_salt/topics/20250425_kouriteikahenkou.pdf,4,高
6dacba7e21063bb1,2025-04-25,令和7年4月25日,変更認可,,ﾓﾝﾃｸﾘｽﾄ･ﾃﾞｭﾏｽ LINEA 1935,モンテクリストデュマスLINEA1935,130mm 1,,,ｷｭｰﾊﾞ,8690,7920,2025-05-01,https://www.mof.go.jp/policy/tab_salt/topics/20250425_kouriteikahenkou.pdf,4,高
67ff7980230c0f28,2025-04-25,令和7年4月25日,変更認可,,ﾓﾝﾃｸﾘｽﾄ･ﾍﾟﾃｨNo.2,モンテクリストペティNO.2,120mm 1,,,ｷｭｰﾊﾞ,5720,4950,2025-05-01,https://www.mof.go.jp/policy/tab_salt/topics/20250425_kouriteikahenkou.pdf,4,高
842d284b85886740,2025-04-25,令和7年4月25日,変更認可,,ﾓﾝﾃｸﾘｽﾄ･ﾎｲﾀｽ,モンテクリストホイタス,115mm 1,,,ｷｭｰﾊﾞ,2420,2200,2025-05-01,https://www.mof.go.jp/policy/tab_salt/topics/20250425_kouriteikahenkou.pdf,4,高
9f36772e040f1791,2025-04-25,令和7年4月25日,変更認可,,ﾓﾝﾃｸﾘｽﾄ･ﾏﾙﾃｽ LINEA 1935,モンテクリストマルテスLINEA1935,153mm 1,,,ｷｭｰﾊﾞ,11000,10010,2025-05-01,https://www.mof.go.jp/policy/tab_salt/topics/20250425_kouriteikahenkou.pdf,4,高
439191e020f54acd,2025-04-25,令和7年4月25日,変更認可,,ﾓﾝﾃｸﾘｽﾄ･ﾒﾃﾞｨｱｺﾛﾅ,モンテクリストメディアコロナ,90mm 1,,,ｷｭｰﾊﾞ,2970,2750,2025-05-01,https://www.mof.go.jp/policy/tab_salt/topics/20250425_kouriteikahenkou.pdf,4,高
1591e8926e4efad4,2025-04-25,令和7年4月25日,変更認可,,ﾓﾝﾃｸﾘｽﾄ･ﾚｼﾞｪﾝﾀﾞ LINEA 1935,モンテクリストレジェンダLINEA1935,165mm 1,,,ｷｭｰﾊﾞ,12650,11440,2025-05-01,https://www.mof.go.jp/policy/tab_salt/topics/20250425_kouriteikahenkou.pdf,4,高
af946c0df9ff7dfa,2025-04-25,令和7年4月25日,変更認可,,ﾓﾝﾃｸﾘｽﾄ･ﾜｲﾄﾞ ｴﾄﾞｩﾑﾝﾄﾞ,モンテクリストワイドエドゥムンド,125mm 1,,,ｷｭｰﾊﾞ,9350,8470,2025-05-01,https://www.mof.go.jp/policy/tab_salt/topics/20250425_kouriteikahenkou.pdf,4,高
621c956ff268d1e6,2025-04-25,令和7年4月25日,変更認可,,ﾗ･ｸﾞﾛﾘｱ･ｷｭﾊﾞｰﾅ･ﾄｩﾙｷﾉｽ,ラグロリアキュバーナトゥルキノス,141mm 1,,,ｷｭｰﾊﾞ,8800,6050,2025-05-01,https://www.mof.go.jp/policy/tab_salt/topics/20250425_kouriteikahenkou.pdf,4,高
5f981ee1032414e6,2025-04-25,令和7年4月25日,変更認可,,ﾗ･ﾌﾛｰﾙ･ﾃﾞ･ｶﾉ･ｴﾚﾋﾄﾞｽ,ラフロールデカノエレヒドス,127mm 1,,,ｷｭｰﾊﾞ,3080,2750,2025-05-01,https://www.mof.go.jp/policy/tab_salt/topics/20250425_kouriteikahenkou.pdf,4,高
2892aa334a7bc57e,2025-04-25,令和7年4月25日,変更認可,,ｹﾄﾞﾙｾ ｺﾛﾅｽ,ケドルセコロナス,142mm 1,,,ｷｭｰﾊﾞ,3740,3410,2025-05-01,https://www.mof.go.jp/policy/tab_salt/topics/20250425_kouriteikahenkou.pdf,5,高
737747af1cbbc5f1,2025-04-25,令和7年4月25日,変更認可,,ｹﾄﾞﾙｾ･No.52,ケドルセNO.52,156mm 1,,,ｷｭｰﾊﾞ,9350,8800,2025-05-01,https://www.mof.go.jp/policy/tab_salt/topics/20250425_kouriteikahenkou.pdf,5,高
38ad2632e1a22117,2025-04-25,令和7年4月25日,変更認可,,ｹﾄﾞﾙｾ･No.54,ケドルセNO.54,135mm 1,,,ｷｭｰﾊﾞ,6160,5610,2025-05-01,https://www.mof.go.jp/policy/tab_salt/topics/20250425_kouriteikahenkou.pdf,5,高
d2656f474f15887f,2025-04-25,令和7年4月25日,変更認可,,ﾊﾟﾙﾀｶﾞｽ ｻﾙﾓﾈｽ ﾗ･ｶｰｻ,パルタガスサルモネスラカーサ,184mm 1,,,ｷｭｰﾊﾞ,12430,11330,2025-05-01,https://www.mof.go.jp/policy/tab_salt/topics/20250425_kouriteikahenkou.pdf,5,高
0c2f6222b9233dff,2025-04-25,令和7年4月25日,変更認可,,ﾊﾟﾙﾀｶﾞｽ ｼｮｰﾂ,パルタガスショーツ,110mm 1,,,ｷｭｰﾊﾞ,2970,2750,2025-05-01,https://www.mof.go.jp/policy/tab_salt/topics/20250425_kouriteikahenkou.pdf,5,高
a6dd9b9df4f71c41,2025-04-25,令和7年4月25日,変更認可,,ﾊﾟﾙﾀｶﾞｽ ｾﾘｰP No.2,パルタガスセリーPNO.2,156mm 1,,,ｷｭｰﾊﾞ,6270,5720,2025-05-01,https://www.mof.go.jp/policy/tab_salt/topics/20250425_kouriteikahenkou.pdf,5,高
0ee18d46e05cf9c6,2025-04-25,令和7年4月25日,変更認可,,ﾊﾟﾙﾀｶﾞｽ ﾊﾟﾙﾀｶﾞｽ ﾃﾞﾗｯｸｽ,パルタガスパルタガスデラックス,140mm 1,,,ｷｭｰﾊﾞ,2860,2640,2025-05-01,https://www.mof.go.jp/policy/tab_salt/topics/20250425_kouriteikahenkou.pdf,5,高
59aba9488acfb7a8,2025-04-25,令和7年4月25日,変更認可,,ﾊﾟﾙﾀｶﾞｽ ﾙｼﾀﾆｱｽ ｷｬﾋﾞﾈｯﾄ,パルタガスルシタニアスキャビネット,194mm 1,,,ｷｭｰﾊﾞ,7700,7040,2025-05-01,https://www.mof.go.jp/policy/tab_salt/topics/20250425_kouriteikahenkou.pdf,5,高
eb827db177958ae0,2025-04-25,令和7年4月25日,変更認可,,ﾊﾟﾙﾀｶﾞｽ･ｷｬﾋﾟﾄﾙｽﾞ,パルタガスキャピトルズ,129mm 1,,,ｷｭｰﾊﾞ,4070,3740,2025-05-01,https://www.mof.go.jp/policy/tab_salt/topics/20250425_kouriteikahenkou.pdf,5,高
eaafc7e1e68a3bfe,2025-04-25,令和7年4月25日,変更認可,,ﾊﾟﾙﾀｶﾞｽ･ｺﾛﾅｽ･ｼﾆｱ,パルタガスコロナスシニア,132mm 1,,,ｷｭｰﾊﾞ,3080,2750,2025-05-01,https://www.mof.go.jp/policy/tab_salt/topics/20250425_kouriteikahenkou.pdf,5,高
8b067dff8492caa1,2025-04-25,令和7年4月25日,変更認可,,ﾊﾟﾙﾀｶﾞｽ･ｾﾘｰD No.5,パルタガスセリーDNO.5,110mm 1,,,ｷｭｰﾊﾞ,4510,4070,2025-05-01,https://www.mof.go.jp/policy/tab_salt/topics/20250425_kouriteikahenkou.pdf,5,高
576c667800568eda,2025-04-25,令和7年4月25日,変更認可,,ﾊﾟﾙﾀｶﾞｽ･ｾﾘｰD No.6,パルタガスセリーDNO.6,90mm 1,,,ｷｭｰﾊﾞ,3960,3630,2025-05-01,https://www.mof.go.jp/policy/tab_salt/topics/20250425_kouriteikahenkou.pdf,5,高
4eb629ea2ba217a2,2025-04-25,令和7年4月25日,変更認可,,ﾊﾟﾙﾀｶﾞｽ･ｾﾘｰE No.2,パルタガスセリーENO.2,140mm 1,,,ｷｭｰﾊﾞ,7040,6380,2025-05-01,https://www.mof.go.jp/policy/tab_salt/topics/20250425_kouriteikahenkou.pdf,5,高
ede28db0fd400820,2025-04-25,令和7年4月25日,変更認可,,ﾊﾟﾙﾀｶﾞｽ･ｾﾘｰﾃﾞｨ･No.4,パルタガスセリーディNO.4,124mm 1,,,ｷｭｰﾊﾞ,5170,4730,2025-05-01,https://www.mof.go.jp/policy/tab_salt/topics/20250425_kouriteikahenkou.pdf,5,高
3e870ffbada4cf57,2025-04-25,令和7年4月25日,変更認可,,ﾊﾟﾙﾀｶﾞｽ･ﾌﾟﾚｼﾞﾃﾞﾝﾄ,パルタガスプレジデント,158mm 1,,,ｷｭｰﾊﾞ,4840,4400,2025-05-01,https://www.mof.go.jp/policy/tab_salt/topics/20250425_kouriteikahenkou.pdf,5,高
f9f5b26b326adc0b,2025-04-25,令和7年4月25日,変更認可,,ﾊﾟﾙﾀｶﾞｽ･ﾏﾃﾞｭｰﾛ No.1,パルタガスマデューロNO.1,130mm 1,,,ｷｭｰﾊﾞ,7040,6380,2025-05-01,https://www.mof.go.jp/policy/tab_salt/topics/20250425_kouriteikahenkou.pdf,5,高
513987955a9d1115,2025-04-25,令和7年4月25日,変更認可,,ﾊﾟﾙﾀｶﾞｽ･ﾏﾃﾞｭｰﾛ No.2,パルタガスマデューロNO.2,120mm 1,,,ｷｭｰﾊﾞ,7150,6490,2025-05-01,https://www.mof.go.jp/policy/tab_salt/topics/20250425_kouriteikahenkou.pdf,5,高
98a5114cceb6d6be,2025-04-25,令和7年4月25日,変更認可,,ﾊﾟﾙﾀｶﾞｽ･ﾏﾃﾞｭｰﾛ No.3,パルタガスマデューロNO.3,145mm 1,,,ｷｭｰﾊﾞ,7480,6710,2025-05-01,https://www.mof.go.jp/policy/tab_salt/topics/20250425_kouriteikahenkou.pdf,5,高
06ee2f5dcb94fe8a,2025-04-25,令和7年4月25日,変更認可,,ﾊﾟﾙﾀｶﾞｽ･ﾘﾈｱ ﾏｴｽﾄﾗ ｵﾘﾍﾝ,パルタガスリネアマエストラオリヘン,154mm 1,,,ｷｭｰﾊﾞ,14300,12980,2025-05-01,https://www.mof.go.jp/policy/tab_salt/topics/20250425_kouriteikahenkou.pdf,5,高
ab056d27a1b27c5a,2025-04-25,令和7年4月25日,変更認可,,ﾊﾟﾙﾀｶﾞｽ･ﾘﾈｱ ﾏｴｽﾄﾗ ﾏｴｽﾄﾛ,パルタガスリネアマエストラマエストロ,132mm 1,,,ｷｭｰﾊﾞ,16500,14850,2025-05-01,https://www.mof.go.jp/policy/tab_salt/topics/20250425_kouriteikahenkou.pdf,5,高
94b90f7b9a1794b2,2025-04-25,令和7年4月25日,変更認可,,ﾊﾟﾙﾀｶﾞｽ･ﾘﾈｱ ﾏｴｽﾄﾗ ﾘﾄ,パルタガスリネアマエストラリト,168mm 1,,,ｷｭｰﾊﾞ,18040,16500,2025-05-01,https://www.mof.go.jp/policy/tab_salt/topics/20250425_kouriteikahenkou.pdf,5,高
c863d1728142681b,2025-04-25,令和7年4月25日,変更認可,,ﾊﾟﾙﾀｶﾞｽ･ﾙｼﾀﾆｱｽ,パルタガスルシタニアス,194mm 1,,,ｷｭｰﾊﾞ,7480,6820,2025-05-01,https://www.mof.go.jp/policy/tab_salt/topics/20250425_kouriteikahenkou.pdf,5,高
ac795515f12871a2,2025-04-25,令和7年4月25日,変更認可,,ﾊﾟﾝﾁ ｺﾛﾈｰｼｮﾝ,パンチコロネーション,129mm 1,,,ｷｭｰﾊﾞ,3300,2750,2025-05-01,https://www.mof.go.jp/policy/tab_salt/topics/20250425_kouriteikahenkou.pdf,5,高
988dc7dd0224dce1,2025-04-25,令和7年4月25日,変更認可,,ﾊﾟﾝﾁ ﾊﾟﾝﾁ ﾊﾟﾝﾁ,パンチパンチパンチ,143mm 1,,,ｷｭｰﾊﾞ,5060,4620,2025-05-01,https://www.mof.go.jp/policy/tab_salt/topics/20250425_kouriteikahenkou.pdf,5,高
3fc3b0ca3b836c11,2025-04-25,令和7年4月25日,変更認可,,ﾊﾟﾝﾁ･ｼｮｰﾄ ﾃﾞ ﾊﾟﾝﾁ,パンチショートデパンチ,120mm 1,,,ｷｭｰﾊﾞ,5500,5060,2025-05-01,https://www.mof.go.jp/policy/tab_salt/topics/20250425_kouriteikahenkou.pdf,5,高
1910dbd5a4a6bf57,2025-04-25,令和7年4月25日,変更認可,,ﾊﾟﾝﾁ･ﾀﾞﾌﾞﾙｺﾛﾅｽ,パンチダブルコロナス,194mm 1,,,ｷｭｰﾊﾞ,7700,6380,2025-05-01,https://www.mof.go.jp/policy/tab_salt/topics/20250425_kouriteikahenkou.pdf,5,高
0087ea8da6fe7845,2025-04-25,令和7年4月25日,変更認可,,ﾊﾟﾝﾁ･ﾄﾘｳﾝﾌｫｽ,パンチトリウンフォス,129mm 1,,,ｷｭｰﾊﾞ,5390,4950,2025-05-01,https://www.mof.go.jp/policy/tab_salt/topics/20250425_kouriteikahenkou.pdf,5,高
140245fb5adb598d,2025-04-25,令和7年4月25日,変更認可,,ﾊﾟﾝﾁ･ﾊﾟﾝﾁ 48,パンチパンチ48,140mm 1,,,ｷｭｰﾊﾞ,6600,5940,2025-05-01,https://www.mof.go.jp/policy/tab_salt/topics/20250425_kouriteikahenkou.pdf,5,高
dee162217194a33b,2025-04-25,令和7年4月25日,変更認可,,ﾎﾟｰﾙ･ﾗﾗﾅｰｶﾞ ﾋﾟｶﾄﾞﾚｽ,ポールララナーガピカドレス,127mm 1,,,ｷｭｰﾊﾞ,4730,4290,2025-05-01,https://www.mof.go.jp/policy/tab_salt/topics/20250425_kouriteikahenkou.pdf,5,高
db209f6c31b28a6a,2025-04-25,令和7年4月25日,変更認可,,ﾎﾟｰﾙ･ﾗﾗﾅｰｶﾞ ﾍﾟﾃｨｺﾛﾅｽ,ポールララナーガペティコロナス,129mm 1,,,ｷｭｰﾊﾞ,2860,2640,2025-05-01,https://www.mof.go.jp/policy/tab_salt/topics/20250425_kouriteikahenkou.pdf,5,高
4b5c774640c51402,2025-04-25,令和7年4月25日,変更認可,,ﾎﾟｰﾙ･ﾗﾗﾅｰｶﾞ･ｶﾞﾗﾈｽ,ポールララナーガガラネス,120mm 1,,,ｷｭｰﾊﾞ,4730,4290,2025-05-01,https://www.mof.go.jp/policy/tab_salt/topics/20250425_kouriteikahenkou.pdf,5,高
0cc9f15569c14425,2025-04-25,令和7年4月25日,変更認可,,Quintero Favoritos,QUINTEROFAVORITOS,115mm 1,,,ｷｭｰﾊﾞ,1980,1760,2025-05-01,https://www.mof.go.jp/policy/tab_salt/topics/20250425_kouriteikahenkou.pdf,6,高
02ce03040df2bc8a,2025-04-25,令和7年4月25日,変更認可,,ｷﾝﾃﾛ ﾊﾟﾅﾃﾗｽ,キンテロパナテラス,127mm 1,,,ｷｭｰﾊﾞ,1540,1320,2025-05-01,https://www.mof.go.jp/policy/tab_salt/topics/20250425_kouriteikahenkou.pdf,6,高
989cf48b7ad1b80a,2025-04-25,令和7年4月25日,変更認可,,ｷﾝﾃﾛ ﾛﾝﾄﾞﾚｽ ｴｸｽﾄﾗ,キンテロロンドレスエクストラ,123mm 1,,,ｷｭｰﾊﾞ,1760,1540,2025-05-01,https://www.mof.go.jp/policy/tab_salt/topics/20250425_kouriteikahenkou.pdf,6,高
eb889ef9a76114e7,2025-04-25,令和7年4月25日,変更認可,,ｹﾄﾞﾙｾ･No.50,ケドルセNO.50,110mm 1,,,ｷｭｰﾊﾞ,4400,3960,2025-05-01,https://www.mof.go.jp/policy/tab_salt/topics/20250425_kouriteikahenkou.pdf,6,高
dc355b2128d214bf,2025-04-25,令和7年4月25日,変更認可,,ﾗﾌｧｴﾙ ｺﾞﾝｻﾞﾚｽ ﾍﾟﾃｨｺﾛﾅｽ,ラファエルゴンザレスペティコロナス,129mm 1,,,ｷｭｰﾊﾞ,2860,2640,2025-05-01,https://www.mof.go.jp/policy/tab_salt/topics/20250425_kouriteikahenkou.pdf,6,高
a11bc1de0696ea71,2025-04-25,令和7年4月25日,変更認可,,ﾗﾌｧｴﾙ･ｺﾞﾝｻﾞﾚｽ･ｺﾛﾅｽ ﾃﾞ ﾛﾝｽﾞﾃﾞｰﾙ,ラファエルゴンザレスコロナスデロンズデール,127mm 1,,,ｷｭｰﾊﾞ,5390,4950,2025-05-01,https://www.mof.go.jp/policy/tab_salt/topics/20250425_kouriteikahenkou.pdf,6,高
b89545cf9fbc0cb7,2025-04-25,令和7年4月25日,変更認可,,ﾗﾓﾝ ｱﾛﾝﾈｽ ｽﾓｰﾙｸﾗﾌﾞｺﾛﾅｽ,ラモンアロンネススモールクラブコロナス,110mm 1,,,ｷｭｰﾊﾞ,2640,2420,2025-05-01,https://www.mof.go.jp/policy/tab_salt/topics/20250425_kouriteikahenkou.pdf,6,高
42ee828dca4b5ba7,2025-04-25,令和7年4月25日,変更認可,,ﾗﾓﾝ･ｱﾛﾝﾈｽ･ｱﾛﾝﾈｽ No.3,ラモンアロンネスアロンネスNO.3,138mm 1,,,ｷｭｰﾊﾞ,8360,7590,2025-05-01,https://www.mof.go.jp/policy/tab_salt/topics/20250425_kouriteikahenkou.pdf,6,高
4d723d8e78fabd20,2025-04-25,令和7年4月25日,変更認可,,ﾗﾓﾝ･ｱﾛﾝﾈｽ･ｽﾍﾟｼｬﾙ･ｾﾚｸﾃｯﾄﾞ,ラモンアロンネススペシャルセレクテッド,124mm 1,,,ｷｭｰﾊﾞ,5060,4620,2025-05-01,https://www.mof.go.jp/policy/tab_salt/topics/20250425_kouriteikahenkou.pdf,6,高
dc4c1fb3c1dac05b,2025-04-25,令和7年4月25日,変更認可,,ﾗﾓﾝｱﾛﾝﾈｽ ｱﾛﾝﾈｽ ｽｰﾍﾟﾘｵﾚｽ ﾗ･ｶｰｻ,ラモンアロンネスアロンネススーペリオレスラカーサ,143mm 1,,,ｷｭｰﾊﾞ,5390,4730,2025-05-01,https://www.mof.go.jp/policy/tab_salt/topics/20250425_kouriteikahenkou.pdf,6,高
9a43abcc64f50496,2025-04-25,令和7年4月25日,変更認可,,ﾗﾓﾝｱﾛﾝﾈｽ ｼﾞｶﾞﾝﾃｽ,ラモンアロンネスジガンテス,194mm 1,,,ｷｭｰﾊﾞ,7700,6930,2025-05-01,https://www.mof.go.jp/policy/tab_salt/topics/20250425_kouriteikahenkou.pdf,6,高
2b899c3cdae6c11c,2025-04-25,令和7年4月25日,変更認可,,ﾚｲ･ﾃﾞﾙ･ﾑﾝﾄﾞ･ｼｭﾜｽﾌﾟﾘｰﾑ,レイデルムンドシュワスプリーム,127mm 1,,,ｷｭｰﾊﾞ,4730,4290,2025-05-01,https://www.mof.go.jp/policy/tab_salt/topics/20250425_kouriteikahenkou.pdf,6,高
79a9a5ea6bfee93c,2025-04-25,令和7年4月25日,変更認可,,ﾚｲ･ﾃﾞﾙ･ﾑﾝﾄﾞ･ﾛｲﾔﾙ ｼﾘｰｽﾞ LCDH,レイデルムンドロイヤルシリーズLCDH,155mm 1,,,ｷｭｰﾊﾞ,16500,15400,2025-05-01,https://www.mof.go.jp/policy/tab_salt/topics/20250425_kouriteikahenkou.pdf,6,高
4b78aecc1cc5dc85,2025-04-25,令和7年4月25日,変更認可,,ﾚｲﾃﾞﾙﾑﾝﾄﾞ ﾃﾞﾐﾀｽ,レイデルムンドデミタス,100mm 1,,,ｷｭｰﾊﾞ,2090,1870,2025-05-01,https://www.mof.go.jp/policy/tab_salt/topics/20250425_kouriteikahenkou.pdf,6,高
2c3d30cbb163fac4,2025-04-25,令和7年4月25日,変更認可,,ﾛﾒｵ･Y･ｼﾞｭﾘｴｯﾀ ﾍﾞﾙﾍﾞﾃﾞﾚｽ,ロメオYジュリエッタベルベデレス,125mm 1,,,ｷｭｰﾊﾞ,2420,2200,2025-05-01,https://www.mof.go.jp/policy/tab_salt/topics/20250425_kouriteikahenkou.pdf,6,高
ced5c29a2c943af7,2025-04-25,令和7年4月25日,変更認可,,ﾛﾒｵ･Y･ｼﾞｭﾘｴｯﾀ ﾐﾙﾌﾚｲﾕ,ロメオYジュリエッタミルフレイユ,129mm 1,,,ｷｭｰﾊﾞ,2420,2200,2025-05-01,https://www.mof.go.jp/policy/tab_salt/topics/20250425_kouriteikahenkou.pdf,6,高
de440ae57c4c8d7e,2025-04-25,令和7年4月25日,変更認可,,ﾛﾒｵ･Y･ｼﾞｭﾘｴｯﾀ･ｲﾀﾞﾙｺﾞ,ロメオYジュリエッタイダルゴ,125mm 1,,,ｷｭｰﾊﾞ,9680,8800,2025-05-01,https://www.mof.go.jp/policy/tab_salt/topics/20250425_kouriteikahenkou.pdf,6,高
0b551b45970872bb,2025-04-25,令和7年4月25日,変更認可,,ﾛﾒｵ･Y･ｼﾞｭﾘｴｯﾀ･ｴｸｼﾋﾞｼｮﾝNo.4,ロメオYジュリエッタエクシビションNO.4,127mm 1,,,ｷｭｰﾊﾞ,5060,4620,2025-05-01,https://www.mof.go.jp/policy/tab_salt/topics/20250425_kouriteikahenkou.pdf,6,高
e32f1838153c446b,2025-04-25,令和7年4月25日,変更認可,,ﾛﾒｵ･Y･ｼﾞｭﾘｴｯﾀ･ｶｻﾞﾄﾞﾗｽ,ロメオYジュリエッタカザドラス,162mm 1,,,ｷｭｰﾊﾞ,4290,3850,2025-05-01,https://www.mof.go.jp/policy/tab_salt/topics/20250425_kouriteikahenkou.pdf,6,高
443f557a0a66c3d2,2025-04-25,令和7年4月25日,変更認可,,ﾛﾒｵ･Y･ｼﾞｭﾘｴｯﾀ･ｷｭﾋﾟﾄﾞｽ LCDH/HS,ロメオYジュリエッタキュピドスLCDH/HS,148mm 1,,,ｷｭｰﾊﾞ,17600,16500,2025-05-01,https://www.mof.go.jp/policy/tab_salt/topics/20250425_kouriteikahenkou.pdf,6,高
8d8806628c34b60f,2025-04-25,令和7年4月25日,変更認可,,ﾛﾒｵ･Y･ｼﾞｭﾘｴｯﾀ･ｸﾗﾌﾞ ｷﾝｸﾞｽ,ロメオYジュリエッタクラブキングス,129mm 1,,,ｷｭｰﾊﾞ,4180,3850,2025-05-01,https://www.mof.go.jp/policy/tab_salt/topics/20250425_kouriteikahenkou.pdf,6,高
3dff65ba400ab146,2025-04-25,令和7年4月25日,変更認可,,ﾛﾒｵ･Y･ｼﾞｭﾘｴｯﾀ･ｾﾄﾞﾛｽ ﾃﾞﾗｯｸｽLCDH,ロメオYジュリエッタセドロスデラックスLCDH,141mm 1,,,ｷｭｰﾊﾞ,7480,6270,2025-05-01,https://www.mof.go.jp/policy/tab_salt/topics/20250425_kouriteikahenkou.pdf,6,高
16a225f02e8e5fdc,2025-04-25,令和7年4月25日,変更認可,,ﾛﾒｵ･Y･ｼﾞｭﾘｴｯﾀ･ｾﾄﾞﾛｽ･ﾃﾞﾗｯｸｽ･No.2,ロメオYジュリエッタセドロスデラックスNO.2,142mm 1,,,ｷｭｰﾊﾞ,4180,3740,2025-05-01,https://www.mof.go.jp/policy/tab_salt/topics/20250425_kouriteikahenkou.pdf,6,高
746d283dabcd4813,2025-04-25,令和7年4月25日,変更認可,,ﾛﾒｵ･Y･ｼﾞｭﾘｴｯﾀ･ﾁｬｰﾁﾙｽﾞ,ロメオYジュリエッタチャーチルズ,178mm 1,,,ｷｭｰﾊﾞ,7150,6490,2025-05-01,https://www.mof.go.jp/policy/tab_salt/topics/20250425_kouriteikahenkou.pdf,6,高
d71d76dc018e7511,2025-04-25,令和7年4月25日,変更認可,,ﾛﾒｵ･Y･ｼﾞｭﾘｴｯﾀ･ﾁｬｰﾁﾙｽﾞ ﾃｭﾎﾞｽ,ロメオYジュリエッタチャーチルズテュボス,178mm 1,,,ｷｭｰﾊﾞ,7480,6710,2025-05-01,https://www.mof.go.jp/policy/tab_salt/topics/20250425_kouriteikahenkou.pdf,6,高
39050e441e4d58a5,2025-04-25,令和7年4月25日,変更認可,,ﾛﾒｵ･Y･ｼﾞｭﾘｴｯﾀ･ﾃﾞｨｱﾅ,ロメオYジュリエッタディアナ,145mm 1,,,ｷｭｰﾊﾞ,9570,8690,2025-05-01,https://www.mof.go.jp/policy/tab_salt/topics/20250425_kouriteikahenkou.pdf,6,高
f77d22ef7a3698df,2025-04-25,令和7年4月25日,変更認可,,ﾛﾒｵ･Y･ｼﾞｭﾘｴｯﾀ･ﾉﾌﾞﾚ,ロメオYジュリエッタノブレ,135mm 1,,,ｷｭｰﾊﾞ,8690,7920,2025-05-01,https://www.mof.go.jp/policy/tab_salt/topics/20250425_kouriteikahenkou.pdf,6,高
ea7e951fadfeb1d2,2025-04-25,令和7年4月25日,変更認可,,ﾛﾒｵ･Y･ｼﾞｭﾘｴｯﾀ･ﾍﾟﾃｨ ﾁｬｰﾁﾙ,ロメオYジュリエッタペティチャーチル,102mm 1,,,ｷｭｰﾊﾞ,4950,4290,2025-05-01,https://www.mof.go.jp/policy/tab_salt/topics/20250425_kouriteikahenkou.pdf,6,高
11cf809a24ae7efc,2025-04-25,令和7年4月25日,変更認可,,ﾛﾒｵ･Y･ｼﾞｭﾘｴｯﾀ･ﾍﾟﾃｨｺﾛﾅｽ,ロメオYジュリエッタペティコロナス,129mm 1,,,ｷｭｰﾊﾞ,3080,2750,2025-05-01,https://www.mof.go.jp/policy/tab_salt/topics/20250425_kouriteikahenkou.pdf,6,高
aa28f54683480576,2025-04-25,令和7年4月25日,変更認可,,ﾛﾒｵYｼﾞｭﾘｴｯﾀ ｾﾄﾞﾛｽ ﾃﾞﾗｯｸｽNo.3,ロメオYジュリエッタセドロスデラックスNO.3,129mm 1,,,ｷｭｰﾊﾞ,3740,3190,2025-05-01,https://www.mof.go.jp/policy/tab_salt/topics/20250425_kouriteikahenkou.pdf,6,高
b62e5d67c75d4473,2025-04-25,令和7年4月25日,変更認可,,ﾛﾒｵYｼﾞｭﾘｴｯﾀ ﾍﾞﾘｺｿｽ,ロメオYジュリエッタベリコソス,140mm 1,,,ｷｭｰﾊﾞ,6270,5720,2025-05-01,https://www.mof.go.jp/policy/tab_salt/topics/20250425_kouriteikahenkou.pdf,6,高
4ebff2caede8c7d7,2025-04-25,令和7年4月25日,変更認可,,ｻﾝｸﾘｽﾄﾊﾞﾙ ｴﾙﾌﾟﾘﾝｼﾍﾟ,サンクリストバルエルプリンシペ,110mm 1,,,ｷｭｰﾊﾞ,2750,2530,2025-05-01,https://www.mof.go.jp/policy/tab_salt/topics/20250425_kouriteikahenkou.pdf,7,高
c6cd8e644d19f2a3,2025-04-25,令和7年4月25日,変更認可,,ｻﾝｸﾘｽﾄﾊﾞﾙ ﾗ･ﾌﾟﾝﾀ,サンクリストバルラプンタ,140mm 1,,,ｷｭｰﾊﾞ,4840,4400,2025-05-01,https://www.mof.go.jp/policy/tab_salt/topics/20250425_kouriteikahenkou.pdf,7,高
a87cac40ebb71c4b,2025-04-25,令和7年4月25日,変更認可,,ｻﾝｸﾘｽﾄﾊﾞﾙ ﾗﾌｴﾙｻﾞ,サンクリストバルラフエルザ,141mm 1,,,ｷｭｰﾊﾞ,4620,4180,2025-05-01,https://www.mof.go.jp/policy/tab_salt/topics/20250425_kouriteikahenkou.pdf,7,高
65d23d186ce393ea,2025-04-25,令和7年4月25日,変更認可,,ｻﾝｸﾘｽﾄﾊﾞﾙ･ﾊﾘﾏｳ ﾏﾗﾔ RE2020,サンクリストバルハリマウマラヤRE2020,130mm 1,,,ｷｭｰﾊﾞ,8250,7480,2025-05-01,https://www.mof.go.jp/policy/tab_salt/topics/20250425_kouriteikahenkou.pdf,7,高
44880aadab4a43cc,2025-04-25,令和7年4月25日,変更認可,,ｻﾝﾁｮ･ﾊﾟﾝｻﾞ･ｴﾙ ﾚｲR E 2021,サンチョパンザエルレイRE2021,192mm 1,,,ｷｭｰﾊﾞ,7260,6600,2025-05-01,https://www.mof.go.jp/policy/tab_salt/topics/20250425_kouriteikahenkou.pdf,7,高
b71023de60abe24f,2025-04-25,令和7年4月25日,変更認可,,ｻﾝﾁｮﾊﾟﾝｻﾞ ﾉﾝ ﾌﾟﾚｽ,サンチョパンザノンプレス,129mm 1,,,ｷｭｰﾊﾞ,2970,2640,2025-05-01,https://www.mof.go.jp/policy/tab_salt/topics/20250425_kouriteikahenkou.pdf,7,高
290c85266dd90e4d,2025-04-25,令和7年4月25日,変更認可,,ｻﾝﾁｮﾊﾟﾝｻﾞ ﾍﾞﾘｺｿｽ,サンチョパンザベリコソス,140mm 1,,,ｷｭｰﾊﾞ,5610,5060,2025-05-01,https://www.mof.go.jp/policy/tab_salt/topics/20250425_kouriteikahenkou.pdf,7,高
28a900d5ceb97d94,2025-04-25,令和7年4月25日,変更認可,,ｻﾝﾙｲﾚｲ ﾚｼﾞｵｽ,サンルイレイレジオス,127mm 1,,,ｷｭｰﾊﾞ,4510,4070,2025-05-01,https://www.mof.go.jp/policy/tab_salt/topics/20250425_kouriteikahenkou.pdf,7,高
455adbd9e1544c65,2025-04-25,令和7年4月25日,変更認可,,ﾄﾘﾆﾀﾞｰﾄ ﾌﾝﾀﾞﾄﾞﾚｽ ｷｬﾋﾞﾈｯﾄ,トリニダートフンダドレスキャビネット,192mm 1,,,ｷｭｰﾊﾞ,9680,8800,2025-05-01,https://www.mof.go.jp/policy/tab_salt/topics/20250425_kouriteikahenkou.pdf,7,高
9b60707358128a1f,2025-04-25,令和7年4月25日,変更認可,,ﾄﾘﾆﾀﾞｯﾄﾞ ﾚｼﾞｪｽ,トリニダッドレジェス,110mm 1,,,ｷｭｰﾊﾞ,5610,5060,2025-05-01,https://www.mof.go.jp/policy/tab_salt/topics/20250425_kouriteikahenkou.pdf,7,高
2fe2b5e8287e4fca,2025-04-25,令和7年4月25日,変更認可,,ﾄﾘﾆﾀﾞｯﾄﾞ･ｴｽﾒﾗﾙﾀﾞ,トリニダッドエスメラルダ,145mm 1,,,ｷｭｰﾊﾞ,9680,8800,2025-05-01,https://www.mof.go.jp/policy/tab_salt/topics/20250425_kouriteikahenkou.pdf,7,高
90f9061e5cfe60a0,2025-04-25,令和7年4月25日,変更認可,,ﾄﾘﾆﾀﾞｯﾄﾞ･ｺﾛﾆｱﾚｽ,トリニダッドコロニアレス,130mm 1,,,ｷｭｰﾊﾞ,8140,7370,2025-05-01,https://www.mof.go.jp/policy/tab_salt/topics/20250425_kouriteikahenkou.pdf,7,高
6dec171f701fbf60,2025-04-25,令和7年4月25日,変更認可,,ﾄﾘﾆﾀﾞｯﾄﾞ･ﾄﾍﾟｽ,トリニダッドトペス,125mm 1,,,ｷｭｰﾊﾞ,10340,9350,2025-05-01,https://www.mof.go.jp/policy/tab_salt/topics/20250425_kouriteikahenkou.pdf,7,高
a489cd6fec950a42,2025-04-25,令和7年4月25日,変更認可,,ﾄﾘﾆﾀﾞｯﾄﾞ･ﾋﾞﾋｱ,トリニダッドビヒア,110mm 1,,,ｷｭｰﾊﾞ,8250,7480,2025-05-01,https://www.mof.go.jp/policy/tab_salt/topics/20250425_kouriteikahenkou.pdf,7,高
ddcd14bc38bff2ff,2025-04-25,令和7年4月25日,変更認可,,ﾄﾘﾆﾀﾞｯﾄﾞ･ﾒﾃﾞｨｱ ﾙﾅ,トリニダッドメディアルナ,115mm 1,,,ｷｭｰﾊﾞ,7700,6930,2025-05-01,https://www.mof.go.jp/policy/tab_salt/topics/20250425_kouriteikahenkou.pdf,7,高
8c3d6fe5206767a2,2025-04-25,令和7年4月25日,変更認可,,ﾄﾘﾆﾀﾞｯﾄﾞ･ﾗ ﾄﾛｰｳﾞｧ LCDH,トリニダッドラトローヴァLCDH,166mm 1,,,ｷｭｰﾊﾞ,12100,11000,2025-05-01,https://www.mof.go.jp/policy/tab_salt/topics/20250425_kouriteikahenkou.pdf,7,高
89248ba883edddb8,2025-04-25,令和7年4月25日,変更認可,,ﾍﾞｶﾞｽﾛﾊﾞｲﾅ ﾄﾞﾝｱﾚﾊﾝﾄﾞﾛ ｷｬﾋﾞﾈｯﾄ,ベガスロバイナドンアレハンドロキャビネット,194mm 1,,,ｷｭｰﾊﾞ,7150,6490,2025-05-01,https://www.mof.go.jp/policy/tab_salt/topics/20250425_kouriteikahenkou.pdf,7,高
c5afc0d3bac90508,2025-04-25,令和7年4月25日,変更認可,,ﾍﾞｶﾞｽﾛﾊﾞｲﾅ ﾌｪｲﾓｿｽ ｷｬﾋﾞﾈｯﾄ,ベガスロバイナフェイモソスキャビネット,125mm 1,,,ｷｭｰﾊﾞ,4400,3960,2025-05-01,https://www.mof.go.jp/policy/tab_salt/topics/20250425_kouriteikahenkou.pdf,7,高
d40abc0230619ec8,2025-04-25,令和7年4月25日,変更認可,,ﾍﾞｶﾞｽﾛﾊﾞｲﾅ ﾕﾆｺｽｷｬﾋﾞﾈｯﾄ,ベガスロバイナユニコスキャビネット,156mm 1,,,ｷｭｰﾊﾞ,5500,4950,2025-05-01,https://www.mof.go.jp/policy/tab_salt/topics/20250425_kouriteikahenkou.pdf,7,高
93bd197f2d0f918d,2025-04-25,令和7年4月25日,変更認可,,ﾍﾞｸﾞｴﾛｽ･ｴﾝﾄﾚﾃｨｴﾝﾎﾟｽ,ベグエロスエントレティエンポス,110mm 1,,,ｷｭｰﾊﾞ,3740,3410,2025-05-01,https://www.mof.go.jp/policy/tab_salt/topics/20250425_kouriteikahenkou.pdf,7,高
86458b9f6d0e5940,2025-04-25,令和7年4月25日,変更認可,,ﾍﾞｸﾞｴﾛｽ･ｾﾝﾄﾛｺﾞﾙﾄﾞｽ,ベグエロスセントロゴルドス,100mm 1,,,ｷｭｰﾊﾞ,3300,2970,2025-05-01,https://www.mof.go.jp/policy/tab_salt/topics/20250425_kouriteikahenkou.pdf,7,高
890a360c509ce836,2025-04-25,令和7年4月25日,変更認可,,ﾍﾞｸﾞｴﾛｽ･ﾏﾅﾆﾀｽ,ベグエロスマナニタス,100mm 1,,,ｷｭｰﾊﾞ,2860,2640,2025-05-01,https://www.mof.go.jp/policy/tab_salt/topics/20250425_kouriteikahenkou.pdf,7,高
71c730af9715fab4,2025-04-25,令和7年4月25日,変更認可,,ﾛﾒｵ Y ｼﾞｭﾘｴｯﾀ ﾍﾟﾃｨ ｼﾞｭﾘｴｯﾀ,ロメオYジュリエッタペティジュリエッタ,100mm 1,,,ｷｭｰﾊﾞ,2310,2090,2025-05-01,https://www.mof.go.jp/policy/tab_salt/topics/20250425_kouriteikahenkou.pdf,7,高
d0f7f0410295f325,2025-04-25,令和7年4月25日,変更認可,,ﾛﾒｵ ｲ ｼﾞｭﾘｴｯﾀ ｼｮｰﾄﾁｬｰﾁﾙ ﾁｭﾎﾞｽ,ロメオイジュリエッタショートチャーチルチュボス,124mm 1,,,ｷｭｰﾊﾞ,5390,4950,2025-05-01,https://www.mof.go.jp/policy/tab_salt/topics/20250425_kouriteikahenkou.pdf,7,高
573d497421112962,2025-04-25,令和7年4月25日,変更認可,,ﾛﾒｵ･Y･ｼﾞｭﾘｴｯﾀ ｼｮｰﾄﾁｬｰﾁﾙ,ロメオYジュリエッタショートチャーチル,124mm 1,,,ｷｭｰﾊﾞ,5170,4730,2025-05-01,https://www.mof.go.jp/policy/tab_salt/topics/20250425_kouriteikahenkou.pdf,7,高
219934a7c7aa6610,2025-04-25,令和7年4月25日,変更認可,,ﾛﾒｵ･Y･ｼﾞｭﾘｴｯﾀ ﾜｲﾄﾞ ﾁｬｰﾁﾙｽﾞ,ロメオYジュリエッタワイドチャーチルズ,130mm 1,,,ｷｭｰﾊﾞ,6600,5940,2025-05-01,https://www.mof.go.jp/policy/tab_salt/topics/20250425_kouriteikahenkou.pdf,7,高
545bb8465edf34b3,2025-04-25,令和7年4月25日,変更認可,,ﾛﾒｵ･Y･ｼﾞｭﾘｴｯﾀ ﾜｲﾄﾞ ﾁｬｰﾁﾙｽﾞ ﾃｭﾎﾞｽ,ロメオYジュリエッタワイドチャーチルズテュボス,130mm 1,,,ｷｭｰﾊﾞ,7040,6270,2025-05-01,https://www.mof.go.jp/policy/tab_salt/topics/20250425_kouriteikahenkou.pdf,7,高
5f8eb3faa92b9a7b,2025-04-25,令和7年4月25日,変更認可,,ﾛﾒｵ･Y･ｼﾞｭﾘｴｯﾀ･ﾍﾟﾃｨ ﾛｲﾔﾚｽ,ロメオYジュリエッタペティロイヤレス,95mm 1,,,ｷｭｰﾊﾞ,4180,3630,2025-05-01,https://www.mof.go.jp/policy/tab_salt/topics/20250425_kouriteikahenkou.pdf,7,高
9a60f4e8a8fcb0f4,2025-04-25,令和7年4月25日,変更認可,,ﾛﾒｵYｼﾞｭﾘｴｯﾀ ﾛﾒｵ NO.1,ロメオYジュリエッタロメオNO.1,140mm 1,,,ｷｭｰﾊﾞ,3300,2970,2025-05-01,https://www.mof.go.jp/policy/tab_salt/topics/20250425_kouriteikahenkou.pdf,7,高
e3a4241ae5865648,2025-04-25,令和7年4月25日,変更認可,,ﾛﾒｵYｼﾞｭﾘｴｯﾀ ﾛﾒｵ NO.2,ロメオYジュリエッタロメオNO.2,129mm 1,,,ｷｭｰﾊﾞ,3080,2750,2025-05-01,https://www.mof.go.jp/policy/tab_salt/topics/20250425_kouriteikahenkou.pdf,7,高
dd1e60025d2140f6,2025-04-25,令和7年4月25日,変更認可,,ﾛﾒｵYｼﾞｭﾘｴｯﾀ ﾛﾒｵ NO.3,ロメオYジュリエッタロメオNO.3,117mm 1,,,ｷｭｰﾊﾞ,2860,2640,2025-05-01,https://www.mof.go.jp/policy/tab_salt/topics/20250425_kouriteikahenkou.pdf,7,高
b42cf48cf092a3cb,2025-04-25,令和7年4月25日,変更認可,,ﾍﾞｸﾞｴﾛｽ･ﾀﾊﾟﾄﾞｽ,ベグエロスタパドス,120mm 1,,,ｷｭｰﾊﾞ,3190,2860,2025-05-01,https://www.mof.go.jp/policy/tab_salt/topics/20250425_kouriteikahenkou.pdf,8,高
d5eb75852e39f874,2025-04-08,令和7年4月8日,変更認可,,DOZAJ BLACK CANE MINT,DOZAJBLACKCANEMINT,ﾌﾟﾗｽﾁｯｸｹｰｽ100.0g,100,g,,4000,,,https://www.mof.go.jp/policy/tab_salt/topics/20250408_kouriteika.pdf,1,中
a7f6c6a73bed4b00,2025-04-08,令和7年4月8日,変更認可,,DOZAJ BLACK CHOCOCREAM,DOZAJBLACKCHOCOCREAM,ﾌﾟﾗｽﾁｯｸｹｰｽ100.0g,100,g,,4000,,,https://www.mof.go.jp/policy/tab_salt/topics/20250408_kouriteika.pdf,1,高
729411240e9f11bf,2025-04-08,令和7年4月8日,変更認可,,DOZAJ BLACK DARK WADER,DOZAJBLACKDARKWADER,ﾌﾟﾗｽﾁｯｸｹｰｽ100.0g,100,g,,4000,,,https://www.mof.go.jp/policy/tab_salt/topics/20250408_kouriteika.pdf,1,高
f8b463a3dd31c8e5,2025-04-08,令和7年4月8日,変更認可,,DOZAJ BLACK PINK FLIGHT,DOZAJBLACKPINKFLIGHT,ﾌﾟﾗｽﾁｯｸｹｰｽ100.0g,100,g,,4000,,,https://www.mof.go.jp/policy/tab_salt/topics/20250408_kouriteika.pdf,1,高
b675ce2ec7741b71,2025-04-08,令和7年4月8日,変更認可,,DOZAJ BLACK TANGERINE SODA,DOZAJBLACKTANGERINESODA,ﾌﾟﾗｽﾁｯｸｹｰｽ100.0g,100,g,,4000,,,https://www.mof.go.jp/policy/tab_salt/topics/20250408_kouriteika.pdf,1,高
7f104e9add92f0a4,2025-04-08,令和7年4月8日,変更認可,,DOZAJ KOLA,DOZAJKOLA,50.0gﾊﾟｯｸ,50,g,,1750,,,https://www.mof.go.jp/policy/tab_salt/topics/20250408_kouriteika.pdf,1,高
12bf35be7f02b243,2025-04-08,令和7年4月8日,変更認可,,ｸｵｰﾗﾑ ﾀﾞﾌﾞﾙｺﾞﾙﾄﾞ･ﾏﾃﾞｭｰﾛ,クオーラムダブルゴルドマデューロ,152mm 1,,,,1200,,,https://www.mof.go.jp/policy/tab_salt/topics/20250408_kouriteika.pdf,1,高
5b9657068869416b,2025-04-08,令和7年4月8日,変更認可,,ｸｵｰﾗﾑ ﾄﾛ･ﾏﾃﾞｭｰﾛ,クオーラムトロマデューロ,152mm 1,,,,850,,,https://www.mof.go.jp/policy/tab_salt/topics/20250408_kouriteika.pdf,1,高
d26719a905938dd3,2025-04-08,令和7年4月8日,変更認可,,ｸｵｰﾗﾑ ﾛﾌﾞｽﾄ･ﾏﾃﾞｭｰﾛ,クオーラムロブストマデューロ,121mm 1,,,,800,,,https://www.mof.go.jp/policy/tab_salt/topics/20250408_kouriteika.pdf,1,高
7cafea568c74e446,2025-04-08,令和7年4月8日,変更認可,,ｺﾋﾟ ｾﾆｮﾘﾀｽ/1,コピセニョリタス/1,104mm 1,,,,250,,,https://www.mof.go.jp/policy/tab_salt/topics/20250408_kouriteika.pdf,1,高
777db986271a0782,2025-04-08,令和7年4月8日,変更認可,,ｺﾋﾟ ｾﾆｮﾘﾀｽ/10,コピセニョリタス/10,104mm 10,,,,2500,,,https://www.mof.go.jp/policy/tab_salt/topics/20250408_kouriteika.pdf,1,高
5e5175e212e0d9c3,2025-04-08,令和7年4月8日,変更認可,,ｽﾀﾝﾚｰ･ﾀﾞﾌﾞﾙ･ﾊﾞﾆﾗ =100,スタンレーダブルバニラ=100,ﾍﾟｰﾊﾟｰ 100.0g,100,g,,2800,,,https://www.mof.go.jp/policy/tab_salt/topics/20250408_kouriteika.pdf,1,高
7bc81dae1f29de7d,2025-04-08,令和7年4月8日,変更認可,,ﾋﾞﾘｶﾞｰ･ｺﾞｰﾙﾄﾞﾁｭｰﾌﾞ,ビリガーゴールドチューブ,170mm 1,,,,700,,,https://www.mof.go.jp/policy/tab_salt/topics/20250408_kouriteika.pdf,1,高
7b2ca98320793b82,2025-04-08,令和7年4月8日,変更認可,,ﾋﾞﾘｶﾞｰ･ﾌﾞﾗｯｸﾁｭｰﾌﾞ,ビリガーブラックチューブ,170mm 1,,,,700,,,https://www.mof.go.jp/policy/tab_salt/topics/20250408_kouriteika.pdf,1,高
11bfd503f7122a78,2025-04-08,令和7年4月8日,変更認可,,ﾋﾞﾘｶﾞｰ･ﾌﾞﾙｰﾁｭｰﾌﾞ,ビリガーブルーチューブ,170mm 1,,,,700,,,https://www.mof.go.jp/policy/tab_salt/topics/20250408_kouriteika.pdf,1,高
e33736e088d9fd39,2025-04-08,令和7年4月8日,変更認可,,ﾋﾞﾘｶﾞｰ･ﾚｯﾄﾞﾁｭｰﾌﾞ,ビリガーレッドチューブ,170mm 1,,,,700,,,https://www.mof.go.jp/policy/tab_salt/topics/20250408_kouriteika.pdf,1,高
500cb481662e342a,2025-04-08,令和7年4月8日,変更認可,,ﾌﾞﾗｼﾞﾘｱﾝ ｽﾋﾟﾘｯﾄ ｱﾒﾘｶﾝﾌﾞﾚﾝﾄﾞ,ブラジリアンスピリットアメリカンブレンド,ﾊﾟｳﾁﾊﾟｯｸ20.0g,20,g,,480,,,https://www.mof.go.jp/policy/tab_salt/topics/20250408_kouriteika.pdf,1,中
abde7af48a58d8a8,2025-04-08,令和7年4月8日,変更認可,,ﾌﾞﾗｼﾞﾘｱﾝ ｽﾋﾟﾘｯﾄ ｸﾗｼｯｸ,ブラジリアンスピリットクラシック,ﾊﾟｳﾁﾊﾟｯｸ20.0g,20,g,,480,,,https://www.mof.go.jp/policy/tab_salt/topics/20250408_kouriteika.pdf,1,高
9f8ad7428697c2f6,2025-04-08,令和7年4月8日,変更認可,,ﾌﾞﾗｼﾞﾘｱﾝ ｽﾋﾟﾘｯﾄ ﾀﾞｰｸﾌｧｲﾔｰﾄﾞ,ブラジリアンスピリットダークファイヤード,ﾊﾟｳﾁﾊﾟｯｸ20.0g,20,g,,480,,,https://www.mof.go.jp/policy/tab_salt/topics/20250408_kouriteika.pdf,1,中
c9ac5686815df1e3,2025-04-08,令和7年4月8日,変更認可,,ﾌﾞﾗｼﾞﾘｱﾝ ｽﾋﾟﾘｯﾄ ﾊﾞｰｼﾞﾆｱﾌﾞﾚﾝﾄﾞ,ブラジリアンスピリットバージニアブレンド,ﾊﾟｳﾁﾊﾟｯｸ20.0g,20,g,,4000,,,https://www.mof.go.jp/policy/tab_salt/topics/20250408_kouriteika.pdf,1,中
2166b65e7d693865,2025-04-08,令和7年4月8日,変更認可,,ｼｶﾞﾛｰﾈ ﾛｲﾔﾙｽﾘﾑ,シガローネロイヤルスリム,F115mm 20 ﾎﾞｯｸｽ,,,"1,040 =1,200",700,640,2025-05-01,https://www.mof.go.jp/policy/tab_salt/topics/20250408_kouriteikahenkou.pdf,1,中
601dd8968d015270,2025-04-08,令和7年4月8日,変更認可,,ｼｶﾞﾛｰﾈ･ｳﾙﾄﾗｽﾘﾑ･ﾌﾞﾗｯｸ,シガローネウルトラスリムブラック,FK84mm 20 ﾎﾞｯｸｽ,,,"1,000 =1,100",700,640,2025-05-01,https://www.mof.go.jp/policy/tab_salt/topics/20250408_kouriteikahenkou.pdf,1,高
df3cc9dddae2c22c,2025-04-08,令和7年4月8日,変更認可,,ｼｶﾞﾛｰﾈ･ｽｰﾊﾟｰｽﾘﾑ･ﾌﾞﾗｯｸ,シガローネスーパースリムブラック,FK100mm 20 ﾎﾞｯｸｽ,,,"1,000 =1,100",780,740,2025-05-01,https://www.mof.go.jp/policy/tab_salt/topics/20250408_kouriteikahenkou.pdf,1,高
9f1028e96d915a87,2025-04-08,令和7年4月8日,変更認可,,ｼｶﾞﾛｰﾈ･ｽｰﾊﾟｰｽﾘﾑ･ﾒﾝｿｰﾙ,シガローネスーパースリムメンソール,FK100mm 20 ﾎﾞｯｸｽ,,,"1,100 =1,200",780,740,2025-05-01,https://www.mof.go.jp/policy/tab_salt/topics/20250408_kouriteikahenkou.pdf,1,高
2702a58656616b03,2025-04-08,令和7年4月8日,変更認可,,ｼｶﾞﾛｰﾈ･ﾌｧﾝﾄﾑ･ｼﾙﾊﾞｰ,シガローネファントムシルバー,F117mm 20 ﾎﾞｯｸｽ,,,"1,000 =1,100",700,640,2025-05-01,https://www.mof.go.jp/policy/tab_salt/topics/20250408_kouriteikahenkou.pdf,1,中
c0bbacc2201930dd,2025-04-08,令和7年4月8日,変更認可,,ｼｶﾞﾛｰﾈ･ﾏｸﾞﾈｯﾄ,シガローネマグネット,F97mm 20 ﾎﾞｯｸｽ,,,"1,100 =1,200",800,750,2025-05-01,https://www.mof.go.jp/policy/tab_salt/topics/20250408_kouriteikahenkou.pdf,1,高
7bf9b0c10e34fb10,2025-04-08,令和7年4月8日,変更認可,,ｼｶﾞﾛｰﾈ･ﾛｲﾔﾙｽﾘﾑ･ﾒﾝｿｰﾙ,シガローネロイヤルスリムメンソール,F117mm 20 ﾎﾞｯｸｽ,,,"1,100 =1,200",800,750,2025-05-01,https://www.mof.go.jp/policy/tab_salt/topics/20250408_kouriteikahenkou.pdf,1,中
1f279545e40f5bd0,2025-04-03,令和7年4月3日,変更認可,,ﾈｵ･ｱｰｸﾃｨｯｸ･ﾒﾝｿｰﾙ･hyper ﾊｰﾄﾞﾊﾟｯｸ,ネオアークティックメンソールHYPERハードパック,,,,,500,,,https://www.mof.go.jp/policy/tab_salt/topics/20250403_kouriteika.pdf,1,高
cb514e5ff91db28b,2025-04-03,令和7年4月3日,変更認可,,ﾈｵ･ｱｰｸﾃｨｯｸ･ﾒﾝｿｰﾙ･hyper ﾌｨﾙﾀｰ 20,ネオアークティックメンソールHYPERフィルター20,,,,,500,,,https://www.mof.go.jp/policy/tab_salt/topics/20250403_kouriteika.pdf,1,中
c00a1ad4ae8ca412,2025-04-03,令和7年4月3日,変更認可,,ﾈｵ･ｱｲｽﾄﾞ･ﾒﾝｿｰﾙ･hyper ﾊｰﾄﾞﾊﾟｯｸ,ネオアイスドメンソールHYPERハードパック,,,,,500,,,https://www.mof.go.jp/policy/tab_salt/topics/20250403_kouriteika.pdf,1,高
3e7c405d930b554a,2025-04-03,令和7年4月3日,変更認可,,ﾈｵ･ｱｲｽﾄﾞ･ﾒﾝｿｰﾙ･hyper ﾌｨﾙﾀｰ 20,ネオアイスドメンソールHYPERフィルター20,,,,,500,,,https://www.mof.go.jp/policy/tab_salt/topics/20250403_kouriteika.pdf,1,中
fb088bf8943eea74,2025-04-03,令和7年4月3日,変更認可,,ﾈｵ･ｸﾗｼｯｸ･ﾀﾊﾞｺ･hyper,ネオクラシックタバコHYPER,,,,,500,,,https://www.mof.go.jp/policy/tab_salt/topics/20250403_kouriteika.pdf,1,中
3bbc33d0de3ec531,2025-04-03,令和7年4月3日,変更認可,,ﾈｵ･ｸﾗｼｯｸ･ﾀﾊﾞｺ･hyper ﾊｰﾄﾞﾊﾟｯｸ,ネオクラシックタバコHYPERハードパック,,,,,500,,,https://www.mof.go.jp/policy/tab_salt/topics/20250403_kouriteika.pdf,1,高
8d1bd3ff388497b2,2025-04-03,令和7年4月3日,変更認可,,ﾈｵ･ｸﾗｼｯｸ･ﾀﾊﾞｺ･hyper ﾌｨﾙﾀｰ 20,ネオクラシックタバコHYPERフィルター20,,,,,500,,,https://www.mof.go.jp/policy/tab_salt/topics/20250403_kouriteika.pdf,1,中
a58d0b3e395b5da1,2025-04-03,令和7年4月3日,変更認可,,ﾈｵ･ﾁﾙﾄﾞ･ﾒﾝｿｰﾙ･hyper ﾊｰﾄﾞﾊﾟｯｸ,ネオチルドメンソールHYPERハードパック,,,,,500,,,https://www.mof.go.jp/policy/tab_salt/topics/20250403_kouriteika.pdf,1,高
e5a7feeb5c74de74,2025-04-03,令和7年4月3日,変更認可,,ﾈｵ･ﾁﾙﾄﾞ･ﾒﾝｿｰﾙ･hyper ﾌｨﾙﾀｰ 20,ネオチルドメンソールHYPERフィルター20,,,,,500,,,https://www.mof.go.jp/policy/tab_salt/topics/20250403_kouriteika.pdf,1,中
8c7fdffc9c427547,2025-04-03,令和7年4月3日,変更認可,,ﾈｵ･ﾌﾞﾘﾘｱﾝﾄ･ﾄﾛﾋﾟｶﾙ･hyper ﾊｰﾄﾞﾊﾟｯｸ,ネオブリリアントトロピカルHYPERハードパック,,,,,500,,,https://www.mof.go.jp/policy/tab_salt/topics/20250403_kouriteika.pdf,1,高
2961666748aa659e,2025-04-03,令和7年4月3日,変更認可,,ﾈｵ･ﾌﾞﾘﾘｱﾝﾄ･ﾄﾛﾋﾟｶﾙ･hyper ﾌｨﾙﾀｰ 20,ネオブリリアントトロピカルHYPERフィルター20,,,,,500,,,https://www.mof.go.jp/policy/tab_salt/topics/20250403_kouriteika.pdf,1,中
4c725e6b6ddf7551,2025-04-03,令和7年4月3日,変更認可,,ﾈｵ･ﾌﾞﾘﾘｱﾝﾄ･ﾍﾞﾘｰ･hyper ﾊｰﾄﾞﾊﾟｯｸ,ネオブリリアントベリーHYPERハードパック,,,,,500,,,https://www.mof.go.jp/policy/tab_salt/topics/20250403_kouriteika.pdf,1,高
4803af19deb43ab0,2025-04-03,令和7年4月3日,変更認可,,ﾈｵ･ﾌﾞﾘﾘｱﾝﾄ･ﾍﾞﾘｰ･hyper ﾌｨﾙﾀｰ 20,ネオブリリアントベリーHYPERフィルター20,,,,,500,,,https://www.mof.go.jp/policy/tab_salt/topics/20250403_kouriteika.pdf,1,中
029dd5afac6213cf,2025-04-03,令和7年4月3日,変更認可,,ﾈｵ･ﾌﾞﾘﾘｱﾝﾄ･ﾚｯﾄﾞﾌﾙｰﾂ･hyper ﾊｰﾄﾞﾊﾟｯｸ,ネオブリリアントレッドフルーツHYPERハードパック,,,,,500,,,https://www.mof.go.jp/policy/tab_salt/topics/20250403_kouriteika.pdf,1,高
9bfca89e9d68529b,2025-04-03,令和7年4月3日,変更認可,,ﾈｵ･ﾌﾞﾘﾘｱﾝﾄ･ﾚｯﾄﾞﾌﾙｰﾂ･hyper ﾌｨﾙﾀｰ 20,ネオブリリアントレッドフルーツHYPERフィルター20,,,,,500,,,https://www.mof.go.jp/policy/tab_salt/topics/20250403_kouriteika.pdf,1,中
cceacfbacbb62e84,2025-03-31,令和7年3月31日,変更認可,,Cavalier Geneve Black Lancero,CAVALIERGENEVEBLACKLANCERO,170mm 1,,,,3000,,,https://www.mof.go.jp/policy/tab_salt/topics/20250331_kouriteika.pdf,1,高
bd3523c2fbcc6391,2025-03-31,令和7年3月31日,変更認可,,Cavalier Geneve Black Tempura,CAVALIERGENEVEBLACKTEMPURA,100mm 1,,,,3750,,,https://www.mof.go.jp/policy/tab_salt/topics/20250331_kouriteika.pdf,1,高
1b7b9c744a834920,2025-03-31,令和7年3月31日,変更認可,,Cavalier Geneve Domaine Rouge Toro,CAVALIERGENEVEDOMAINEROUGETORO,150mm 1,,,,3600,,,https://www.mof.go.jp/policy/tab_salt/topics/20250331_kouriteika.pdf,1,高
7eceaa563537c478,2025-03-31,令和7年3月31日,変更認可,,Cavalier Geneve Domaine RougeRobusto Grande,CAVALIERGENEVEDOMAINEROUGEROBUSTOGRANDE,125mm 1,,,,3500,,,https://www.mof.go.jp/policy/tab_salt/topics/20250331_kouriteika.pdf,1,高
79ab15c27b43138e,2025-03-31,令和7年3月31日,変更認可,,Cavalier Geneve Inner Circle Toro,CAVALIERGENEVEINNERCIRCLETORO,150mm 1,,,,3600,,,https://www.mof.go.jp/policy/tab_salt/topics/20250331_kouriteika.pdf,1,高
2810f4cdf4f2d332,2025-03-31,令和7年3月31日,変更認可,,Cavalier Geneve Inner CircleRobusto Grande,CAVALIERGENEVEINNERCIRCLEROBUSTOGRANDE,125mm 1,,,,3500,,,https://www.mof.go.jp/policy/tab_salt/topics/20250331_kouriteika.pdf,1,高
60a227eb892b3941,2025-03-31,令和7年3月31日,変更認可,,Cavalier Geneve Limited EditionLE2024,CAVALIERGENEVELIMITEDEDITIONLE2024,150mm 1,,,,4000,,,https://www.mof.go.jp/policy/tab_salt/topics/20250331_kouriteika.pdf,1,高
9b3849192ed6957f,2025-03-31,令和7年3月31日,変更認可,,Cavalier Geneve Prospektor Toro,CAVALIERGENEVEPROSPEKTORTORO,150mm 1,,,,3550,,,https://www.mof.go.jp/policy/tab_salt/topics/20250331_kouriteika.pdf,1,高
b11b7d41909560d0,2025-03-31,令和7年3月31日,変更認可,,Cavalier Geneve Tres DeliquentesCT Robusto,CAVALIERGENEVETRESDELIQUENTESCTROBUSTO,125mm 1,,,,2350,,,https://www.mof.go.jp/policy/tab_salt/topics/20250331_kouriteika.pdf,1,高
6027e1664cc6f991,2025-03-31,令和7年3月31日,変更認可,,Cavalier Geneve Tres DeliquentesHab Robusto,CAVALIERGENEVETRESDELIQUENTESHABROBUSTO,125mm 1,,,,2350,,,https://www.mof.go.jp/policy/tab_salt/topics/20250331_kouriteika.pdf,1,高
24fe0f11d32bd85f,2025-03-31,令和7年3月31日,変更認可,,Cavalier Geneve Viso JalapaRobusto,CAVALIERGENEVEVISOJALAPAROBUSTO,125mm 1,,,,3000,,,https://www.mof.go.jp/policy/tab_salt/topics/20250331_kouriteika.pdf,1,高
80a4656c49d7f2df,2025-03-31,令和7年3月31日,変更認可,,Cavalier Geneve Viso JalapaTempura,CAVALIERGENEVEVISOJALAPATEMPURA,100mm 1,,,,3800,,,https://www.mof.go.jp/policy/tab_salt/topics/20250331_kouriteika.pdf,1,高
d6bef2c4163d8073,2025-03-31,令和7年3月31日,変更認可,,Cavalier Geneve White SeriesCorona,CAVALIERGENEVEWHITESERIESCORONA,140mm 1,,,,3000,,,https://www.mof.go.jp/policy/tab_salt/topics/20250331_kouriteika.pdf,1,高
15057aaa8e3dd24e,2025-03-31,令和7年3月31日,変更認可,,Cavalier Geneve White SeriesTempura,CAVALIERGENEVEWHITESERIESTEMPURA,100mm 1,,,,3650,,,https://www.mof.go.jp/policy/tab_salt/topics/20250331_kouriteika.pdf,1,高
8903c5a5ae9ef797,2025-03-31,令和7年3月31日,変更認可,,HHH Canonazo,HHHCANONAZO,150mm 1,,,,4350,,,https://www.mof.go.jp/policy/tab_salt/topics/20250331_kouriteika.pdf,1,高
83dd939398fcad6d,2025-03-31,令和7年3月31日,変更認可,,HHH Churchill,HHHCHURCHILL,178mm 1,,,,4350,,,https://www.mof.go.jp/policy/tab_salt/topics/20250331_kouriteika.pdf,1,高
218b89b1c822088b,2025-03-31,令和7年3月31日,変更認可,,HHH Torpedo,HHHTORPEDO,156mm 1,,,,4350,,,https://www.mof.go.jp/policy/tab_salt/topics/20250331_kouriteika.pdf,1,高
f7e74163c924dc22,2025-03-19,令和7年3月19日,変更認可,,ｴｽﾃﾊﾞﾝ ｶﾚｰﾗｽ ｺﾈﾁｶｯﾄ ﾎﾜｲﾄﾗﾍﾞﾙ ｺﾛﾆﾀ,エステバンカレーラスコネチカットホワイトラベルコロニタ,102mm 1,,,,1450,,,https://www.mof.go.jp/policy/tab_salt/topics/20250319_kouriteika.pdf,1,高
ff8c8de8da09714c,2025-03-19,令和7年3月19日,変更認可,,ｴｽﾃﾊﾞﾝ ｶﾚｰﾗｽ ｺﾈﾁｶｯﾄ ﾎﾜｲﾄﾗﾍﾞﾙ ｼｸｽﾃｨ,エステバンカレーラスコネチカットホワイトラベルシクスティ,152mm 1,,,,2650,,,https://www.mof.go.jp/policy/tab_salt/topics/20250319_kouriteika.pdf,1,高
b28653e0a993cf80,2025-03-19,令和7年3月19日,変更認可,,ｴｽﾃﾊﾞﾝ ｶﾚｰﾗｽ ｺﾈﾁｶｯﾄ ﾎﾜｲﾄﾗﾍﾞﾙ ﾄﾛ,エステバンカレーラスコネチカットホワイトラベルトロ,152mm 1,,,,2050,,,https://www.mof.go.jp/policy/tab_salt/topics/20250319_kouriteika.pdf,1,高
66969bf140fb2d03,2025-03-19,令和7年3月19日,変更認可,,ｴｽﾃﾊﾞﾝ ｶﾚｰﾗｽ ｺﾈﾁｶｯﾄ ﾎﾜｲﾄﾗﾍﾞﾙ ﾛﾌﾞｽﾄ,エステバンカレーラスコネチカットホワイトラベルロブスト,127mm 1,,,,1850,,,https://www.mof.go.jp/policy/tab_salt/topics/20250319_kouriteika.pdf,1,高
a153aac459bcb55c,2025-03-19,令和7年3月19日,変更認可,,ｴｽﾃﾊﾞﾝ ｶﾚｰﾗｽ ｿｶﾞ ﾃﾞ ｵﾛ ｽﾏﾄﾗ ｼｸｽﾃｨ,エステバンカレーラスソガデオロスマトラシクスティ,152mm 1,,,,4500,,,https://www.mof.go.jp/policy/tab_salt/topics/20250319_kouriteika.pdf,1,高
0d104ae6170ae90d,2025-03-19,令和7年3月19日,変更認可,,ｴｽﾃﾊﾞﾝ ｶﾚｰﾗｽ ｿｶﾞ ﾃﾞ ｵﾛ ｽﾏﾄﾗ ﾄﾛ,エステバンカレーラスソガデオロスマトラトロ,146mm 1,,,,3700,,,https://www.mof.go.jp/policy/tab_salt/topics/20250319_kouriteika.pdf,1,高
a1053c8e282c1ae2,2025-03-19,令和7年3月19日,変更認可,,ｴｽﾃﾊﾞﾝ ｶﾚｰﾗｽ ｿｶﾞ ﾃﾞ ｵﾛ ｽﾏﾄﾗ ﾌﾞｰﾘｯﾄ,エステバンカレーラスソガデオロスマトラブーリット,120mm 1,,,,2700,,,https://www.mof.go.jp/policy/tab_salt/topics/20250319_kouriteika.pdf,1,高
42671bf15699d8d0,2025-03-19,令和7年3月19日,変更認可,,ｴｽﾃﾊﾞﾝ ｶﾚｰﾗｽ ｿｶﾞ ﾃﾞ ｵﾛ ﾏﾃﾞｭｰﾛ ｼｸｽﾃｨ,エステバンカレーラスソガデオロマデューロシクスティ,152mm 1,,,,4200,,,https://www.mof.go.jp/policy/tab_salt/topics/20250319_kouriteika.pdf,1,高
a05ddcaf20a32adb,2025-03-19,令和7年3月19日,変更認可,,ｴｽﾃﾊﾞﾝ ｶﾚｰﾗｽ ｿｶﾞ ﾃﾞ ｵﾛ ﾏﾃﾞｭｰﾛ ﾄﾛ,エステバンカレーラスソガデオロマデューロトロ,146mm 1,,,,3600,,,https://www.mof.go.jp/policy/tab_salt/topics/20250319_kouriteika.pdf,1,高
06ea6ead070c5c88,2025-03-19,令和7年3月19日,変更認可,,ｴｽﾃﾊﾞﾝ ｶﾚｰﾗｽ ｿｶﾞ ﾃﾞ ｵﾛ ﾏﾃﾞｭｰﾛ ﾌﾞｰﾘｯﾄ,エステバンカレーラスソガデオロマデューロブーリット,120mm 1,,,,2600,,,https://www.mof.go.jp/policy/tab_salt/topics/20250319_kouriteika.pdf,1,高
fc4b7249c94289ef,2025-03-19,令和7年3月19日,変更認可,,ｴｽﾃﾊﾞﾝ ｶﾚｰﾗｽ ﾁｭﾊﾞｶﾌﾞﾗ ﾁｭﾋﾟﾀｽ,エステバンカレーラスチュバカブラチュピタス,102mm 1,,,,1550,,,https://www.mof.go.jp/policy/tab_salt/topics/20250319_kouriteika.pdf,1,高
50789256f600870e,2025-03-19,令和7年3月19日,変更認可,,ｴｽﾃﾊﾞﾝ ｶﾚｰﾗｽ ﾁｭﾊﾞｶﾌﾞﾗ ﾛﾌﾞｽﾄｸﾞﾗﾝﾃﾞ,エステバンカレーラスチュバカブラロブストグランデ,140mm 1,,,,2200,,,https://www.mof.go.jp/policy/tab_salt/topics/20250319_kouriteika.pdf,1,高
d0cc523692ec8d25,2025-03-19,令和7年3月19日,変更認可,,ｽﾀﾝﾚｰ･ﾀﾞﾌﾞﾙ･ｱｰﾙｸﾞﾚｲﾃｨｰ,スタンレーダブルアールグレイティー,25.0gﾊﾟｳﾁ,25,g,,720,,,https://www.mof.go.jp/policy/tab_salt/topics/20250319_kouriteika.pdf,1,高
9a7791731990d514,2025-03-19,令和7年3月19日,変更認可,,ｽﾀﾝﾚｰ･ﾀﾞﾌﾞﾙ･ｱｲｽﾐﾝﾄ,スタンレーダブルアイスミント,25.0gﾊﾟｳﾁ,25,g,,720,,,https://www.mof.go.jp/policy/tab_salt/topics/20250319_kouriteika.pdf,1,高
0574b0c872ac6550,2025-03-19,令和7年3月19日,変更認可,,ｽﾀﾝﾚｰ･ﾀﾞﾌﾞﾙ･ｱｯﾌﾟﾙ,スタンレーダブルアップル,25.0gﾊﾟｳﾁ,25,g,,720,,,https://www.mof.go.jp/policy/tab_salt/topics/20250319_kouriteika.pdf,1,高
8f1d49466f8bb31b,2025-03-19,令和7年3月19日,変更認可,,ｽﾀﾝﾚｰ･ﾀﾞﾌﾞﾙ･ｵﾚﾝｼﾞ,スタンレーダブルオレンジ,25.0gﾊﾟｳﾁ,25,g,,720,,,https://www.mof.go.jp/policy/tab_salt/topics/20250319_kouriteika.pdf,1,高
74bc222eece98cc5,2025-03-19,令和7年3月19日,変更認可,,ｽﾀﾝﾚｰ･ﾀﾞﾌﾞﾙ･ｶｼｽ,スタンレーダブルカシス,25.0gﾊﾟｳﾁ,25,g,,720,,,https://www.mof.go.jp/policy/tab_salt/topics/20250319_kouriteika.pdf,1,高
08d0a23038f98341,2025-03-19,令和7年3月19日,変更認可,,ｽﾀﾝﾚｰ･ﾀﾞﾌﾞﾙ･ｺｰﾋｰ,スタンレーダブルコーヒー,25.0gﾊﾟｳﾁ,25,g,,720,,,https://www.mof.go.jp/policy/tab_salt/topics/20250319_kouriteika.pdf,1,高
210e7367b24e7dde,2025-03-19,令和7年3月19日,変更認可,,ｽﾀﾝﾚｰ･ﾀﾞﾌﾞﾙ･ﾁｮｺﾚｰﾄ,スタンレーダブルチョコレート,25.0gﾊﾟｳﾁ,25,g,,720,,,https://www.mof.go.jp/policy/tab_salt/topics/20250319_kouriteika.pdf,1,高
d84ac56312a1826f,2025-03-19,令和7年3月19日,変更認可,,ｽﾀﾝﾚｰ･ﾀﾞﾌﾞﾙ･ﾊﾞﾆﾗ,スタンレーダブルバニラ,25.0gﾊﾟｳﾁ,25,g,,720,,,https://www.mof.go.jp/policy/tab_salt/topics/20250319_kouriteika.pdf,1,高
70d9084a60d789c9,2025-03-19,令和7年3月19日,変更認可,,ｽﾀﾝﾚｰ･ﾀﾞﾌﾞﾙ･ﾍｰｾﾞﾙﾅｯﾂ,スタンレーダブルヘーゼルナッツ,25.0gﾊﾟｳﾁ,25,g,,720,,,https://www.mof.go.jp/policy/tab_salt/topics/20250319_kouriteika.pdf,1,高
32833b8cb97462ce,2025-03-19,令和7年3月19日,変更認可,,ｽﾀﾝﾚｰ･ﾀﾞﾌﾞﾙ･ﾗｽﾞﾍﾞﾘｰ,スタンレーダブルラズベリー,25.0gﾊﾟｳﾁ,25,g,,720,,,https://www.mof.go.jp/policy/tab_salt/topics/20250319_kouriteika.pdf,1,高
2428d0f9d77b96f3,2025-03-19,令和7年3月19日,変更認可,,ｽﾀﾝﾚｰ･ﾀﾞﾌﾞﾙ･ﾘｺﾘｽ,スタンレーダブルリコリス,25.0gﾊﾟｳﾁ,25,g,,720,,,https://www.mof.go.jp/policy/tab_salt/topics/20250319_kouriteika.pdf,1,高
68dbb62b1dc526aa,2025-03-19,令和7年3月19日,変更認可,,ﾀﾞﾋﾞﾄﾞﾌ ｴｽｸﾘｵ 10th ｱﾆﾊﾞｰｻﾘｰ ﾘﾐﾃｯﾄﾞｴﾃﾞｨｼｮﾝ 2025,ダビドフエスクリオ10THアニバーサリーリミテッドエディション2025,152mm 1,,,,12000,,,https://www.mof.go.jp/policy/tab_salt/topics/20250319_kouriteika.pdf,1,高
2dcb5d2af06860ae,2025-03-19,令和7年3月19日,変更認可,,ﾌﾗﾝﾄﾞﾘｱ･ｺﾞｰﾙﾄﾞ,フランドリアゴールド,25.0gﾊﾟｳﾁ,25,g,,720,,,https://www.mof.go.jp/policy/tab_salt/topics/20250319_kouriteika.pdf,1,高
de56872a8a7cba5a,2025-03-19,令和7年3月19日,変更認可,,ﾌﾗﾝﾄﾞﾘｱ･ｼﾙﾊﾞｰ,フランドリアシルバー,25.0gﾊﾟｳﾁ,25,g,,720,,,https://www.mof.go.jp/policy/tab_salt/topics/20250319_kouriteika.pdf,1,高
a6b8eac6119cd523,2025-03-19,令和7年3月19日,変更認可,,ﾌﾛｰﾙ･ﾃﾞ･ｺﾊﾟﾝ ﾘﾈｱﾌﾟﾛｽ･ｺﾛﾅ,フロールデコパンリネアプロスコロナ,152mm 1,,,,1500,,,https://www.mof.go.jp/policy/tab_salt/topics/20250319_kouriteika.pdf,1,高
dc2f276cc70f46e9,2025-03-19,令和7年3月19日,変更認可,,ﾌﾛｰﾙ･ﾃﾞ･ｺﾊﾟﾝ ﾘﾈｱﾌﾟﾛｽ･ﾁｬｰﾁﾙ,フロールデコパンリネアプロスチャーチル,178mm 1,,,,2000,,,https://www.mof.go.jp/policy/tab_salt/topics/20250319_kouriteika.pdf,1,高
3505790198597b92,2025-03-19,令和7年3月19日,変更認可,,ﾌﾛｰﾙ･ﾃﾞ･ｺﾊﾟﾝ ﾘﾈｱﾌﾟﾛｽ･ﾛﾌﾞｽﾄ,フロールデコパンリネアプロスロブスト,127mm 1,,,,1700,,,https://www.mof.go.jp/policy/tab_salt/topics/20250319_kouriteika.pdf,1,高
66e210a6350271b3,2025-03-19,令和7年3月19日,変更認可,,ｴｽﾃﾊﾞﾝ ｶﾚｰﾗｽ Mr.ﾌﾞﾗｳﾝｽﾄｰﾝ ｾｾﾝﾀ,エステバンカレーラスMR.ブラウンストーンセセンタ,152mm 1,,,,2800,,,https://www.mof.go.jp/policy/tab_salt/topics/20250319_kouriteika.pdf,2,高
86992660d811d3a1,2025-03-19,令和7年3月19日,変更認可,,ｴｽﾃﾊﾞﾝ ｶﾚｰﾗｽ Mr.ﾌﾞﾗｳﾝｽﾄｰﾝ ﾁｭｰﾁｨ,エステバンカレーラスMR.ブラウンストーンチューチィ,178mm 1,,,,2450,,,https://www.mof.go.jp/policy/tab_salt/topics/20250319_kouriteika.pdf,2,高
88907d58a476d2e3,2025-03-19,令和7年3月19日,変更認可,,ｴｽﾃﾊﾞﾝ ｶﾚｰﾗｽ Mr.ﾌﾞﾗｳﾝｽﾄｰﾝ ﾄﾛ,エステバンカレーラスMR.ブラウンストーントロ,152mm 1,,,,2400,,,https://www.mof.go.jp/policy/tab_salt/topics/20250319_kouriteika.pdf,2,高
99304fe8062aa768,2025-03-19,令和7年3月19日,変更認可,,ｴｽﾃﾊﾞﾝ ｶﾚｰﾗｽ Mr.ﾌﾞﾗｳﾝｽﾄｰﾝ ﾌﾞｰﾘｯﾄ,エステバンカレーラスMR.ブラウンストーンブーリット,120mm 1,,,,1850,,,https://www.mof.go.jp/policy/tab_salt/topics/20250319_kouriteika.pdf,2,高
5eb89c10fd7d1b64,2025-03-19,令和7年3月19日,変更認可,,ｴｽﾃﾊﾞﾝ ｶﾚｰﾗｽ ｳﾞｨｼﾞﾗﾝﾃｨ ｺﾈﾁｶｯﾄ ﾁｬｰﾁﾙ,エステバンカレーラスヴィジランティコネチカットチャーチル,178mm 1,,,,1350,,,https://www.mof.go.jp/policy/tab_salt/topics/20250319_kouriteika.pdf,2,高
b82eace2294eedd1,2025-03-19,令和7年3月19日,変更認可,,ｴｽﾃﾊﾞﾝ ｶﾚｰﾗｽ ｳﾞｨｼﾞﾗﾝﾃｨ ｺﾈﾁｶｯﾄ ﾄﾛ,エステバンカレーラスヴィジランティコネチカットトロ,152mm 1,,,,1150,,,https://www.mof.go.jp/policy/tab_salt/topics/20250319_kouriteika.pdf,2,高
cdcf0b91d4b304c1,2025-03-19,令和7年3月19日,変更認可,,ｴｽﾃﾊﾞﾝ ｶﾚｰﾗｽ ｳﾞｨｼﾞﾗﾝﾃｨ ｼｸｽﾃｨ,エステバンカレーラスヴィジランティシクスティ,152mm 1,,,,1650,,,https://www.mof.go.jp/policy/tab_salt/topics/20250319_kouriteika.pdf,2,高
87b8cb92c1aa0493,2025-03-19,令和7年3月19日,変更認可,,ｴｽﾃﾊﾞﾝ ｶﾚｰﾗｽ ｳﾞｨｼﾞﾗﾝﾃｨ ﾁｬｰﾁﾙ,エステバンカレーラスヴィジランティチャーチル,178mm 1,,,,1350,,,https://www.mof.go.jp/policy/tab_salt/topics/20250319_kouriteika.pdf,2,高
455dcb0b2f3670af,2025-03-19,令和7年3月19日,変更認可,,ｴｽﾃﾊﾞﾝ ｶﾚｰﾗｽ ｳﾞｨｼﾞﾗﾝﾃｨ ﾄﾛ,エステバンカレーラスヴィジランティトロ,152mm 1,,,,1150,,,https://www.mof.go.jp/policy/tab_salt/topics/20250319_kouriteika.pdf,2,高
f540999171cf2dd0,2025-03-19,令和7年3月19日,変更認可,,ｴｽﾃﾊﾞﾝ ｶﾚｰﾗｽ ｳﾞｨｼﾞﾗﾝﾃｨ ﾏﾃﾞｭｰﾛ ｼｸｽﾃｨ,エステバンカレーラスヴィジランティマデューロシクスティ,152mm 1,,,,1650,,,https://www.mof.go.jp/policy/tab_salt/topics/20250319_kouriteika.pdf,2,高
bbdcd985ede90a72,2025-03-19,令和7年3月19日,変更認可,,ｴｽﾃﾊﾞﾝ ｶﾚｰﾗｽ ｳﾞｨｼﾞﾗﾝﾃｨ ﾏﾃﾞｭｰﾛ ﾁｬｰﾁﾙ,エステバンカレーラスヴィジランティマデューロチャーチル,178mm 1,,,,1350,,,https://www.mof.go.jp/policy/tab_salt/topics/20250319_kouriteika.pdf,2,高
efdb3f7286850245,2025-03-19,令和7年3月19日,変更認可,,ｴｽﾃﾊﾞﾝ ｶﾚｰﾗｽ ｳﾞｨｼﾞﾗﾝﾃｨ ﾏﾃﾞｭｰﾛ ﾄﾛ,エステバンカレーラスヴィジランティマデューロトロ,152mm 1,,,,1150,,,https://www.mof.go.jp/policy/tab_salt/topics/20250319_kouriteika.pdf,2,高
40c110b44d845e38,2025-03-19,令和7年3月19日,変更認可,,ｴｽﾃﾊﾞﾝ ｶﾚｰﾗｽ ｶｼﾐﾔ ｼｸｽﾃｨ,エステバンカレーラスカシミヤシクスティ,152mm 1,,,,2800,,,https://www.mof.go.jp/policy/tab_salt/topics/20250319_kouriteika.pdf,2,高
1f92952a9214874b,2025-03-19,令和7年3月19日,変更認可,,ｴｽﾃﾊﾞﾝ ｶﾚｰﾗｽ ｶｼﾐﾔ ﾁｬｰﾁﾙ,エステバンカレーラスカシミヤチャーチル,178mm 1,,,,2600,,,https://www.mof.go.jp/policy/tab_salt/topics/20250319_kouriteika.pdf,2,高
1b759767faed4287,2025-03-19,令和7年3月19日,変更認可,,ｴｽﾃﾊﾞﾝ ｶﾚｰﾗｽ ｶｼﾐﾔ ﾄﾛ,エステバンカレーラスカシミヤトロ,152mm 1,,,,2500,,,https://www.mof.go.jp/policy/tab_salt/topics/20250319_kouriteika.pdf,2,高
540d669f7752bc3e,2025-03-19,令和7年3月19日,変更認可,,ｴｽﾃﾊﾞﾝ ｶﾚｰﾗｽ ｶｼﾐﾔ ﾌﾞｰﾘｯﾄ,エステバンカレーラスカシミヤブーリット,120mm 1,,,,1900,,,https://www.mof.go.jp/policy/tab_salt/topics/20250319_kouriteika.pdf,2,高
e7c10317872676ff,2025-03-19,令和7年3月19日,変更認可,,ｴｽﾃﾊﾞﾝ ｶﾚｰﾗｽ ﾁｭﾊﾞｶﾌﾞﾗ ｺﾞﾙﾃﾞｨｰﾄ,エステバンカレーラスチュバカブラゴルディート,132mm 1,,,,2650,,,https://www.mof.go.jp/policy/tab_salt/topics/20250319_kouriteika.pdf,2,高
cff7b4f78f68efe8,2025-03-19,令和7年3月19日,変更認可,,ｴｽﾃﾊﾞﾝ ｶﾚｰﾗｽ ﾁｭﾊﾞｶﾌﾞﾗ ｼｸｽﾃｨ,エステバンカレーラスチュバカブラシクスティ,152mm 1,,,,2850,,,https://www.mof.go.jp/policy/tab_salt/topics/20250319_kouriteika.pdf,2,高
9d51ea617e8e0a13,2025-03-19,令和7年3月19日,変更認可,,ｴｽﾃﾊﾞﾝ ｶﾚｰﾗｽ ﾁｭﾊﾞｶﾌﾞﾗ ﾄﾛ,エステバンカレーラスチュバカブラトロ,152mm 1,,,,2350,,,https://www.mof.go.jp/policy/tab_salt/topics/20250319_kouriteika.pdf,2,高
cc0989d56b6a9398,2025-03-19,令和7年3月19日,変更認可,,ｴｽﾃﾊﾞﾝ ｶﾚｰﾗｽ ﾌﾞﾗｯﾄﾞﾗｲﾝ ｺﾞﾙﾃﾞｨｰﾄ,エステバンカレーラスブラッドラインゴルディート,133mm 1,,,,2750,,,https://www.mof.go.jp/policy/tab_salt/topics/20250319_kouriteika.pdf,2,高
8bf442b56da38192,2025-03-19,令和7年3月19日,変更認可,,ｴｽﾃﾊﾞﾝ ｶﾚｰﾗｽ ﾌﾞﾗｯﾄﾞﾗｲﾝ ｽﾃﾏ,エステバンカレーラスブラッドラインステマ,165mm 1,,,,2250,,,https://www.mof.go.jp/policy/tab_salt/topics/20250319_kouriteika.pdf,2,高
66fa90c5c2cf538e,2025-03-19,令和7年3月19日,変更認可,,ｴｽﾃﾊﾞﾝ ｶﾚｰﾗｽ ﾌﾞﾗｯﾄﾞﾗｲﾝ ﾘﾆｴｰｼﾞ,エステバンカレーラスブラッドラインリニエージ,127mm 1,,,,2350,,,https://www.mof.go.jp/policy/tab_salt/topics/20250319_kouriteika.pdf,2,高
27571cb9eaca1765,2025-03-19,令和7年3月19日,変更認可,,ｴｽﾃﾊﾞﾝ ｶﾚｰﾗｽ ﾌﾞﾛﾝｽﾞｸﾛｽ ｼｸｽﾃｨ,エステバンカレーラスブロンズクロスシクスティ,152mm 1,,,,2700,,,https://www.mof.go.jp/policy/tab_salt/topics/20250319_kouriteika.pdf,2,高
70b0b709960b9d4c,2025-03-19,令和7年3月19日,変更認可,,ｴｽﾃﾊﾞﾝ ｶﾚｰﾗｽ ﾌﾞﾛﾝｽﾞｸﾛｽ ﾄﾛ,エステバンカレーラスブロンズクロストロ,140mm 1,,,,2350,,,https://www.mof.go.jp/policy/tab_salt/topics/20250319_kouriteika.pdf,2,高
d0b600edbc31f480,2025-03-19,令和7年3月19日,変更認可,,ｴｽﾃﾊﾞﾝ ｶﾚｰﾗｽ ﾌﾞﾛﾝｽﾞｸﾛｽ ﾌｨｷﾞｭﾗﾄﾞ,エステバンカレーラスブロンズクロスフィギュラド,165mm 1,,,,2500,,,https://www.mof.go.jp/policy/tab_salt/topics/20250319_kouriteika.pdf,2,高
72e0dd17e16e5663,2025-03-19,令和7年3月19日,変更認可,,ｴｽﾃﾊﾞﾝ ｶﾚｰﾗｽ ﾍﾙｷｬｯﾄ ｾｾﾝﾀ,エステバンカレーラスヘルキャットセセンタ,152mm 1,,,,2600,,,https://www.mof.go.jp/policy/tab_salt/topics/20250319_kouriteika.pdf,2,高
ea1633aebdb07bff,2025-03-19,令和7年3月19日,変更認可,,ｴｽﾃﾊﾞﾝ ｶﾚｰﾗｽ ﾍﾙｷｬｯﾄ ﾄﾛ ｸﾞﾗﾝﾃﾞ,エステバンカレーラスヘルキャットトログランデ,165mm 1,,,,2450,,,https://www.mof.go.jp/policy/tab_salt/topics/20250319_kouriteika.pdf,2,高
2ad11a4d9bd8b28b,2025-03-19,令和7年3月19日,変更認可,,ｴｽﾃﾊﾞﾝ ｶﾚｰﾗｽ ﾍﾙｷｬｯﾄ ﾍﾙｶﾃｨｰﾄ,エステバンカレーラスヘルキャットヘルカティート,114mm 1,,,,1750,,,https://www.mof.go.jp/policy/tab_salt/topics/20250319_kouriteika.pdf,2,高
1caccfce3ac44c7a,2025-03-19,令和7年3月19日,変更認可,,ｴｽﾃﾊﾞﾝ ｶﾚｰﾗｽ ﾍﾙｷｬｯﾄ ﾛﾌﾞｽﾄｸﾞﾗﾝﾃﾞ,エステバンカレーラスヘルキャットロブストグランデ,140mm 1,,,,2250,,,https://www.mof.go.jp/policy/tab_salt/topics/20250319_kouriteika.pdf,2,高
3fc19e99e53ea9f9,2025-03-19,令和7年3月19日,変更認可,,ｴｽﾃﾊﾞﾝ ｶﾚｰﾗｽ ｳﾞｨｼﾞﾗﾝﾃｨ ｺﾈﾁｶｯﾄ ｼｸｽﾃｨ,エステバンカレーラスヴィジランティコネチカットシクスティ,152mm 1,,,,1650,,,https://www.mof.go.jp/policy/tab_salt/topics/20250319_kouriteika.pdf,3,高
dd9706cc374c702c,2025-03-19,令和7年3月19日,変更認可,,ﾗ･ﾊﾟﾘｨｰﾅ 125 ﾄﾛ,ラパリィーナ125トロ,165mm 1,,,,7200,,,https://www.mof.go.jp/policy/tab_salt/topics/20250319_kouriteika.pdf,3,高
637fb55c3bc0a7c8,2025-03-19,令和7年3月19日,変更認可,,ﾗ･ﾊﾟﾘｨｰﾅ 125 ﾛﾌﾞｽﾄ,ラパリィーナ125ロブスト,140mm 1,,,,6800,,,https://www.mof.go.jp/policy/tab_salt/topics/20250319_kouriteika.pdf,3,高
7cd918a0c31a6411,2025-03-19,令和7年3月19日,変更認可,,ﾗ･ﾊﾟﾘｨｰﾅ 1948 ﾃﾞｨｱﾃﾞﾏ,ラパリィーナ1948ディアデマ,152mm 1,,,,6400,,,https://www.mof.go.jp/policy/tab_salt/topics/20250319_kouriteika.pdf,3,高
36f53f38446fcc12,2025-03-19,令和7年3月19日,変更認可,,ﾗ･ﾊﾟﾘｨｰﾅ KBｷﾙ･ﾋﾞﾙ,ラパリィーナKBキルビル,127mm 1,,,,2250,,,https://www.mof.go.jp/policy/tab_salt/topics/20250319_kouriteika.pdf,3,高
d7e64eb8ccf0b8be,2025-03-19,令和7年3月19日,変更認可,,ﾗ･ﾊﾟﾘｨｰﾅ KBｷﾙ･ﾋﾞﾙ,ラパリィーナKBキルビル,152mm 1,,,,2600,,,https://www.mof.go.jp/policy/tab_salt/topics/20250319_kouriteika.pdf,3,高
67c5919ae9eca82f,2025-03-19,令和7年3月19日,変更認可,,ﾗ･ﾊﾟﾘｨｰﾅ ｸﾗｼｯｸ ｺﾈﾁｶｯﾄ ﾛﾌﾞｽﾄ,ラパリィーナクラシックコネチカットロブスト,127mm 1,,,,2600,,,https://www.mof.go.jp/policy/tab_salt/topics/20250319_kouriteika.pdf,3,高
d00c2cdaf9d480bd,2025-03-19,令和7年3月19日,変更認可,,ﾗ･ﾊﾟﾘｨｰﾅ ｸﾗｼｯｸ ﾏﾃﾞｭｰﾛ ﾛﾌﾞｽﾄ,ラパリィーナクラシックマデューロロブスト,127mm 1,,,,2600,,,https://www.mof.go.jp/policy/tab_salt/topics/20250319_kouriteika.pdf,3,高
014e690130367433,2025-03-19,令和7年3月19日,変更認可,,ﾗ･ﾊﾟﾘｨｰﾅ ｸﾗｼｯｸ ﾛｻｰﾄﾞ ﾛﾌﾞｽﾄ,ラパリィーナクラシックロサードロブスト,140mm 1,,,,2800,,,https://www.mof.go.jp/policy/tab_salt/topics/20250319_kouriteika.pdf,3,高
07f5a21d7d1a4e09,2025-03-19,令和7年3月19日,変更認可,,ﾗ･ﾊﾟﾘｨｰﾅ ｺﾚｸｼｮﾝ 2024 ｺﾞｰﾙｩﾃﾞｨ ﾄﾛｸﾞﾗﾝﾃﾞ,ラパリィーナコレクション2024ゴールゥディトログランデ,158mm 1,,,,6800,,,https://www.mof.go.jp/policy/tab_salt/topics/20250319_kouriteika.pdf,3,高
d8a9396561cd7c47,2025-03-19,令和7年3月19日,変更認可,,ﾗ･ﾊﾟﾘｨｰﾅ ｼﾙﾊﾞｰﾗﾍﾞﾙ ﾛﾌﾞｽﾄ,ラパリィーナシルバーラベルロブスト,140mm 1,,,,2900,,,https://www.mof.go.jp/policy/tab_salt/topics/20250319_kouriteika.pdf,3,高
a217837b16d8a0ee,2025-03-19,令和7年3月19日,変更認可,,ﾗ･ﾊﾟﾘｨｰﾅ ﾆｶﾗｸﾞｱ ｵｽｸﾛ ﾄﾛ,ラパリィーナニカラグアオスクロトロ,152mm 1,,,,3400,,,https://www.mof.go.jp/policy/tab_salt/topics/20250319_kouriteika.pdf,3,高
77d637225c15fadb,2025-03-19,令和7年3月19日,変更認可,,ﾗ･ﾊﾟﾘｨｰﾅ ﾆｶﾗｸﾞｱ ｺﾈﾁｶｯﾄ ﾄﾛ,ラパリィーナニカラグアコネチカットトロ,152mm 1,,,,3400,,,https://www.mof.go.jp/policy/tab_salt/topics/20250319_kouriteika.pdf,3,高
66bc9fe9f3555e43,2025-03-19,令和7年3月19日,変更認可,,ﾗ･ﾊﾟﾘｨｰﾅ ﾌﾞﾗｯｸﾗﾍﾞﾙ ﾄﾛ,ラパリィーナブラックラベルトロ,152mm 1,,,,3200,,,https://www.mof.go.jp/policy/tab_salt/topics/20250319_kouriteika.pdf,3,高
3e40e492f77c3272,2025-03-19,令和7年3月19日,変更認可,,ﾗ･ﾊﾟﾘｨｰﾅ ﾌﾞﾙｰﾗﾍﾞﾙ ﾄﾛ,ラパリィーナブルーラベルトロ,165mm 1,,,,3200,,,https://www.mof.go.jp/policy/tab_salt/topics/20250319_kouriteika.pdf,3,高
08abde0b8bd0c4ba,2025-03-19,令和7年3月19日,変更認可,,ﾗ･ﾊﾟﾘｨｰﾅ ﾌﾞﾛﾝｽﾞﾗﾍﾞﾙ ﾛﾌﾞｽﾄ,ラパリィーナブロンズラベルロブスト,140mm 1,,,,2900,,,https://www.mof.go.jp/policy/tab_salt/topics/20250319_kouriteika.pdf,3,高
d5a9207bde03a88a,2025-03-19,令和7年3月19日,変更認可,,ﾗ･ﾊﾟﾘｨｰﾅ ﾎﾜｲﾄﾗﾍﾞﾙ ﾁｬｰﾁﾙ,ラパリィーナホワイトラベルチャーチル,178mm 1,,,,3500,,,https://www.mof.go.jp/policy/tab_salt/topics/20250319_kouriteika.pdf,3,高
794d0a3068a9e15e,2025-03-19,令和7年3月19日,変更認可,,ﾗ･ﾊﾟﾘｨｰﾅ ﾚｯﾄﾞﾗﾍﾞﾙ ﾄﾛ,ラパリィーナレッドラベルトロ,165mm 1,,,,3200,,,https://www.mof.go.jp/policy/tab_salt/topics/20250319_kouriteika.pdf,3,高
27d1ded18953b6ba,2025-03-18,令和7年3月18日,変更認可,,DOZAJ ACAI,DOZAJACAI,50.0gﾊﾟｯｸ,50,g,,1750,1650,2025-04-10,https://www.mof.go.jp/policy/tab_salt/topics/20250318_kouriteikahenkou.pdf,1,高
b76f7f019fb5e69a,2025-03-18,令和7年3月18日,変更認可,,DOZAJ ALMOND,DOZAJALMOND,50.0gﾊﾟｯｸ,50,g,,1750,1650,2025-04-10,https://www.mof.go.jp/policy/tab_salt/topics/20250318_kouriteikahenkou.pdf,1,高
584c6bec64ffcb2e,2025-03-18,令和7年3月18日,変更認可,,DOZAJ AND THE UGLY,DOZAJANDTHEUGLY,50.0gﾊﾟｯｸ,50,g,,1750,1650,2025-04-10,https://www.mof.go.jp/policy/tab_salt/topics/20250318_kouriteikahenkou.pdf,1,高
10336380c772871f,2025-03-18,令和7年3月18日,変更認可,,DOZAJ ANGEL KISS,DOZAJANGELKISS,50.0gﾊﾟｯｸ,50,g,,1750,1650,2025-04-10,https://www.mof.go.jp/policy/tab_salt/topics/20250318_kouriteikahenkou.pdf,1,高
013afcc36574246b,2025-03-18,令和7年3月18日,変更認可,,DOZAJ BANANA,DOZAJBANANA,50.0gﾊﾟｯｸ,50,g,,1750,1650,2025-04-10,https://www.mof.go.jp/policy/tab_salt/topics/20250318_kouriteikahenkou.pdf,1,高
6c40bb33d7642052,2025-03-18,令和7年3月18日,変更認可,,DOZAJ BANANA MILKSHAKE,DOZAJBANANAMILKSHAKE,50.0gﾊﾟｯｸ,50,g,,1750,1650,2025-04-10,https://www.mof.go.jp/policy/tab_salt/topics/20250318_kouriteikahenkou.pdf,1,高
e5b8b82380ac23fd,2025-03-18,令和7年3月18日,変更認可,,DOZAJ BASIL,DOZAJBASIL,50.0gﾊﾟｯｸ,50,g,,1750,1650,2025-04-10,https://www.mof.go.jp/policy/tab_salt/topics/20250318_kouriteikahenkou.pdf,1,高
54b4c93b0aa6ebd5,2025-03-18,令和7年3月18日,変更認可,,DOZAJ BELGIUM WAFFLE,DOZAJBELGIUMWAFFLE,50.0gﾊﾟｯｸ,50,g,,1750,1650,2025-04-10,https://www.mof.go.jp/policy/tab_salt/topics/20250318_kouriteikahenkou.pdf,1,高
e9433fb26e0b0e3f,2025-03-18,令和7年3月18日,変更認可,,DOZAJ BERGAMOT TEA,DOZAJBERGAMOTTEA,50.0gﾊﾟｯｸ,50,g,,1750,1650,2025-04-10,https://www.mof.go.jp/policy/tab_salt/topics/20250318_kouriteikahenkou.pdf,1,高
ca395da84134cc5a,2025-03-18,令和7年3月18日,変更認可,,DOZAJ BISCUIT,DOZAJBISCUIT,50.0gﾊﾟｯｸ,50,g,,1750,1650,2025-04-10,https://www.mof.go.jp/policy/tab_salt/topics/20250318_kouriteikahenkou.pdf,1,高
534ca94f9d775f22,2025-03-18,令和7年3月18日,変更認可,,DOZAJ BLACK CURRANT,DOZAJBLACKCURRANT,50.0gﾊﾟｯｸ,50,g,,1750,1650,2025-04-10,https://www.mof.go.jp/policy/tab_salt/topics/20250318_kouriteikahenkou.pdf,1,高
e8660b73a57cf066,2025-03-18,令和7年3月18日,変更認可,,DOZAJ BLACK TEA,DOZAJBLACKTEA,50.0gﾊﾟｯｸ,50,g,,1750,1650,2025-04-10,https://www.mof.go.jp/policy/tab_salt/topics/20250318_kouriteikahenkou.pdf,1,高
e9722e778c74ec1f,2025-03-18,令和7年3月18日,変更認可,,DOZAJ BLACKBERRY,DOZAJBLACKBERRY,50.0gﾊﾟｯｸ,50,g,,1750,1650,2025-04-10,https://www.mof.go.jp/policy/tab_salt/topics/20250318_kouriteikahenkou.pdf,1,高
7287e4d24b625560,2025-03-18,令和7年3月18日,変更認可,,DOZAJ BLUE SKY,DOZAJBLUESKY,50.0gﾊﾟｯｸ,50,g,,1750,1650,2025-04-10,https://www.mof.go.jp/policy/tab_salt/topics/20250318_kouriteikahenkou.pdf,1,高
6f3a7619be651c39,2025-03-18,令和7年3月18日,変更認可,,DOZAJ BLUEBERRY,DOZAJBLUEBERRY,50.0gﾊﾟｯｸ,50,g,,1750,1650,2025-04-10,https://www.mof.go.jp/policy/tab_salt/topics/20250318_kouriteikahenkou.pdf,1,高
1c27c7a7b8fa13e0,2025-03-18,令和7年3月18日,変更認可,,DOZAJ BLUEBERRY LIME LYCHEE,DOZAJBLUEBERRYLIMELYCHEE,50.0gﾊﾟｯｸ,50,g,,1750,1650,2025-04-10,https://www.mof.go.jp/policy/tab_salt/topics/20250318_kouriteikahenkou.pdf,1,高
a81d60fde0531366,2025-03-18,令和7年3月18日,変更認可,,DOZAJ BROWN SUGAR,DOZAJBROWNSUGAR,50.0gﾊﾟｯｸ,50,g,,1750,1650,2025-04-10,https://www.mof.go.jp/policy/tab_salt/topics/20250318_kouriteikahenkou.pdf,1,高
77fa153342a4bf6c,2025-03-18,令和7年3月18日,変更認可,,DOZAJ BROWNIE CHERRY,DOZAJBROWNIECHERRY,50.0gﾊﾟｯｸ,50,g,,1750,1650,2025-04-10,https://www.mof.go.jp/policy/tab_salt/topics/20250318_kouriteikahenkou.pdf,1,高
06204085bbe5d276,2025-03-18,令和7年3月18日,変更認可,,DOZAJ BUTTER,DOZAJBUTTER,50.0gﾊﾟｯｸ,50,g,,1750,1650,2025-04-10,https://www.mof.go.jp/policy/tab_salt/topics/20250318_kouriteikahenkou.pdf,1,高
bc23ec55fa1499db,2025-03-18,令和7年3月18日,変更認可,,DOZAJ CACTUS,DOZAJCACTUS,50.0gﾊﾟｯｸ,50,g,,1750,1650,2025-04-10,https://www.mof.go.jp/policy/tab_salt/topics/20250318_kouriteikahenkou.pdf,1,高
63ec5aa7ffb7b16a,2025-03-18,令和7年3月18日,変更認可,,DOZAJ CAPPUCCINO,DOZAJCAPPUCCINO,50.0gﾊﾟｯｸ,50,g,,1750,1650,2025-04-10,https://www.mof.go.jp/policy/tab_salt/topics/20250318_kouriteikahenkou.pdf,1,高
fc937f7142b614ca,2025-03-18,令和7年3月18日,変更認可,,DOZAJ CARAMEL,DOZAJCARAMEL,50.0gﾊﾟｯｸ,50,g,,1750,1650,2025-04-10,https://www.mof.go.jp/policy/tab_salt/topics/20250318_kouriteikahenkou.pdf,1,高
bc5e9d1f1d8db55e,2025-03-18,令和7年3月18日,変更認可,,DOZAJ CARDAMON,DOZAJCARDAMON,50.0gﾊﾟｯｸ,50,g,,1750,1650,2025-04-10,https://www.mof.go.jp/policy/tab_salt/topics/20250318_kouriteikahenkou.pdf,1,高
a6812bc03b620205,2025-03-18,令和7年3月18日,変更認可,,DOZAJ CASABLANCA,DOZAJCASABLANCA,50.0gﾊﾟｯｸ,50,g,,1750,1650,2025-04-10,https://www.mof.go.jp/policy/tab_salt/topics/20250318_kouriteikahenkou.pdf,1,高
d237821fe7c54a75,2025-03-18,令和7年3月18日,変更認可,,DOZAJ CHERRY,DOZAJCHERRY,50.0gﾊﾟｯｸ,50,g,,1750,1650,2025-04-10,https://www.mof.go.jp/policy/tab_salt/topics/20250318_kouriteikahenkou.pdf,1,高
5505907352696408,2025-03-18,令和7年3月18日,変更認可,,DOZAJ CHOCOLATE,DOZAJCHOCOLATE,50.0gﾊﾟｯｸ,50,g,,1750,1650,2025-04-10,https://www.mof.go.jp/policy/tab_salt/topics/20250318_kouriteikahenkou.pdf,1,高
4dd0d981b0296784,2025-03-18,令和7年3月18日,変更認可,,DOZAJ CINNAMON,DOZAJCINNAMON,50.0gﾊﾟｯｸ,50,g,,1750,1650,2025-04-10,https://www.mof.go.jp/policy/tab_salt/topics/20250318_kouriteikahenkou.pdf,1,高
7702729ffcd0595b,2025-03-18,令和7年3月18日,変更認可,,DOZAJ COCONUT,DOZAJCOCONUT,50.0gﾊﾟｯｸ,50,g,,1750,1650,2025-04-10,https://www.mof.go.jp/policy/tab_salt/topics/20250318_kouriteikahenkou.pdf,1,高
b0a3e75415312f09,2025-03-18,令和7年3月18日,変更認可,,DOZAJ COTTON CANDY,DOZAJCOTTONCANDY,50.0gﾊﾟｯｸ,50,g,,1750,1650,2025-04-10,https://www.mof.go.jp/policy/tab_salt/topics/20250318_kouriteikahenkou.pdf,1,高
efa163834e224892,2025-03-18,令和7年3月18日,変更認可,,DOZAJ CUBA DREAM,DOZAJCUBADREAM,50.0gﾊﾟｯｸ,50,g,,1750,1650,2025-04-10,https://www.mof.go.jp/policy/tab_salt/topics/20250318_kouriteikahenkou.pdf,1,高
0af3a386f041474d,2025-03-18,令和7年3月18日,変更認可,,DOZAJ CUCUMBER,DOZAJCUCUMBER,50.0gﾊﾟｯｸ,50,g,,1750,1650,2025-04-10,https://www.mof.go.jp/policy/tab_salt/topics/20250318_kouriteikahenkou.pdf,1,高
a3396d2fba5aff80,2025-03-18,令和7年3月18日,変更認可,,DOZAJ DEAD SEA,DOZAJDEADSEA,50.0gﾊﾟｯｸ,50,g,,1750,1650,2025-04-10,https://www.mof.go.jp/policy/tab_salt/topics/20250318_kouriteikahenkou.pdf,1,高
77b09a84db7724e7,2025-03-18,令和7年3月18日,変更認可,,DOZAJ DRAGON FRUIT,DOZAJDRAGONFRUIT,50.0gﾊﾟｯｸ,50,g,,1750,1650,2025-04-10,https://www.mof.go.jp/policy/tab_salt/topics/20250318_kouriteikahenkou.pdf,2,高
e7594d857ce2a518,2025-03-18,令和7年3月18日,変更認可,,DOZAJ ETERNAL,DOZAJETERNAL,50.0gﾊﾟｯｸ,50,g,,1750,1650,2025-04-10,https://www.mof.go.jp/policy/tab_salt/topics/20250318_kouriteikahenkou.pdf,2,高
1a00966ba58d35fe,2025-03-18,令和7年3月18日,変更認可,,DOZAJ FIG,DOZAJFIG,50.0gﾊﾟｯｸ,50,g,,1750,1650,2025-04-10,https://www.mof.go.jp/policy/tab_salt/topics/20250318_kouriteikahenkou.pdf,2,高
4731dc60d9e7a674,2025-03-18,令和7年3月18日,変更認可,,DOZAJ FURY WINTER,DOZAJFURYWINTER,50.0gﾊﾟｯｸ,50,g,,1750,1650,2025-04-10,https://www.mof.go.jp/policy/tab_salt/topics/20250318_kouriteikahenkou.pdf,2,高
f54aa7da05451c16,2025-03-18,令和7年3月18日,変更認可,,DOZAJ GINGER COCONUT,DOZAJGINGERCOCONUT,50.0gﾊﾟｯｸ,50,g,,1750,1650,2025-04-10,https://www.mof.go.jp/policy/tab_salt/topics/20250318_kouriteikahenkou.pdf,2,高
97da01ff97fe6f81,2025-03-18,令和7年3月18日,変更認可,,DOZAJ GRAPE,DOZAJGRAPE,50.0gﾊﾟｯｸ,50,g,,1750,1650,2025-04-10,https://www.mof.go.jp/policy/tab_salt/topics/20250318_kouriteikahenkou.pdf,2,高
cfb5e89315452d36,2025-03-18,令和7年3月18日,変更認可,,DOZAJ GRAPEFRUIT,DOZAJGRAPEFRUIT,50.0gﾊﾟｯｸ,50,g,,1750,1650,2025-04-10,https://www.mof.go.jp/policy/tab_salt/topics/20250318_kouriteikahenkou.pdf,2,高
be1b852b7ed2692f,2025-03-18,令和7年3月18日,変更認可,,DOZAJ GREEN MIX,DOZAJGREENMIX,50.0gﾊﾟｯｸ,50,g,,1750,1650,2025-04-10,https://www.mof.go.jp/policy/tab_salt/topics/20250318_kouriteikahenkou.pdf,2,高
a642bf8b46caa6f6,2025-03-18,令和7年3月18日,変更認可,,DOZAJ GREEN TEA,DOZAJGREENTEA,50.0gﾊﾟｯｸ,50,g,,1750,1650,2025-04-10,https://www.mof.go.jp/policy/tab_salt/topics/20250318_kouriteikahenkou.pdf,2,高
e679aba3ed1dbcab,2025-03-18,令和7年3月18日,変更認可,,DOZAJ GUAVA,DOZAJGUAVA,50.0gﾊﾟｯｸ,50,g,,1750,1650,2025-04-10,https://www.mof.go.jp/policy/tab_salt/topics/20250318_kouriteikahenkou.pdf,2,高
b53e8c09281be067,2025-03-18,令和7年3月18日,変更認可,,DOZAJ GUM,DOZAJGUM,50.0gﾊﾟｯｸ,50,g,,1750,1650,2025-04-10,https://www.mof.go.jp/policy/tab_salt/topics/20250318_kouriteikahenkou.pdf,2,高
8e9a47fb23b2731b,2025-03-18,令和7年3月18日,変更認可,,DOZAJ GUM MASTIC,DOZAJGUMMASTIC,50.0gﾊﾟｯｸ,50,g,,1750,1650,2025-04-10,https://www.mof.go.jp/policy/tab_salt/topics/20250318_kouriteikahenkou.pdf,2,高
67174dc24b8b1da2,2025-03-18,令和7年3月18日,変更認可,,DOZAJ HAZELNUT,DOZAJHAZELNUT,50.0gﾊﾟｯｸ,50,g,,1750,1650,2025-04-10,https://www.mof.go.jp/policy/tab_salt/topics/20250318_kouriteikahenkou.pdf,2,高
9425ea8d7bda7646,2025-03-18,令和7年3月18日,変更認可,,DOZAJ HONEY,DOZAJHONEY,50.0gﾊﾟｯｸ,50,g,,1750,1650,2025-04-10,https://www.mof.go.jp/policy/tab_salt/topics/20250318_kouriteikahenkou.pdf,2,高
e4a00cdaccbf10fc,2025-03-18,令和7年3月18日,変更認可,,DOZAJ ICE,DOZAJICE,50.0gﾊﾟｯｸ,50,g,,1750,1650,2025-04-10,https://www.mof.go.jp/policy/tab_salt/topics/20250318_kouriteikahenkou.pdf,2,高
b2dfeec48985026a,2025-03-18,令和7年3月18日,変更認可,,DOZAJ ICE CREAM LEMON,DOZAJICECREAMLEMON,50.0gﾊﾟｯｸ,50,g,,1750,1650,2025-04-10,https://www.mof.go.jp/policy/tab_salt/topics/20250318_kouriteikahenkou.pdf,2,高
a337d792e946167f,2025-03-18,令和7年3月18日,変更認可,,DOZAJ JASMINE,DOZAJJASMINE,50.0gﾊﾟｯｸ,50,g,,1750,1650,2025-04-10,https://www.mof.go.jp/policy/tab_salt/topics/20250318_kouriteikahenkou.pdf,2,高
b9174597e0ce5443,2025-03-18,令和7年3月18日,変更認可,,DOZAJ KASHMIR,DOZAJKASHMIR,50.0gﾊﾟｯｸ,50,g,,1750,1650,2025-04-10,https://www.mof.go.jp/policy/tab_salt/topics/20250318_kouriteikahenkou.pdf,2,高
5a8093669fa73b20,2025-03-18,令和7年3月18日,変更認可,,DOZAJ KILLER QUEEN,DOZAJKILLERQUEEN,50.0gﾊﾟｯｸ,50,g,,1750,1650,2025-04-10,https://www.mof.go.jp/policy/tab_salt/topics/20250318_kouriteikahenkou.pdf,2,高
f0738082d789e74d,2025-03-18,令和7年3月18日,変更認可,,DOZAJ KIWI,DOZAJKIWI,50.0gﾊﾟｯｸ,50,g,,1750,1650,2025-04-10,https://www.mof.go.jp/policy/tab_salt/topics/20250318_kouriteikahenkou.pdf,2,高
4ed5f67b0abb25bc,2025-03-18,令和7年3月18日,変更認可,,DOZAJ KRUVASAN MARMALADE,DOZAJKRUVASANMARMALADE,50.0gﾊﾟｯｸ,50,g,,1750,1650,2025-04-10,https://www.mof.go.jp/policy/tab_salt/topics/20250318_kouriteikahenkou.pdf,2,高
5f51ba10aea4ed35,2025-03-18,令和7年3月18日,変更認可,,DOZAJ LEMON,DOZAJLEMON,50.0gﾊﾟｯｸ,50,g,,1750,1650,2025-04-10,https://www.mof.go.jp/policy/tab_salt/topics/20250318_kouriteikahenkou.pdf,2,高
65fe3f62f90962fc,2025-03-18,令和7年3月18日,変更認可,,DOZAJ LIME,DOZAJLIME,50.0gﾊﾟｯｸ,50,g,,1750,1650,2025-04-10,https://www.mof.go.jp/policy/tab_salt/topics/20250318_kouriteikahenkou.pdf,2,高
e8594be508dd8ab9,2025-03-18,令和7年3月18日,変更認可,,DOZAJ LINDEN TEA,DOZAJLINDENTEA,50.0gﾊﾟｯｸ,50,g,,1750,1650,2025-04-10,https://www.mof.go.jp/policy/tab_salt/topics/20250318_kouriteikahenkou.pdf,2,高
6a827540275dc967,2025-03-18,令和7年3月18日,変更認可,,DOZAJ LOVELY,DOZAJLOVELY,50.0gﾊﾟｯｸ,50,g,,1750,1650,2025-04-10,https://www.mof.go.jp/policy/tab_salt/topics/20250318_kouriteikahenkou.pdf,2,高
7e3bc05e8a2040fc,2025-03-18,令和7年3月18日,変更認可,,DOZAJ LYCHEE,DOZAJLYCHEE,50.0gﾊﾟｯｸ,50,g,,1750,1650,2025-04-10,https://www.mof.go.jp/policy/tab_salt/topics/20250318_kouriteikahenkou.pdf,2,高
eb41f9e218d0d366,2025-03-18,令和7年3月18日,変更認可,,DOZAJ MACARON PINK,DOZAJMACARONPINK,50.0gﾊﾟｯｸ,50,g,,1750,1650,2025-04-10,https://www.mof.go.jp/policy/tab_salt/topics/20250318_kouriteikahenkou.pdf,2,高
31c8a63e76fc8384,2025-03-18,令和7年3月18日,変更認可,,DOZAJ MAGIC SMOKE,DOZAJMAGICSMOKE,50.0gﾊﾟｯｸ,50,g,,1750,1650,2025-04-10,https://www.mof.go.jp/policy/tab_salt/topics/20250318_kouriteikahenkou.pdf,2,高
bcece337cdcab09a,2025-03-18,令和7年3月18日,変更認可,,DOZAJ MANGO,DOZAJMANGO,50.0gﾊﾟｯｸ,50,g,,1750,1650,2025-04-10,https://www.mof.go.jp/policy/tab_salt/topics/20250318_kouriteikahenkou.pdf,2,高
fe98cd7f6774027b,2025-03-18,令和7年3月18日,変更認可,,DOZAJ MARACUJA,DOZAJMARACUJA,50.0gﾊﾟｯｸ,50,g,,1750,1650,2025-04-10,https://www.mof.go.jp/policy/tab_salt/topics/20250318_kouriteikahenkou.pdf,2,高
63cc0dccdaa5f886,2025-03-18,令和7年3月18日,変更認可,,DOZAJ MARSHALL,DOZAJMARSHALL,50.0gﾊﾟｯｸ,50,g,,1750,1650,2025-04-10,https://www.mof.go.jp/policy/tab_salt/topics/20250318_kouriteikahenkou.pdf,2,高
bc2c3e0881990a3e,2025-03-18,令和7年3月18日,変更認可,,DOZAJ MELON,DOZAJMELON,50.0gﾊﾟｯｸ,50,g,,1750,1650,2025-04-10,https://www.mof.go.jp/policy/tab_salt/topics/20250318_kouriteikahenkou.pdf,2,高
198b169b3400132d,2025-03-18,令和7年3月18日,変更認可,,DOZAJ MILK,DOZAJMILK,50.0gﾊﾟｯｸ,50,g,,1750,1650,2025-04-10,https://www.mof.go.jp/policy/tab_salt/topics/20250318_kouriteikahenkou.pdf,3,高
99c4934d36dea295,2025-03-18,令和7年3月18日,変更認可,,DOZAJ MINT,DOZAJMINT,50.0gﾊﾟｯｸ,50,g,,1750,1650,2025-04-10,https://www.mof.go.jp/policy/tab_salt/topics/20250318_kouriteikahenkou.pdf,3,高
a89ef0875541c0f7,2025-03-18,令和7年3月18日,変更認可,,DOZAJ NES QUICKLY,DOZAJNESQUICKLY,50.0gﾊﾟｯｸ,50,g,,1750,1650,2025-04-10,https://www.mof.go.jp/policy/tab_salt/topics/20250318_kouriteikahenkou.pdf,3,高
548bc17ca4ce6556,2025-03-18,令和7年3月18日,変更認可,,DOZAJ ORANGE,DOZAJORANGE,50.0gﾊﾟｯｸ,50,g,,1750,1650,2025-04-10,https://www.mof.go.jp/policy/tab_salt/topics/20250318_kouriteikahenkou.pdf,3,高
edd480609f3c3835,2025-03-18,令和7年3月18日,変更認可,,DOZAJ PANCAKE,DOZAJPANCAKE,50.0gﾊﾟｯｸ,50,g,,1750,1650,2025-04-10,https://www.mof.go.jp/policy/tab_salt/topics/20250318_kouriteikahenkou.pdf,3,高
cb64eac3b9b75e62,2025-03-18,令和7年3月18日,変更認可,,DOZAJ PASSION FRUIT,DOZAJPASSIONFRUIT,50.0gﾊﾟｯｸ,50,g,,1750,1650,2025-04-10,https://www.mof.go.jp/policy/tab_salt/topics/20250318_kouriteikahenkou.pdf,3,高
472eb56914709a29,2025-03-18,令和7年3月18日,変更認可,,DOZAJ PEACH,DOZAJPEACH,50.0gﾊﾟｯｸ,50,g,,1750,1650,2025-04-10,https://www.mof.go.jp/policy/tab_salt/topics/20250318_kouriteikahenkou.pdf,3,高
b2c8c6f0affaf803,2025-03-18,令和7年3月18日,変更認可,,DOZAJ PEANUT BUTTER,DOZAJPEANUTBUTTER,50.0gﾊﾟｯｸ,50,g,,1750,1650,2025-04-10,https://www.mof.go.jp/policy/tab_salt/topics/20250318_kouriteikahenkou.pdf,3,高
401d4904f815a2ff,2025-03-18,令和7年3月18日,変更認可,,DOZAJ PEAR,DOZAJPEAR,50.0gﾊﾟｯｸ,50,g,,1750,1650,2025-04-10,https://www.mof.go.jp/policy/tab_salt/topics/20250318_kouriteikahenkou.pdf,3,高
85074d95e8d13a98,2025-03-18,令和7年3月18日,変更認可,,DOZAJ PINEAPPLE,DOZAJPINEAPPLE,50.0gﾊﾟｯｸ,50,g,,1750,1650,2025-04-10,https://www.mof.go.jp/policy/tab_salt/topics/20250318_kouriteikahenkou.pdf,3,高
921ab6c208de81b1,2025-03-18,令和7年3月18日,変更認可,,DOZAJ PINK LEMONADE,DOZAJPINKLEMONADE,50.0gﾊﾟｯｸ,50,g,,1750,1650,2025-04-10,https://www.mof.go.jp/policy/tab_salt/topics/20250318_kouriteikahenkou.pdf,3,高
b058ff4ad5860820,2025-03-18,令和7年3月18日,変更認可,,DOZAJ PISTACHIO,DOZAJPISTACHIO,50.0gﾊﾟｯｸ,50,g,,1750,1650,2025-04-10,https://www.mof.go.jp/policy/tab_salt/topics/20250318_kouriteikahenkou.pdf,3,高
3ba6877cb98031ba,2025-03-18,令和7年3月18日,変更認可,,DOZAJ PLUM,DOZAJPLUM,50.0gﾊﾟｯｸ,50,g,,1750,1650,2025-04-10,https://www.mof.go.jp/policy/tab_salt/topics/20250318_kouriteikahenkou.pdf,3,高
45f5b766d52cb7d9,2025-03-18,令和7年3月18日,変更認可,,DOZAJ POMEGRANATE,DOZAJPOMEGRANATE,50.0gﾊﾟｯｸ,50,g,,1750,1650,2025-04-10,https://www.mof.go.jp/policy/tab_salt/topics/20250318_kouriteikahenkou.pdf,3,高
2e7521915545e2f7,2025-03-18,令和7年3月18日,変更認可,,DOZAJ POMEGRANDE YOGURT,DOZAJPOMEGRANDEYOGURT,50.0gﾊﾟｯｸ,50,g,,1750,1650,2025-04-10,https://www.mof.go.jp/policy/tab_salt/topics/20250318_kouriteikahenkou.pdf,3,高
cf79ffa968d77758,2025-03-18,令和7年3月18日,変更認可,,DOZAJ POPCORN,DOZAJPOPCORN,50.0gﾊﾟｯｸ,50,g,,1750,1650,2025-04-10,https://www.mof.go.jp/policy/tab_salt/topics/20250318_kouriteikahenkou.pdf,3,高
c0fc15d4c6998c74,2025-03-18,令和7年3月18日,変更認可,,DOZAJ PROBIS,DOZAJPROBIS,50.0gﾊﾟｯｸ,50,g,,1750,1650,2025-04-10,https://www.mof.go.jp/policy/tab_salt/topics/20250318_kouriteikahenkou.pdf,3,高
4778d8c7acd5d652,2025-03-18,令和7年3月18日,変更認可,,DOZAJ PUMPKIN CAKE,DOZAJPUMPKINCAKE,50.0gﾊﾟｯｸ,50,g,,1750,1650,2025-04-10,https://www.mof.go.jp/policy/tab_salt/topics/20250318_kouriteikahenkou.pdf,3,高
8671e3090b16a6c0,2025-03-18,令和7年3月18日,変更認可,,DOZAJ PUMPKIN SPICE LATTE,DOZAJPUMPKINSPICELATTE,50.0gﾊﾟｯｸ,50,g,,1750,1650,2025-04-10,https://www.mof.go.jp/policy/tab_salt/topics/20250318_kouriteikahenkou.pdf,3,高
da8c59abdb23afac,2025-03-18,令和7年3月18日,変更認可,,DOZAJ QUIENCE,DOZAJQUIENCE,50.0gﾊﾟｯｸ,50,g,,1750,1650,2025-04-10,https://www.mof.go.jp/policy/tab_salt/topics/20250318_kouriteikahenkou.pdf,3,高
8532dcbe8dd7e816,2025-03-18,令和7年3月18日,変更認可,,DOZAJ SESAME,DOZAJSESAME,50.0gﾊﾟｯｸ,50,g,,1750,1650,2025-04-10,https://www.mof.go.jp/policy/tab_salt/topics/20250318_kouriteikahenkou.pdf,3,高
61a0a8a457ec19c1,2025-03-18,令和7年3月18日,変更認可,,DOZAJ SMOKE PASSION,DOZAJSMOKEPASSION,50.0gﾊﾟｯｸ,50,g,,1750,1650,2025-04-10,https://www.mof.go.jp/policy/tab_salt/topics/20250318_kouriteikahenkou.pdf,3,高
f79ce07df9d1ea6b,2025-03-18,令和7年3月18日,変更認可,,DOZAJ STRAWBERRY,DOZAJSTRAWBERRY,50.0gﾊﾟｯｸ,50,g,,1750,1650,2025-04-10,https://www.mof.go.jp/policy/tab_salt/topics/20250318_kouriteikahenkou.pdf,3,高
730641de266ef235,2025-03-18,令和7年3月18日,変更認可,,DOZAJ STRAWBERRY YOGURT,DOZAJSTRAWBERRYYOGURT,50.0gﾊﾟｯｸ,50,g,,1750,1650,2025-04-10,https://www.mof.go.jp/policy/tab_salt/topics/20250318_kouriteikahenkou.pdf,3,高
2579e5d829788772,2025-03-18,令和7年3月18日,変更認可,,DOZAJ SWEET NIGHT,DOZAJSWEETNIGHT,50.0gﾊﾟｯｸ,50,g,,1750,1650,2025-04-10,https://www.mof.go.jp/policy/tab_salt/topics/20250318_kouriteikahenkou.pdf,3,高
a2ab079e8349fb47,2025-03-18,令和7年3月18日,変更認可,,DOZAJ TANGERINE,DOZAJTANGERINE,50.0gﾊﾟｯｸ,50,g,,1750,1650,2025-04-10,https://www.mof.go.jp/policy/tab_salt/topics/20250318_kouriteikahenkou.pdf,3,高
0311982b22a4604d,2025-03-18,令和7年3月18日,変更認可,,DOZAJ THE BAD,DOZAJTHEBAD,50.0gﾊﾟｯｸ,50,g,,1750,1650,2025-04-10,https://www.mof.go.jp/policy/tab_salt/topics/20250318_kouriteikahenkou.pdf,3,高
9734bc437a91fd6d,2025-03-18,令和7年3月18日,変更認可,,DOZAJ THE GOOD,DOZAJTHEGOOD,50.0gﾊﾟｯｸ,50,g,,1750,1650,2025-04-10,https://www.mof.go.jp/policy/tab_salt/topics/20250318_kouriteikahenkou.pdf,3,高
571060c36c25794d,2025-03-18,令和7年3月18日,変更認可,,DOZAJ TWIST,DOZAJTWIST,50.0gﾊﾟｯｸ,50,g,,1750,1650,2025-04-10,https://www.mof.go.jp/policy/tab_salt/topics/20250318_kouriteikahenkou.pdf,3,高
c26c9f96e3c0d4f1,2025-03-18,令和7年3月18日,変更認可,,DOZAJ TWO APPLE,DOZAJTWOAPPLE,50.0gﾊﾟｯｸ,50,g,,1750,1650,2025-04-10,https://www.mof.go.jp/policy/tab_salt/topics/20250318_kouriteikahenkou.pdf,3,高
13fc717eda184db5,2025-03-18,令和7年3月18日,変更認可,,DOZAJ VANILLA,DOZAJVANILLA,50.0gﾊﾟｯｸ,50,g,,1750,1650,2025-04-10,https://www.mof.go.jp/policy/tab_salt/topics/20250318_kouriteikahenkou.pdf,3,高
82f2a46cda2e3395,2025-03-18,令和7年3月18日,変更認可,,DOZAJ WAFFLE CARAMEL,DOZAJWAFFLECARAMEL,50.0gﾊﾟｯｸ,50,g,,1750,1650,2025-04-10,https://www.mof.go.jp/policy/tab_salt/topics/20250318_kouriteikahenkou.pdf,3,高
e6614880d63b56ce,2025-03-18,令和7年3月18日,変更認可,,DANI BISCUIT,DANIBISCUIT,50.0gﾊﾟｯｸ,50,g,,1750,1650,2025-04-10,https://www.mof.go.jp/policy/tab_salt/topics/20250318_kouriteikahenkou.pdf,4,高
80b8d84a2db99b90,2025-03-18,令和7年3月18日,変更認可,,DANI CARDAMOM,DANICARDAMOM,50.0gﾊﾟｯｸ,50,g,,1750,1650,2025-04-10,https://www.mof.go.jp/policy/tab_salt/topics/20250318_kouriteikahenkou.pdf,4,高
729b1da572c1e1b6,2025-03-18,令和7年3月18日,変更認可,,DANI CREAM BERRY MARMALADE,DANICREAMBERRYMARMALADE,50.0gﾊﾟｯｸ,50,g,,1750,1650,2025-04-10,https://www.mof.go.jp/policy/tab_salt/topics/20250318_kouriteikahenkou.pdf,4,高
e6a36ed8454921dc,2025-03-18,令和7年3月18日,変更認可,,DANI DARK MINT,DANIDARKMINT,50.0gﾊﾟｯｸ,50,g,,1750,1650,2025-04-10,https://www.mof.go.jp/policy/tab_salt/topics/20250318_kouriteikahenkou.pdf,4,高
cd31291c9dd47ec1,2025-03-18,令和7年3月18日,変更認可,,DANI DJ,DANIDJ,50.0gﾊﾟｯｸ,50,g,,1750,1650,2025-04-10,https://www.mof.go.jp/policy/tab_salt/topics/20250318_kouriteikahenkou.pdf,4,高
362b9c60227f9731,2025-03-18,令和7年3月18日,変更認可,,DANI DOLCE DE LECHE,DANIDOLCEDELECHE,50.0gﾊﾟｯｸ,50,g,,1750,1650,2025-04-10,https://www.mof.go.jp/policy/tab_salt/topics/20250318_kouriteikahenkou.pdf,4,高
5fa94837a4a99ad9,2025-03-18,令和7年3月18日,変更認可,,DANI GOLD GUM MASTIC,DANIGOLDGUMMASTIC,50.0gﾊﾟｯｸ,50,g,,1750,1650,2025-04-10,https://www.mof.go.jp/policy/tab_salt/topics/20250318_kouriteikahenkou.pdf,4,高
6ff394ce4f312cd4,2025-03-18,令和7年3月18日,変更認可,,DANI GREEN APPLE,DANIGREENAPPLE,50.0gﾊﾟｯｸ,50,g,,1750,1650,2025-04-10,https://www.mof.go.jp/policy/tab_salt/topics/20250318_kouriteikahenkou.pdf,4,高
e240bc67ff957eb3,2025-03-18,令和7年3月18日,変更認可,,DANI ICE CREAM CHOCOLATE,DANIICECREAMCHOCOLATE,50.0gﾊﾟｯｸ,50,g,,1750,1650,2025-04-10,https://www.mof.go.jp/policy/tab_salt/topics/20250318_kouriteikahenkou.pdf,4,高
26f6b183b3cf06b4,2025-03-18,令和7年3月18日,変更認可,,DANI ISTANBUL,DANIISTANBUL,50.0gﾊﾟｯｸ,50,g,,1750,1650,2025-04-10,https://www.mof.go.jp/policy/tab_salt/topics/20250318_kouriteikahenkou.pdf,4,高
1ba8658d9108ab70,2025-03-18,令和7年3月18日,変更認可,,DANI KIWI,DANIKIWI,50.0gﾊﾟｯｸ,50,g,,1750,1650,2025-04-10,https://www.mof.go.jp/policy/tab_salt/topics/20250318_kouriteikahenkou.pdf,4,高
bc3a79ddb1fa88b0,2025-03-18,令和7年3月18日,変更認可,,DANI LEMON TREE,DANILEMONTREE,50.0gﾊﾟｯｸ,50,g,,1750,1650,2025-04-10,https://www.mof.go.jp/policy/tab_salt/topics/20250318_kouriteikahenkou.pdf,4,高
78f8be9c3d92400f,2025-03-18,令和7年3月18日,変更認可,,DANI NECTARINE,DANINECTARINE,50.0gﾊﾟｯｸ,50,g,,1750,1650,2025-04-10,https://www.mof.go.jp/policy/tab_salt/topics/20250318_kouriteikahenkou.pdf,4,高
08b1b9604eb9c0d8,2025-03-18,令和7年3月18日,変更認可,,DANI ORANGE,DANIORANGE,50.0gﾊﾟｯｸ,50,g,,1750,1650,2025-04-10,https://www.mof.go.jp/policy/tab_salt/topics/20250318_kouriteikahenkou.pdf,4,高
58e32bf21d279089,2025-03-18,令和7年3月18日,変更認可,,DANI PISTACHIO,DANIPISTACHIO,50.0gﾊﾟｯｸ,50,g,,1750,1650,2025-04-10,https://www.mof.go.jp/policy/tab_salt/topics/20250318_kouriteikahenkou.pdf,4,高
636712e68d04b8fb,2025-03-18,令和7年3月18日,変更認可,,DANI POSEIDON,DANIPOSEIDON,50.0gﾊﾟｯｸ,50,g,,1750,1650,2025-04-10,https://www.mof.go.jp/policy/tab_salt/topics/20250318_kouriteikahenkou.pdf,4,高
6f6c1d5e27906245,2025-03-18,令和7年3月18日,変更認可,,DOZAJ WATERMELON,DOZAJWATERMELON,50.0gﾊﾟｯｸ,50,g,,1750,1650,2025-04-10,https://www.mof.go.jp/policy/tab_salt/topics/20250318_kouriteikahenkou.pdf,4,高
da116c56c6ddb3d5,2025-03-18,令和7年3月18日,変更認可,,DOZAJ YELLOW STORM,DOZAJYELLOWSTORM,50.0gﾊﾟｯｸ,50,g,,1750,1650,2025-04-10,https://www.mof.go.jp/policy/tab_salt/topics/20250318_kouriteikahenkou.pdf,4,高
efa81f47fb5923ed,2025-03-18,令和7年3月18日,変更認可,,DOZAJ YOGURT,DOZAJYOGURT,50.0gﾊﾟｯｸ,50,g,,1750,1650,2025-04-10,https://www.mof.go.jp/policy/tab_salt/topics/20250318_kouriteikahenkou.pdf,4,高
e8356727a2136c90,2025-03-18,令和7年3月18日,変更認可,,DOZAJ YUZU,DOZAJYUZU,50.0gﾊﾟｯｸ,50,g,,1750,1650,2025-04-10,https://www.mof.go.jp/policy/tab_salt/topics/20250318_kouriteikahenkou.pdf,4,高
69e4e28b224b29e7,2025-03-18,令和7年3月18日,変更認可,,ﾚｯﾄﾞﾌｨｰﾙﾄﾞ･ｱｰｸﾃｨｯｸﾒﾝｿｰﾙ,レッドフィールドアークティックメンソール,20.0gﾊﾟｳﾁ,20,g,,560,530,2025-05-01,https://www.mof.go.jp/policy/tab_salt/topics/20250318_kouriteikahenkou.pdf,4,高
487651df252bb313,2025-03-18,令和7年3月18日,変更認可,,ﾚｯﾄﾞﾌｨｰﾙﾄﾞ･ﾅﾁｭﾗﾙ,レッドフィールドナチュラル,20.0gﾊﾟｳﾁ,20,g,,560,530,2025-05-01,https://www.mof.go.jp/policy/tab_salt/topics/20250318_kouriteikahenkou.pdf,4,高
8098e7053aac36eb,2025-03-18,令和7年3月18日,変更認可,,ﾚｯﾄﾞﾌｨｰﾙﾄﾞ･ﾊﾞｰｼﾞﾆｱ,レッドフィールドバージニア,20.0gﾊﾟｳﾁ,20,g,,560,530,2025-05-01,https://www.mof.go.jp/policy/tab_salt/topics/20250318_kouriteikahenkou.pdf,4,高
88b9cf7e7d1c8a99,2025-03-18,令和7年3月18日,変更認可,,ﾚｯﾄﾞﾌｨｰﾙﾄﾞ･ﾊﾆｰ,レッドフィールドハニー,20.0gﾊﾟｳﾁ,20,g,,560,530,2025-05-01,https://www.mof.go.jp/policy/tab_salt/topics/20250318_kouriteikahenkou.pdf,4,高
9d82d781f6ed06f1,2025-03-18,令和7年3月18日,変更認可,,ﾚｯﾄﾞﾌｨｰﾙﾄﾞ･ﾊﾞﾆﾗｷｬﾗﾒﾙ,レッドフィールドバニラキャラメル,20.0gﾊﾟｳﾁ,20,g,,560,530,2025-05-01,https://www.mof.go.jp/policy/tab_salt/topics/20250318_kouriteikahenkou.pdf,4,高
dd1f4df889fc0601,2025-03-18,令和7年3月18日,変更認可,,ﾚｯﾄﾞﾌｨｰﾙﾄﾞ･ﾌﾟﾗﾑ,レッドフィールドプラム,20.0gﾊﾟｳﾁ,20,g,,560,530,2025-05-01,https://www.mof.go.jp/policy/tab_salt/topics/20250318_kouriteikahenkou.pdf,4,高
14048637a3c36a08,2025-03-18,令和7年3月18日,変更認可,,ﾚｯﾄﾞﾌｨｰﾙﾄﾞ･ﾒｰﾌﾟﾙ,レッドフィールドメープル,20.0gﾊﾟｳﾁ,20,g,,560,530,2025-05-01,https://www.mof.go.jp/policy/tab_salt/topics/20250318_kouriteikahenkou.pdf,4,高
ef2e05b2ef17e9ec,2025-03-04,令和7年3月4日,変更認可,,ｽ,ス,127mm 1,,,"4,200 =4,500",800,700,2025-04-01,https://www.mof.go.jp/policy/tab_salt/topics/20250304_kouriteikahenkou.pdf,1,中
f97291562bf64986,2025-03-04,令和7年3月4日,変更認可,,ｽﾌﾟﾚｽ,スプレス,127mm 1,,,"4,000 =4,200",800,700,2025-04-01,https://www.mof.go.jp/policy/tab_salt/topics/20250304_kouriteikahenkou.pdf,1,中
b67620a9bd569943,2025-03-04,令和7年3月4日,変更認可,,ﾀﾞﾋﾞﾄﾞﾌ ｱﾆﾍﾞﾙｻﾘｵ NO.3 ﾁｭ,ダビドフアニベルサリオNO.3チュ,152mm 1,,,"6,600 =6,900",800,700,2025-04-01,https://www.mof.go.jp/policy/tab_salt/topics/20250304_kouriteikahenkou.pdf,1,中
0b59f3017d8d606e,2025-03-04,令和7年3月4日,変更認可,,ﾀﾞﾋﾞﾄﾞﾌ ｴｸｽｸｲｼﾞﾄｽ,ダビドフエクスクイジトス,95mm 1,,,"5,100 =5,400",800,700,2025-04-01,https://www.mof.go.jp/policy/tab_salt/topics/20250304_kouriteikahenkou.pdf,1,高
5c02440f144c77c9,2025-03-04,令和7年3月4日,変更認可,,ﾀﾞﾋﾞﾄﾞﾌ ｴﾝﾄﾚｱｸﾄ,ダビドフエントレアクト,89mm 1,,,"2,600 =2,800",800,700,2025-04-01,https://www.mof.go.jp/policy/tab_salt/topics/20250304_kouriteikahenkou.pdf,1,中
b7445c3dd13d6cf0,2025-03-04,令和7年3月4日,変更認可,,ﾀﾞﾋﾞﾄﾞﾌ ｸﾞﾗﾝｸﾘｭ NO.2,ダビドフグランクリュNO.2,142mm 1,,,"4,100 =4,400",800,700,2025-04-01,https://www.mof.go.jp/policy/tab_salt/topics/20250304_kouriteikahenkou.pdf,1,中
396eb8d6fb243751,2025-03-04,令和7年3月4日,変更認可,,ﾀﾞﾋﾞﾄﾞﾌ ｸﾞﾗﾝｸﾘｭ NO.3,ダビドフグランクリュNO.3,129mm 1,,,"3,700 =3,900",800,700,2025-04-01,https://www.mof.go.jp/policy/tab_salt/topics/20250304_kouriteikahenkou.pdf,1,中
c4c42d308c511d3d,2025-03-04,令和7年3月4日,変更認可,,ﾀﾞﾋﾞﾄﾞﾌ ｸﾞﾗﾝｸﾘｭ NO.5,ダビドフグランクリュNO.5,102mm 1,,,"2,900 =3,100",800,700,2025-04-01,https://www.mof.go.jp/policy/tab_salt/topics/20250304_kouriteikahenkou.pdf,1,中
af05cda1439abc94,2025-03-04,令和7年3月4日,変更認可,,ﾀﾞﾋﾞﾄﾞﾌ ｸﾞﾗﾝｸﾘｭ ﾄﾛ,ダビドフグランクリュトロ,152mm 1,,,"5,300 =5,600",800,700,2025-04-01,https://www.mof.go.jp/policy/tab_salt/topics/20250304_kouriteikahenkou.pdf,1,中
11e7cf7b0cf8dd94,2025-03-04,令和7年3月4日,変更認可,,ﾀﾞﾋﾞﾄﾞﾌ ｸﾞﾗﾝｸﾘｭ ﾛﾌﾞｽﾄ,ダビドフグランクリュロブスト,133mm 1,,,"4,700 =5,000",800,700,2025-04-01,https://www.mof.go.jp/policy/tab_salt/topics/20250304_kouriteikahenkou.pdf,1,中
9c78f0d4973e4dfe,2025-03-04,令和7年3月4日,変更認可,,ﾀﾞﾋﾞﾄﾞﾌ ｼｮｰﾄﾊﾟｰﾌｪｸﾄ,ダビドフショートパーフェクト,124mm 1,,,"4,100 =4,400",800,700,2025-04-01,https://www.mof.go.jp/policy/tab_salt/topics/20250304_kouriteikahenkou.pdf,1,中
068744d2e4418e2f,2025-03-04,令和7年3月4日,変更認可,,ﾀﾞﾋﾞﾄﾞﾌ ｼｮｰﾄﾛﾌﾞｽﾄ ﾐﾚﾆｱﾑﾌﾞ,ダビドフショートロブストミレニアムブ,108mm 1,,,"4,000 =4,200",800,700,2025-04-01,https://www.mof.go.jp/policy/tab_salt/topics/20250304_kouriteikahenkou.pdf,1,中
9ead3bcc7eaa8d1a,2025-03-04,令和7年3月4日,変更認可,,ﾀﾞﾋﾞﾄﾞﾌ ｽﾍﾟｼｬﾙ<<R>>,ダビドフスペシャル<<R>>,124mm 1,,,"4,700 =5,000",800,700,2025-04-01,https://www.mof.go.jp/policy/tab_salt/topics/20250304_kouriteikahenkou.pdf,1,中
3b5bf4c1269f0618,2025-03-04,令和7年3月4日,変更認可,,ﾀﾞﾋﾞﾄﾞﾌ ｽﾍﾟｼｬﾙ<<R>> ﾁｭﾎﾞｽ,ダビドフスペシャル<<R>>チュボス,124mm 1,,,"4,800 =5,100",800,700,2025-04-01,https://www.mof.go.jp/policy/tab_salt/topics/20250304_kouriteikahenkou.pdf,1,中
fdce1c41b9ce80d9,2025-03-04,令和7年3月4日,変更認可,,ﾀﾞﾋﾞﾄﾞﾌ ｽﾍﾟｼｬﾙ<<T>>,ダビドフスペシャル<<T>>,152mm 1,,,"5,200 =5,500",800,700,2025-04-01,https://www.mof.go.jp/policy/tab_salt/topics/20250304_kouriteikahenkou.pdf,1,中
23c4439db248ff09,2025-03-04,令和7年3月4日,変更認可,,ﾀﾞﾋﾞﾄﾞﾌ ﾄﾛ ﾐﾚﾆｱﾑﾌﾞﾚﾝﾄﾞ,ダビドフトロミレニアムブレンド,152mm 1,,,"5,900 =6,200",800,700,2025-04-01,https://www.mof.go.jp/policy/tab_salt/topics/20250304_kouriteikahenkou.pdf,1,中
7d3e4ba42e40b4c8,2025-03-04,令和7年3月4日,変更認可,,ﾀﾞﾋﾞﾄﾞﾌ ﾆｶﾗｸﾞｱ ｼｮｰﾄｺﾛﾅ,ダビドフニカラグアショートコロナ,95mm 1,,,"2,800 =3,000",800,700,2025-04-01,https://www.mof.go.jp/policy/tab_salt/topics/20250304_kouriteikahenkou.pdf,1,中
9ea582621226fa13,2025-03-04,令和7年3月4日,変更認可,,ﾀﾞﾋﾞﾄﾞﾌ ﾆｶﾗｸﾞｱ ﾃﾞｨｱﾃﾞﾏ,ダビドフニカラグアディアデマ,165mm 1,,,"6,000 =6,300",800,700,2025-04-01,https://www.mof.go.jp/policy/tab_salt/topics/20250304_kouriteikahenkou.pdf,1,中
930fad8ef539b69d,2025-03-04,令和7年3月4日,変更認可,,ﾀﾞﾋﾞﾄﾞﾌ ﾆｶﾗｸﾞｱ ﾄﾛ,ダビドフニカラグアトロ,140mm 1,,,"5,100 =5,400",800,700,2025-04-01,https://www.mof.go.jp/policy/tab_salt/topics/20250304_kouriteikahenkou.pdf,1,中
2e0735daee8f7ff7,2025-03-04,令和7年3月4日,変更認可,,ﾀﾞﾋﾞﾄﾞﾌ ﾆｶﾗｸﾞｱ ﾄﾛ ﾎﾞｯｸｽﾌﾟ,ダビドフニカラグアトロボックスプ,154mm 1,,,"4,900 =5,200",800,700,2025-04-01,https://www.mof.go.jp/policy/tab_salt/topics/20250304_kouriteikahenkou.pdf,1,中
5f57cd19a6c3d014,2025-03-04,令和7年3月4日,変更認可,,ﾀﾞﾋﾞﾄﾞﾌ ﾆｶﾗｸﾞｱ ﾛﾌﾞｽﾄ,ダビドフニカラグアロブスト,127mm 1,,,"4,100 =4,400",800,700,2025-04-01,https://www.mof.go.jp/policy/tab_salt/topics/20250304_kouriteikahenkou.pdf,1,中
265ea3991260f4b3,2025-03-04,令和7年3月4日,変更認可,,ﾀﾞﾋﾞﾄﾞﾌ ﾆｶﾗｸﾞｱ ﾛﾌﾞｽﾄ ﾁｭﾎﾞ,ダビドフニカラグアロブストチュボ,127mm 1,,,"4,200 =4,500",800,700,2025-04-01,https://www.mof.go.jp/policy/tab_salt/topics/20250304_kouriteikahenkou.pdf,1,中
69e46ce8990734bd,2025-03-04,令和7年3月4日,変更認可,,ﾀﾞﾋﾞﾄﾞﾌ ﾆｶﾗｸﾞｱ ﾛﾌﾞｽﾄ ﾎﾞｯｸ,ダビドフニカラグアロブストボック,127mm 1,,,"4,000 =4,200",800,700,2025-04-01,https://www.mof.go.jp/policy/tab_salt/topics/20250304_kouriteikahenkou.pdf,1,中
29e8ae809ff408b3,2025-03-04,令和7年3月4日,変更認可,,ﾀﾞﾋﾞﾄﾞﾌ ﾋﾟﾗﾐﾃﾞ ﾐﾚﾆｱﾑﾌﾞﾚﾝ,ダビドフピラミデミレニアムブレン,156mm 1,,,"5,600 =5,900",800,700,2025-04-01,https://www.mof.go.jp/policy/tab_salt/topics/20250304_kouriteikahenkou.pdf,1,中
51949b03a19f0fd0,2025-03-04,令和7年3月4日,変更認可,,ﾀﾞﾋﾞﾄﾞﾌ ﾍﾟﾃｨｺﾛﾅ ﾐﾚﾆｱﾑﾌﾞﾚﾝ,ダビドフペティコロナミレニアムブレン,114mm 1,,,"3,300 =3,500",800,700,2025-04-01,https://www.mof.go.jp/policy/tab_salt/topics/20250304_kouriteikahenkou.pdf,1,中
d1850884fd8c45f0,2025-03-04,令和7年3月4日,変更認可,,ﾀﾞﾋﾞﾄﾞﾌ ﾛｲﾔﾙ ﾘﾘｰｽ ｻﾛﾓﾈｽ,ダビドフロイヤルリリースサロモネス,210mm 1,,,"5,100 =5,400",800,700,2025-04-01,https://www.mof.go.jp/policy/tab_salt/topics/20250304_kouriteikahenkou.pdf,1,中
94543426cbd49cdb,2025-03-04,令和7年3月4日,変更認可,,ﾀﾞﾋﾞﾄﾞﾌ ﾛｲﾔﾙ ﾘﾘｰｽ ﾛﾌﾞｽﾄ,ダビドフロイヤルリリースロブスト,140mm 1,,,"5,100 =5,400",800,700,2025-04-01,https://www.mof.go.jp/policy/tab_salt/topics/20250304_kouriteikahenkou.pdf,1,中
344a18bb9ccfedb7,2025-03-04,令和7年3月4日,変更認可,,ﾀﾞﾋﾞﾄﾞﾌ ﾛﾌﾞｽﾄ ﾁｭﾎﾞｽ ﾐﾚﾆｱﾑ,ダビドフロブストチュボスミレニアム,133mm 1,,,"5,000 =5,300",800,700,2025-04-01,https://www.mof.go.jp/policy/tab_salt/topics/20250304_kouriteikahenkou.pdf,1,中
22ce66f8aafd3b4e,2025-03-04,令和7年3月4日,変更認可,,ﾀﾞﾋﾞﾄﾞﾌ ﾛﾌﾞｽﾄ ﾐﾚﾆｱﾑﾌﾞﾚﾝﾄﾞ,ダビドフロブストミレニアムブレンド,133mm 1,,,"4,900 =5,200",800,700,2025-04-01,https://www.mof.go.jp/policy/tab_salt/topics/20250304_kouriteikahenkou.pdf,1,中
0753530780f666a6,2025-03-04,令和7年3月4日,変更認可,,ﾄﾞ,ド,156mm 1,,,"5,600 =5,900",800,700,2025-04-01,https://www.mof.go.jp/policy/tab_salt/topics/20250304_kouriteikahenkou.pdf,1,中
9d883a061a773840,2025-03-04,令和7年3月4日,変更認可,,ﾌﾞﾚﾝﾄﾞ,ブレンド,133mm 1,,,"5,000 =5,300",800,700,2025-04-01,https://www.mof.go.jp/policy/tab_salt/topics/20250304_kouriteikahenkou.pdf,1,中
40467b8532b2fe9c,2025-03-04,令和7年3月4日,変更認可,,ﾎﾞｽ,ボス,152mm 1,,,"6,600 =6,900",800,700,2025-04-01,https://www.mof.go.jp/policy/tab_salt/topics/20250304_kouriteikahenkou.pdf,1,中
5c7bb3b33dbe933d,2025-03-04,令和7年3月4日,変更認可,,ﾚｽ,レス,154mm 1,,,"4,900 =5,200",800,700,2025-04-01,https://www.mof.go.jp/policy/tab_salt/topics/20250304_kouriteikahenkou.pdf,1,中
08e477d5c8f5e969,2025-03-04,令和7年3月4日,変更認可,,ﾚﾝﾄﾞ,レンド,108mm 1,,,"4,000 =4,200",800,700,2025-04-01,https://www.mof.go.jp/policy/tab_salt/topics/20250304_kouriteikahenkou.pdf,1,中
a6862006cc01eb97,2025-03-03,令和7年3月3日,変更認可,,ﾈｵ･ｱｰｸﾃｨｯｸ･ﾒﾝｿｰﾙ･hyper ﾌｨﾙﾀｰ 20 ﾊｰﾄﾞﾊﾟｯｸ,ネオアークティックメンソールHYPERフィルター20ハードパック,,,,,500,,,https://www.mof.go.jp/policy/tab_salt/topics/20250303_kouriteika.pdf,1,高
a49210b300fc0038,2025-03-03,令和7年3月3日,変更認可,,ﾈｵ･ｱｲｽﾄﾞ･ﾒﾝｿｰﾙ･hyper ﾌｨﾙﾀｰ 20 ﾊｰﾄﾞﾊﾟｯｸ,ネオアイスドメンソールHYPERフィルター20ハードパック,,,,,500,,,https://www.mof.go.jp/policy/tab_salt/topics/20250303_kouriteika.pdf,1,高
dd0d33155d8a630b,2025-03-03,令和7年3月3日,変更認可,,ﾈｵ･ｸﾗｼｯｸ･ﾀﾊﾞｺ･hyper ﾌｨﾙﾀｰ 20 ﾊｰﾄﾞﾊﾟｯｸ,ネオクラシックタバコHYPERフィルター20ハードパック,,,,,500,,,https://www.mof.go.jp/policy/tab_salt/topics/20250303_kouriteika.pdf,1,高
958d9486ab5b1e8e,2025-03-03,令和7年3月3日,変更認可,,ﾈｵ･ﾁﾙﾄﾞ･ﾒﾝｿｰﾙ･hyper ﾌｨﾙﾀｰ 20 ﾊｰﾄﾞﾊﾟｯｸ,ネオチルドメンソールHYPERフィルター20ハードパック,,,,,500,,,https://www.mof.go.jp/policy/tab_salt/topics/20250303_kouriteika.pdf,1,高
95e0dc4ce42b02ed,2025-03-03,令和7年3月3日,変更認可,,ﾈｵ･ﾌﾞﾘﾘｱﾝﾄ･ﾄﾛﾋﾟｶﾙ･hyper ﾌｨﾙﾀｰ 20 ﾊｰﾄﾞﾊﾟｯｸ,ネオブリリアントトロピカルHYPERフィルター20ハードパック,,,,,500,,,https://www.mof.go.jp/policy/tab_salt/topics/20250303_kouriteika.pdf,1,高
34daf803ce8b99ff,2025-03-03,令和7年3月3日,変更認可,,ﾈｵ･ﾌﾞﾘﾘｱﾝﾄ･ﾍﾞﾘｰ･hyper ﾌｨﾙﾀｰ 20 ﾊｰﾄﾞﾊﾟｯｸ,ネオブリリアントベリーHYPERフィルター20ハードパック,,,,,500,,,https://www.mof.go.jp/policy/tab_salt/topics/20250303_kouriteika.pdf,1,高
cbbec8a98267c810,2025-03-03,令和7年3月3日,変更認可,,ﾈｵ･ﾌﾞﾘﾘｱﾝﾄ･ﾚｯﾄﾞﾌﾙｰﾂ･hyper ﾌｨﾙﾀｰ 20 ﾊｰﾄﾞﾊﾟｯｸ,ネオブリリアントレッドフルーツHYPERフィルター20ハードパック,,,,,500,,,https://www.mof.go.jp/policy/tab_salt/topics/20250303_kouriteika.pdf,1,高
1dbc2752c625da30,2025-02-28,令和7年2月28日,変更認可,,ｷｬﾒﾙ･ｸﾗﾌﾄ･1･100=s･ｽﾘﾑ FSK 20 ﾊｰﾄﾞﾊﾟｯｸ,キャメルクラフト1100=SスリムFSK20ハードパック,,,,,450,430,2025-05-01,https://www.mof.go.jp/policy/tab_salt/topics/20250228_kouriteikahenkou.pdf,1,高
9575ad838dd270ee,2025-02-28,令和7年2月28日,変更認可,,ｷｬﾒﾙ･ｸﾗﾌﾄ･1･100=s･ﾎﾞｯｸｽ FSK 20 ﾊｰﾄﾞﾊﾟｯｸ,キャメルクラフト1100=SボックスFSK20ハードパック,,,,,450,430,2025-05-01,https://www.mof.go.jp/policy/tab_salt/topics/20250228_kouriteikahenkou.pdf,1,高
d7cbfb326ed6a83e,2025-02-28,令和7年2月28日,変更認可,,ｷｬﾒﾙ･ｸﾗﾌﾄ･10･ﾎﾞｯｸｽ ﾊｰﾄﾞﾊﾟｯｸFK 20,キャメルクラフト10ボックスハードパックFK20,,,,,450,430,2025-05-01,https://www.mof.go.jp/policy/tab_salt/topics/20250228_kouriteikahenkou.pdf,1,高
dfd284aeb91ee413,2025-02-28,令和7年2月28日,変更認可,,ｷｬﾒﾙ･ｸﾗﾌﾄ･12･ﾎﾞｯｸｽ ﾊｰﾄﾞﾊﾟｯｸFK 20,キャメルクラフト12ボックスハードパックFK20,,,,,450,430,2025-05-01,https://www.mof.go.jp/policy/tab_salt/topics/20250228_kouriteikahenkou.pdf,1,高
d7b33306b3ae927f,2025-02-28,令和7年2月28日,変更認可,,ｷｬﾒﾙ･ｸﾗﾌﾄ･14･ﾎﾞｯｸｽ ﾊｰﾄﾞﾊﾟｯｸFK 20,キャメルクラフト14ボックスハードパックFK20,,,,,450,430,2025-05-01,https://www.mof.go.jp/policy/tab_salt/topics/20250228_kouriteikahenkou.pdf,1,高
6bb99df3b90ab011,2025-02-28,令和7年2月28日,変更認可,,ｷｬﾒﾙ･ｸﾗﾌﾄ･3･ﾎﾞｯｸｽ ﾊｰﾄﾞﾊﾟｯｸFK 20,キャメルクラフト3ボックスハードパックFK20,,,,,450,430,2025-05-01,https://www.mof.go.jp/policy/tab_salt/topics/20250228_kouriteikahenkou.pdf,1,高
9042c87f4d55f37e,2025-02-28,令和7年2月28日,変更認可,,ｷｬﾒﾙ･ｸﾗﾌﾄ･6･ﾎﾞｯｸｽ ﾊｰﾄﾞﾊﾟｯｸFK 20,キャメルクラフト6ボックスハードパックFK20,,,,,450,430,2025-05-01,https://www.mof.go.jp/policy/tab_salt/topics/20250228_kouriteikahenkou.pdf,1,高
66a07bbb4ae48f81,2025-02-28,令和7年2月28日,変更認可,,ｷｬﾒﾙ･ｸﾗﾌﾄ･ﾒﾝｿｰﾙ･1･100=s･ｽﾘﾑ FSK 20 ﾊｰﾄﾞﾊﾟｯｸ,キャメルクラフトメンソール1100=SスリムFSK20ハードパック,,,,,450,430,2025-05-01,https://www.mof.go.jp/policy/tab_salt/topics/20250228_kouriteikahenkou.pdf,1,高
c58d028ec422ae59,2025-02-28,令和7年2月28日,変更認可,,ｷｬﾒﾙ･ｸﾗﾌﾄ･ﾒﾝｿｰﾙ･1･100=s･ﾎﾞｯｸｽ FSK 20 ﾊｰﾄﾞﾊﾟｯｸ,キャメルクラフトメンソール1100=SボックスFSK20ハードパック,,,,,450,430,2025-05-01,https://www.mof.go.jp/policy/tab_salt/topics/20250228_kouriteikahenkou.pdf,1,高
2c1701ab70b9bb12,2025-02-28,令和7年2月28日,変更認可,,ｷｬﾒﾙ･ｸﾗﾌﾄ･ﾒﾝｿｰﾙ･5･100=s･ｽﾘﾑ FSK 20 ﾊｰﾄﾞﾊﾟｯｸ,キャメルクラフトメンソール5100=SスリムFSK20ハードパック,,,,,450,430,2025-05-01,https://www.mof.go.jp/policy/tab_salt/topics/20250228_kouriteikahenkou.pdf,1,高
5c34502d0345c41d,2025-02-28,令和7年2月28日,変更認可,,ｷｬﾒﾙ･ｸﾗﾌﾄ･ﾒﾝｿｰﾙ･5･ﾎﾞｯｸｽ ﾊｰﾄﾞﾊﾟｯｸFK 20,キャメルクラフトメンソール5ボックスハードパックFK20,,,,,450,430,2025-05-01,https://www.mof.go.jp/policy/tab_salt/topics/20250228_kouriteikahenkou.pdf,1,高
682312769d977a3c,2025-02-28,令和7年2月28日,変更認可,,ｷｬﾒﾙ･ｸﾗﾌﾄ･ﾒﾝｿｰﾙ･ﾍﾟｱｰｶﾌﾟｾﾙ･5･ﾎﾞｯｸｽ ﾊｰﾄﾞﾊﾟｯｸFK 20,キャメルクラフトメンソールペアーカプセル5ボックスハードパックFK20,,,,,450,430,2025-05-01,https://www.mof.go.jp/policy/tab_salt/topics/20250228_kouriteikahenkou.pdf,1,高
89035b2bcd6858f3,2025-02-28,令和7年2月28日,変更認可,,ｷｬﾒﾙ･ｸﾗﾌﾄ･ﾒﾝｿｰﾙ･ﾍﾟｱｰｶﾌﾟｾﾙ･8･ﾎﾞｯｸｽ ﾊｰﾄﾞﾊﾟｯｸFK 20,キャメルクラフトメンソールペアーカプセル8ボックスハードパックFK20,,,,,450,430,2025-05-01,https://www.mof.go.jp/policy/tab_salt/topics/20250228_kouriteikahenkou.pdf,1,高
da9b41edb7e219b3,2025-02-28,令和7年2月28日,変更認可,,ｷｬﾒﾙ･ｸﾗﾌﾄ･ﾒﾝｿｰﾙ･ﾍﾞﾘｰｶﾌﾟｾﾙ･1･100=s･ｽﾘﾑ FSK 20 ﾊｰﾄﾞﾊﾟｯｸ,キャメルクラフトメンソールベリーカプセル1100=SスリムFSK20ハードパック,,,,,450,430,2025-05-01,https://www.mof.go.jp/policy/tab_salt/topics/20250228_kouriteikahenkou.pdf,1,高
409b403939037204,2025-02-28,令和7年2月28日,変更認可,,ｷｬﾒﾙ･ｸﾗﾌﾄ･ﾒﾝｿｰﾙ･ﾍﾞﾘｰｶﾌﾟｾﾙ･1･100=s･ﾎﾞｯｸｽ FSK 20 ﾊｰﾄﾞﾊﾟｯｸ,キャメルクラフトメンソールベリーカプセル1100=SボックスFSK20ハードパック,,,,,450,430,2025-05-01,https://www.mof.go.jp/policy/tab_salt/topics/20250228_kouriteikahenkou.pdf,1,高
8ce51fac23ef3f84,2025-02-28,令和7年2月28日,変更認可,,ｷｬﾒﾙ･ｸﾗﾌﾄ･ﾒﾝｿｰﾙ･ﾍﾞﾘｰｶﾌﾟｾﾙ･5･100=s･ｽﾘﾑ FSK 20 ﾊｰﾄﾞﾊﾟｯｸ,キャメルクラフトメンソールベリーカプセル5100=SスリムFSK20ハードパック,,,,,450,430,2025-05-01,https://www.mof.go.jp/policy/tab_salt/topics/20250228_kouriteikahenkou.pdf,1,高
17f25fea7239bd94,2025-02-28,令和7年2月28日,変更認可,,ｷｬﾒﾙ･ｸﾗﾌﾄ･ﾒﾝｿｰﾙ･ﾍﾞﾘｰｶﾌﾟｾﾙ･5･ﾎﾞｯｸｽ ﾊｰﾄﾞﾊﾟｯｸFK 20,キャメルクラフトメンソールベリーカプセル5ボックスハードパックFK20,,,,,450,430,2025-05-01,https://www.mof.go.jp/policy/tab_salt/topics/20250228_kouriteikahenkou.pdf,1,高
b2cd0639b5081371,2025-02-28,令和7年2月28日,変更認可,,ｷｬﾒﾙ･ｸﾗﾌﾄ･ﾒﾝｿｰﾙ･ﾍﾞﾘｰｶﾌﾟｾﾙ･8･ﾎﾞｯｸｽ ﾊｰﾄﾞﾊﾟｯｸFK 20,キャメルクラフトメンソールベリーカプセル8ボックスハードパックFK20,,,,,450,430,2025-05-01,https://www.mof.go.jp/policy/tab_salt/topics/20250228_kouriteikahenkou.pdf,1,高
e2700946e1e854e9,2025-02-28,令和7年2月28日,変更認可,,ﾒﾋﾞｳｽ･ｺﾞｰﾙﾄﾞ･ﾊﾟｰﾌﾟﾙ･ﾐﾝﾄ･ｳｨｽﾞ,メビウスゴールドパープルミントウィズ,2.6g5,2.6,g,,600,580,2025-05-01,https://www.mof.go.jp/policy/tab_salt/topics/20250228_kouriteikahenkou.pdf,1,高
6f795c5903bdd13f,2025-02-28,令和7年2月28日,変更認可,,ﾒﾋﾞｳｽ･ｺﾞｰﾙﾄﾞ･ﾚｯﾄﾞ･ﾐﾝﾄ･ｳｨｽﾞ,メビウスゴールドレッドミントウィズ,2.6g5,2.6,g,,600,580,2025-05-01,https://www.mof.go.jp/policy/tab_salt/topics/20250228_kouriteikahenkou.pdf,1,高
5078cb48b9b2e755,2025-02-28,令和7年2月28日,変更認可,,ﾒﾋﾞｳｽ･ﾌﾟﾚﾐｱﾑｺﾞｰﾙﾄﾞ･ｼﾙｸ･ﾚｷﾞｭﾗｰ･ｳｨｽﾞ,メビウスプレミアムゴールドシルクレギュラーウィズ,3.0g5,3,g,,600,580,2025-05-01,https://www.mof.go.jp/policy/tab_salt/topics/20250228_kouriteikahenkou.pdf,1,高
75766013135ff795,2025-02-28,令和7年2月28日,変更認可,,ﾒﾋﾞｳｽ･ﾌﾟﾚﾐｱﾑｺﾞｰﾙﾄﾞ･ﾌﾛｰｽﾞﾝ･ｳｨｽﾞ,メビウスプレミアムゴールドフローズンウィズ,2.6g5,2.6,g,,600,580,2025-05-01,https://www.mof.go.jp/policy/tab_salt/topics/20250228_kouriteikahenkou.pdf,1,高
753647791f4b67bb,2025-02-28,令和7年2月28日,変更認可,,ﾒﾋﾞｳｽ･ﾌﾟﾚﾐｱﾑｺﾞｰﾙﾄﾞ･ﾒﾝｿｰﾙ･ｳｨｽﾞ,メビウスプレミアムゴールドメンソールウィズ,2.6g5,2.6,g,,600,580,2025-05-01,https://www.mof.go.jp/policy/tab_salt/topics/20250228_kouriteikahenkou.pdf,1,高
de83d85305e78af7,2025-02-28,令和7年2月28日,変更認可,,ﾒﾋﾞｳｽ･ﾌﾟﾚﾐｱﾑｺﾞｰﾙﾄﾞ･ﾚｷﾞｭﾗｰ･ｳｨｽﾞ,メビウスプレミアムゴールドレギュラーウィズ,2.6g5,2.6,g,,600,580,2025-05-01,https://www.mof.go.jp/policy/tab_salt/topics/20250228_kouriteikahenkou.pdf,1,高
87670af80199d4c6,2025-02-12,令和7年2月12日,変更認可,,ﾍﾞﾛ･ｱｲｼｰ･ﾍﾞﾘｰｽﾞ･ﾐﾃﾞｨｱﾑ 15,ベロアイシーベリーズミディアム15,,,,,320,,,https://www.mof.go.jp/policy/tab_salt/topics/20250212_kouriteika.pdf,1,中
a566ed23dc855b35,2025-02-12,令和7年2月12日,変更認可,,ﾍﾞﾛ･ｱｲｼｰ･ﾍﾞﾘｰｽﾞ･ﾐﾃﾞｨｱﾑ 15 ﾊﾟｷｽﾀﾝ,ベロアイシーベリーズミディアム15パキスタン,,,,,320,,,https://www.mof.go.jp/policy/tab_salt/topics/20250212_kouriteika.pdf,1,高
a5a372733415a801,2025-02-12,令和7年2月12日,変更認可,,ﾍﾞﾛ･ｸﾞﾙｰﾋﾞｰ･ｸﾞﾚｰﾌﾟ･ﾐﾃﾞｨｱﾑ 15 ﾊﾟｷｽﾀﾝ,ベログルービーグレープミディアム15パキスタン,,,,,320,,,https://www.mof.go.jp/policy/tab_salt/topics/20250212_kouriteika.pdf,1,高
cc539c9089c2193e,2025-02-05,令和7年2月5日,変更認可,,Casa de Suenos Angelito Churchill,CASADESUENOSANGELITOCHURCHILL,177.8mm 1,,,,4500,,,https://www.mof.go.jp/policy/tab_salt/topics/20250205_kouriteika.pdf,1,高
397ded79e0d33cb6,2025-02-05,令和7年2月5日,変更認可,,Casa de Suenos Angelito Gordito,CASADESUENOSANGELITOGORDITO,101.6mm 1,,,,3900,,,https://www.mof.go.jp/policy/tab_salt/topics/20250205_kouriteika.pdf,1,高
003732a0cbcd17bb,2025-02-05,令和7年2月5日,変更認可,,Casa de Suenos Fantasia ShortBelicoso,CASADESUENOSFANTASIASHORTBELICOSO,127mm 1,,,,4300,,,https://www.mof.go.jp/policy/tab_salt/topics/20250205_kouriteika.pdf,1,高
5c1cb98071527669,2025-02-05,令和7年2月5日,変更認可,,Casa de Suenos Fantasia Toro Gordo,CASADESUENOSFANTASIATOROGORDO,165.1mm 1,,,,4500,,,https://www.mof.go.jp/policy/tab_salt/topics/20250205_kouriteika.pdf,1,高
bfdb0926ea929730,2025-02-05,令和7年2月5日,変更認可,,Casa de Suenos Sonador Maximo,CASADESUENOSSONADORMAXIMO,177.8mm 1,,,,4500,,,https://www.mof.go.jp/policy/tab_salt/topics/20250205_kouriteika.pdf,1,高
303104239004a678,2025-02-05,令和7年2月5日,変更認可,,Casa de Suenos Sonador Robusto,CASADESUENOSSONADORROBUSTO,127mm 1,,,,4300,,,https://www.mof.go.jp/policy/tab_salt/topics/20250205_kouriteika.pdf,1,高
aab8f275cbdaa836,2025-02-05,令和7年2月5日,変更認可,,Casa de Suenos Sonador Salomon,CASADESUENOSSONADORSALOMON,177.8mm 1,,,,8400,,,https://www.mof.go.jp/policy/tab_salt/topics/20250205_kouriteika.pdf,1,高
671ff043842b6ea0,2025-02-05,令和7年2月5日,変更認可,,"SOBREMESA BRULEE ""WAGASHI""","SOBREMESABRULEE""WAGASHI""",153mm 1,,,,3900,,,https://www.mof.go.jp/policy/tab_salt/topics/20250205_kouriteika.pdf,1,高
3b00a90e65fa3633,2025-01-21,令和7年1月21日,変更認可,,ﾍﾞﾛ･ｽﾋﾟｯﾌｨｰ･ｽﾍﾟｱﾐﾝﾄ･ｲﾝﾃﾝｽ 15 ﾊﾟｷｽﾀﾝ,ベロスピッフィースペアミントインテンス15パキスタン,,,,,320,,,https://www.mof.go.jp/policy/tab_salt/20250121_kouriteika_1.pdf,1,高
435fec67e4b01138,2025-01-21,令和7年1月21日,変更認可,,ﾍﾞﾛ･ｽﾋﾟｯﾌｨｰ･ｽﾍﾟｱﾐﾝﾄ･ｴｯｸｽｲﾝﾃﾝｽ 15 ﾊﾟｷｽﾀﾝ,ベロスピッフィースペアミントエックスインテンス15パキスタン,,,,,340,,,https://www.mof.go.jp/policy/tab_salt/20250121_kouriteika_1.pdf,1,高
af4497f820a6beeb,2025-01-21,令和7年1月21日,変更認可,,ﾍﾞﾛ･ｽﾋﾟｯﾌｨｰ･ｽﾍﾟｱﾐﾝﾄ･ﾐﾃﾞｨｱﾑ,ベロスピッフィースペアミントミディアム,,,,,320,,,https://www.mof.go.jp/policy/tab_salt/20250121_kouriteika_1.pdf,1,中
edd4bf3c835d1717,2025-01-21,令和7年1月21日,変更認可,,ﾍﾞﾛ･ｽﾋﾟｯﾌｨｰ･ｽﾍﾟｱﾐﾝﾄ･ﾐﾃﾞｨｱﾑ 15 ﾊﾟｷｽﾀﾝ,ベロスピッフィースペアミントミディアム15パキスタン,,,,,320,,,https://www.mof.go.jp/policy/tab_salt/20250121_kouriteika_1.pdf,1,高
70373467a33ee720,2025-01-21,令和7年1月21日,変更認可,,ﾍﾞﾛ･ﾌﾞﾗｯｼｰ･ﾍﾞﾘｰ･ｲﾝﾃﾝｽ 15 ﾊﾟｷｽﾀﾝ,ベロブラッシーベリーインテンス15パキスタン,,,,,320,,,https://www.mof.go.jp/policy/tab_salt/20250121_kouriteika_1.pdf,1,高
9a425872603884d7,2025-01-21,令和7年1月21日,変更認可,,ﾍﾞﾛ･ﾌﾞﾗｯｼｰ･ﾍﾞﾘｰ･ｴｯｸｽｲﾝﾃﾝｽ 15 ﾊﾟｷｽﾀﾝ,ベロブラッシーベリーエックスインテンス15パキスタン,,,,,340,,,https://www.mof.go.jp/policy/tab_salt/20250121_kouriteika_1.pdf,1,高
51e6636b368693c7,2025-01-21,令和7年1月21日,変更認可,,ﾍﾞﾛ･ﾌﾞﾗｯｼｰ･ﾍﾞﾘｰ･ﾐﾃﾞｨｱﾑ 15 ﾊﾟｷｽﾀﾝ,ベロブラッシーベリーミディアム15パキスタン,,,,,320,,,https://www.mof.go.jp/policy/tab_salt/20250121_kouriteika_1.pdf,1,高
5f4fcf15816251f9,2025-01-21,令和7年1月21日,変更認可,,ﾍﾞﾛ･ﾌﾞﾘｰｼﾞｰ･ﾏﾝｺﾞｰ･ﾐﾃﾞｨｱﾑ 15 ﾊﾟｷｽﾀﾝ,ベロブリージーマンゴーミディアム15パキスタン,,,,,320,,,https://www.mof.go.jp/policy/tab_salt/20250121_kouriteika_1.pdf,1,高
8d30333af9ff2a63,2025-01-21,令和7年1月21日,変更認可,,ﾍﾞﾛ･ﾏｲﾃｨｰ･ﾍﾟﾊﾟｰﾐﾝﾄ･ｲﾝﾃﾝｽ 15 ﾊﾟｷｽﾀﾝ,ベロマイティーペパーミントインテンス15パキスタン,,,,,320,,,https://www.mof.go.jp/policy/tab_salt/20250121_kouriteika_1.pdf,1,高
18f815b354dda3ee,2025-01-21,令和7年1月21日,変更認可,,ﾍﾞﾛ･ﾏｲﾃｨｰ･ﾍﾟﾊﾟｰﾐﾝﾄ･ｴｯｸｽｲﾝﾃﾝｽ 15 ﾊﾟｷｽﾀﾝ,ベロマイティーペパーミントエックスインテンス15パキスタン,,,,,340,,,https://www.mof.go.jp/policy/tab_salt/20250121_kouriteika_1.pdf,1,高
54d6c47f69517fad,2025-01-21,令和7年1月21日,変更認可,,ﾍﾞﾛ･ﾛｲﾔﾙﾐﾙｸﾃｨｰ･ﾐﾃﾞｨｱﾑ 15 ﾊﾟｷｽﾀﾝ,ベロロイヤルミルクティーミディアム15パキスタン,,,,,320,,,https://www.mof.go.jp/policy/tab_salt/20250121_kouriteika_1.pdf,1,高
99f7f2c3ef5ca7f9,2025-01-21,令和7年1月21日,変更認可,,4 years Reserve Churchill Corojo,4YEARSRESERVECHURCHILLCOROJO,177.8mm 1,,,,2400,,,https://www.mof.go.jp/policy/tab_salt/topics/20250121_kouriteika_2.pdf,1,高
bb131ae49a51f55b,2025-01-21,令和7年1月21日,変更認可,,4 years Reserve ChurchillConnecticut,4YEARSRESERVECHURCHILLCONNECTICUT,177.8mm 1,,,,2400,,,https://www.mof.go.jp/policy/tab_salt/topics/20250121_kouriteika_2.pdf,1,高
51f10c24c10439a0,2025-01-21,令和7年1月21日,変更認可,,4 years Reserve Corona Connecticut,4YEARSRESERVECORONACONNECTICUT,139.7mm 1,,,,1600,,,https://www.mof.go.jp/policy/tab_salt/topics/20250121_kouriteika_2.pdf,1,高
a88d1df29e9c3d2c,2025-01-21,令和7年1月21日,変更認可,,4 years Reserve Corona Corojo,4YEARSRESERVECORONACOROJO,139.7mm 1,,,,1600,,,https://www.mof.go.jp/policy/tab_salt/topics/20250121_kouriteika_2.pdf,1,高
fb997710ddf10cb2,2025-01-21,令和7年1月21日,変更認可,,4 years Reserve Robusto Corojo,4YEARSRESERVEROBUSTOCOROJO,127mm 1,,,,1750,,,https://www.mof.go.jp/policy/tab_salt/topics/20250121_kouriteika_2.pdf,1,高
b4a2cbc599f5e70d,2025-01-21,令和7年1月21日,変更認可,,4 years Reserve RobustoConnecticut,4YEARSRESERVEROBUSTOCONNECTICUT,127mm 1,,,,1750,,,https://www.mof.go.jp/policy/tab_salt/topics/20250121_kouriteika_2.pdf,1,高
5bcc871a48ad56af,2025-01-21,令和7年1月21日,変更認可,,4 years Reserve Torpedo Corojo,4YEARSRESERVETORPEDOCOROJO,152.4mm 1,,,,2300,,,https://www.mof.go.jp/policy/tab_salt/topics/20250121_kouriteika_2.pdf,1,高
fff81d95a2ee0f47,2025-01-21,令和7年1月21日,変更認可,,4 years Reserve Torpedo Maduro,4YEARSRESERVETORPEDOMADURO,152.4mm 1,,,,2300,,,https://www.mof.go.jp/policy/tab_salt/topics/20250121_kouriteika_2.pdf,1,高
09bcc439c9e9eff0,2025-01-21,令和7年1月21日,変更認可,,7 years Reserve Cabinet SelectionChurchill Habano,7YEARSRESERVECABINETSELECTIONCHURCHILLHABANO,177.8mm 1,,,,3250,,,https://www.mof.go.jp/policy/tab_salt/topics/20250121_kouriteika_2.pdf,1,高
d5e18b2de276ba32,2025-01-21,令和7年1月21日,変更認可,,7 years Reserve Cabinet SelectionChurchill Maduro,7YEARSRESERVECABINETSELECTIONCHURCHILLMADURO,177.8mm 1,,,,3250,,,https://www.mof.go.jp/policy/tab_salt/topics/20250121_kouriteika_2.pdf,1,高
254b816cd187e7c3,2025-01-21,令和7年1月21日,変更認可,,7 years Reserve Cabinet SelectionLonsdale Connecticut,7YEARSRESERVECABINETSELECTIONLONSDALECONNECTICUT,152.4mm 1,,,,2600,,,https://www.mof.go.jp/policy/tab_salt/topics/20250121_kouriteika_2.pdf,1,高
44c5240038e10c76,2025-01-21,令和7年1月21日,変更認可,,7 years Reserve Cabinet SelectionLonsdale Habano,7YEARSRESERVECABINETSELECTIONLONSDALEHABANO,152.4mm 1,,,,2600,,,https://www.mof.go.jp/policy/tab_salt/topics/20250121_kouriteika_2.pdf,1,高
afddeffc1e472fc5,2025-01-21,令和7年1月21日,変更認可,,7 years Reserve Cabinet SelectionLonsdale Maduro,7YEARSRESERVECABINETSELECTIONLONSDALEMADURO,152.4mm 1,,,,2600,,,https://www.mof.go.jp/policy/tab_salt/topics/20250121_kouriteika_2.pdf,1,高
9357a4f98007218f,2025-01-21,令和7年1月21日,変更認可,,7 years Reserve Cabinet SelectionRobusto Connecticut,7YEARSRESERVECABINETSELECTIONROBUSTOCONNECTICUT,127mm 1,,,,2800,,,https://www.mof.go.jp/policy/tab_salt/topics/20250121_kouriteika_2.pdf,1,高
d547eadce094b1d4,2025-01-21,令和7年1月21日,変更認可,,7 years Reserve Cabinet SelectionTorpedo Connecticut,7YEARSRESERVECABINETSELECTIONTORPEDOCONNECTICUT,152.4mm 1,,,,3150,,,https://www.mof.go.jp/policy/tab_salt/topics/20250121_kouriteika_2.pdf,1,高
198118dba104177d,2025-01-21,令和7年1月21日,変更認可,,7 years Reserve Cabinet SelectionTorpedo Habano,7YEARSRESERVECABINETSELECTIONTORPEDOHABANO,152.4mm 1,,,,3150,,,https://www.mof.go.jp/policy/tab_salt/topics/20250121_kouriteika_2.pdf,1,高
8144323776304604,2025-01-21,令和7年1月21日,変更認可,,7 years Reserve Cabinet SelectionTorpedo Maduro,7YEARSRESERVECABINETSELECTIONTORPEDOMADURO,152.4mm 1,,,,3150,,,https://www.mof.go.jp/policy/tab_salt/topics/20250121_kouriteika_2.pdf,1,高
b42e7c944783469a,2025-01-21,令和7年1月21日,変更認可,,ALISHAN MUSE 5 MENTHOL HAMI MELONHARD PACK,ALISHANMUSE5MENTHOLHAMIMELONHARDPACK,FK84mm 20 ﾊｰﾄﾞﾊﾟｯｸ,,,,480,,,https://www.mof.go.jp/policy/tab_salt/topics/20250121_kouriteika_2.pdf,1,高
82de3280ba4fc8a2,2025-01-15,令和7年1月15日,変更認可,,C･DX CIGAR MADURO,CDXCIGARMADURO,118mm 1,,,,400,,,https://www.mof.go.jp/policy/tab_salt/topics/20250115_kouriteika_2.pdf,1,高
badcb05ddee0a1ee,2025-01-15,令和7年1月15日,変更認可,,C･DX CIGAR NATURAL,CDXCIGARNATURAL,118mm 1,,,,400,,,https://www.mof.go.jp/policy/tab_salt/topics/20250115_kouriteika_2.pdf,1,高
5f81afa32fd3b987,2025-01-15,令和7年1月15日,変更認可,,ｻﾎﾞｰﾙ･HVAﾛｻｰﾄﾞ ｸﾞﾗﾝﾛﾌﾞｽﾄ,サボールHVAロサードグランロブスト,152mm 1,,,,1300,,,https://www.mof.go.jp/policy/tab_salt/topics/20250115_kouriteika_2.pdf,1,高
c9a9ebba33c344ed,2025-01-15,令和7年1月15日,変更認可,,ｻﾎﾞｰﾙ･HVAﾛｻｰﾄﾞ ﾄﾛ,サボールHVAロサードトロ,140mm 1,,,,1100,,,https://www.mof.go.jp/policy/tab_salt/topics/20250115_kouriteika_2.pdf,1,高
defdf9510a180056,2025-01-15,令和7年1月15日,変更認可,,ｻﾎﾞｰﾙ･HVAﾛｻｰﾄﾞ ﾛﾌﾞｽﾄ,サボールHVAロサードロブスト,127mm 1,,,,850,,,https://www.mof.go.jp/policy/tab_salt/topics/20250115_kouriteika_2.pdf,1,高
07f41b9ef055ab1a,2025-01-15,令和7年1月15日,変更認可,,ﾌﾞｴﾅｳﾞｨｽﾀ･ｲﾝｺｸﾞﾆｰﾄ ﾁｬｰﾁﾙ,ブエナヴィスタインコグニートチャーチル,172mm 1,,,,2200,,,https://www.mof.go.jp/policy/tab_salt/topics/20250115_kouriteika_2.pdf,1,高
9277eb0436cbec12,2025-01-15,令和7年1月15日,変更認可,,ﾌﾞｴﾅｳﾞｨｽﾀ･ｲﾝｺｸﾞﾆｰﾄ ﾄﾛ,ブエナヴィスタインコグニートトロ,150mm 1,,,,2100,,,https://www.mof.go.jp/policy/tab_salt/topics/20250115_kouriteika_2.pdf,1,高
0866129458fd17c1,2025-01-15,令和7年1月15日,変更認可,,ﾌﾞｴﾅｳﾞｨｽﾀ･ｲﾝｺｸﾞﾆｰﾄ ﾛﾌﾞｽﾄ,ブエナヴィスタインコグニートロブスト,125mm 1,,,,2000,,,https://www.mof.go.jp/policy/tab_salt/topics/20250115_kouriteika_2.pdf,1,高
1ca5e924931dcc74,2025-01-15,令和7年1月15日,変更認可,,ﾌﾛｰﾙ･ﾃﾞ･ｺﾊﾟﾝ 2025ｲﾔｰｵﾌﾞｻﾞｽﾈｲｸ,フロールデコパン2025イヤーオブザスネイク,164mm 1,,,,2800,,,https://www.mof.go.jp/policy/tab_salt/topics/20250115_kouriteika_2.pdf,1,高
8e9a4eedccd469dc,2025-01-08,令和7年1月8日,変更認可,,ﾌｨﾘｯﾌﾟﾓﾘｽ･1･100sｽｰﾊﾟｰｽﾘﾑﾎﾞｯｸｽN FSK 20,フィリップモリス1100SスーパースリムボックスNFSK20,,,,,430,,,https://www.mof.go.jp/policy/tab_salt/topics/20250108_kouriteika.pdf,1,中
912e183b6631fff2,2025-01-08,令和7年1月8日,変更認可,,ﾌｨﾘｯﾌﾟﾓﾘｽ･1･100sｽｰﾊﾟｰｽﾘﾑﾎﾞｯｸｽN ﾊｰﾄﾞﾊﾟｯｸ ﾁｪｺ,フィリップモリス1100SスーパースリムボックスNハードパックチェコ,,,,,430,,,https://www.mof.go.jp/policy/tab_salt/topics/20250108_kouriteika.pdf,1,高
8368a9beefcb93bb,2025-01-08,令和7年1月8日,変更認可,,ﾌｨﾘｯﾌﾟﾓﾘｽ･ﾊﾟｰﾌﾟﾙ･1･100sｽｰﾊﾟｰｽﾘﾑﾎﾞｯｸｽN FSK 20,フィリップモリスパープル1100SスーパースリムボックスNFSK20,,,,,430,,,https://www.mof.go.jp/policy/tab_salt/topics/20250108_kouriteika.pdf,1,中
44e0d3c06a1a1c43,2025-01-08,令和7年1月8日,変更認可,,ﾌｨﾘｯﾌﾟﾓﾘｽ･ﾊﾟｰﾌﾟﾙ･1･100sｽｰﾊﾟｰｽﾘﾑﾎﾞｯｸｽN ﾊｰﾄﾞﾊﾟｯｸ ﾁｪｺ,フィリップモリスパープル1100SスーパースリムボックスNハードパックチェコ,,,,,430,,,https://www.mof.go.jp/policy/tab_salt/topics/20250108_kouriteika.pdf,1,高
3dabb9ffba621ada,2024-12-26,令和6年12月26日,変更認可,,AL AMASI Walnut,ALAMASIWALNUT,ﾌﾟﾗｽﾁｯｸｹｰｽ50.0g,50,g,,1650,,,https://www.mof.go.jp/policy/tab_salt/topics/20241226_kouriteika.pdf,1,高
8969f3e32512a6db,2024-12-26,令和6年12月26日,変更認可,,Bang Bang Biscuits,BANGBANGBISCUITS,50.0g,50,g,,1780,,,https://www.mof.go.jp/policy/tab_salt/topics/20241226_kouriteika.pdf,1,高
2953bf4291df7477,2024-12-26,令和6年12月26日,変更認可,,Bang Bang Coco Milk,BANGBANGCOCOMILK,50.0g,50,g,,1780,,,https://www.mof.go.jp/policy/tab_salt/topics/20241226_kouriteika.pdf,1,高
1d562220425d75e5,2024-12-26,令和6年12月26日,変更認可,,Bang Bang Ice Mint,BANGBANGICEMINT,50.0g,50,g,,1780,,,https://www.mof.go.jp/policy/tab_salt/topics/20241226_kouriteika.pdf,1,高
6e7b25385d19efa6,2024-12-26,令和6年12月26日,変更認可,,Bang Bang Ice Watermelon,BANGBANGICEWATERMELON,50.0g,50,g,,1780,,,https://www.mof.go.jp/policy/tab_salt/topics/20241226_kouriteika.pdf,1,高
379f06a453ec8adb,2024-12-26,令和6年12月26日,変更認可,,Bang Bang Watermelon Mint,BANGBANGWATERMELONMINT,50.0g,50,g,,1780,,,https://www.mof.go.jp/policy/tab_salt/topics/20241226_kouriteika.pdf,1,高
f53feabc0b2c1544,2024-12-26,令和6年12月26日,変更認可,,ﾀﾞﾋﾞﾄﾞﾌ ｳｨﾝｽﾄﾝﾁｬｰﾁﾙ ﾘﾐﾃｯﾄﾞｴﾃﾞｨｼｮﾝ2025,ダビドフウィンストンチャーチルリミテッドエディション2025,178mm 1,,,,14000,,,https://www.mof.go.jp/policy/tab_salt/topics/20241226_kouriteika.pdf,1,高
d2faf26b1779fa84,2024-12-25,令和6年12月25日,変更認可,,ｷｬﾒﾙ･ｽﾑｰｽ･ﾌﾟﾙｰﾑ,キャメルスムースプルーム,4.4g20,4.4,g,,500,,,https://www.mof.go.jp/policy/tab_salt/topics/20241225_kouriteika.pdf,1,高
9ebee1a12d508a1a,2024-12-25,令和6年12月25日,変更認可,,ｷｬﾒﾙ･ﾍﾞﾘｰ･ｵﾌﾟｼｮﾝ･ﾌﾟﾙｰﾑ,キャメルベリーオプションプルーム,4.0g20,4,g,,500,,,https://www.mof.go.jp/policy/tab_salt/topics/20241225_kouriteika.pdf,1,高
a02db60ad5c80755,2024-12-25,令和6年12月25日,変更認可,,ｷｬﾒﾙ･ﾒﾝｿｰﾙ･ｺｰﾙﾄﾞ･ﾌﾟﾙｰﾑ,キャメルメンソールコールドプルーム,4.4g20,4.4,g,,500,,,https://www.mof.go.jp/policy/tab_salt/topics/20241225_kouriteika.pdf,1,高
4318a7866ad7b9ee,2024-12-25,令和6年12月25日,変更認可,,ｷｬﾒﾙ･ﾒﾝｿｰﾙ･ﾌﾚｯｼｭ･ﾌﾟﾙｰﾑ,キャメルメンソールフレッシュプルーム,4.4g20,4.4,g,,500,,,https://www.mof.go.jp/policy/tab_salt/topics/20241225_kouriteika.pdf,1,高
6cbe853481353148,2024-12-25,令和6年12月25日,変更認可,,ｷｬﾒﾙ･ﾒﾝｿｰﾙ･ﾍﾞﾘｰ･ﾌﾟﾙｰﾑ,キャメルメンソールベリープルーム,4.0g20,4,g,,500,,,https://www.mof.go.jp/policy/tab_salt/topics/20241225_kouriteika.pdf,1,高
c0131b38e3c12126,2024-12-25,令和6年12月25日,変更認可,,ｷｬﾒﾙ･ﾒﾝｿｰﾙ･ﾏｽｶｯﾄ･ﾌﾟﾙｰﾑ,キャメルメンソールマスカットプルーム,4.0g20,4,g,,500,,,https://www.mof.go.jp/policy/tab_salt/topics/20241225_kouriteika.pdf,1,高
e620ce17f3ee1631,2024-12-25,令和6年12月25日,変更認可,,ｷｬﾒﾙ･ﾘｯﾁ･ﾌﾟﾙｰﾑ,キャメルリッチプルーム,4.4g20,4.4,g,,500,,,https://www.mof.go.jp/policy/tab_salt/topics/20241225_kouriteika.pdf,1,高
6010efe8835d92a0,2024-12-25,令和6年12月25日,変更認可,,ﾒﾋﾞｳｽ･ｱｯﾌﾟﾙ･ｵﾌﾟｼｮﾝ･ﾌﾟﾙｰﾑ,メビウスアップルオプションプルーム,4.0g20,4,g,,500,,,https://www.mof.go.jp/policy/tab_salt/topics/20241225_kouriteika.pdf,1,高
e6e97404cab4aa06,2024-12-25,令和6年12月25日,変更認可,,ﾒﾋﾞｳｽ･ｱﾛﾏﾘｯﾁ･ﾚｷﾞｭﾗｰ･ﾌﾟﾙｰﾑ,メビウスアロマリッチレギュラープルーム,4.4g20,4.4,g,,500,,,https://www.mof.go.jp/policy/tab_salt/topics/20241225_kouriteika.pdf,1,高
1146459f2831d422,2024-12-25,令和6年12月25日,変更認可,,ﾒﾋﾞｳｽ･ｺｰﾙﾄﾞ･ﾒﾝｿｰﾙ･ﾌﾟﾙｰﾑ,メビウスコールドメンソールプルーム,4.4g20,4.4,g,,500,,,https://www.mof.go.jp/policy/tab_salt/topics/20241225_kouriteika.pdf,1,高
05abbcee2d319a3e,2024-12-25,令和6年12月25日,変更認可,,ﾒﾋﾞｳｽ･ｼﾄﾗｽ･ｵﾌﾟｼｮﾝ･ﾌﾟﾙｰﾑ,メビウスシトラスオプションプルーム,4.0g20,4,g,,500,,,https://www.mof.go.jp/policy/tab_salt/topics/20241225_kouriteika.pdf,1,高
071a781481ec626d,2024-12-25,令和6年12月25日,変更認可,,ﾒﾋﾞｳｽ･ｼｬｰﾌﾟ･ｺｰﾙﾄﾞ･ﾒﾝｿｰﾙ･ﾌﾟﾙｰﾑ,メビウスシャープコールドメンソールプルーム,4.4g20,4.4,g,,500,,,https://www.mof.go.jp/policy/tab_salt/topics/20241225_kouriteika.pdf,1,高
ffd9d1a7a5dec0a7,2024-12-25,令和6年12月25日,変更認可,,ﾒﾋﾞｳｽ･ｽﾑｰｽ･ﾚｷﾞｭﾗｰ･ﾌﾟﾙｰﾑ,メビウススムースレギュラープルーム,4.4g20,4.4,g,,500,,,https://www.mof.go.jp/policy/tab_salt/topics/20241225_kouriteika.pdf,1,高
d537886db0dc738d,2024-12-25,令和6年12月25日,変更認可,,ﾒﾋﾞｳｽ･ﾃﾞｨｰﾌﾟ･ﾚｷﾞｭﾗｰ･ﾌﾟﾙｰﾑ,メビウスディープレギュラープルーム,4.4g20,4.4,g,,500,,,https://www.mof.go.jp/policy/tab_salt/topics/20241225_kouriteika.pdf,1,高
08e5a62fd01eb439,2024-12-25,令和6年12月25日,変更認可,,ﾒﾋﾞｳｽ･ﾌﾞﾗｯｸ･ｺｰﾙﾄﾞ･ﾒﾝｿｰﾙ･ﾌﾟﾙｰﾑ,メビウスブラックコールドメンソールプルーム,4.0g20,4,g,,500,,,https://www.mof.go.jp/policy/tab_salt/topics/20241225_kouriteika.pdf,1,高
4ca6886e09c2310c,2024-12-25,令和6年12月25日,変更認可,,ﾒﾋﾞｳｽ･ﾍﾟｱｰ･ｵﾌﾟｼｮﾝ･ﾌﾟﾙｰﾑ,メビウスペアーオプションプルーム,4.0g20,4,g,,500,,,https://www.mof.go.jp/policy/tab_salt/topics/20241225_kouriteika.pdf,1,高
0b03a73aefaa3727,2024-12-25,令和6年12月25日,変更認可,,ﾒﾋﾞｳｽ･ﾍﾞﾘｰ･ｵﾌﾟｼｮﾝ･ﾌﾟﾙｰﾑ,メビウスベリーオプションプルーム,4.0g20,4,g,,500,,,https://www.mof.go.jp/policy/tab_salt/topics/20241225_kouriteika.pdf,1,高
c818a31f12cb582d,2024-12-25,令和6年12月25日,変更認可,,ﾒﾋﾞｳｽ･ﾏｽｶｯﾄ･ｵﾌﾟｼｮﾝ･ﾌﾟﾙｰﾑ,メビウスマスカットオプションプルーム,4.0g20,4,g,,500,,,https://www.mof.go.jp/policy/tab_salt/topics/20241225_kouriteika.pdf,1,高
8e4f067c62efe462,2024-12-25,令和6年12月25日,変更認可,,ﾒﾋﾞｳｽ･ﾐｯｸｽ･ﾐﾝﾄ･ﾒﾝｿｰﾙ･ﾌﾟﾙｰﾑ,メビウスミックスミントメンソールプルーム,4.4g20,4.4,g,,500,,,https://www.mof.go.jp/policy/tab_salt/topics/20241225_kouriteika.pdf,1,高
38f545e9fa06cd45,2024-12-23,令和6年12月23日,変更認可,,ﾋﾟｰﾙ･ﾚｯﾄﾞﾜｲﾝ,ピールレッドワイン,ﾊｰﾄﾞﾊﾟｯｸFK 20,,,,550,,,https://www.mof.go.jp/policy/tab_salt/topics/20241223_kouriteika.pdf,1,高
e1b3009c048f303a,2024-12-23,令和6年12月23日,変更認可,,ﾎﾞｽﾈﾙ 20 ﾏｰﾃｨﾝ,ボスネル20マーティン,165mm 1,,,,8000,,,https://www.mof.go.jp/policy/tab_salt/topics/20241223_kouriteika.pdf,1,高
68beceae0cea5ea0,2024-12-23,令和6年12月23日,変更認可,,ﾎﾞｽﾈﾙ ｸﾗｼｯｸ ｺﾛﾅ001,ボスネルクラシックコロナ001,172mm 1,,,,3750,,,https://www.mof.go.jp/policy/tab_salt/topics/20241223_kouriteika.pdf,1,高
ed504d257eaac053,2024-12-23,令和6年12月23日,変更認可,,ﾎﾞｽﾈﾙ ｸﾗｼｯｸ ｺﾛﾅ002,ボスネルクラシックコロナ002,150mm 1,,,,3450,,,https://www.mof.go.jp/policy/tab_salt/topics/20241223_kouriteika.pdf,1,高
0dfb838e0095d423,2024-12-23,令和6年12月23日,変更認可,,ﾎﾞｽﾈﾙ ｸﾗｼｯｸ ｺﾛﾅ003,ボスネルクラシックコロナ003,146mm 1,,,,3100,,,https://www.mof.go.jp/policy/tab_salt/topics/20241223_kouriteika.pdf,1,高
f3318f30fa44f6df,2024-12-23,令和6年12月23日,変更認可,,ﾎﾞｽﾈﾙ ｸﾗｼｯｸ ﾛﾝｸﾞﾊﾟﾅﾃﾗ001,ボスネルクラシックロングパナテラ001,190mm 1,,,,3650,,,https://www.mof.go.jp/policy/tab_salt/topics/20241223_kouriteika.pdf,1,高
66f7782969464d22,2024-12-23,令和6年12月23日,変更認可,,ﾎﾞｽﾈﾙ ｸﾗｼｯｸ ﾛﾝｸﾞﾊﾟﾅﾃﾗ002,ボスネルクラシックロングパナテラ002,178mm 1,,,,3100,,,https://www.mof.go.jp/policy/tab_salt/topics/20241223_kouriteika.pdf,1,高
bf3745416b48b30f,2024-12-23,令和6年12月23日,変更認可,,ﾎﾞｽﾈﾙ ﾆｶﾗｸﾞｱ ｱﾄﾞﾐﾗﾙ,ボスネルニカラグアアドミラル,140mm 1,,,,5250,,,https://www.mof.go.jp/policy/tab_salt/topics/20241223_kouriteika.pdf,1,高
901b78091f2bed68,2024-12-23,令和6年12月23日,変更認可,,ﾎﾞｽﾈﾙ ﾆｶﾗｸﾞｱ ｲｳﾞｧﾝ,ボスネルニカラグアイヴァン,168mm 1,,,,5100,,,https://www.mof.go.jp/policy/tab_salt/topics/20241223_kouriteika.pdf,1,高
bc97a586af7af6c8,2024-12-23,令和6年12月23日,変更認可,,ﾎﾞｽﾈﾙ ﾆｶﾗｸﾞｱ ｳﾗｼﾞﾐｰﾙ,ボスネルニカラグアウラジミール,140mm 1,,,,4800,,,https://www.mof.go.jp/policy/tab_salt/topics/20241223_kouriteika.pdf,1,高
bc606aae6e2c9145,2024-12-23,令和6年12月23日,変更認可,,ﾎﾞｽﾈﾙ ﾆｶﾗｸﾞｱ ﾊﾞﾛﾝ,ボスネルニカラグアバロン,152mm 1,,,,8100,,,https://www.mof.go.jp/policy/tab_salt/topics/20241223_kouriteika.pdf,1,高
2ab0d1a8487d1563,2024-12-23,令和6年12月23日,変更認可,,ﾎﾞｽﾈﾙ ﾆｶﾗｸﾞｱ ﾍﾝﾘｰ,ボスネルニカラグアヘンリー,155mm 1,,,,5350,,,https://www.mof.go.jp/policy/tab_salt/topics/20241223_kouriteika.pdf,1,高
6b5193e71b62e760,2024-12-23,令和6年12月23日,変更認可,,ﾎﾞｽﾈﾙ ﾆｶﾗｸﾞｱ ﾏｲｹﾙ,ボスネルニカラグアマイケル,117mm 1,,,,3100,,,https://www.mof.go.jp/policy/tab_salt/topics/20241223_kouriteika.pdf,1,高
d5d24f9abf317b18,2024-12-23,令和6年12月23日,変更認可,,ﾎﾞｽﾈﾙ ﾆｶﾗｸﾞｱ ﾘﾁｬｰﾄﾞ ﾏﾃﾞｭｰﾛ,ボスネルニカラグアリチャードマデューロ,102mm 1,,,,3700,,,https://www.mof.go.jp/policy/tab_salt/topics/20241223_kouriteika.pdf,1,高
91a484970841d26f,2024-12-23,令和6年12月23日,変更認可,,ﾎﾞｽﾈﾙ ﾆｶﾗｸﾞｱ ﾘﾁｬｰﾄﾞ ﾓﾚﾉ,ボスネルニカラグアリチャードモレノ,102mm 1,,,,3700,,,https://www.mof.go.jp/policy/tab_salt/topics/20241223_kouriteika.pdf,1,高
76a244b7891f7896,2024-12-23,令和6年12月23日,変更認可,,ﾎﾞｽﾈﾙ ﾌﾞﾗｯｸｴﾃﾞｨｼｮﾝ ｺﾛﾅ,ボスネルブラックエディションコロナ,140mm 1,,,,2850,,,https://www.mof.go.jp/policy/tab_salt/topics/20241223_kouriteika.pdf,1,高
678faac0aa5c8eb7,2024-12-23,令和6年12月23日,変更認可,,ﾎﾞｽﾈﾙ ﾌﾞﾗｯｸｴﾃﾞｨｼｮﾝ ﾄﾙﾍﾟﾄﾞ,ボスネルブラックエディショントルペド,152mm 1,,,,4050,,,https://www.mof.go.jp/policy/tab_salt/topics/20241223_kouriteika.pdf,1,高
6ff3777276c5fcfd,2024-12-23,令和6年12月23日,変更認可,,ﾎﾞｽﾈﾙ ﾌﾞﾗｯｸｴﾃﾞｨｼｮﾝ ﾄﾛ,ボスネルブラックエディショントロ,152mm 1,,,,3500,,,https://www.mof.go.jp/policy/tab_salt/topics/20241223_kouriteika.pdf,1,高
febd2aa1d738d836,2024-12-23,令和6年12月23日,変更認可,,ﾎﾞｽﾈﾙ ﾌﾞﾗｯｸｴﾃﾞｨｼｮﾝ ﾛﾌﾞｽﾄ,ボスネルブラックエディションロブスト,126mm 1,,,,3200,,,https://www.mof.go.jp/policy/tab_salt/topics/20241223_kouriteika.pdf,1,高
3e83dc85a9b005bf,2024-12-23,令和6年12月23日,変更認可,,ﾎﾞｽﾈﾙ ﾏﾃﾞｭｰﾛ ｱﾚｷｻﾝﾀﾞｰ,ボスネルマデューロアレキサンダー,89mm 1,,,,2550,,,https://www.mof.go.jp/policy/tab_salt/topics/20241223_kouriteika.pdf,1,高
8b1d6069ecd57664,2024-12-23,令和6年12月23日,変更認可,,ﾎﾞｽﾈﾙ ﾏﾃﾞｭｰﾛ ｱﾝﾊﾞｻﾀﾞｰ,ボスネルマデューロアンバサダー,145mm 1,,,,5300,,,https://www.mof.go.jp/policy/tab_salt/topics/20241223_kouriteika.pdf,1,高
6a570c8849e63219,2024-12-23,令和6年12月23日,変更認可,,ﾎﾞｽﾈﾙ ﾏﾃﾞｭｰﾛ ｴｶﾃﾘｰﾅ,ボスネルマデューロエカテリーナ,140mm 1,,,,3350,,,https://www.mof.go.jp/policy/tab_salt/topics/20241223_kouriteika.pdf,1,高
c407034e42e3edcf,2024-12-23,令和6年12月23日,変更認可,,ﾎﾞｽﾈﾙ ﾏﾃﾞｭｰﾛ ｴﾘｻﾞﾍﾞｽ,ボスネルマデューロエリザベス,150mm 1,,,,3700,,,https://www.mof.go.jp/policy/tab_salt/topics/20241223_kouriteika.pdf,1,高
68f5e83612ccfcd1,2024-12-23,令和6年12月23日,変更認可,,ﾎﾞｽﾈﾙ ﾏﾃﾞｭｰﾛ ｸﾚｵﾊﾟﾄﾗ,ボスネルマデューロクレオパトラ,178mm 1,,,,5850,,,https://www.mof.go.jp/policy/tab_salt/topics/20241223_kouriteika.pdf,1,高
fb79367e27697e63,2024-12-23,令和6年12月23日,変更認可,,ﾎﾞｽﾈﾙ ﾏﾃﾞｭｰﾛ ﾀﾞﾌﾞﾙｺﾛﾅ,ボスネルマデューロダブルコロナ,175mm 1,,,,4250,,,https://www.mof.go.jp/policy/tab_salt/topics/20241223_kouriteika.pdf,1,高
3ed8213585632d0d,2024-12-23,令和6年12月23日,変更認可,,ﾎﾞｽﾈﾙ ﾏﾃﾞｭｰﾛ ﾄﾙﾍﾟﾄﾞ,ボスネルマデューロトルペド,150mm 1,,,,4800,,,https://www.mof.go.jp/policy/tab_salt/topics/20241223_kouriteika.pdf,1,高
1f75a45ac2bb7d98,2024-12-23,令和6年12月23日,変更認可,,ﾎﾞｽﾈﾙ ﾏﾃﾞｭｰﾛ ﾈﾙｿﾝ,ボスネルマデューロネルソン,175mm 1,,,,7500,,,https://www.mof.go.jp/policy/tab_salt/topics/20241223_kouriteika.pdf,1,高
95f4fcf140cb8861,2024-12-23,令和6年12月23日,変更認可,,ﾎﾞｽﾈﾙ ﾏﾃﾞｭｰﾛ ﾋﾟｰﾀｰ,ボスネルマデューロピーター,122mm 1,,,,3500,,,https://www.mof.go.jp/policy/tab_salt/topics/20241223_kouriteika.pdf,1,高
339a859e9f752e04,2024-12-23,令和6年12月23日,変更認可,,ﾜｰﾌﾟﾄ ﾗ ｺﾙﾒﾅ 10,ワープトラコルメナ10,152mm 1,,,,6800,,,https://www.mof.go.jp/policy/tab_salt/topics/20241223_kouriteika.pdf,1,高
92019f9c30607706,2024-12-23,令和6年12月23日,変更認可,,ﾎﾞｽﾈﾙ ｸﾗｼｯｸ ｱﾚｷｻﾝﾀﾞｰ,ボスネルクラシックアレキサンダー,89mm 1,,,,2550,,,https://www.mof.go.jp/policy/tab_salt/topics/20241223_kouriteika.pdf,2,高
bcca6df06b873031,2024-12-23,令和6年12月23日,変更認可,,ﾎﾞｽﾈﾙ ｸﾗｼｯｸ ｴｶﾃﾘｰﾅ,ボスネルクラシックエカテリーナ,140mm 1,,,,3350,,,https://www.mof.go.jp/policy/tab_salt/topics/20241223_kouriteika.pdf,2,高
31d5e4150cf34c88,2024-12-23,令和6年12月23日,変更認可,,ﾎﾞｽﾈﾙ ｸﾗｼｯｸ ｴﾘｻﾞﾍﾞｽ,ボスネルクラシックエリザベス,150mm 1,,,,3700,,,https://www.mof.go.jp/policy/tab_salt/topics/20241223_kouriteika.pdf,2,高
2df33861b3562a6a,2024-12-23,令和6年12月23日,変更認可,,ﾎﾞｽﾈﾙ ｸﾗｼｯｸ ｺﾛﾅ004,ボスネルクラシックコロナ004,140mm 1,,,,2800,,,https://www.mof.go.jp/policy/tab_salt/topics/20241223_kouriteika.pdf,2,高
e7ebbc99b80f81ad,2024-12-23,令和6年12月23日,変更認可,,ﾎﾞｽﾈﾙ ｸﾗｼｯｸ ﾀﾞﾌﾞﾙｺﾛﾅ,ボスネルクラシックダブルコロナ,175mm 1,,,,4250,,,https://www.mof.go.jp/policy/tab_salt/topics/20241223_kouriteika.pdf,2,高
66441a2eb51d443d,2024-12-23,令和6年12月23日,変更認可,,ﾎﾞｽﾈﾙ ｸﾗｼｯｸ ﾁｬｰﾁﾙ,ボスネルクラシックチャーチル,190mm 1,,,,5250,,,https://www.mof.go.jp/policy/tab_salt/topics/20241223_kouriteika.pdf,2,高
6f9a6ae678fa8eb5,2024-12-23,令和6年12月23日,変更認可,,ﾎﾞｽﾈﾙ ｸﾗｼｯｸ ﾄﾙﾍﾟﾄﾞ,ボスネルクラシックトルペド,150mm 1,,,,4800,,,https://www.mof.go.jp/policy/tab_salt/topics/20241223_kouriteika.pdf,2,高
219be024c559c959,2024-12-23,令和6年12月23日,変更認可,,ﾎﾞｽﾈﾙ ｸﾗｼｯｸ ﾋﾟｰﾀｰ,ボスネルクラシックピーター,122mm 1,,,,3500,,,https://www.mof.go.jp/policy/tab_salt/topics/20241223_kouriteika.pdf,2,高
30f93f62dfb23736,2024-12-23,令和6年12月23日,変更認可,,ﾎﾞｽﾈﾙ ｸﾗｼｯｸ ﾛﾌﾞｽﾄ,ボスネルクラシックロブスト,125mm 1,,,,3650,,,https://www.mof.go.jp/policy/tab_salt/topics/20241223_kouriteika.pdf,2,高
0707b98539c00185,2024-12-23,令和6年12月23日,変更認可,,ﾎﾞｽﾈﾙ ﾏﾃﾞｭｰﾛ ﾛﾌﾞｽﾄ,ボスネルマデューロロブスト,125mm 1,,,,3700,,,https://www.mof.go.jp/policy/tab_salt/topics/20241223_kouriteika.pdf,2,高
056d432fc62f71c4,2024-12-18,令和6年12月18日,変更認可,,SOLA,SOLA,147mm 1,,,ﾆｶﾗｸﾞｱ,3000,,,https://www.mof.go.jp/policy/tab_salt/topics/20241218_kouriteika.pdf,1,高
ecdd811008bf5cb8,2024-12-18,令和6年12月18日,変更認可,,ｺｲｰﾊﾞ･ｴｽﾌﾟﾚﾝﾃﾞｨﾄﾞｽ ｸﾞﾗﾝ ﾚｾﾞﾙﾊﾞ ｺｾﾁｬ 2017,コイーバエスプレンディドスグランレゼルバコセチャ2017,178mm 1,,,ｷｭｰﾊﾞ,129800,,,https://www.mof.go.jp/policy/tab_salt/topics/20241218_kouriteika.pdf,1,高
653cfb7530b5a214,2024-12-18,令和6年12月18日,変更認可,,ｺｲｰﾊﾞ･ﾉﾍﾞﾄﾞｿｽ LCDH,コイーバノベドソスLCDH,156mm 1,,,ｷｭｰﾊﾞ,42900,,,https://www.mof.go.jp/policy/tab_salt/topics/20241218_kouriteika.pdf,1,高
cef268889a343923,2024-12-18,令和6年12月18日,変更認可,,ﾊﾟﾙﾀｶﾞｽ･ﾄﾛﾋﾟｶﾚｽ 175th ｱﾆﾍﾞﾙｻﾘｵ,パルタガストロピカレス175THアニベルサリオ,175mm 1,,,ｷｭｰﾊﾞ,110000,,,https://www.mof.go.jp/policy/tab_salt/topics/20241218_kouriteika.pdf,1,高
19de85a947ac2335,2024-12-18,令和6年12月18日,変更認可,,ﾎﾟｰﾙ･ﾗﾗﾅｰｶﾞ･ﾛｰﾀｽ RE 2023,ポールララナーガロータスRE2023,120mm 1,,,ｷｭｰﾊﾞ,9900,,,https://www.mof.go.jp/policy/tab_salt/topics/20241218_kouriteika.pdf,1,高
6367ac2037724859,2024-12-18,令和6年12月18日,変更認可,,ﾓﾝﾃｸﾘｽﾄ･ﾙ ｸﾚﾊﾟｽｷｭｰﾙ S.T. Dupont150th Anniversary,モンテクリストルクレパスキュールS.T.DUPONT150THANNIVERSARY,145mm 1,,,ｷｭｰﾊﾞ,91300,,,https://www.mof.go.jp/policy/tab_salt/topics/20241218_kouriteika.pdf,1,高
1391994c925fa236,2024-12-18,令和6年12月18日,変更認可,,ﾗ･ﾌﾛｰﾙ･ﾃﾞ･ｶﾉ･ﾃﾞｨｱﾃﾞﾏｽ RE 2023,ラフロールデカノディアデマスRE2023,178mm 1,,,ｷｭｰﾊﾞ,12100,,,https://www.mof.go.jp/policy/tab_salt/topics/20241218_kouriteika.pdf,1,高
c3cec1533dd92440,2024-12-17,令和6年12月17日,変更認可,,Aroma de nica 384 Nina,AROMADENICA384NINA,102mm 1,,,,600,500,2025-01-01,https://www.mof.go.jp/policy/tab_salt/topics/20241217_kouriteikahenkou.pdf,1,高
97938ae689d3093e,2024-12-17,令和6年12月17日,変更認可,,Aroma de nica 385,AROMADENICA385,127mm 1,,,,800,700,2025-01-01,https://www.mof.go.jp/policy/tab_salt/topics/20241217_kouriteikahenkou.pdf,1,高
3402e2adf54f46d1,2024-12-17,令和6年12月17日,変更認可,,Aroma de nica 386,AROMADENICA386,152mm 1,,,"1,100 =1,200",800,700,2025-01-01,https://www.mof.go.jp/policy/tab_salt/topics/20241217_kouriteikahenkou.pdf,1,中
38a3c9bd10bf4a66,2024-12-17,令和6年12月17日,変更認可,,Aroma de nica 387,AROMADENICA387,178mm 1,,,"1,100 =1,200",900,700,2025-01-01,https://www.mof.go.jp/policy/tab_salt/topics/20241217_kouriteikahenkou.pdf,1,中
ddb8087183c5f5ee,2024-12-17,令和6年12月17日,変更認可,,Aroma de nica 464,AROMADENICA464,102mm 1,,,"1,100 =1,200",900,700,2025-01-01,https://www.mof.go.jp/policy/tab_salt/topics/20241217_kouriteikahenkou.pdf,1,高
a2286ee35fa01f58,2024-12-17,令和6年12月17日,変更認可,,Aroma de nica 465Santa Maria,AROMADENICA465SANTAMARIA,127mm 1,,,"1,100 =1,300",900,700,2025-01-01,https://www.mof.go.jp/policy/tab_salt/topics/20241217_kouriteikahenkou.pdf,1,中
9f060f083ad36db2,2024-12-17,令和6年12月17日,変更認可,,Aroma de nica 466,AROMADENICA466,152mm 1,,,"1,100 =1,300",900,700,2025-01-01,https://www.mof.go.jp/policy/tab_salt/topics/20241217_kouriteikahenkou.pdf,1,中
ef28b802974485b3,2024-12-17,令和6年12月17日,変更認可,,Aroma de nica 467,AROMADENICA467,178mm 1,,,"1,300 =1,500",900,700,2025-01-01,https://www.mof.go.jp/policy/tab_salt/topics/20241217_kouriteikahenkou.pdf,1,中
608bf9f5a833dd76,2024-12-17,令和6年12月17日,変更認可,,Aroma de nica 504Pinta,AROMADENICA504PINTA,102mm 1,,,"1,300 =1,500",900,700,2025-01-01,https://www.mof.go.jp/policy/tab_salt/topics/20241217_kouriteikahenkou.pdf,1,中
3c9514255555b9d3,2024-12-17,令和6年12月17日,変更認可,,Aroma de nica 505,AROMADENICA505,127mm 1,,,"1,000 =1,200",900,700,2025-01-01,https://www.mof.go.jp/policy/tab_salt/topics/20241217_kouriteikahenkou.pdf,1,中
0c2845b3005de097,2024-12-17,令和6年12月17日,変更認可,,Aroma de nica 506,AROMADENICA506,152mm 1,,,"1,200 =1,400",900,700,2025-01-01,https://www.mof.go.jp/policy/tab_salt/topics/20241217_kouriteikahenkou.pdf,1,中
74b14be74dc94ad2,2024-12-17,令和6年12月17日,変更認可,,Aroma de nica 507,AROMADENICA507,178mm 1,,,"1,400 =1,600",900,700,2025-01-01,https://www.mof.go.jp/policy/tab_salt/topics/20241217_kouriteikahenkou.pdf,1,中
db673d0ae47e5f8d,2024-12-09,令和6年12月9日,変更認可,,ﾗｯｷｰ･ｽﾄﾗｲｸ･ﾄﾛﾋﾟｶﾙ･ｽｲｯﾁ･hyper ﾌｨﾙﾀｰ 20 ﾊｰﾄﾞﾊﾟｯｸ,ラッキーストライクトロピカルスイッチHYPERフィルター20ハードパック,,,,,430,,,https://www.mof.go.jp/policy/tab_salt/topics/20241209_kouriteika.pdf,1,高
4246c66346db6a2c,2024-12-09,令和6年12月9日,変更認可,,ﾗｯｷｰ･ｽﾄﾗｲｸ･ﾍﾞﾘｰ･ｽｲｯﾁ･hyper ﾌｨﾙﾀｰ 20 ﾊｰﾄﾞﾊﾟｯｸ,ラッキーストライクベリースイッチHYPERフィルター20ハードパック,,,,,430,,,https://www.mof.go.jp/policy/tab_salt/topics/20241209_kouriteika.pdf,1,高
1815cb3c297adf56,2024-11-26,令和6年11月26日,変更認可,,ALISHAN JING TAI DIAN LAN HARDPACK,ALISHANJINGTAIDIANLANHARDPACK,FK84mm 20 ﾊｰﾄﾞﾊﾟｯｸ,,,,520,,,https://www.mof.go.jp/policy/tab_salt/topics/20241126_kouriteika.pdf,1,高
1ce1bff27dab25b7,2024-11-26,令和6年11月26日,変更認可,,ALISHAN JING TAI DIAN LAN SLIMPACK,ALISHANJINGTAIDIANLANSLIMPACK,FSK97mm 20 ﾊｰﾄﾞﾊﾟｯｸ,,,,600,,,https://www.mof.go.jp/policy/tab_salt/topics/20241126_kouriteika.pdf,1,高
2e4f5818d15f6c8b,2024-11-26,令和6年11月26日,変更認可,,ALISHAN JING TAI DIAN LAN SOFTPACK,ALISHANJINGTAIDIANLANSOFTPACK,FK84mm 20 ｿﾌﾄﾊﾟｯｸ,,,,800,,,https://www.mof.go.jp/policy/tab_salt/topics/20241126_kouriteika.pdf,1,高
853641a836a9f794,2024-11-26,令和6年11月26日,変更認可,,ALISHAN MUSE4 HARD PACK,ALISHANMUSE4HARDPACK,FK84mm 20 ﾊｰﾄﾞﾊﾟｯｸ,,,,430,,,https://www.mof.go.jp/policy/tab_salt/topics/20241126_kouriteika.pdf,1,高
a815ae605e44e96d,2024-11-26,令和6年11月26日,変更認可,,ALISHAN MUSE8 HARD PACK,ALISHANMUSE8HARDPACK,FK84mm 20 ﾊｰﾄﾞﾊﾟｯｸ,,,,430,,,https://www.mof.go.jp/policy/tab_salt/topics/20241126_kouriteika.pdf,1,高
76af1e221593a3cd,2024-11-26,令和6年11月26日,変更認可,,ﾋﾞﾘｶﾞｰ･ﾘﾐﾃｯﾄﾞｴﾃﾞｨｼｮﾝ ｲﾔｰｵﾌﾞﾄﾞﾗｺﾞﾝ･ｸﾞﾗﾝﾄﾛ,ビリガーリミテッドエディションイヤーオブドラゴングラントロ,152mm 1,,,,6000,,,https://www.mof.go.jp/policy/tab_salt/topics/20241126_kouriteika.pdf,1,高
363d6c2334111207,2024-11-26,令和6年11月26日,変更認可,,ﾌﾟﾗｾﾝｼｱ ｺｾﾁｬ151 ｻﾝ･ﾃﾞｨｴｺﾞ,プラセンシアコセチャ151サンディエゴ,145mm 1,,,,2800,,,https://www.mof.go.jp/policy/tab_salt/topics/20241126_kouriteika.pdf,1,高
3febb164fb8f7afc,2024-11-26,令和6年11月26日,変更認可,,ﾌﾟﾗｾﾝｼｱ ｺｾﾁｬ151 ﾗ･ﾄﾗﾃﾞｨｼｮﾝ,プラセンシアコセチャ151ラトラディション,150mm 1,,,,3500,,,https://www.mof.go.jp/policy/tab_salt/topics/20241126_kouriteika.pdf,1,高
7586e713b3b3453e,2024-11-26,令和6年11月26日,変更認可,,ﾌﾟﾗｾﾝｼｱ ｺｾﾁｬ151 ﾗ･ﾑｼﾞｶ,プラセンシアコセチャ151ラムジカ,127mm 1,,,,2800,,,https://www.mof.go.jp/policy/tab_salt/topics/20241126_kouriteika.pdf,1,高
443cf3b1cacd4d2e,2024-11-15,令和6年11月15日,変更認可,,JiBiAR CINNAMON CHAI,JIBIARCINNAMONCHAI,50.0g,50,g,,1750,,,https://www.mof.go.jp/policy/tab_salt/topics/20241115_kouriteika.pdf,1,高
c2920adc3187650c,2024-11-15,令和6年11月15日,変更認可,,JiBiAR DEATH ICE,JIBIARDEATHICE,50.0g,50,g,,1750,,,https://www.mof.go.jp/policy/tab_salt/topics/20241115_kouriteika.pdf,1,高
cfcc806d4bce83c0,2024-11-15,令和6年11月15日,変更認可,,JiBiAR HAPPY PEAR,JIBIARHAPPYPEAR,50.0g,50,g,,1750,,,https://www.mof.go.jp/policy/tab_salt/topics/20241115_kouriteika.pdf,1,高
8458946faffb2923,2024-11-15,令和6年11月15日,変更認可,,JiBiAR KEY LIME,JIBIARKEYLIME,50.0g,50,g,,1750,,,https://www.mof.go.jp/policy/tab_salt/topics/20241115_kouriteika.pdf,1,高
2f132cf800afb6b1,2024-11-15,令和6年11月15日,変更認可,,JiBiAR PAN RASNA,JIBIARPANRASNA,50.0g,50,g,,1750,,,https://www.mof.go.jp/policy/tab_salt/topics/20241115_kouriteika.pdf,1,高
3a68a775cf3987fa,2024-11-15,令和6年11月15日,変更認可,,ｵｰﾛﾗ･120th･ｱﾆﾊﾞｰｻﾘｰ･ﾌﾟﾚﾌｪﾘﾄﾞｽ,オーロラ120THアニバーサリープレフェリドス,152mm 1,,,,5500,,,https://www.mof.go.jp/policy/tab_salt/topics/20241115_kouriteika.pdf,1,高
6cb505f096dea03f,2024-11-15,令和6年11月15日,変更認可,,ﾀﾞﾋﾞﾄﾞﾌ ｲﾔｰ ｵﾌﾞ ｻﾞ ｽﾈｰｸ 2025,ダビドフイヤーオブザスネーク2025,178mm 1,,,,17000,,,https://www.mof.go.jp/policy/tab_salt/topics/20241115_kouriteika.pdf,1,高
f550f6e2e2ae3a01,2024-11-15,令和6年11月15日,変更認可,,ﾀﾞﾋﾞﾄﾞﾌ ｲﾔｰ ｵﾌﾞ ｻﾞ ｽﾈｰｸ ﾌﾗｯｸﾞｼｯﾌﾟ2025,ダビドフイヤーオブザスネークフラッグシップ2025,152mm 1,,,,21000,,,https://www.mof.go.jp/policy/tab_salt/topics/20241115_kouriteika.pdf,1,高
9d27a9eb34e482a4,2024-11-15,令和6年11月15日,変更認可,,ﾌﾞﾗｯｸｼﾞｬｯｸ･ｽﾊﾟｻﾜ･ﾗﾝﾀﾞﾑ5,ブラックジャックスパサワランダム5,ﾊｰﾄﾞﾊﾟｯｸFK 20,,,,550,,,https://www.mof.go.jp/policy/tab_salt/topics/20241115_kouriteika.pdf,1,高
2932dc564ee01e1b,2024-10-22,令和6年10月22日,変更認可,,Cohiba Robustos PCC 20th JAR,COHIBAROBUSTOSPCC20THJAR,124mm 1,,,,38500,,,https://www.mof.go.jp/policy/tab_salt/topics/20241022_kouriteika.pdf,1,高
5a1a0783ac5810e5,2024-10-22,令和6年10月22日,変更認可,,Hoyo de Monterrey Epicure No.2 PCC20th JAR,HOYODEMONTERREYEPICURENO.2PCC20THJAR,124mm 1,,,,20900,,,https://www.mof.go.jp/policy/tab_salt/topics/20241022_kouriteika.pdf,1,高
872ee7d0aa91c834,2024-10-22,令和6年10月22日,変更認可,,M F Selection-toro Assort,MFSELECTION-TOROASSORT,152mm 5,,,,11500,,,https://www.mof.go.jp/policy/tab_salt/topics/20241022_kouriteika.pdf,1,高
891739f7c5945ea1,2024-10-22,令和6年10月22日,変更認可,,Partagas Serie D No.4 PCC 20th JAR,PARTAGASSERIEDNO.4PCC20THJAR,124mm 1,,,,22000,,,https://www.mof.go.jp/policy/tab_salt/topics/20241022_kouriteika.pdf,1,高
3f9b414a0252cf83,2024-10-22,令和6年10月22日,変更認可,,Por Larranaga Robustos PCC 20thJAR,PORLARRANAGAROBUSTOSPCC20THJAR,124mm 1,,,,29700,,,https://www.mof.go.jp/policy/tab_salt/topics/20241022_kouriteika.pdf,1,高
b51669a99f23663d,2024-10-22,令和6年10月22日,変更認可,,Quay D=Orsay Superiores PCC 20thJAR,QUAYD=ORSAYSUPERIORESPCC20THJAR,124mm 1,,,,26400,,,https://www.mof.go.jp/policy/tab_salt/topics/20241022_kouriteika.pdf,1,高
8dd4e05531fece70,2024-10-22,令和6年10月22日,変更認可,,ﾍﾟﾍﾟ･ｵｰｶﾞﾆｯｸ･ｼｶﾞﾚｯﾄ,ペペオーガニックシガレット,18 F85mmﾊｰﾄﾞﾊﾟｯｸ,,,,540,,,https://www.mof.go.jp/policy/tab_salt/topics/20241022_kouriteika.pdf,1,高
7e0e401c7bb95f7c,2024-10-04,令和6年10月4日,変更認可,,Al Waha Elite Edition Coffee,ALWAHAELITEEDITIONCOFFEE,50.0g,50,g,ﾖﾙﾀﾞﾝ,1800,,,https://www.mof.go.jp/policy/tab_salt/topics/20241004_kouriteika.pdf,1,高
33c0332f4bb6e4f2,2024-10-04,令和6年10月4日,変更認可,,Al Waha Elite Edition Licorice,ALWAHAELITEEDITIONLICORICE,50.0g,50,g,ﾖﾙﾀﾞﾝ,1800,,,https://www.mof.go.jp/policy/tab_salt/topics/20241004_kouriteika.pdf,1,高
4b5edf0ba63482d4,2024-10-04,令和6年10月4日,変更認可,,Al Waha Elite Edition Max Pipe,ALWAHAELITEEDITIONMAXPIPE,50.0g,50,g,ﾖﾙﾀﾞﾝ,1800,,,https://www.mof.go.jp/policy/tab_salt/topics/20241004_kouriteika.pdf,1,高
933fe72b2fd764d4,2024-10-04,令和6年10月4日,変更認可,,Al Waha Elite Edition MentholFusion,ALWAHAELITEEDITIONMENTHOLFUSION,50.0g,50,g,ﾖﾙﾀﾞﾝ,1800,,,https://www.mof.go.jp/policy/tab_salt/topics/20241004_kouriteika.pdf,1,高
54f6e01e7d24456d,2024-10-04,令和6年10月4日,変更認可,,Al Waha Elite Edition Tea,ALWAHAELITEEDITIONTEA,50.0g,50,g,ﾖﾙﾀﾞﾝ,1800,,,https://www.mof.go.jp/policy/tab_salt/topics/20241004_kouriteika.pdf,1,高
339d3f60d524efb6,2024-10-04,令和6年10月4日,変更認可,,AND BY DON CARLOS 5-CIGAR,ANDBYDONCARLOS5-CIGAR,5,,,ﾄﾞﾐﾆｶ,55500,,,https://www.mof.go.jp/policy/tab_salt/topics/20241004_kouriteika.pdf,1,高
34139344e3771505,2024-10-04,令和6年10月4日,変更認可,,ASSORT=5=,ASSORT=5=,5,,,ﾄﾞﾐﾆｶ,55000,,,https://www.mof.go.jp/policy/tab_salt/topics/20241004_kouriteika.pdf,1,中
ec8010a77444e47b,2024-10-04,令和6年10月4日,変更認可,,BIN Mini Cigar,BINMINICIGAR,90mm 1,,,ｲﾝﾄﾞﾈｼｱ,120,,,https://www.mof.go.jp/policy/tab_salt/topics/20241004_kouriteika.pdf,1,高
30de259e1df5f007,2024-10-04,令和6年10月4日,変更認可,,BIN Mini Cigar 20,BINMINICIGAR20,90mm 20,,,ｲﾝﾄﾞﾈｼｱ,2400,,,https://www.mof.go.jp/policy/tab_salt/topics/20241004_kouriteika.pdf,1,高
0314516a060a8de3,2024-10-04,令和6年10月4日,変更認可,,Henry Clay War Hawk Corona,HENRYCLAYWARHAWKCORONA,140mm 1,,,ﾎﾝｼﾞｭﾗｽ,1650,,,https://www.mof.go.jp/policy/tab_salt/topics/20241004_kouriteika.pdf,1,高
d88f50fee873d563,2024-10-04,令和6年10月4日,変更認可,,Henry Clay War Hawk Robusto,HENRYCLAYWARHAWKROBUSTO,127mm 1,,,ﾎﾝｼﾞｭﾗｽ,1980,,,https://www.mof.go.jp/policy/tab_salt/topics/20241004_kouriteika.pdf,1,高
ce326c38e0194742,2024-10-04,令和6年10月4日,変更認可,,Henry Clay War Hawk Toro,HENRYCLAYWARHAWKTORO,152mm 1,,,ﾎﾝｼﾞｭﾗｽ,2200,,,https://www.mof.go.jp/policy/tab_salt/topics/20241004_kouriteika.pdf,1,高
a506ef7f379adac0,2024-10-04,令和6年10月4日,変更認可,,Malaki Iced Mint,MALAKIICEDMINT,50.0g,50,g,ｱﾗﾌﾞ,1850,,,https://www.mof.go.jp/policy/tab_salt/topics/20241004_kouriteika.pdf,1,高
645d16b86c07349b,2024-10-04,令和6年10月4日,変更認可,,Malaki Melon,MALAKIMELON,50.0g,50,g,ｱﾗﾌﾞ,1850,,,https://www.mof.go.jp/policy/tab_salt/topics/20241004_kouriteika.pdf,1,高
ffb6227c788c2ef2,2024-10-04,令和6年10月4日,変更認可,,Malaki Pomegranate,MALAKIPOMEGRANATE,50.0g,50,g,ｱﾗﾌﾞ,1850,,,https://www.mof.go.jp/policy/tab_salt/topics/20241004_kouriteika.pdf,1,高
0550293a8da10b79,2024-10-04,令和6年10月4日,変更認可,,Prometheus God of Fire BY CALITO,PROMETHEUSGODOFFIREBYCALITO,5,,,ﾄﾞﾐﾆｶ,55500,,,https://www.mof.go.jp/policy/tab_salt/topics/20241004_kouriteika.pdf,1,中
e2760ecb06813db8,2024-10-04,令和6年10月4日,変更認可,,Prometheus God of Fire SERIE B 5-CIGAR ASSORT=5=,PROMETHEUSGODOFFIRESERIEB5-CIGARASSORT=5=,5,,,ﾄﾞﾐﾆｶ,55000,,,https://www.mof.go.jp/policy/tab_salt/topics/20241004_kouriteika.pdf,1,高
f844f0b5fcae5283,2024-10-04,令和6年10月4日,変更認可,,Prometheus OpusX THE LOST CITY 5-CIGAR ASSORT=5=,PROMETHEUSOPUSXTHELOSTCITY5-CIGARASSORT=5=,5,,,ﾄﾞﾐﾆｶ,73500,,,https://www.mof.go.jp/policy/tab_salt/topics/20241004_kouriteika.pdf,1,高
76ab773b2629dec3,2024-10-04,令和6年10月4日,変更認可,,White Elephant Etosha,WHITEELEPHANTETOSHA,50.0g,50,g,ﾄﾞｲﾂ,2800,,,https://www.mof.go.jp/policy/tab_salt/topics/20241004_kouriteika.pdf,1,高
abcd23d6ebe99989,2024-10-04,令和6年10月4日,変更認可,,White Elephant Kalahari,WHITEELEPHANTKALAHARI,50.0g,50,g,ﾄﾞｲﾂ,2800,,,https://www.mof.go.jp/policy/tab_salt/topics/20241004_kouriteika.pdf,1,高
6f0847909c67d750,2024-10-04,令和6年10月4日,変更認可,,White Elephant Sahara,WHITEELEPHANTSAHARA,50.0g,50,g,ﾄﾞｲﾂ,2800,,,https://www.mof.go.jp/policy/tab_salt/topics/20241004_kouriteika.pdf,1,高
deec4622b69eed5e,2024-10-04,令和6年10月4日,変更認可,,White Elephant Serengeti,WHITEELEPHANTSERENGETI,50.0g,50,g,ﾄﾞｲﾂ,2800,,,https://www.mof.go.jp/policy/tab_salt/topics/20241004_kouriteika.pdf,1,高
90e7aa4b72f78045,2024-10-04,令和6年10月4日,変更認可,,ｸｻﾞｰﾉ ﾎﾝｼﾞｭﾗｽ ﾁｬｰﾁﾙ,クザーノホンジュラスチャーチル,177mm 1,,,ﾄﾞﾐﾆｶ,1700,,,https://www.mof.go.jp/policy/tab_salt/topics/20241004_kouriteika.pdf,1,高
e87f46455899f445,2024-10-04,令和6年10月4日,変更認可,,ｸｻﾞｰﾉ ﾎﾝｼﾞｭﾗｽ ﾄﾛ,クザーノホンジュラストロ,152mm 1,,,ﾄﾞﾐﾆｶ,1700,,,https://www.mof.go.jp/policy/tab_salt/topics/20241004_kouriteika.pdf,1,高
6d6cd17927c873fa,2024-10-04,令和6年10月4日,変更認可,,ｸｻﾞｰﾉ ﾎﾝｼﾞｭﾗｽ ﾊｰﾌｺﾛﾅ,クザーノホンジュラスハーフコロナ,105mm 1,,,ﾄﾞﾐﾆｶ,900,,,https://www.mof.go.jp/policy/tab_salt/topics/20241004_kouriteika.pdf,1,高
7028f952ffcf2aa9,2024-10-04,令和6年10月4日,変更認可,,ｸｻﾞｰﾉ ﾎﾝｼﾞｭﾗｽ ﾛﾌﾞｽﾄ,クザーノホンジュラスロブスト,124mm 1,,,ﾄﾞﾐﾆｶ,1300,,,https://www.mof.go.jp/policy/tab_salt/topics/20241004_kouriteika.pdf,1,高
c291057f64f416d0,2024-10-04,令和6年10月4日,変更認可,,ﾀﾞﾋﾞﾄﾞﾌ ｱｼﾞｱ 50th ｱﾆﾊﾞｰｻﾘｰ,ダビドフアジア50THアニバーサリー,152mm 1,,,ﾄﾞﾐﾆｶ,7800,,,https://www.mof.go.jp/policy/tab_salt/topics/20241004_kouriteika.pdf,1,高
848443f0fc297d72,2024-10-04,令和6年10月4日,変更認可,,ﾀﾞﾋﾞﾄﾞﾌ ｵﾛﾌﾞﾗﾝｺ 111,ダビドフオロブランコ111,152mm 1,,,ﾄﾞﾐﾆｶ,135000,,,https://www.mof.go.jp/policy/tab_salt/topics/20241004_kouriteika.pdf,1,高
176923573019ddb5,2024-10-04,令和6年10月4日,変更認可,,ﾍﾞｶﾞﾌｨﾅ･1998/56,ベガフィナ1998/56,123mm 1,,,ﾄﾞﾐﾆｶ,2200,,,https://www.mof.go.jp/policy/tab_salt/topics/20241004_kouriteika.pdf,1,高
ee934369c62f7081,2024-10-04,令和6年10月4日,変更認可,,ﾍﾞｶﾞﾌｨﾅ･ｲﾔｰ ｵﾌﾞ ｻﾞ ﾄﾞﾗｺﾞﾝ 2024,ベガフィナイヤーオブザドラゴン2024,171mm 1,,,ﾄﾞﾐﾆｶ,3300,,,https://www.mof.go.jp/policy/tab_salt/topics/20241004_kouriteika.pdf,1,高
70bfda6c7fce8c53,2024-10-04,令和6年10月4日,変更認可,,CONFIDENCIAAL CORONA,CONFIDENCIAALCORONA,130mm 1,,,ﾎﾝｼﾞｭﾗｽ,2860,,,https://www.mof.go.jp/policy/tab_salt/topics/20241004_kouriteika.pdf,2,高
3f628a0a14980f42,2024-10-04,令和6年10月4日,変更認可,,CONFIDENCIAAL CORTO,CONFIDENCIAALCORTO,102mm 1,,,ﾎﾝｼﾞｭﾗｽ,2860,,,https://www.mof.go.jp/policy/tab_salt/topics/20241004_kouriteika.pdf,2,高
4c291faabf2d1ac6,2024-10-04,令和6年10月4日,変更認可,,CONFIDENCIAAL TORPEDO,CONFIDENCIAALTORPEDO,156mm 1,,,ﾎﾝｼﾞｭﾗｽ,3410,,,https://www.mof.go.jp/policy/tab_salt/topics/20241004_kouriteika.pdf,2,高
a1549168092c5e43,2024-10-04,令和6年10月4日,変更認可,,Henry Clay War Hawk Lonsdale,HENRYCLAYWARHAWKLONSDALE,171mm 1,,,ﾎﾝｼﾞｭﾗｽ,1980,,,https://www.mof.go.jp/policy/tab_salt/topics/20241004_kouriteika.pdf,2,高
764e3f89093d46f3,2024-10-04,令和6年10月4日,変更認可,,Oliva Serie V 554 Melanio FiguradoLE 2023,OLIVASERIEV554MELANIOFIGURADOLE2023,139mm 1,,,ﾆｶﾗｸﾞｱ,3960,,,https://www.mof.go.jp/policy/tab_salt/topics/20241004_kouriteika.pdf,2,高
56a66b33cd1f822c,2024-10-04,令和6年10月4日,変更認可,,Drew Estate Liga PrivadaDirty Rats,DREWESTATELIGAPRIVADADIRTYRATS,127mm1,,,"2,590 =3,190",440,350,2024-11-01,https://www.mof.go.jp/policy/tab_salt/topics/20241004_kouriteikahenkou.pdf,1,中
f0ffdb2e0fe3934f,2024-10-04,令和6年10月4日,変更認可,,Drew Estate Liga PrivadaNo.9 Robusto,DREWESTATELIGAPRIVADANO.9ROBUSTO,127mm1,,,"3,120 =3,630",440,350,2024-11-01,https://www.mof.go.jp/policy/tab_salt/topics/20241004_kouriteikahenkou.pdf,1,中
50f14e021bc0a0d0,2024-10-04,令和6年10月4日,変更認可,,Drew Estate Tabak EspecialCafecita Medio,DREWESTATETABAKESPECIALCAFECITAMEDIO,101mm1,,,"1,680 =2,310",440,350,2024-11-01,https://www.mof.go.jp/policy/tab_salt/topics/20241004_kouriteikahenkou.pdf,1,高
07106a6670edf1ee,2024-10-04,令和6年10月4日,変更認可,,Drew Estate Tabak EspecialCafecita Oscuro,DREWESTATETABAKESPECIALCAFECITAOSCURO,101mm1,,,"1,680 =2,310",440,350,2024-11-01,https://www.mof.go.jp/policy/tab_salt/topics/20241004_kouriteikahenkou.pdf,1,高
07a74de94b3fa437,2024-10-04,令和6年10月4日,変更認可,,Drew Estate Undercrown ShadeCorona,DREWESTATEUNDERCROWNSHADECORONA,143mm1,,,"1,380 =1,760",440,350,2024-11-01,https://www.mof.go.jp/policy/tab_salt/topics/20241004_kouriteikahenkou.pdf,1,中
b67b12981b8b7525,2024-10-04,令和6年10月4日,変更認可,,Drew Estate Undercrown ShadeRobusto,DREWESTATEUNDERCROWNSHADEROBUSTO,127mm1,,,"1,680 =1,980",440,350,2024-11-01,https://www.mof.go.jp/policy/tab_salt/topics/20241004_kouriteikahenkou.pdf,1,中
949e1017bcabeaa9,2024-10-04,令和6年10月4日,変更認可,,Drew Estate UndercrownCorona Viva,DREWESTATEUNDERCROWNCORONAVIVA,143mm1,,,"1,380 =1,870",440,350,2024-11-01,https://www.mof.go.jp/policy/tab_salt/topics/20241004_kouriteikahenkou.pdf,1,中
aa09d1044fbdca9b,2024-10-04,令和6年10月4日,変更認可,,Drew Estate UndercrownFlying Pig,DREWESTATEUNDERCROWNFLYINGPIG,100mm1,,,"1,680 =2,310",440,350,2024-11-01,https://www.mof.go.jp/policy/tab_salt/topics/20241004_kouriteikahenkou.pdf,1,中
3d9e6e45021c0b11,2024-10-04,令和6年10月4日,変更認可,,Liga Privada No.9 Tin 4x32,LIGAPRIVADANO.9TIN4X32,101mm1,,,"1,680 =2,310",440,350,2024-11-01,https://www.mof.go.jp/policy/tab_salt/topics/20241004_kouriteikahenkou.pdf,1,高
3549293d929e5471,2024-10-04,令和6年10月4日,変更認可,,Liga Privada T52 Tin 4x32,LIGAPRIVADAT52TIN4X32,101mm1,,,"1,680 =2,310",440,350,2024-11-01,https://www.mof.go.jp/policy/tab_salt/topics/20241004_kouriteikahenkou.pdf,1,高
4eebe680cd31b9ec,2024-10-04,令和6年10月4日,変更認可,,Liga Privada Unico SerieLP40,LIGAPRIVADAUNICOSERIELP40,178mm1,,,"1,990 =2,750",440,350,2024-11-01,https://www.mof.go.jp/policy/tab_salt/topics/20241004_kouriteikahenkou.pdf,1,中
3bcd9ebafa6f6b82,2024-10-04,令和6年10月4日,変更認可,,Undercrown Maduro Tin 4x32,UNDERCROWNMADUROTIN4X32,101mm1,,,"1,680 =2,310",440,350,2024-11-01,https://www.mof.go.jp/policy/tab_salt/topics/20241004_kouriteikahenkou.pdf,1,高
6aad1616b8610608,2024-10-04,令和6年10月4日,変更認可,,ﾍﾞｶﾞﾌｨﾅ･1998/50,ベガフィナ1998/50,115mm,,,"1,050 =1,430",550,400,2024-11-01,https://www.mof.go.jp/policy/tab_salt/topics/20241004_kouriteikahenkou.pdf,1,中
7227ef4228e05e83,2024-10-04,令和6年10月4日,変更認可,,ﾍﾞｶﾞﾌｨﾅ･1998/52,ベガフィナ1998/52,135mm,,,"1,360 =1,870",550,400,2024-11-01,https://www.mof.go.jp/policy/tab_salt/topics/20241004_kouriteikahenkou.pdf,1,中
490370dd38f6fb44,2024-10-04,令和6年10月4日,変更認可,,ﾍﾞｶﾞﾌｨﾅ･1998/54,ベガフィナ1998/54,155mm,,,"1,580 =2,200",550,400,2024-11-01,https://www.mof.go.jp/policy/tab_salt/topics/20241004_kouriteikahenkou.pdf,1,中
0c23c3f883fa52c5,2024-10-04,令和6年10月4日,変更認可,,ﾍﾞｶﾞﾌｨﾅ･F2 ｼｮｰﾄ ﾍﾞﾘｺｿ,ベガフィナF2ショートベリコソ,103mm,,,"1,040 =1,430",770,550,2024-11-01,https://www.mof.go.jp/policy/tab_salt/topics/20241004_kouriteikahenkou.pdf,1,中
d5aa12e7ed2800ff,2024-10-04,令和6年10月4日,変更認可,,ﾍﾞｶﾞﾌｨﾅ･F2 ﾛﾌﾞｽﾄ,ベガフィナF2ロブスト,127mm,,,"1,130 =1,540",770,550,2024-11-01,https://www.mof.go.jp/policy/tab_salt/topics/20241004_kouriteikahenkou.pdf,1,中
cc1d9ec0a8dfc832,2024-10-04,令和6年10月4日,変更認可,,ﾍﾞｶﾞﾌｨﾅ･ｺﾛﾅ ﾃｭﾎﾞｽ,ベガフィナコロナテュボス,146mm,,,"1,020 =1,430",550,400,2024-11-01,https://www.mof.go.jp/policy/tab_salt/topics/20241004_kouriteikahenkou.pdf,1,中
e007a9fe2ed774ce,2024-10-04,令和6年10月4日,変更認可,,ﾍﾞｶﾞﾌｨﾅ･ｼｮｰﾄ ﾛﾌﾞｽﾄ,ベガフィナショートロブスト,105mm,,,"1,000 =1,430",770,550,2024-11-01,https://www.mof.go.jp/policy/tab_salt/topics/20241004_kouriteikahenkou.pdf,1,中
aaf1764aa2c8cf82,2024-10-04,令和6年10月4日,変更認可,,ﾍﾞｶﾞﾌｨﾅ･ﾆｶﾗｸﾞｱ ｸﾞﾗﾝ ﾄﾛ,ベガフィナニカラグアグラントロ,152mm1,,,"1,340 =1,870",770,550,2024-11-01,https://www.mof.go.jp/policy/tab_salt/topics/20241004_kouriteikahenkou.pdf,1,中
d92136d3d88acdc2,2024-10-04,令和6年10月4日,変更認可,,ﾍﾞｶﾞﾌｨﾅ･ﾆｶﾗｸﾞｱ ｸﾞﾗﾝ ﾌﾞﾙｶﾉ,ベガフィナニカラグアグランブルカノ,137mm,,,"2,000 =2,200",770,550,2024-11-01,https://www.mof.go.jp/policy/tab_salt/topics/20241004_kouriteikahenkou.pdf,1,中
659c74ef2e16cd5c,2024-10-04,令和6年10月4日,変更認可,,ﾍﾞｶﾞﾌｨﾅ･ﾆｶﾗｸﾞｱ ｺﾛﾅ,ベガフィナニカラグアコロナ,146mm1,,,"1,020 =1,430",770,550,2024-11-01,https://www.mof.go.jp/policy/tab_salt/topics/20241004_kouriteikahenkou.pdf,1,中
d9f459f5a89ad3ab,2024-10-04,令和6年10月4日,変更認可,,ﾍﾞｶﾞﾌｨﾅ･ﾆｶﾗｸﾞｱ ｼｮｰﾄ,ベガフィナニカラグアショート,110mm1,,,"2,000 =2,200",440,350,2024-11-01,https://www.mof.go.jp/policy/tab_salt/topics/20241004_kouriteikahenkou.pdf,1,中
68d1a5877ac91354,2024-10-04,令和6年10月4日,変更認可,,ﾍﾞｶﾞﾌｨﾅ･ﾆｶﾗｸﾞｱ ﾛﾌﾞｽﾄ,ベガフィナニカラグアロブスト,127mm1,,,"1,130 =1,540",770,550,2024-11-01,https://www.mof.go.jp/policy/tab_salt/topics/20241004_kouriteikahenkou.pdf,1,中
7e3cacc30763830e,2024-10-04,令和6年10月4日,変更認可,,ﾍﾞｶﾞﾌｨﾅ･ﾍﾟﾙﾗ,ベガフィナペルラ,102mm,,,"1,000 =1,430",770,550,2024-11-01,https://www.mof.go.jp/policy/tab_salt/topics/20241004_kouriteikahenkou.pdf,1,高
36dd17d09e92c6c4,2024-10-04,令和6年10月4日,変更認可,,ﾍﾞｶﾞﾌｨﾅ･ﾐﾆｭｰﾄ,ベガフィナミニュート,100mm,,,"1,020 =1,430",550,400,2024-11-01,https://www.mof.go.jp/policy/tab_salt/topics/20241004_kouriteikahenkou.pdf,1,高
db8e4f5bafcef0b3,2024-10-04,令和6年10月4日,変更認可,,ﾍﾞｶﾞﾌｨﾅ･ﾛﾌﾞｽﾄ,ベガフィナロブスト,127mm,,,"1,000 =1,430",770,550,2024-11-01,https://www.mof.go.jp/policy/tab_salt/topics/20241004_kouriteikahenkou.pdf,1,中
c24e46834e207816,2024-10-04,令和6年10月4日,変更認可,,Deadwood Baby Jane Tin 4x32,DEADWOODBABYJANETIN4X32,101mm1,,,,440,350,2024-11-01,https://www.mof.go.jp/policy/tab_salt/topics/20241004_kouriteikahenkou.pdf,2,高
760e79a08dc47538,2024-10-04,令和6年10月4日,変更認可,,Herrera Esteli BrazilianMaduro Toro Especial,HERRERAESTELIBRAZILIANMADUROTOROESPECIAL,152mm1,,,"2,400 =3,300",330,280,2024-11-01,https://www.mof.go.jp/policy/tab_salt/topics/20241004_kouriteikahenkou.pdf,2,中
896f332e9075647c,2024-10-04,令和6年10月4日,変更認可,,Herrera Esteli NortenoRobusto Grande,HERRERAESTELINORTENOROBUSTOGRANDE,139mm1,,,"1,800 =2,420",330,280,2024-11-01,https://www.mof.go.jp/policy/tab_salt/topics/20241004_kouriteikahenkou.pdf,2,中
6676ab8eaf6464d0,2024-10-04,令和6年10月4日,変更認可,,Isla Del Sol Maduro Tin 4x32,ISLADELSOLMADUROTIN4X32,101mm1,,,"2,000 =2,640",330,280,2024-11-01,https://www.mof.go.jp/policy/tab_salt/topics/20241004_kouriteikahenkou.pdf,2,高
5c8e6d6593fef45f,2024-10-04,令和6年10月4日,変更認可,,Isla Del Sol Sun Bressed Tin4x32,ISLADELSOLSUNBRESSEDTIN4X32,101mm1,,,"2,000 =2,640",330,280,2024-11-01,https://www.mof.go.jp/policy/tab_salt/topics/20241004_kouriteikahenkou.pdf,2,高
69a93f1e4e49cc2f,2024-10-04,令和6年10月4日,変更認可,,Kentucky Fire Cured SweetTin 4x32,KENTUCKYFIRECUREDSWEETTIN4X32,101mm1,,,,440,350,2024-11-01,https://www.mof.go.jp/policy/tab_salt/topics/20241004_kouriteikahenkou.pdf,2,高
dc67eb83abcdf556,2024-10-04,令和6年10月4日,変更認可,,Kentucky Fire Cured Tin 4x32,KENTUCKYFIRECUREDTIN4X32,101mm1,,,"2,000 =2,640",330,280,2024-11-01,https://www.mof.go.jp/policy/tab_salt/topics/20241004_kouriteikahenkou.pdf,2,高
d81b075849acdd1f,2024-10-04,令和6年10月4日,変更認可,,Nub 460 Cameroon Tubo,NUB460CAMEROONTUBO,102mm1,,,"1,500 =2,090",330,280,2024-11-01,https://www.mof.go.jp/policy/tab_salt/topics/20241004_kouriteikahenkou.pdf,2,中
d41ac531379df745,2024-10-04,令和6年10月4日,変更認可,,Nub 460 Conneticut Tubo,NUB460CONNETICUTTUBO,102mm1,,,"1,620 =2,200",330,280,2024-11-01,https://www.mof.go.jp/policy/tab_salt/topics/20241004_kouriteikahenkou.pdf,2,中
26f0c830b1769f0e,2024-10-04,令和6年10月4日,変更認可,,Nub 460 Sungrown Tubo,NUB460SUNGROWNTUBO,102mm1,,,"1,620 =2,200",330,280,2024-11-01,https://www.mof.go.jp/policy/tab_salt/topics/20241004_kouriteikahenkou.pdf,2,中
649cf96b0d4572da,2024-10-04,令和6年10月4日,変更認可,,Nub Maduro 460,NUBMADURO460,102mm1,,,"1,570 =2,200",330,280,2024-11-01,https://www.mof.go.jp/policy/tab_salt/topics/20241004_kouriteikahenkou.pdf,2,中
4f222ff1f1a2f209,2024-10-04,令和6年10月4日,変更認可,,Oliva Serie G Special G,OLIVASERIEGSPECIALG,95mm1,,,"2,900 =3,850",330,280,2024-11-01,https://www.mof.go.jp/policy/tab_salt/topics/20241004_kouriteikahenkou.pdf,2,中
0a8994b84d33bdc8,2024-10-04,令和6年10月4日,変更認可,,Oliva Serie O 550 RobustoTubo,OLIVASERIEO550ROBUSTOTUBO,127mm1,,,"1,620 =2,200",330,280,2024-11-01,https://www.mof.go.jp/policy/tab_salt/topics/20241004_kouriteikahenkou.pdf,2,中
39b7caaa1b0e74b5,2024-10-04,令和6年10月4日,変更認可,,Oliva Serie V 543 #4,OLIVASERIEV543#4,127mm1,,,"1,370 =1,870",330,280,2024-11-01,https://www.mof.go.jp/policy/tab_salt/topics/20241004_kouriteikahenkou.pdf,2,中
48400a3a2b08bf69,2024-10-04,令和6年10月4日,変更認可,,Oliva Serie V 552 Melanio,OLIVASERIEV552MELANIO,127mm1,,,"1,950 =2,750",330,280,2024-11-01,https://www.mof.go.jp/policy/tab_salt/topics/20241004_kouriteikahenkou.pdf,2,中
8636988d89f06db2,2024-10-04,令和6年10月4日,変更認可,,Oliva Serie V 552 MelanioMaduro Robusto,OLIVASERIEV552MELANIOMADUROROBUSTO,127mm1,,,"2,050 =2,750",330,280,2024-11-01,https://www.mof.go.jp/policy/tab_salt/topics/20241004_kouriteikahenkou.pdf,2,中
4ae34090437285b8,2024-10-04,令和6年10月4日,変更認可,,Oliva Serie V 554 Belicoso,OLIVASERIEV554BELICOSO,127mm1,,,"1,630 =2,310",330,280,2024-11-01,https://www.mof.go.jp/policy/tab_salt/topics/20241004_kouriteikahenkou.pdf,2,中
ececfe35324e87b0,2024-10-04,令和6年10月4日,変更認可,,Oliva Serie V 554 DoubleRobusto,OLIVASERIEV554DOUBLEROBUSTO,127mm1,,,"1,740 =2,310",330,280,2024-11-01,https://www.mof.go.jp/policy/tab_salt/topics/20241004_kouriteikahenkou.pdf,2,中
0dc30934aaf91739,2024-10-04,令和6年10月4日,変更認可,,Oliva Serie V 652 MelanioFigurado,OLIVASERIEV652MELANIOFIGURADO,165mm1,,,"2,800 =3,960",330,280,2024-11-01,https://www.mof.go.jp/policy/tab_salt/topics/20241004_kouriteikahenkou.pdf,2,中
e3dff8b50ada7162,2024-10-04,令和6年10月4日,変更認可,,Oliva Serie V 652 MelanioMaduro Torpedo,OLIVASERIEV652MELANIOMADUROTORPEDO,165mm1,,,"2,900 =3,850",330,280,2024-11-01,https://www.mof.go.jp/policy/tab_salt/topics/20241004_kouriteikahenkou.pdf,2,中
196f50af5d52d276,2024-10-04,令和6年10月4日,変更認可,,Tabak Especial Negra Corona,TABAKESPECIALNEGRACORONA,120mm1,,,"1,250 =1,650",330,280,2024-11-01,https://www.mof.go.jp/policy/tab_salt/topics/20241004_kouriteikahenkou.pdf,2,中
aa7942a042aa8a5c,2024-10-04,令和6年10月4日,変更認可,,Undercrown Maduro CoronaDoble,UNDERCROWNMADUROCORONADOBLE,178mm1,,,"2,000 =2,640",330,280,2024-11-01,https://www.mof.go.jp/policy/tab_salt/topics/20241004_kouriteikahenkou.pdf,2,中
f880fcf5ce064c06,2024-10-04,令和6年10月4日,変更認可,,Undercrown Shade CoronaDoble,UNDERCROWNSHADECORONADOBLE,178mm1,,,"2,000 =2,640",330,280,2024-11-01,https://www.mof.go.jp/policy/tab_salt/topics/20241004_kouriteikahenkou.pdf,2,中
1f7c178f36938565,2024-10-04,令和6年10月4日,変更認可,,Undercrown Shade Tin 4x32,UNDERCROWNSHADETIN4X32,101mm1,,,,440,350,2024-11-01,https://www.mof.go.jp/policy/tab_salt/topics/20241004_kouriteikahenkou.pdf,2,高
0dbcccaa6042f399,2024-10-04,令和6年10月4日,変更認可,,ﾅﾌﾞ 460 ｶﾒﾙｰﾝ,ナブ460カメルーン,102mm1,,,"1,400 =1,980",330,280,2024-11-01,https://www.mof.go.jp/policy/tab_salt/topics/20241004_kouriteikahenkou.pdf,2,中
3a2ea8ae1008c347,2024-10-04,令和6年10月4日,変更認可,,ﾅﾌﾞ 460 ｺﾈﾁｶｯﾄ,ナブ460コネチカット,102mm1,,,"1,500 =2,090",330,280,2024-11-01,https://www.mof.go.jp/policy/tab_salt/topics/20241004_kouriteikahenkou.pdf,2,中
2d4a5f7d29c0dda9,2024-10-04,令和6年10月4日,変更認可,,ﾅﾌﾞ 460 ﾊﾊﾞﾉ,ナブ460ハバノ,102mm1,,,"1,500 =2,090",330,280,2024-11-01,https://www.mof.go.jp/policy/tab_salt/topics/20241004_kouriteikahenkou.pdf,2,中
f7129b85683a7647,2024-09-24,令和6年9月24日,変更認可,,Don Pepin Garcia Original Demi-Tasse,DONPEPINGARCIAORIGINALDEMI-TASSE,114mm 1,,,,750,,,https://www.mof.go.jp/policy/tab_salt/topics/20240924_kouriteika_2.pdf,1,高
80a2b000ea3a59c1,2024-09-24,令和6年9月24日,変更認可,,Don Pepin Garcia OriginalExclosivos,DONPEPINGARCIAORIGINALEXCLOSIVOS,235mm 1,,,,3200,,,https://www.mof.go.jp/policy/tab_salt/topics/20240924_kouriteika_2.pdf,1,高
09989e306421c80d,2024-09-24,令和6年9月24日,変更認可,,Don Pepin Garcia Serie VC Invictos,DONPEPINGARCIASERIEVCINVICTOS,127mm 1,,,,2100,,,https://www.mof.go.jp/policy/tab_salt/topics/20240924_kouriteika_2.pdf,1,高
227d3a1b514c1a3b,2024-09-24,令和6年9月24日,変更認可,,JENT Cosmopolitan,JENTCOSMOPOLITAN,40.0g,40,g,,1790,,,https://www.mof.go.jp/policy/tab_salt/topics/20240924_kouriteika_2.pdf,1,高
69c7e8af3ce31d42,2024-09-24,令和6年9月24日,変更認可,,JENT Cranberry Liquor,JENTCRANBERRYLIQUOR,40.0g,40,g,,1790,,,https://www.mof.go.jp/policy/tab_salt/topics/20240924_kouriteika_2.pdf,1,高
233c150ce69a1239,2024-09-24,令和6年9月24日,変更認可,,JENT Needles,JENTNEEDLES,40.0g,40,g,,1790,,,https://www.mof.go.jp/policy/tab_salt/topics/20240924_kouriteika_2.pdf,1,高
0d9f564d059df02d,2024-09-24,令和6年9月24日,変更認可,,JENT Sour Cassis,JENTSOURCASSIS,40.0g,40,g,,1790,,,https://www.mof.go.jp/policy/tab_salt/topics/20240924_kouriteika_2.pdf,1,高
882cab3c6557f659,2024-09-24,令和6年9月24日,変更認可,,JENT Sweet Double Apple,JENTSWEETDOUBLEAPPLE,40.0g,40,g,,1790,,,https://www.mof.go.jp/policy/tab_salt/topics/20240924_kouriteika_2.pdf,1,高
9ea8ac9bef4de138,2024-09-24,令和6年9月24日,変更認可,,JENT White Rose,JENTWHITEROSE,40.0g,40,g,,1790,,,https://www.mof.go.jp/policy/tab_salt/topics/20240924_kouriteika_2.pdf,1,高
9e381e9d8610dbda,2024-09-24,令和6年9月24日,変更認可,,L.A.･ｱｲｽ,L.A.アイス,ﾊｰﾄﾞﾊﾟｯｸFK 16,,,,500,,,https://www.mof.go.jp/policy/tab_salt/topics/20240924_kouriteika_2.pdf,1,高
cf1f98b9c39e8787,2024-09-24,令和6年9月24日,変更認可,,L.A.･ｱｲｽﾊﾟｰﾌﾟﾙﾌﾞｰｽﾄ,L.A.アイスパープルブースト,ﾊｰﾄﾞﾊﾟｯｸFK 16,,,,500,,,https://www.mof.go.jp/policy/tab_salt/topics/20240924_kouriteika_2.pdf,1,高
0665699eb8d575da,2024-09-24,令和6年9月24日,変更認可,,L.A.･ﾎﾞｰﾙﾄﾞ,L.A.ボールド,ﾊｰﾄﾞﾊﾟｯｸFK 12,,,,350,,,https://www.mof.go.jp/policy/tab_salt/topics/20240924_kouriteika_2.pdf,1,高
92455c5b8b6bc412,2024-09-24,令和6年9月24日,変更認可,,SEBERO Black Cassis,SEBEROBLACKCASSIS,40.0g,40,g,,1790,,,https://www.mof.go.jp/policy/tab_salt/topics/20240924_kouriteika_2.pdf,1,高
30ac488835591e14,2024-09-24,令和6年9月24日,変更認可,,SEBERO Black Feijoa,SEBEROBLACKFEIJOA,40.0g,40,g,,1790,,,https://www.mof.go.jp/policy/tab_salt/topics/20240924_kouriteika_2.pdf,1,高
3ba9bd2d2c5914a3,2024-09-24,令和6年9月24日,変更認可,,SEBERO Classic Bergamot,SEBEROCLASSICBERGAMOT,100.0g,100,g,,4200,,,https://www.mof.go.jp/policy/tab_salt/topics/20240924_kouriteika_2.pdf,1,高
eeb502012a78a177,2024-09-24,令和6年9月24日,変更認可,,SEBERO Classic Blackberry,SEBEROCLASSICBLACKBERRY,100.0g,100,g,,4200,,,https://www.mof.go.jp/policy/tab_salt/topics/20240924_kouriteika_2.pdf,1,高
8a7e18e2f34b6dea,2024-09-24,令和6年9月24日,変更認可,,SEBERO Classic Cactus,SEBEROCLASSICCACTUS,100.0g,100,g,,4200,,,https://www.mof.go.jp/policy/tab_salt/topics/20240924_kouriteika_2.pdf,1,高
9d0829f9f3eadd6b,2024-09-24,令和6年9月24日,変更認可,,SEBERO Classic Cassis,SEBEROCLASSICCASSIS,100.0g,100,g,,4200,,,https://www.mof.go.jp/policy/tab_salt/topics/20240924_kouriteika_2.pdf,1,高
c2d99df1b0a97580,2024-09-24,令和6年9月24日,変更認可,,SEBERO Classic Fruit Yogurt,SEBEROCLASSICFRUITYOGURT,100.0g,100,g,,4200,,,https://www.mof.go.jp/policy/tab_salt/topics/20240924_kouriteika_2.pdf,1,高
68cab80150ec583c,2024-09-24,令和6年9月24日,変更認可,,SEBERO Classic Milk,SEBEROCLASSICMILK,100.0g,100,g,,4200,,,https://www.mof.go.jp/policy/tab_salt/topics/20240924_kouriteika_2.pdf,1,高
cb3d056be5c15c45,2024-09-24,令和6年9月24日,変更認可,,SEBERO Classic Papaya,SEBEROCLASSICPAPAYA,100.0g,100,g,,4200,,,https://www.mof.go.jp/policy/tab_salt/topics/20240924_kouriteika_2.pdf,1,高
c04a4d7ea8eb39b9,2024-09-24,令和6年9月24日,変更認可,,SEBERO Classic Passion Fruit,SEBEROCLASSICPASSIONFRUIT,100.0g,100,g,,4200,,,https://www.mof.go.jp/policy/tab_salt/topics/20240924_kouriteika_2.pdf,1,高
2074c9ad09dd3baa,2024-09-24,令和6年9月24日,変更認可,,SEBERO Classic Tiramisu,SEBEROCLASSICTIRAMISU,100.0g,100,g,,4200,,,https://www.mof.go.jp/policy/tab_salt/topics/20240924_kouriteika_2.pdf,1,高
7a0b5181b0f77a88,2024-09-24,令和6年9月24日,変更認可,,ｼｶﾞﾛｰﾈ･ｽｰﾊﾟｰｽﾘﾑ･ﾒﾝｿｰﾙ,シガローネスーパースリムメンソール,ﾎﾞｯｸｽ20 FK 100mm,,,,740,,,https://www.mof.go.jp/policy/tab_salt/topics/20240924_kouriteika_2.pdf,1,高
37ba6848db92440d,2024-09-24,令和6年9月24日,変更認可,,ｼｶﾞﾛｰﾈ･ﾛｲﾔﾙｽﾘﾑ･ﾒﾝｿｰﾙ,シガローネロイヤルスリムメンソール,ﾎﾞｯｸｽ20 F 117mm,,,,1100,,,https://www.mof.go.jp/policy/tab_salt/topics/20240924_kouriteika_2.pdf,1,高
c3e79b620d49b276,2024-09-24,令和6年9月24日,変更認可,,ﾄﾞｰﾗ ｲｴﾛｰﾊﾞｰｼﾞﾆｱ,ドーライエローバージニア,ﾊﾟｳﾁﾊﾟｯｸ30.0g,30,g,,900,,,https://www.mof.go.jp/policy/tab_salt/topics/20240924_kouriteika_2.pdf,1,高
66e32cacac154177,2024-09-24,令和6年9月24日,変更認可,,ﾄﾞｰﾗ ｳｫｰﾀｰﾒﾛﾝ,ドーラウォーターメロン,ﾊﾟｳﾁﾊﾟｯｸ30.0g,30,g,,900,,,https://www.mof.go.jp/policy/tab_salt/topics/20240924_kouriteika_2.pdf,1,高
0d916329be0367c9,2024-09-24,令和6年9月24日,変更認可,,ﾄﾞｰﾗ ｳｫｰﾙﾅｯﾄｸﾘｰﾑ,ドーラウォールナットクリーム,ﾊﾟｳﾁﾊﾟｯｸ30.0g,30,g,,900,,,https://www.mof.go.jp/policy/tab_salt/topics/20240924_kouriteika_2.pdf,1,高
842c3da357ed24ce,2024-09-24,令和6年9月24日,変更認可,,ﾄﾞｰﾗ ﾋﾟｰﾁｸﾘｰﾑ,ドーラピーチクリーム,ﾊﾟｳﾁﾊﾟｯｸ30.0g,30,g,,900,,,https://www.mof.go.jp/policy/tab_salt/topics/20240924_kouriteika_2.pdf,1,高
385cbf317ec0f2bf,2024-09-24,令和6年9月24日,変更認可,,SEBERO Black Sour Cranberry,SEBEROBLACKSOURCRANBERRY,40.0g,40,g,,1790,,,https://www.mof.go.jp/policy/tab_salt/topics/20240924_kouriteika_2.pdf,2,高
9f464213507514cc,2024-09-24,令和6年9月24日,変更認可,,SEBERO Classic Bergamot,SEBEROCLASSICBERGAMOT,40.0g,40,g,,1700,,,https://www.mof.go.jp/policy/tab_salt/topics/20240924_kouriteika_2.pdf,2,高
5af472a04a3d3580,2024-09-24,令和6年9月24日,変更認可,,SEBERO Classic Blackberry,SEBEROCLASSICBLACKBERRY,40.0g,40,g,,1700,,,https://www.mof.go.jp/policy/tab_salt/topics/20240924_kouriteika_2.pdf,2,高
ea5193f180dbf36b,2024-09-24,令和6年9月24日,変更認可,,SEBERO Classic Cactus,SEBEROCLASSICCACTUS,40.0g,40,g,,1700,,,https://www.mof.go.jp/policy/tab_salt/topics/20240924_kouriteika_2.pdf,2,高
c28264869008fafb,2024-09-24,令和6年9月24日,変更認可,,SEBERO Classic Cassis,SEBEROCLASSICCASSIS,40.0g,40,g,,1700,,,https://www.mof.go.jp/policy/tab_salt/topics/20240924_kouriteika_2.pdf,2,高
c52fd46119d8e2df,2024-09-24,令和6年9月24日,変更認可,,SEBERO Classic Fruit Yogurt,SEBEROCLASSICFRUITYOGURT,40.0g,40,g,,1700,,,https://www.mof.go.jp/policy/tab_salt/topics/20240924_kouriteika_2.pdf,2,高
dfb43eb18d721686,2024-09-24,令和6年9月24日,変更認可,,SEBERO Classic Milk,SEBEROCLASSICMILK,40.0g,40,g,,1700,,,https://www.mof.go.jp/policy/tab_salt/topics/20240924_kouriteika_2.pdf,2,高
ece5c22d4c032269,2024-09-24,令和6年9月24日,変更認可,,SEBERO Classic Papaya,SEBEROCLASSICPAPAYA,40.0g,40,g,,1700,,,https://www.mof.go.jp/policy/tab_salt/topics/20240924_kouriteika_2.pdf,2,高
9e9aaefd21dfacd5,2024-09-24,令和6年9月24日,変更認可,,SEBERO Classic Passion Fruit,SEBEROCLASSICPASSIONFRUIT,40.0g,40,g,,1700,,,https://www.mof.go.jp/policy/tab_salt/topics/20240924_kouriteika_2.pdf,2,高
085297340483e83d,2024-09-24,令和6年9月24日,変更認可,,SEBERO Classic Tiramisu,SEBEROCLASSICTIRAMISU,40.0g,40,g,,1700,,,https://www.mof.go.jp/policy/tab_salt/topics/20240924_kouriteika_2.pdf,2,高
19d003ad69a1111f,2024-09-06,令和6年9月6日,変更認可,,ｹﾝﾄ･ﾄｩﾙｰ･ﾀﾊﾞｺ･glo hyper ﾌｨﾙﾀｰ 20 ﾊｰﾄﾞﾊﾟｯｸ,ケントトゥルータバコGLOHYPERフィルター20ハードパック,,,,,480,,,https://www.mof.go.jp/policy/tab_salt/topics/20240906_kouriteika_1.pdf,1,高
9dbf59daec39d6a2,2024-09-06,令和6年9月6日,変更認可,,ｹﾝﾄ･ﾄｩﾙｰ･ﾍﾞﾘｰ･ﾌﾞｰｽﾄ･glo hyper ﾌｨﾙﾀｰ 20 ﾊｰﾄﾞﾊﾟｯｸ,ケントトゥルーベリーブーストGLOHYPERフィルター20ハードパック,,,,,480,,,https://www.mof.go.jp/policy/tab_salt/topics/20240906_kouriteika_1.pdf,1,高
4e8e44c57d86927b,2024-09-06,令和6年9月6日,変更認可,,ｹﾝﾄ･ﾄｩﾙｰ･ﾒﾝｿｰﾙ･glo hyper ﾌｨﾙﾀｰ 20 ﾊｰﾄﾞﾊﾟｯｸ,ケントトゥルーメンソールGLOHYPERフィルター20ハードパック,,,,,480,,,https://www.mof.go.jp/policy/tab_salt/topics/20240906_kouriteika_1.pdf,1,高
2e8ef197f736941e,2024-09-06,令和6年9月6日,変更認可,,ｹﾝﾄ･ﾄｩﾙｰ･ﾘｯﾁ･ﾒﾝｿｰﾙ･glo hyper ﾌｨﾙﾀｰ 20 ﾊｰﾄﾞﾊﾟｯｸ,ケントトゥルーリッチメンソールGLOHYPERフィルター20ハードパック,,,,,480,,,https://www.mof.go.jp/policy/tab_salt/topics/20240906_kouriteika_1.pdf,1,高
c3002d4fbeff3454,2024-09-06,令和6年9月6日,変更認可,,"Azure hookah tobacco, Black Line DCherry","AZUREHOOKAHTOBACCO,BLACKLINEDCHERRY",100.0gﾊﾟｳﾁ,100,g,,3500,,,https://www.mof.go.jp/policy/tab_salt/topics/20240906_kouriteika_2.pdf,1,高
247f99e850e0eae5,2024-09-06,令和6年9月6日,変更認可,,"Azure hookah tobacco, Black LineCopacabana","AZUREHOOKAHTOBACCO,BLACKLINECOPACABANA",100.0gﾊﾟｳﾁ,100,g,,3500,,,https://www.mof.go.jp/policy/tab_salt/topics/20240906_kouriteika_2.pdf,1,高
4298a714f97fb044,2024-09-06,令和6年9月6日,変更認可,,"Azure hookah tobacco, Black LineCucumelon","AZUREHOOKAHTOBACCO,BLACKLINECUCUMELON",100.0gﾊﾟｳﾁ,100,g,,3500,,,https://www.mof.go.jp/policy/tab_salt/topics/20240906_kouriteika_2.pdf,1,高
a362d9bd8ec7fc50,2024-09-06,令和6年9月6日,変更認可,,"Azure hookah tobacco, Black LinePapaya","AZUREHOOKAHTOBACCO,BLACKLINEPAPAYA",100.0gﾊﾟｳﾁ,100,g,,3500,,,https://www.mof.go.jp/policy/tab_salt/topics/20240906_kouriteika_2.pdf,1,高
037a4ea9485737c6,2024-09-06,令和6年9月6日,変更認可,,"Azure hookah tobacco, Black LinePineapple Express","AZUREHOOKAHTOBACCO,BLACKLINEPINEAPPLEEXPRESS",100.0gﾊﾟｳﾁ,100,g,,3500,,,https://www.mof.go.jp/policy/tab_salt/topics/20240906_kouriteika_2.pdf,1,高
62c7cd07cfb07426,2024-09-06,令和6年9月6日,変更認可,,"Azure hookah tobacco, Black LinePinky","AZUREHOOKAHTOBACCO,BLACKLINEPINKY",100.0gﾊﾟｳﾁ,100,g,,3500,,,https://www.mof.go.jp/policy/tab_salt/topics/20240906_kouriteika_2.pdf,1,高
dcdeac0db0d5fe7e,2024-09-06,令和6年9月6日,変更認可,,"Azure hookah tobacco, Black LineQueen Of Fruits","AZUREHOOKAHTOBACCO,BLACKLINEQUEENOFFRUITS",100.0gﾊﾟｳﾁ,100,g,,3500,,,https://www.mof.go.jp/policy/tab_salt/topics/20240906_kouriteika_2.pdf,1,高
db35fb87953411c0,2024-09-06,令和6年9月6日,変更認可,,"Azure hookah tobacco, Black LineRaspberry Vanilla","AZUREHOOKAHTOBACCO,BLACKLINERASPBERRYVANILLA",100.0gﾊﾟｳﾁ,100,g,,3500,,,https://www.mof.go.jp/policy/tab_salt/topics/20240906_kouriteika_2.pdf,1,高
f7468dd77f0abba0,2024-09-06,令和6年9月6日,変更認可,,"Azure hookah tobacco, Black LineSolana Beach","AZUREHOOKAHTOBACCO,BLACKLINESOLANABEACH",100.0gﾊﾟｳﾁ,100,g,,3500,,,https://www.mof.go.jp/policy/tab_salt/topics/20240906_kouriteika_2.pdf,1,高
8a190a0adffb3010,2024-09-06,令和6年9月6日,変更認可,,"Tokyo Shisha, Gold Line Copacabana","TOKYOSHISHA,GOLDLINECOPACABANA",100.0gﾊﾟｳﾁ,100,g,,3500,,,https://www.mof.go.jp/policy/tab_salt/topics/20240906_kouriteika_2.pdf,1,高
98421d5168f5640b,2024-09-06,令和6年9月6日,変更認可,,"Tokyo Shisha, Gold Line Cucumelon","TOKYOSHISHA,GOLDLINECUCUMELON",100.0gﾊﾟｳﾁ,100,g,,3500,,,https://www.mof.go.jp/policy/tab_salt/topics/20240906_kouriteika_2.pdf,1,高
ad3d82440a1660ec,2024-09-06,令和6年9月6日,変更認可,,"Tokyo Shisha, Gold Line D Cherry","TOKYOSHISHA,GOLDLINEDCHERRY",100.0gﾊﾟｳﾁ,100,g,,3500,,,https://www.mof.go.jp/policy/tab_salt/topics/20240906_kouriteika_2.pdf,1,高
3a11ad2f455247ce,2024-09-06,令和6年9月6日,変更認可,,"Tokyo Shisha, Gold Line Papaya","TOKYOSHISHA,GOLDLINEPAPAYA",100.0gﾊﾟｳﾁ,100,g,,3500,,,https://www.mof.go.jp/policy/tab_salt/topics/20240906_kouriteika_2.pdf,1,高
ed71475d726466a2,2024-09-06,令和6年9月6日,変更認可,,"Tokyo Shisha, Gold Line Pinky","TOKYOSHISHA,GOLDLINEPINKY",100.0gﾊﾟｳﾁ,100,g,,3500,,,https://www.mof.go.jp/policy/tab_salt/topics/20240906_kouriteika_2.pdf,1,高
1070f20288f5f9fe,2024-09-06,令和6年9月6日,変更認可,,"Tokyo Shisha, Gold Line Queen OfFruits","TOKYOSHISHA,GOLDLINEQUEENOFFRUITS",100.0gﾊﾟｳﾁ,100,g,,3500,,,https://www.mof.go.jp/policy/tab_salt/topics/20240906_kouriteika_2.pdf,1,高
a914fc16cddba299,2024-09-06,令和6年9月6日,変更認可,,"Tokyo Shisha, Gold Line RaspberryVanilla","TOKYOSHISHA,GOLDLINERASPBERRYVANILLA",100.0gﾊﾟｳﾁ,100,g,,3500,,,https://www.mof.go.jp/policy/tab_salt/topics/20240906_kouriteika_2.pdf,1,高
df02c1639744cfe9,2024-09-06,令和6年9月6日,変更認可,,"Tokyo Shisha, Gold Line Solana Beach","TOKYOSHISHA,GOLDLINESOLANABEACH",100.0gﾊﾟｳﾁ,100,g,,3500,,,https://www.mof.go.jp/policy/tab_salt/topics/20240906_kouriteika_2.pdf,1,高
113f457f4e7c0651,2024-09-06,令和6年9月6日,変更認可,,ﾘﾄｩｱ･ｻﾞﾝﾍﾞｼﾞ,リトゥアザンベジ,25.0gﾊﾟｳﾁ,25,g,,650,,,https://www.mof.go.jp/policy/tab_salt/topics/20240906_kouriteika_2.pdf,2,中
8053a6420e622c95,2024-09-06,令和6年9月6日,変更認可,,ﾘﾄｩｱ･ｼﾞｬﾃｨﾑ,リトゥアジャティム,25.0gﾊﾟｳﾁ,25,g,,650,,,https://www.mof.go.jp/policy/tab_salt/topics/20240906_kouriteika_2.pdf,2,高
1754521aee134e40,2024-09-06,令和6年9月6日,変更認可,,ﾁｪ･ｼｬｸﾞ･ﾊﾞｰｼﾞﾆｱ,チェシャグバージニア,25.0gﾊﾟｳﾁ,25,g,,680,,,https://www.mof.go.jp/policy/tab_salt/topics/20240906_kouriteika_3.pdf,1,高
c100f7dbde5880e3,2024-09-06,令和6年9月6日,変更認可,,ﾍﾞﾝﾄﾚｰ･ｺﾞｰﾙﾄﾞ,ベントレーゴールド,20 F85mmﾊｰﾄﾞﾊﾟｯｸ,,,,700,,,https://www.mof.go.jp/policy/tab_salt/topics/20240906_kouriteika_3.pdf,1,高
e439349fe3c44ddb,2024-09-06,令和6年9月6日,変更認可,,ﾍﾞﾝﾄﾚｰ･ﾌﾞﾗｯｸ,ベントレーブラック,20 F85mmﾊｰﾄﾞﾊﾟｯｸ,,,,700,,,https://www.mof.go.jp/policy/tab_salt/topics/20240906_kouriteika_3.pdf,1,高
ba28219725b5881c,2024-09-06,令和6年9月6日,変更認可,,ﾍﾞﾝﾄﾚｰ･ﾒﾝｿｰﾙ,ベントレーメンソール,20 F85mmﾊｰﾄﾞﾊﾟｯｸ,,,,700,,,https://www.mof.go.jp/policy/tab_salt/topics/20240906_kouriteika_3.pdf,1,高
cf1d7e84566aa116,2024-09-06,令和6年9月6日,変更認可,,Compas Churchill,COMPASCHURCHILL,178mm 1,,,,2600,,,https://www.mof.go.jp/policy/tab_salt/topics/20240906_kouriteika_4.pdf,1,高
ede1ff5a00cceb94,2024-09-06,令和6年9月6日,変更認可,,Compas Corona Gorda,COMPASCORONAGORDA,143mm 1,,,,1900,,,https://www.mof.go.jp/policy/tab_salt/topics/20240906_kouriteika_4.pdf,1,高
044878f7b040263c,2024-09-06,令和6年9月6日,変更認可,,Compas Double Corona,COMPASDOUBLECORONA,194mm 1,,,,3200,,,https://www.mof.go.jp/policy/tab_salt/topics/20240906_kouriteika_4.pdf,1,高
e1f4805f4eaa8c69,2024-09-06,令和6年9月6日,変更認可,,Compas Lancero No.1,COMPASLANCERONO.1,191mm 1,,,,2600,,,https://www.mof.go.jp/policy/tab_salt/topics/20240906_kouriteika_4.pdf,1,高
450115a4a2aea152,2024-09-06,令和6年9月6日,変更認可,,Compas Lancero No.2,COMPASLANCERONO.2,152mm 1,,,,1800,,,https://www.mof.go.jp/policy/tab_salt/topics/20240906_kouriteika_4.pdf,1,高
d7a1559de017f16b,2024-09-06,令和6年9月6日,変更認可,,Compas No.2,COMPASNO.2,156mm 1,,,,2600,,,https://www.mof.go.jp/policy/tab_salt/topics/20240906_kouriteika_4.pdf,1,高
c9de0867cd946aac,2024-09-06,令和6年9月6日,変更認可,,Compas No.3,COMPASNO.3,143mm 1,,,,1600,,,https://www.mof.go.jp/policy/tab_salt/topics/20240906_kouriteika_4.pdf,1,高
c06515a39036f24f,2024-09-06,令和6年9月6日,変更認可,,Compas No.4,COMPASNO.4,130mm 1,,,,1400,,,https://www.mof.go.jp/policy/tab_salt/topics/20240906_kouriteika_4.pdf,1,高
8382c2e8c034b093,2024-09-06,令和6年9月6日,変更認可,,Compas No.5,COMPASNO.5,102mm 1,,,,1200,,,https://www.mof.go.jp/policy/tab_salt/topics/20240906_kouriteika_4.pdf,1,高
64f9930d3954dc44,2024-09-06,令和6年9月6日,変更認可,,Compas Robusto,COMPASROBUSTO,111mm 1,,,,1900,,,https://www.mof.go.jp/policy/tab_salt/topics/20240906_kouriteika_4.pdf,1,高
ad5c090fa2856049,2024-09-06,令和6年9月6日,変更認可,,Concordia Churchill,CONCORDIACHURCHILL,178mm 1,,,,2800,,,https://www.mof.go.jp/policy/tab_salt/topics/20240906_kouriteika_4.pdf,1,高
9aa5b2684688f2b8,2024-09-06,令和6年9月6日,変更認可,,Concordia Corona Gorda,CONCORDIACORONAGORDA,143mm 1,,,,2200,,,https://www.mof.go.jp/policy/tab_salt/topics/20240906_kouriteika_4.pdf,1,高
85863911cf2a393a,2024-09-06,令和6年9月6日,変更認可,,Concordia Double Corona,CONCORDIADOUBLECORONA,194mm 1,,,,3500,,,https://www.mof.go.jp/policy/tab_salt/topics/20240906_kouriteika_4.pdf,1,高
e0388d28abf2f00d,2024-09-06,令和6年9月6日,変更認可,,Concordia Lancero No.1,CONCORDIALANCERONO.1,191mm 1,,,,2900,,,https://www.mof.go.jp/policy/tab_salt/topics/20240906_kouriteika_4.pdf,1,高
5e37daa92d5ac16f,2024-09-06,令和6年9月6日,変更認可,,Concordia Lancero No.2,CONCORDIALANCERONO.2,152mm 1,,,,2000,,,https://www.mof.go.jp/policy/tab_salt/topics/20240906_kouriteika_4.pdf,1,高
a30e709e7433e10b,2024-09-06,令和6年9月6日,変更認可,,Concordia No.3,CONCORDIANO.3,143mm 1,,,,1700,,,https://www.mof.go.jp/policy/tab_salt/topics/20240906_kouriteika_4.pdf,1,高
c2b6c0f5f3e084d4,2024-09-06,令和6年9月6日,変更認可,,Concordia No.4,CONCORDIANO.4,130mm 1,,,,1500,,,https://www.mof.go.jp/policy/tab_salt/topics/20240906_kouriteika_4.pdf,1,高
2481e7f90e8f1cc1,2024-09-06,令和6年9月6日,変更認可,,Concordia No.5,CONCORDIANO.5,102mm 1,,,,1400,,,https://www.mof.go.jp/policy/tab_salt/topics/20240906_kouriteika_4.pdf,1,高
80477f3eda2d1b85,2024-09-06,令和6年9月6日,変更認可,,Concordia Robusto,CONCORDIAROBUSTO,111mm 1,,,,2100,,,https://www.mof.go.jp/policy/tab_salt/topics/20240906_kouriteika_4.pdf,1,高
1a284783ae467283,2024-09-06,令和6年9月6日,変更認可,,el Bosque Churchill,ELBOSQUECHURCHILL,178mm 1,,,,2200,,,https://www.mof.go.jp/policy/tab_salt/topics/20240906_kouriteika_4.pdf,1,高
10a702e6aedb4db1,2024-09-06,令和6年9月6日,変更認可,,el Bosque Corona Gorda,ELBOSQUECORONAGORDA,143mm 1,,,,1700,,,https://www.mof.go.jp/policy/tab_salt/topics/20240906_kouriteika_4.pdf,1,高
88f5778ef198d679,2024-09-06,令和6年9月6日,変更認可,,el Bosque Double Corona,ELBOSQUEDOUBLECORONA,194mm 1,,,,2800,,,https://www.mof.go.jp/policy/tab_salt/topics/20240906_kouriteika_4.pdf,1,高
5af98d5b86e5d53c,2024-09-06,令和6年9月6日,変更認可,,el Bosque Lancero No.1,ELBOSQUELANCERONO.1,191mm 1,,,,2300,,,https://www.mof.go.jp/policy/tab_salt/topics/20240906_kouriteika_4.pdf,1,高
fff82f2b801e1001,2024-09-06,令和6年9月6日,変更認可,,el Bosque Lancero No.2,ELBOSQUELANCERONO.2,152mm 1,,,,1600,,,https://www.mof.go.jp/policy/tab_salt/topics/20240906_kouriteika_4.pdf,1,高
2acad390315466e6,2024-09-06,令和6年9月6日,変更認可,,el Bosque No.2,ELBOSQUENO.2,156mm 1,,,,2300,,,https://www.mof.go.jp/policy/tab_salt/topics/20240906_kouriteika_4.pdf,1,高
481b8436924ed92e,2024-09-06,令和6年9月6日,変更認可,,el Bosque No.3,ELBOSQUENO.3,143mm 1,,,,1400,,,https://www.mof.go.jp/policy/tab_salt/topics/20240906_kouriteika_4.pdf,1,高
b0b51bd2e45e19f0,2024-09-06,令和6年9月6日,変更認可,,el Bosque No.4,ELBOSQUENO.4,130mm 1,,,,1200,,,https://www.mof.go.jp/policy/tab_salt/topics/20240906_kouriteika_4.pdf,1,高
66c2b0d5b234b5b3,2024-09-06,令和6年9月6日,変更認可,,el Bosque No.5,ELBOSQUENO.5,102mm 1,,,,1100,,,https://www.mof.go.jp/policy/tab_salt/topics/20240906_kouriteika_4.pdf,1,高
e338d49c0ec57613,2024-09-06,令和6年9月6日,変更認可,,el Bosque Robusto,ELBOSQUEROBUSTO,111mm 1,,,,1700,,,https://www.mof.go.jp/policy/tab_salt/topics/20240906_kouriteika_4.pdf,1,高
6275cbfc2b2b7033,2024-09-06,令和6年9月6日,変更認可,,Concordia No.2,CONCORDIANO.2,156mm 1,,,,2900,,,https://www.mof.go.jp/policy/tab_salt/topics/20240906_kouriteika_4.pdf,2,高
47c0e9840bc664c8,2024-09-06,令和6年9月6日,変更認可,,La Gloria Cubana Via BalcanicaER2020BG,LAGLORIACUBANAVIABALCANICAER2020BG,160mm 1,,,,18000,,,https://www.mof.go.jp/policy/tab_salt/topics/20240906_kouriteika_4.pdf,2,高
8cd58405de359398,2024-09-03,令和6年9月3日,変更認可,,=ｷｬﾒﾙ･ﾊﾟｰﾌﾟﾙ･ｵﾌﾟｼｮﾝ･ﾌﾟﾙｰﾑ･ｴｯｸｽ,=キャメルパープルオプションプルームエックス,5.4g20,5.4,g,,500,460,2024-10-01,https://www.mof.go.jp/policy/tab_salt/topics/20240903_kouriteikahenkou.pdf,1,高
f2b72d224219ea2c,2024-08-30,令和6年8月30日,変更認可,,=40,=40,ﾊﾟｳﾁ40g,40,g,,1350,1250,2024-10-01,https://www.mof.go.jp/policy/tab_salt/topics/20240830_kouriteikahenkou_1.pdf,1,高
bb1a76f1e0c01368,2024-08-30,令和6年8月30日,変更認可,,100,100,100g,100,g,,3400,3080,2024-10-01,https://www.mof.go.jp/policy/tab_salt/topics/20240830_kouriteikahenkou_1.pdf,1,高
e0c508c1931c8c6c,2024-08-30,令和6年8月30日,変更認可,,ｶﾋﾟｰﾄ･ﾒﾛｰﾗｲﾄ =40,カピートメローライト=40,ﾊﾟｳﾁ40g,40,g,,1350,1250,2024-10-01,https://www.mof.go.jp/policy/tab_salt/topics/20240830_kouriteikahenkou_1.pdf,1,高
12943466a4d2bce4,2024-08-30,令和6年8月30日,変更認可,,ｼﾙｸﾛｰﾄﾞ=40,シルクロード=40,ﾊﾟｳﾁ40g,40,g,,1350,1250,2024-10-01,https://www.mof.go.jp/policy/tab_salt/topics/20240830_kouriteikahenkou_1.pdf,1,高
c57cd8f6b5916d20,2024-08-30,令和6年8月30日,変更認可,,ｾﾌﾞﾝｼｰｽﾞ･ｺﾞｰﾙﾄﾞﾌﾞﾚﾝﾄﾞ,セブンシーズゴールドブレンド,ﾊﾟｳﾁ40g,40,g,,1250,1150,2024-10-01,https://www.mof.go.jp/policy/tab_salt/topics/20240830_kouriteikahenkou_1.pdf,1,高
242e82140b0f514a,2024-08-30,令和6年8月30日,変更認可,,ｾﾌﾞﾝｼｰｽﾞ･ﾁｪﾘｰ,セブンシーズチェリー,ﾊﾟｳﾁ40g,40,g,,1250,1150,2024-10-01,https://www.mof.go.jp/policy/tab_salt/topics/20240830_kouriteikahenkou_1.pdf,1,高
13217819ee80c491,2024-08-30,令和6年8月30日,変更認可,,ｾﾌﾞﾝｼｰｽﾞ･ﾚｷﾞｭﾗｰﾌﾞﾚﾝﾄﾞ,セブンシーズレギュラーブレンド,ﾊﾟｳﾁ40g,40,g,,1250,1150,2024-10-01,https://www.mof.go.jp/policy/tab_salt/topics/20240830_kouriteikahenkou_1.pdf,1,高
2c25e63ef8569c8a,2024-08-30,令和6年8月30日,変更認可,,ｾﾌﾞﾝｼｰｽﾞ･ﾛｲﾔﾙﾌﾞﾚﾝﾄﾞ,セブンシーズロイヤルブレンド,ﾊﾟｳﾁ40g,40,g,,1250,1150,2024-10-01,https://www.mof.go.jp/policy/tab_salt/topics/20240830_kouriteikahenkou_1.pdf,1,高
f3a398e502f5f1bf,2024-08-30,令和6年8月30日,変更認可,,ｿﾌﾞﾗﾆｰ･ｶｸﾃﾙ,ソブラニーカクテル,20,,,,1000,850,2024-10-01,https://www.mof.go.jp/policy/tab_salt/topics/20240830_kouriteikahenkou_1.pdf,1,高
7b78524ad83e38e1,2024-08-30,令和6年8月30日,変更認可,,ｿﾌﾞﾗﾆｰ･ﾌﾞﾗｯｸ･ﾛｼｱﾝ,ソブラニーブラックロシアン,20,,,,1000,850,2024-10-01,https://www.mof.go.jp/policy/tab_salt/topics/20240830_kouriteikahenkou_1.pdf,1,高
3d61e78d19157a86,2024-08-30,令和6年8月30日,変更認可,,ﾌﾟﾛﾑﾅｰﾄﾞ=40,プロムナード=40,ﾊﾟｳﾁ40g,40,g,,1350,1250,2024-10-01,https://www.mof.go.jp/policy/tab_salt/topics/20240830_kouriteikahenkou_1.pdf,1,高
94a7b887d0d42a04,2024-08-30,令和6年8月30日,変更認可,,ﾏｯｸﾊﾞﾚﾝ ｳﾞｧｰｼﾞﾆｱ･No.1,マックバレンヴァージニアNO.1,ﾊﾟｳﾁ50g,50,g,,1600,1500,2024-10-01,https://www.mof.go.jp/policy/tab_salt/topics/20240830_kouriteikahenkou_1.pdf,1,高
a8e62440220deef2,2024-08-30,令和6年8月30日,変更認可,,ﾏｯｸﾊﾞﾚﾝ ｳﾞｧﾆﾗ ｸﾘｰﾑ,マックバレンヴァニラクリーム,ﾊﾟｳﾁ50g,50,g,,1600,1500,2024-10-01,https://www.mof.go.jp/policy/tab_salt/topics/20240830_kouriteikahenkou_1.pdf,1,高
ceb49e4555253181,2024-08-30,令和6年8月30日,変更認可,,ﾏｯｸﾊﾞﾚﾝ ﾐｯｸｽﾁｭｱ,マックバレンミックスチュア,ﾊﾟｳﾁ50g,50,g,,1600,1500,2024-10-01,https://www.mof.go.jp/policy/tab_salt/topics/20240830_kouriteikahenkou_1.pdf,1,高
7503942b5b068fde,2024-08-30,令和6年8月30日,変更認可,,ﾛｯｸﾝ･ﾁｪｱ =40,ロックンチェア=40,ﾊﾟｳﾁ40g,40,g,,1350,1250,2024-10-01,https://www.mof.go.jp/policy/tab_salt/topics/20240830_kouriteikahenkou_1.pdf,1,高
7c0643b4da933417,2024-08-30,令和6年8月30日,変更認可,,JBR ｸﾞﾚｰﾌﾟ,JBRグレープ,30.0gﾊﾟｳﾁ,30,g,,900,820,2024-10-01,https://www.mof.go.jp/policy/tab_salt/topics/20240830_kouriteikahenkou_2.pdf,1,高
f2718bdb5b8bca75,2024-08-30,令和6年8月30日,変更認可,,JBR ﾂｰｱｯﾌﾟﾙ,JBRツーアップル,30.0gﾊﾟｳﾁ,30,g,,900,820,2024-10-01,https://www.mof.go.jp/policy/tab_salt/topics/20240830_kouriteikahenkou_2.pdf,1,高
b6c5e82a77459710,2024-08-30,令和6年8月30日,変更認可,,JBR ﾊﾞﾆﾗ,JBRバニラ,30.0gﾊﾟｳﾁ,30,g,,900,820,2024-10-01,https://www.mof.go.jp/policy/tab_salt/topics/20240830_kouriteikahenkou_2.pdf,1,高
06716bc2b6f4b5ad,2024-08-30,令和6年8月30日,変更認可,,JBR ﾌﾞﾙｰﾍﾞﾘｰﾐﾝﾄ,JBRブルーベリーミント,30.0gﾊﾟｳﾁ,30,g,,900,820,2024-10-01,https://www.mof.go.jp/policy/tab_salt/topics/20240830_kouriteikahenkou_2.pdf,1,高
6e5c88d748f162a0,2024-08-30,令和6年8月30日,変更認可,,ｺﾞｰﾙﾃﾞﾝﾌﾞﾚﾝﾄﾞ ｱﾛﾏﾃｨｯｸ,ゴールデンブレンドアロマティック,30.0gﾊﾟｳﾁ,30,g,,900,820,2024-10-01,https://www.mof.go.jp/policy/tab_salt/topics/20240830_kouriteikahenkou_2.pdf,1,高
89079d8074ac7fbf,2024-08-30,令和6年8月30日,変更認可,,ｺﾞｰﾙﾃﾞﾝﾌﾞﾚﾝﾄﾞ ﾊﾞｰｼﾞﾆｱ,ゴールデンブレンドバージニア,30.0gﾊﾟｳﾁ,30,g,,900,820,2024-10-01,https://www.mof.go.jp/policy/tab_salt/topics/20240830_kouriteikahenkou_2.pdf,1,高
69a11dba8678cf41,2024-08-30,令和6年8月30日,変更認可,,ｺﾞｰﾙﾃﾞﾝﾌﾞﾚﾝﾄﾞ ﾊﾞｰｼﾞﾆｱｸﾞﾘｰﾝ,ゴールデンブレンドバージニアグリーン,30.0gﾊﾟｳﾁ,30,g,,900,820,2024-10-01,https://www.mof.go.jp/policy/tab_salt/topics/20240830_kouriteikahenkou_2.pdf,1,高
251b50a38cc5af5b,2024-08-30,令和6年8月30日,変更認可,,ﾌﾟｴﾌﾞﾛﾅﾁｭﾗﾙ ｼｬｸﾞ,プエブロナチュラルシャグ,30.0gﾊﾟｳﾁ,30,g,,900,820,2024-10-01,https://www.mof.go.jp/policy/tab_salt/topics/20240830_kouriteikahenkou_2.pdf,1,高
389e3c89b29f14c6,2024-08-30,令和6年8月30日,変更認可,,ﾌﾟｴﾌﾞﾛﾅﾁｭﾗﾙ ｼｬｸﾞ100,プエブロナチュラルシャグ100,ﾎﾞｯｸｽ100.0g,100,g,,2900,2690,2024-10-01,https://www.mof.go.jp/policy/tab_salt/topics/20240830_kouriteikahenkou_2.pdf,1,高
fa89e5d5c802b936,2024-08-30,令和6年8月30日,変更認可,,ﾌﾟｴﾌﾞﾛﾅﾁｭﾗﾙ ｼｬｸﾞｵﾚﾝｼﾞ,プエブロナチュラルシャグオレンジ,30.0gﾊﾟｳﾁ,30,g,,900,820,2024-10-01,https://www.mof.go.jp/policy/tab_salt/topics/20240830_kouriteikahenkou_2.pdf,1,高
9cd19a181911ad72,2024-08-30,令和6年8月30日,変更認可,,ﾌﾟｴﾌﾞﾛﾅﾁｭﾗﾙ ｼｬｸﾞﾋﾟﾝｸ,プエブロナチュラルシャグピンク,30.0gﾊﾟｳﾁ,30,g,,900,820,2024-10-01,https://www.mof.go.jp/policy/tab_salt/topics/20240830_kouriteikahenkou_2.pdf,1,高
fb35e0870ed1aa8a,2024-08-30,令和6年8月30日,変更認可,,ﾌﾟｴﾌﾞﾛﾅﾁｭﾗﾙ ｼｬｸﾞﾌﾞﾙｰ,プエブロナチュラルシャグブルー,30.0gﾊﾟｳﾁ,30,g,,900,820,2024-10-01,https://www.mof.go.jp/policy/tab_salt/topics/20240830_kouriteikahenkou_2.pdf,1,高
49cafeae05914205,2024-08-30,令和6年8月30日,変更認可,,ﾌﾟｴﾌﾞﾛﾅﾁｭﾗﾙ ｼｬｸﾞﾌﾞﾙｰ 100,プエブロナチュラルシャグブルー100,ﾎﾞｯｸｽ100.0g,100,g,,2900,2690,2024-10-01,https://www.mof.go.jp/policy/tab_salt/topics/20240830_kouriteikahenkou_2.pdf,1,高
31d88255049cb699,2024-08-07,令和6年8月7日,変更認可,葉巻たばこ,Auspicious Serie H No.4,AUSPICIOUSSERIEHNO.4,152mm 1本,1,本,ﾎﾝｼﾞｭﾗｽ,3150,,,https://www.mof.go.jp/policy/tab_salt/topics/20240807_kouriteika.pdf,1,高
eeddb7aeb3a45b65,2024-08-07,令和6年8月7日,変更認可,葉巻たばこ,Auspicious Serie H Small Batch 426,AUSPICIOUSSERIEHSMALLBATCH426,150mm 1本,1,本,ﾎﾝｼﾞｭﾗｽ,2700,,,https://www.mof.go.jp/policy/tab_salt/topics/20240807_kouriteika.pdf,1,高
d2a1826f2f628829,2024-08-07,令和6年8月7日,変更認可,葉巻たばこ,JG ﾄﾛ,JGトロ,150mm 1本,1,本,ﾆｶﾗｸﾞｱ,3500,,,https://www.mof.go.jp/policy/tab_salt/topics/20240807_kouriteika.pdf,1,高
b87e1fa81c1e2938,2024-08-07,令和6年8月7日,変更認可,葉巻たばこ,JG ﾋﾟﾗﾐﾃﾞ,JGピラミデ,160mm 1本,1,本,ﾆｶﾗｸﾞｱ,3800,,,https://www.mof.go.jp/policy/tab_salt/topics/20240807_kouriteika.pdf,1,高
6334641abafe4b4f,2024-08-07,令和6年8月7日,変更認可,葉巻たばこ,JG ﾌｧﾝﾀｽﾃｨｺ,JGファンタスティコ,125mm 1本,1,本,ﾆｶﾗｸﾞｱ,4000,,,https://www.mof.go.jp/policy/tab_salt/topics/20240807_kouriteika.pdf,1,高
f8dce8c0615e5b15,2024-08-07,令和6年8月7日,変更認可,葉巻たばこ,JG ﾏﾗﾋﾞｰｼﾞｬ,JGマラビージャ,170mm 1本,1,本,ﾆｶﾗｸﾞｱ,4300,,,https://www.mof.go.jp/policy/tab_salt/topics/20240807_kouriteika.pdf,1,高
3572af5428fb669d,2024-08-07,令和6年8月7日,変更認可,葉巻たばこ,JG ﾛﾌﾞｽﾄ,JGロブスト,125mm 1本,1,本,ﾆｶﾗｸﾞｱ,3300,,,https://www.mof.go.jp/policy/tab_salt/topics/20240807_kouriteika.pdf,1,高
40198dd1cdad4cc5,2024-08-07,令和6年8月7日,変更認可,葉巻たばこ,La Mappa Corona Gorda Fuerte CIE,LAMAPPACORONAGORDAFUERTECIE,155mm 1本,1,本,ﾎﾝｼﾞｭﾗｽ,2650,,,https://www.mof.go.jp/policy/tab_salt/topics/20240807_kouriteika.pdf,1,高
74eee572bbc26bf8,2024-08-07,令和6年8月7日,変更認可,葉巻たばこ,La Mappa Corona Gorda Medio CIE,LAMAPPACORONAGORDAMEDIOCIE,155mm 1本,1,本,ﾎﾝｼﾞｭﾗｽ,2650,,,https://www.mof.go.jp/policy/tab_salt/topics/20240807_kouriteika.pdf,1,高
bd66a4d9477f37c0,2024-08-07,令和6年8月7日,変更認可,葉巻たばこ,Tres Hermanos Robusto No.101,TRESHERMANOSROBUSTONO.101,140mm 1本,1,本,ﾎﾝｼﾞｭﾗｽ,2600,,,https://www.mof.go.jp/policy/tab_salt/topics/20240807_kouriteika.pdf,1,高
d85bcd6a7921ce6b,2024-08-07,令和6年8月7日,変更認可,葉巻たばこ,ｱｳﾞｫ ｴｸｽﾌﾟﾚｯｼｮﾝ LE 2024,アヴォエクスプレッションLE2024,165mm 1本,1,本,ﾄﾞﾐﾆｶ共和国,7000,,,https://www.mof.go.jp/policy/tab_salt/topics/20240807_kouriteika.pdf,1,高
3111b34877667642,2024-08-07,令和6年8月7日,変更認可,葉巻たばこ,ｴﾙﾌﾞﾙﾋｰﾄ 10周年,エルブルヒート10周年,130mm 1本,1,本,ﾆｶﾗｸﾞｱ,2500,,,https://www.mof.go.jp/policy/tab_salt/topics/20240807_kouriteika.pdf,1,高
3e0eac1fee11717e,2024-08-07,令和6年8月7日,変更認可,葉巻たばこ,ｼﾞﾉ ﾌﾟﾗﾁﾅﾑ XS 1's,ジノプラチナムXS1'S,102mm 1本,1,本,ﾄﾞﾐﾆｶ共和国,700,,,https://www.mof.go.jp/policy/tab_salt/topics/20240807_kouriteika.pdf,1,高
45c9c6376deb3000,2024-08-07,令和6年8月7日,変更認可,加熱式たばこ,ｾﾝﾃｨｱ･ﾌﾚｯｼｭ･ｺｰﾗﾙ,センティアフレッシュコーラル,F45 20ｽﾃｨｯｸﾊｰﾄﾞﾊﾟｯｸ,20,スティック,ｷﾞﾘｼｬｲﾀﾘｱ,530,,,https://www.mof.go.jp/policy/tab_salt/topics/20240807_kouriteika.pdf,1,高
6fef02cd6e505b59,2024-08-07,令和6年8月7日,変更認可,葉巻たばこ,ﾇｰﾄﾞ N1 ﾗﾝｾﾛ,ヌードN1ランセロ,191mm 1本,1,本,ﾎﾝｼﾞｭﾗｽ,2000,,,https://www.mof.go.jp/policy/tab_salt/topics/20240807_kouriteika.pdf,1,高
a3a977f1c0bd493e,2024-08-07,令和6年8月7日,変更認可,葉巻たばこ,ﾇｰﾄﾞ N2 ﾋﾟﾗﾐﾃﾞ,ヌードN2ピラミデ,156mm 1本,1,本,ﾎﾝｼﾞｭﾗｽ,2400,,,https://www.mof.go.jp/policy/tab_salt/topics/20240807_kouriteika.pdf,1,高
2c2ef095d8b55a65,2024-08-07,令和6年8月7日,変更認可,葉巻たばこ,ﾇｰﾄﾞ N3 ｶﾛﾙﾀ,ヌードN3カロルタ,152mm 1本,1,本,ﾎﾝｼﾞｭﾗｽ,1700,,,https://www.mof.go.jp/policy/tab_salt/topics/20240807_kouriteika.pdf,1,高
4f85c2a1f49aad15,2024-08-07,令和6年8月7日,変更認可,葉巻たばこ,ﾇｰﾄﾞ N4 ﾍﾟﾃｨｺﾛﾅ,ヌードN4ペティコロナ,130mm 1本,1,本,ﾎﾝｼﾞｭﾗｽ,1800,,,https://www.mof.go.jp/policy/tab_salt/topics/20240807_kouriteika.pdf,1,高
f5b2126e9c4e0f73,2024-08-07,令和6年8月7日,変更認可,葉巻たばこ,ﾇｰﾄﾞ N5 ｸｲｰﾝｺﾛﾅ,ヌードN5クイーンコロナ,156mm 1本,1,本,ﾎﾝｼﾞｭﾗｽ,1900,,,https://www.mof.go.jp/policy/tab_salt/topics/20240807_kouriteika.pdf,1,高
2eb53380a58546b3,2024-08-07,令和6年8月7日,変更認可,葉巻たばこ,ﾇｰﾄﾞ N6 ｶﾆｮﾅｰｿ,ヌードN6カニョナーソ,152mm 1本,1,本,ﾎﾝｼﾞｭﾗｽ,2400,,,https://www.mof.go.jp/policy/tab_salt/topics/20240807_kouriteika.pdf,1,高
3bcaaeeb89a745af,2024-08-07,令和6年8月7日,変更認可,葉巻たばこ,ﾇｰﾄﾞ N7 ﾆﾝﾌｧ,ヌードN7ニンファ,178mm 1本,1,本,ﾎﾝｼﾞｭﾗｽ,1600,,,https://www.mof.go.jp/policy/tab_salt/topics/20240807_kouriteika.pdf,1,高
a805f0f6b4cb5405,2024-08-07,令和6年8月7日,変更認可,葉巻たばこ,ﾇｰﾄﾞ N8 ﾁｬｰﾁﾙ,ヌードN8チャーチル,178mm 1本,1,本,ﾎﾝｼﾞｭﾗｽ,2300,,,https://www.mof.go.jp/policy/tab_salt/topics/20240807_kouriteika.pdf,1,高
6fb8bcae26772dcc,2024-07-26,令和6年7月26日,変更認可,パイプたばこ,Dr.Pipe･ｲﾝｸﾞﾘｯｼｭﾐｸｽﾁｬｰ,DR.PIPEイングリッシュミクスチャー,,,,,2400,2024,,https://www.mof.go.jp/policy/tab_salt/topics/20240726_kouriteika.pdf,1,高
b3a6eeb1851de3e9,2024-07-26,令和6年7月26日,変更認可,パイプたばこ,Dr.Pipe･ｴｽﾌﾟﾚｯｿｺｰﾋｰ,DR.PIPEエスプレッソコーヒー,,,,,2400,2024,,https://www.mof.go.jp/policy/tab_salt/topics/20240726_kouriteika.pdf,1,高
2388e23c58448880,2024-07-26,令和6年7月26日,変更認可,パイプたばこ,Dr.Pipe･ｵﾘｼﾞﾅﾙ,DR.PIPEオリジナル,,,,,2400,2024,,https://www.mof.go.jp/policy/tab_salt/topics/20240726_kouriteika.pdf,1,高
f6305ba79d8bd952,2024-07-26,令和6年7月26日,変更認可,パイプたばこ,Dr.Pipe･ｸﾞｯﾄﾞﾓｰﾆﾝｸﾞ,DR.PIPEグッドモーニング,,,,,2400,2024,,https://www.mof.go.jp/policy/tab_salt/topics/20240726_kouriteika.pdf,1,高
85506336d1bb40cf,2024-07-26,令和6年7月26日,変更認可,パイプたばこ,Dr.Pipe･ｸﾚｰﾑﾌﾞﾘｭﾚ,DR.PIPEクレームブリュレ,,,,,2400,2024,,https://www.mof.go.jp/policy/tab_salt/topics/20240726_kouriteika.pdf,1,高
b856e3fdb34869d9,2024-07-26,令和6年7月26日,変更認可,パイプたばこ,Dr.Pipe･ｼｬﾄﾞｳﾊﾞﾚｰ,DR.PIPEシャドウバレー,,,,,2400,2024,,https://www.mof.go.jp/policy/tab_salt/topics/20240726_kouriteika.pdf,1,高
53d38adf0112ffa8,2024-07-26,令和6年7月26日,変更認可,パイプたばこ,Dr.Pipe･ｽﾄﾛﾝｸﾞﾐｸｽﾁｬｰ,DR.PIPEストロングミクスチャー,,,,,2400,2024,,https://www.mof.go.jp/policy/tab_salt/topics/20240726_kouriteika.pdf,1,高
f2e655d5b91bc176,2024-07-26,令和6年7月26日,変更認可,パイプたばこ,Dr.Pipe･ﾀﾞｰｸﾐｸｽﾁｬｰ,DR.PIPEダークミクスチャー,,,,,2400,2024,,https://www.mof.go.jp/policy/tab_salt/topics/20240726_kouriteika.pdf,1,高
cbbc4075adce759b,2024-07-26,令和6年7月26日,変更認可,パイプたばこ,Dr.Pipe･ﾅｲﾄﾀﾞｰｸﾈｽ,DR.PIPEナイトダークネス,,,,,2400,2024,,https://www.mof.go.jp/policy/tab_salt/topics/20240726_kouriteika.pdf,1,高
fe9013c7098f637c,2024-07-26,令和6年7月26日,変更認可,パイプたばこ,Dr.Pipe･ﾋﾟｭｱ ｺﾞｰﾙﾃﾞﾝ ﾊﾞｰｼﾞﾆｱ,DR.PIPEピュアゴールデンバージニア,,,,,2400,2024,,https://www.mof.go.jp/policy/tab_salt/topics/20240726_kouriteika.pdf,1,高
7583863e5eb78c76,2024-07-26,令和6年7月26日,変更認可,パイプたばこ,Dr.Pipe･ﾌﾞﾗｯｸﾀﾞｲﾔﾓﾝﾄﾞ,DR.PIPEブラックダイヤモンド,,,,,2400,2024,,https://www.mof.go.jp/policy/tab_salt/topics/20240726_kouriteika.pdf,1,高
fc553a9433e8aa48,2024-07-26,令和6年7月26日,変更認可,パイプたばこ,Dr.Pipe･ﾌﾚｲｸ ｲﾝｸﾞﾘｯｼｭﾐｸｽﾁｬｰ,DR.PIPEフレイクイングリッシュミクスチャー,,,,,2500,2024,,https://www.mof.go.jp/policy/tab_salt/topics/20240726_kouriteika.pdf,1,高
5da4226def5f88f3,2024-07-26,令和6年7月26日,変更認可,パイプたばこ,Dr.Pipe･ﾌﾚｲｸ ｵｰﾙﾄﾞｽﾀｲﾙ,DR.PIPEフレイクオールドスタイル,,,,,2600,2024,,https://www.mof.go.jp/policy/tab_salt/topics/20240726_kouriteika.pdf,1,高
1d7b6ced0b71e162,2024-07-26,令和6年7月26日,変更認可,パイプたばこ,Dr.Pipe･ﾌﾚｲｸ ｸﾞﾚｰﾄﾀｲﾑｽﾞ,DR.PIPEフレイクグレートタイムズ,,,,,2500,2024,,https://www.mof.go.jp/policy/tab_salt/topics/20240726_kouriteika.pdf,1,高
c822db0c2e5ca6af,2024-07-26,令和6年7月26日,変更認可,パイプたばこ,Dr.Pipe･ﾌﾚｲｸ ﾊﾞｰｼﾞﾆｱ&ﾍﾟﾘｸ,DR.PIPEフレイクバージニア&ペリク,,,,,2500,2024,,https://www.mof.go.jp/policy/tab_salt/topics/20240726_kouriteika.pdf,1,高
944959bd9fe28c9b,2024-07-26,令和6年7月26日,変更認可,パイプたばこ,Dr.Pipe･ﾌﾚｲｸ ﾋﾟｭｱ ｺﾞｰﾙﾃﾞﾝ ﾊﾞｰｼﾞﾆｱ,DR.PIPEフレイクピュアゴールデンバージニア,,,,,2500,2024,,https://www.mof.go.jp/policy/tab_salt/topics/20240726_kouriteika.pdf,1,高
8f8e3559824656d9,2024-07-26,令和6年7月26日,変更認可,パイプたばこ,Dr.Pipe･ﾌﾚｲｸ ﾋﾟｭｱ ﾗﾀｷｱ,DR.PIPEフレイクピュアラタキア,,,,,2500,2024,,https://www.mof.go.jp/policy/tab_salt/topics/20240726_kouriteika.pdf,1,高
aa9c5a33ae08ae2a,2024-07-26,令和6年7月26日,変更認可,パイプたばこ,Dr.Pipe･ﾗﾀｷｱﾌﾞﾚﾝﾄﾞ,DR.PIPEラタキアブレンド,,,,,2400,2024,,https://www.mof.go.jp/policy/tab_salt/topics/20240726_kouriteika.pdf,1,高
106ff8398b70775c,2024-07-26,令和6年7月26日,変更認可,葉巻たばこ,ｺｲｰﾊﾞ･ｱﾝﾊﾞｰ,コイーバアンバー,,,,,24200,2024,,https://www.mof.go.jp/policy/tab_salt/topics/20240726_kouriteika.pdf,1,高
de37d1dfe3e5d91d,2024-07-26,令和6年7月26日,変更認可,パイプたばこ,ﾊｲﾀﾊﾞｺ･ﾊﾞｰｼﾞﾆｱｺﾞｰﾙﾄﾞ,ハイタバコバージニアゴールド,,,,,1080,2024,,https://www.mof.go.jp/policy/tab_salt/topics/20240726_kouriteika.pdf,1,高
c4b809d09e5fb1cf,2024-07-26,令和6年7月26日,変更認可,葉巻たばこ,ﾊﾟﾙﾀｶﾞｽ･ﾘﾈｱ ﾏｴｽﾄﾗ ｵﾘﾍﾝ,パルタガスリネアマエストラオリヘン,,,,,12980,2024,,https://www.mof.go.jp/policy/tab_salt/topics/20240726_kouriteika.pdf,1,高
e9270d126ed2bfa2,2024-07-26,令和6年7月26日,変更認可,葉巻たばこ,ﾊﾟﾙﾀｶﾞｽ･ﾘﾈｱ ﾏｴｽﾄﾗ ﾏｴｽﾄﾛ,パルタガスリネアマエストラマエストロ,,,,,14850,2024,,https://www.mof.go.jp/policy/tab_salt/topics/20240726_kouriteika.pdf,1,高
5725db6621c99fdb,2024-07-26,令和6年7月26日,変更認可,葉巻たばこ,ﾊﾟﾙﾀｶﾞｽ･ﾘﾈｱ ﾏｴｽﾄﾗ ﾘﾄ,パルタガスリネアマエストラリト,,,,,16500,2024,,https://www.mof.go.jp/policy/tab_salt/topics/20240726_kouriteika.pdf,1,高
e65f1de386573fa8,2024-07-26,令和6年7月26日,変更認可,葉巻たばこ,ﾎﾞﾘﾊﾞｰ･ﾘｼﾞｪﾝﾃｽ LE2021,ボリバーリジェンテスLE2021,,,,,16500,2024,,https://www.mof.go.jp/policy/tab_salt/topics/20240726_kouriteika.pdf,1,高
920ac4947ec79e24,2024-07-26,令和6年7月26日,変更認可,葉巻たばこ,ﾓﾝﾃｸﾘｽﾄ･ｴﾄﾞｩﾑﾝﾄﾞ ﾚｾﾞﾙﾊﾞｺｾﾁｬ 2018,モンテクリストエドゥムンドレゼルバコセチャ2018,,,,,44000,2024,,https://www.mof.go.jp/policy/tab_salt/topics/20240726_kouriteika.pdf,1,高
217a115c3689fa77,2024-07-26,令和6年7月26日,変更認可,葉巻たばこ,ﾓﾝﾃｸﾘｽﾄ･ﾌﾞﾘﾗﾝﾃｽ ｲﾔｰ ｵﾌﾞ ｻﾞ ﾄﾞﾗｺﾞﾝ,モンテクリストブリランテスイヤーオブザドラゴン,,,,,25300,2024,,https://www.mof.go.jp/policy/tab_salt/topics/20240726_kouriteika.pdf,1,中
f3d1de5c2e50d2fc,2024-07-26,令和6年7月26日,変更認可,刻みたばこ,大江戸刻み,大江戸刻み,,,,,1650,2024,,https://www.mof.go.jp/policy/tab_salt/topics/20240726_kouriteika.pdf,1,高
8096f57d89b7f654,2024-07-26,令和6年7月26日,変更認可,葉巻たばこ,Grande,GRANDE,,,,,3900,2023,,https://www.mof.go.jp/policy/tab_salt/topics/20240726_kouriteika.pdf,2,高
4feb6020b31df2c7,2024-07-26,令和6年7月26日,変更認可,葉巻たばこ,Herrera Esteli Miami Robusto,HERRERAESTELIMIAMIROBUSTO,,,,,3900,2023,,https://www.mof.go.jp/policy/tab_salt/topics/20240726_kouriteika.pdf,2,中
81036fdec0b1595b,2024-07-26,令和6年7月26日,変更認可,葉巻たばこ,ｹﾄﾞﾙｾ･No.52,ケドルセNO.52,,,,,8800,2023,,https://www.mof.go.jp/policy/tab_salt/topics/20240726_kouriteika.pdf,2,高
9ee3ea47fd9fb449,2024-07-26,令和6年7月26日,変更認可,葉巻たばこ,ﾊﾟﾝﾁ･ﾄﾘｳﾝﾌｫｽ,パンチトリウンフォス,,,,,4950,2023,,https://www.mof.go.jp/policy/tab_salt/topics/20240726_kouriteika.pdf,2,高
f8e48c0332a4d9bd,2024-07-26,令和6年7月26日,変更認可,葉巻たばこ,ﾍﾞｶﾞﾌｨﾅ･1998 ｶﾑ ﾗｳﾃﾞ25 ｱﾆﾍﾞﾙｻﾘｵ LE,ベガフィナ1998カムラウデ25アニベルサリオLE,,,,,3520,2023,,https://www.mof.go.jp/policy/tab_salt/topics/20240726_kouriteika.pdf,2,中
fcb71cb72c60bad6,2024-07-26,令和6年7月26日,変更認可,葉巻たばこ,ﾍﾞｶﾞﾌｨﾅ･ﾆｶﾗｸﾞｱ ｴｽﾃﾘ LE 2023,ベガフィナニカラグアエステリLE2023,,,,,2860,2023,,https://www.mof.go.jp/policy/tab_salt/topics/20240726_kouriteika.pdf,2,高
2866390ff2991f41,2024-07-26,令和6年7月26日,変更認可,葉巻たばこ,ﾚｲ･ﾃﾞﾙ･ﾑﾝﾄﾞ･ﾛｲﾔﾙ ｼﾘｰｽﾞ LCDH,レイデルムンドロイヤルシリーズLCDH,,,,,15400,2023,,https://www.mof.go.jp/policy/tab_salt/topics/20240726_kouriteika.pdf,2,高
b4763080b119a4eb,2024-07-26,令和6年7月26日,変更認可,葉巻たばこ,ﾛﾒｵ･Y･ｼﾞｭﾘｴｯﾀ･ｷｭﾋﾟﾄﾞｽ LCDH/HS,ロメオYジュリエッタキュピドスLCDH/HS,,,,,16500,2023,,https://www.mof.go.jp/policy/tab_salt/topics/20240726_kouriteika.pdf,2,高
f9ba72166ec68ae7,2024-07-17,令和6年7月17日,変更認可,加熱式たばこ,ﾃﾘｱ･ﾌﾞﾗｯｸ･ｻﾝｼｬｲﾝ･ﾒﾝｿｰﾙ,テリアブラックサンシャインメンソール,F45 20ｽﾃｨｯｸﾊｰﾄﾞﾊﾟｯｸ,20,スティック,大韓民国ﾙｰﾏﾆｱｷﾞﾘｼｬ,580,,,https://www.mof.go.jp/policy/tab_salt/topics/20240717_kouriteika.pdf,1,高
535e00df60eed7db,2024-07-17,令和6年7月17日,変更認可,葉巻たばこ,ﾄｽｶﾈﾛ･ｱﾛﾏ･ﾌｫﾝﾀﾞﾝﾃ,トスカネロアロマフォンダンテ,78mm 1本,1,本,ｲﾀﾘｱ,230,,,https://www.mof.go.jp/policy/tab_salt/topics/20240717_kouriteika.pdf,1,高
b0b852d609786bbd,2024-07-09,令和6年7月9日,変更認可,紙巻たばこ,ﾒﾋﾞｳｽ･ﾘｯﾁ,メビウスリッチ,FK 20本ｿﾌﾄﾊﾟｯｸ,20,本,日本,580,,,https://www.mof.go.jp/policy/tab_salt/topics/20240709_kouriteika.pdf,1,高
73857556023b02c6,2024-07-09,令和6年7月9日,変更認可,紙巻たばこ,ﾒﾋﾞｳｽ･ﾘｯﾁ･ﾎﾞｯｸｽ,メビウスリッチボックス,ﾊｰﾄﾞﾊﾟｯｸFK 20本,20,本,日本,580,,,https://www.mof.go.jp/policy/tab_salt/topics/20240709_kouriteika.pdf,1,高
f9fd2deb0a036b99,2024-06-28,令和6年6月28日,変更認可,葉巻たばこ,ｵｰﾛﾗ･ﾌﾟﾚﾌｪﾘﾄﾞｽ･ｴﾒﾗﾙﾄﾞ,オーロラプレフェリドスエメラルド,127mm 1本,1,本,ﾄﾞﾐﾆｶ共和国,3300,2470,2024-08-01,https://www.mof.go.jp/policy/tab_salt/topics/20240628_kouriteikahenkou_1.pdf,1,高
84f9f45c6047c23e,2024-06-28,令和6年6月28日,変更認可,葉巻たばこ,ｵｰﾛﾗ･ﾌﾟﾚﾌｪﾘﾄﾞｽ･ｺﾞｰﾙﾄﾞ,オーロラプレフェリドスゴールド,127mm 1本,1,本,ﾄﾞﾐﾆｶ共和国,3300,2470,2024-08-01,https://www.mof.go.jp/policy/tab_salt/topics/20240628_kouriteikahenkou_1.pdf,1,高
e9c5916ebc57184a,2024-06-28,令和6年6月28日,変更認可,葉巻たばこ,ｵｰﾛﾗ･ﾌﾟﾚﾌｪﾘﾄﾞｽ･ｻﾌｧｲｱ,オーロラプレフェリドスサファイア,127mm 1本,1,本,ﾄﾞﾐﾆｶ共和国,3300,2470,2024-08-01,https://www.mof.go.jp/policy/tab_salt/topics/20240628_kouriteikahenkou_1.pdf,1,高
0ca64878faed859d,2024-06-28,令和6年6月28日,変更認可,葉巻たばこ,ｵｰﾛﾗ･ﾌﾟﾚﾌｪﾘﾄﾞｽ･ﾌﾟﾗﾁﾅﾑ,オーロラプレフェリドスプラチナム,127mm 1本,1,本,ﾄﾞﾐﾆｶ共和国,3300,2470,2024-08-01,https://www.mof.go.jp/policy/tab_salt/topics/20240628_kouriteikahenkou_1.pdf,1,高
46a37309e2230a8c,2024-06-28,令和6年6月28日,変更認可,葉巻たばこ,ｵｰﾛﾗ･ﾌﾟﾚﾌｪﾘﾄﾞｽ･ﾙﾋﾞｰ,オーロラプレフェリドスルビー,127mm 1本,1,本,ﾄﾞﾐﾆｶ共和国,3300,2470,2024-08-01,https://www.mof.go.jp/policy/tab_salt/topics/20240628_kouriteikahenkou_1.pdf,1,高
75b6a8138907d747,2024-06-28,令和6年6月28日,変更認可,葉巻たばこ,ｵｰﾛﾗ･ﾛﾌﾞｽﾄ,オーロラロブスト,127mm 1本,1,本,ﾄﾞﾐﾆｶ共和国,1100,1050,2024-08-01,https://www.mof.go.jp/policy/tab_salt/topics/20240628_kouriteikahenkou_1.pdf,1,高
7b5501a3c9674f96,2024-06-28,令和6年6月28日,変更認可,葉巻たばこ,ｷﾞﾚﾙﾓ･ﾚｵﾝ ｺﾛﾅｺﾞﾙﾀﾞ,ギレルモレオンコロナゴルダ,150mm 1本,1,本,ﾄﾞﾐﾆｶ共和国,1900,1720,2024-08-01,https://www.mof.go.jp/policy/tab_salt/topics/20240628_kouriteikahenkou_1.pdf,1,高
9a7f2af45f543da3,2024-06-28,令和6年6月28日,変更認可,葉巻たばこ,ｷﾞﾚﾙﾓ･ﾚｵﾝ ﾛﾌﾞｽﾄ,ギレルモレオンロブスト,125mm 1本,1,本,ﾄﾞﾐﾆｶ共和国,1900,1710,2024-08-01,https://www.mof.go.jp/policy/tab_salt/topics/20240628_kouriteikahenkou_1.pdf,1,高
3d4ce2474163bdeb,2024-06-28,令和6年6月28日,変更認可,葉巻たばこ,ﾌﾟﾘﾝｼﾍﾟ･ﾊﾞﾝﾄﾞﾙ･ｼｮｰﾄ･ﾛﾌﾞｽﾄ,プリンシペバンドルショートロブスト,102mm 1本,1,本,ﾄﾞﾐﾆｶ共和国,610,510,2024-08-01,https://www.mof.go.jp/policy/tab_salt/topics/20240628_kouriteikahenkou_1.pdf,1,高
7b353b95bad0b5f5,2024-06-28,令和6年6月28日,変更認可,葉巻たばこ,ﾌﾟﾘﾝｼﾍﾟ･ﾊﾞﾝﾄﾞﾙ･ﾍﾟﾃｨ･ｺﾛﾅ,プリンシペバンドルペティコロナ,114mm 1本,1,本,ﾄﾞﾐﾆｶ共和国,500,450,2024-08-01,https://www.mof.go.jp/policy/tab_salt/topics/20240628_kouriteikahenkou_1.pdf,1,高
751c0cfe8f02c1ab,2024-06-28,令和6年6月28日,変更認可,葉巻たばこ,ﾌﾟﾘﾝｼﾍﾟ･ﾊﾞﾝﾄﾞﾙ･ﾏﾃﾞｭｰﾛ･ｼｮｰﾄ･ﾛﾌﾞｽﾄ,プリンシペバンドルマデューロショートロブスト,102mm 1本,1,本,ﾄﾞﾐﾆｶ共和国,660,560,2024-08-01,https://www.mof.go.jp/policy/tab_salt/topics/20240628_kouriteikahenkou_1.pdf,1,高
ca3fd52eb5117c56,2024-06-28,令和6年6月28日,変更認可,葉巻たばこ,ﾌﾟﾘﾝｼﾍﾟ･ﾊﾞﾝﾄﾞﾙ･ﾏﾃﾞｭｰﾛ･ﾍﾟﾃｨ･ｺﾛﾅ,プリンシペバンドルマデューロペティコロナ,114mm 1本,1,本,ﾄﾞﾐﾆｶ共和国,550,480,2024-08-01,https://www.mof.go.jp/policy/tab_salt/topics/20240628_kouriteikahenkou_1.pdf,1,高
1b1c4c15e5068342,2024-06-28,令和6年6月28日,変更認可,葉巻たばこ,ﾌﾟﾘﾝｼﾍﾟ･ﾊﾞﾝﾄﾞﾙ･ﾏﾃﾞｭｰﾛ･ﾛﾌﾞｽﾄ,プリンシペバンドルマデューロロブスト,127mm 1本,1,本,ﾄﾞﾐﾆｶ共和国,730,650,2024-08-01,https://www.mof.go.jp/policy/tab_salt/topics/20240628_kouriteikahenkou_1.pdf,1,高
254eef9bb1011c08,2024-06-28,令和6年6月28日,変更認可,葉巻たばこ,ﾌﾟﾘﾝｼﾍﾟ･ﾊﾞﾝﾄﾞﾙ･ﾛﾌﾞｽﾄ,プリンシペバンドルロブスト,127mm 1本,1,本,ﾄﾞﾐﾆｶ共和国,680,600,2024-08-01,https://www.mof.go.jp/policy/tab_salt/topics/20240628_kouriteikahenkou_1.pdf,1,高
c1ba884b90bcccf5,2024-06-28,令和6年6月28日,変更認可,葉巻たばこ,ﾗ･ｵｰﾛﾗ 107 15min Break,ラオーロラ10715MINBREAK,90mm 1本,1,本,ﾄﾞﾐﾆｶ共和国,700,600,2024-08-01,https://www.mof.go.jp/policy/tab_salt/topics/20240628_kouriteikahenkou_1.pdf,1,高
ba43a1050c1c973b,2024-06-28,令和6年6月28日,変更認可,葉巻たばこ,ﾗ･ｵｰﾛﾗ 107 ｸﾞﾗﾝﾄﾞ･ﾛﾌﾞｽﾄ,ラオーロラ107グランドロブスト,127mm 1本,1,本,ﾄﾞﾐﾆｶ共和国,1350,1220,2024-08-01,https://www.mof.go.jp/policy/tab_salt/topics/20240628_kouriteikahenkou_1.pdf,1,高
8a6e639f93515718,2024-06-28,令和6年6月28日,変更認可,葉巻たばこ,ﾗ･ｵｰﾛﾗ･ｺﾛﾎ ﾛﾌﾞｽﾄ,ラオーロラコロホロブスト,125mm 1本,1,本,ﾄﾞﾐﾆｶ共和国,1150,1060,2024-08-01,https://www.mof.go.jp/policy/tab_salt/topics/20240628_kouriteikahenkou_1.pdf,1,高
1aa158d515846ac8,2024-06-28,令和6年6月28日,変更認可,葉巻たばこ,ﾛｯｷｰﾊﾟﾃﾙ 15周年 ﾄﾙﾋﾟｰﾄﾞ,ロッキーパテル15周年トルピード,152mm 1本,1,本,ﾆｶﾗｸﾞｱ,2550,1600,2024-07-08,https://www.mof.go.jp/policy/tab_salt/topics/20240628_kouriteikahenkou_2.pdf,1,高
9b5e50b85c68bc81,2024-06-28,令和6年6月28日,変更認可,葉巻たばこ,ﾛｯｷｰﾊﾟﾃﾙ 15周年 ﾄﾛ,ロッキーパテル15周年トロ,165mm 1本,1,本,ﾆｶﾗｸﾞｱ,2650,1750,2024-07-08,https://www.mof.go.jp/policy/tab_salt/topics/20240628_kouriteikahenkou_2.pdf,1,高
267e3486a197b625,2024-06-28,令和6年6月28日,変更認可,葉巻たばこ,ﾛｯｷｰﾊﾟﾃﾙ 15周年 ﾍﾟﾃｨﾍﾞﾘｺｿ,ロッキーパテル15周年ペティベリコソ,114mm 1本,1,本,ﾆｶﾗｸﾞｱ,1800,1680,2024-07-08,https://www.mof.go.jp/policy/tab_salt/topics/20240628_kouriteikahenkou_2.pdf,1,高
b2ba3695c3f82d30,2024-06-28,令和6年6月28日,変更認可,葉巻たばこ,ﾛｯｷｰﾊﾟﾃﾙ 15周年ﾛﾌﾞｽﾄ,ロッキーパテル15周年ロブスト,127mm 1本,1,本,ﾆｶﾗｸﾞｱ,2400,1500,2024-07-08,https://www.mof.go.jp/policy/tab_salt/topics/20240628_kouriteikahenkou_2.pdf,1,高
23d37c91eec24ecc,2024-06-28,令和6年6月28日,変更認可,葉巻たばこ,ﾛｯｷｰﾊﾟﾃﾙ ｳﾞｨﾝﾃｰｼﾞ1979 ﾁｬｰﾁﾙ,ロッキーパテルヴィンテージ1979チャーチル,178mm 1本,1,本,ﾎﾝｼﾞｭﾗｽ,2800,2600,2024-07-08,https://www.mof.go.jp/policy/tab_salt/topics/20240628_kouriteikahenkou_2.pdf,1,高
4535afa46557a5b8,2024-06-28,令和6年6月28日,変更認可,葉巻たばこ,ﾛｯｷｰﾊﾟﾃﾙ ｳﾞｨﾝﾃｰｼﾞ1979 ﾄﾛ,ロッキーパテルヴィンテージ1979トロ,152mm 1本,1,本,ﾎﾝｼﾞｭﾗｽ,2700,2500,2024-07-08,https://www.mof.go.jp/policy/tab_salt/topics/20240628_kouriteikahenkou_2.pdf,1,高
c64ceefbc88c12b0,2024-06-28,令和6年6月28日,変更認可,葉巻たばこ,ﾛｯｷｰﾊﾟﾃﾙ ｳﾞｨﾝﾃｰｼﾞ1979 ﾛﾌﾞｽﾄ,ロッキーパテルヴィンテージ1979ロブスト,132mm 1本,1,本,ﾎﾝｼﾞｭﾗｽ,2600,2400,2024-07-08,https://www.mof.go.jp/policy/tab_salt/topics/20240628_kouriteikahenkou_2.pdf,1,高
aced78d9871755c1,2024-06-28,令和6年6月28日,変更認可,葉巻たばこ,ﾛｯｷｰﾊﾟﾃﾙ ｳﾞｨﾝﾃｰｼﾞ1990 ﾁｬｰﾁﾙ,ロッキーパテルヴィンテージ1990チャーチル,178mm 1本,1,本,ﾎﾝｼﾞｭﾗｽ,2100,1700,2024-07-08,https://www.mof.go.jp/policy/tab_salt/topics/20240628_kouriteikahenkou_2.pdf,1,高
8c78b5124427ea58,2024-06-28,令和6年6月28日,変更認可,葉巻たばこ,ﾛｯｷｰﾊﾟﾃﾙ ｳﾞｨﾝﾃｰｼﾞ1990 ﾁｬｰﾁﾙ ｶﾞﾗｽﾁｭｰﾌﾞ,ロッキーパテルヴィンテージ1990チャーチルガラスチューブ,178mm 1本,1,本,ﾎﾝｼﾞｭﾗｽ,3850,1950,2024-07-08,https://www.mof.go.jp/policy/tab_salt/topics/20240628_kouriteikahenkou_2.pdf,1,高
9eb6c7c1682f8602,2024-06-28,令和6年6月28日,変更認可,葉巻たばこ,ﾛｯｷｰﾊﾟﾃﾙ ｳﾞｨﾝﾃｰｼﾞ1990 ﾛﾌﾞｽﾄ,ロッキーパテルヴィンテージ1990ロブスト,140mm 1本,1,本,ﾎﾝｼﾞｭﾗｽ,2000,1500,2024-07-08,https://www.mof.go.jp/policy/tab_salt/topics/20240628_kouriteikahenkou_2.pdf,1,高
a6ed57823fe8b256,2024-06-28,令和6年6月28日,変更認可,葉巻たばこ,ﾛｯｷｰﾊﾟﾃﾙ ｳﾞｨﾝﾃｰｼﾞ1992 ｼﾞｭﾆｱ,ロッキーパテルヴィンテージ1992ジュニア,102mm 1本,1,本,ﾎﾝｼﾞｭﾗｽ,950,620,2024-07-08,https://www.mof.go.jp/policy/tab_salt/topics/20240628_kouriteikahenkou_2.pdf,1,高
a6fcbd74f111bb71,2024-06-28,令和6年6月28日,変更認可,葉巻たばこ,ﾛｯｷｰﾊﾟﾃﾙ ｳﾞｨﾝﾃｰｼﾞ1992 ﾁｬｰﾁﾙ ｶﾞﾗｽﾁｭｰﾌﾞ,ロッキーパテルヴィンテージ1992チャーチルガラスチューブ,178mm 1本,1,本,ﾎﾝｼﾞｭﾗｽ,3850,1950,2024-07-08,https://www.mof.go.jp/policy/tab_salt/topics/20240628_kouriteikahenkou_2.pdf,1,高
27289ffcae9e8ace,2024-06-28,令和6年6月28日,変更認可,葉巻たばこ,ﾛｯｷｰﾊﾟﾃﾙ ｳﾞｨﾝﾃｰｼﾞ1992 ﾛﾌﾞｽﾄ,ロッキーパテルヴィンテージ1992ロブスト,140mm 1本,1,本,ﾎﾝｼﾞｭﾗｽ,2000,1500,2024-07-08,https://www.mof.go.jp/policy/tab_salt/topics/20240628_kouriteikahenkou_2.pdf,1,高
b84dfecc642dbed5,2024-06-28,令和6年6月28日,変更認可,葉巻たばこ,ﾛｯｷｰﾊﾟﾃﾙ ｳﾞｨﾝﾃｰｼﾞ1999 ﾁｬｰﾁﾙ,ロッキーパテルヴィンテージ1999チャーチル,178mm 1本,1,本,ﾎﾝｼﾞｭﾗｽ,2100,1700,2024-07-08,https://www.mof.go.jp/policy/tab_salt/topics/20240628_kouriteikahenkou_2.pdf,1,高
de10652171c30122,2024-06-28,令和6年6月28日,変更認可,葉巻たばこ,ﾛｯｷｰﾊﾟﾃﾙ ｳﾞｨﾝﾃｰｼﾞ1999 ﾁｬｰﾁﾙ ｶﾞﾗｽﾁｭｰﾌﾞ,ロッキーパテルヴィンテージ1999チャーチルガラスチューブ,178mm 1本,1,本,ﾎﾝｼﾞｭﾗｽ,3850,2500,2024-07-08,https://www.mof.go.jp/policy/tab_salt/topics/20240628_kouriteikahenkou_2.pdf,1,高
21155ad6c1803b53,2024-06-28,令和6年6月28日,変更認可,葉巻たばこ,ﾛｯｷｰﾊﾟﾃﾙ ｳﾞｨﾝﾃｰｼﾞ1999 ﾄﾛ,ロッキーパテルヴィンテージ1999トロ,165mm 1本,1,本,ﾎﾝｼﾞｭﾗｽ,2200,1500,2024-07-08,https://www.mof.go.jp/policy/tab_salt/topics/20240628_kouriteikahenkou_2.pdf,1,高
d3317c1ac76a3f59,2024-06-28,令和6年6月28日,変更認可,葉巻たばこ,ﾛｯｷｰﾊﾟﾃﾙ ｳﾞｨﾝﾃｰｼﾞ1999 ﾐﾆ,ロッキーパテルヴィンテージ1999ミニ,108mm 1本,1,本,ﾎﾝｼﾞｭﾗｽ,600,450,2024-07-08,https://www.mof.go.jp/policy/tab_salt/topics/20240628_kouriteikahenkou_2.pdf,1,高
e74441af3d339f1f,2024-06-28,令和6年6月28日,変更認可,葉巻たばこ,ﾛｯｷｰﾊﾟﾃﾙ ｳﾞｨﾝﾃｰｼﾞ1999 ﾛﾌﾞｽﾄ,ロッキーパテルヴィンテージ1999ロブスト,140mm 1本,1,本,ﾎﾝｼﾞｭﾗｽ,2000,1500,2024-07-08,https://www.mof.go.jp/policy/tab_salt/topics/20240628_kouriteikahenkou_2.pdf,1,高
e17eededac363026,2024-06-28,令和6年6月28日,変更認可,葉巻たばこ,ﾛｯｷｰﾊﾟﾃﾙ ｳﾞｨﾝﾃｰｼﾞ2003 ｼﾞｭﾆｱ,ロッキーパテルヴィンテージ2003ジュニア,102mm 1本,1,本,ﾎﾝｼﾞｭﾗｽ,950,620,2024-07-08,https://www.mof.go.jp/policy/tab_salt/topics/20240628_kouriteikahenkou_2.pdf,1,高
b47c6d3864ca1ada,2024-06-28,令和6年6月28日,変更認可,葉巻たばこ,ﾛｯｷｰﾊﾟﾃﾙ ｳﾞｨﾝﾃｰｼﾞ2003 ﾛﾌﾞｽﾄ,ロッキーパテルヴィンテージ2003ロブスト,140mm 1本,1,本,ﾎﾝｼﾞｭﾗｽ,2100,1600,2024-07-08,https://www.mof.go.jp/policy/tab_salt/topics/20240628_kouriteikahenkou_2.pdf,1,高
2a7e4ac5849bf890,2024-06-28,令和6年6月28日,変更認可,葉巻たばこ,ﾛｯｷｰﾊﾟﾃﾙ ｳﾞｨﾝﾃｰｼﾞ2006 ﾛﾌﾞｽﾄ,ロッキーパテルヴィンテージ2006ロブスト,140mm 1本,1,本,ﾆｶﾗｸﾞｱ,2000,1500,2024-07-08,https://www.mof.go.jp/policy/tab_salt/topics/20240628_kouriteikahenkou_2.pdf,1,高
f2330bb3cda6f075,2024-06-28,令和6年6月28日,変更認可,葉巻たばこ,ﾛｯｷｰﾊﾟﾃﾙ ｴｯｼﾞ A-10 ﾄﾛ,ロッキーパテルエッジA-10トロ,152mm 1本,1,本,ﾎﾝｼﾞｭﾗｽ,2500,2100,2024-07-08,https://www.mof.go.jp/policy/tab_salt/topics/20240628_kouriteikahenkou_2.pdf,1,高
3ca8160681dafa8c,2024-06-28,令和6年6月28日,変更認可,葉巻たばこ,ﾛｯｷｰﾊﾟﾃﾙ ｴｯｼﾞ ｺﾈﾁｶｯﾄ ﾄﾛ,ロッキーパテルエッジコネチカットトロ,152mm 1本,1,本,ﾎﾝｼﾞｭﾗｽ,2000,1350,2024-07-08,https://www.mof.go.jp/policy/tab_salt/topics/20240628_kouriteikahenkou_2.pdf,1,高
5b95d3807bb05629,2024-06-28,令和6年6月28日,変更認可,葉巻たばこ,ﾛｯｷｰﾊﾟﾃﾙ ｴｯｼﾞ ﾄﾛ ｶﾝﾃﾞﾗ,ロッキーパテルエッジトロカンデラ,152mm 1本,1,本,ﾎﾝｼﾞｭﾗｽ,2000,1450,2024-07-08,https://www.mof.go.jp/policy/tab_salt/topics/20240628_kouriteikahenkou_2.pdf,1,高
4a4a0dbce52e383f,2024-06-28,令和6年6月28日,変更認可,葉巻たばこ,ﾛｯｷｰﾊﾟﾃﾙ ｴｯｼﾞ ﾄﾛ ｺﾛﾎ,ロッキーパテルエッジトロコロホ,152mm 1本,1,本,ﾎﾝｼﾞｭﾗｽ,2000,1350,2024-07-08,https://www.mof.go.jp/policy/tab_salt/topics/20240628_kouriteikahenkou_2.pdf,1,高
a3d169db0cd8b101,2024-06-28,令和6年6月28日,変更認可,葉巻たばこ,ﾛｯｷｰﾊﾟﾃﾙ ｴｯｼﾞ ﾄﾛ ｽﾏﾄﾗ,ロッキーパテルエッジトロスマトラ,152mm 1本,1,本,ﾎﾝｼﾞｭﾗｽ,2000,1350,2024-07-08,https://www.mof.go.jp/policy/tab_salt/topics/20240628_kouriteikahenkou_2.pdf,1,高
11ba0235a9632540,2024-06-28,令和6年6月28日,変更認可,葉巻たばこ,ﾛｯｷｰﾊﾟﾃﾙ ｴｯｼﾞ ﾄﾛ ﾊﾊﾞﾉ,ロッキーパテルエッジトロハバノ,152mm 1本,1,本,ﾆｶﾗｸﾞｱ,2000,1350,2024-07-08,https://www.mof.go.jp/policy/tab_salt/topics/20240628_kouriteikahenkou_2.pdf,1,高
fa41b23878cc711d,2024-06-28,令和6年6月28日,変更認可,葉巻たばこ,ﾛｯｷｰﾊﾟﾃﾙ ｴｯｼﾞ ﾄﾛ ﾏﾃﾞｭｰﾛ,ロッキーパテルエッジトロマデューロ,152mm 1本,1,本,ﾎﾝｼﾞｭﾗｽ,2000,1350,2024-07-08,https://www.mof.go.jp/policy/tab_salt/topics/20240628_kouriteikahenkou_2.pdf,1,高
dd3135952636e90a,2024-06-28,令和6年6月28日,変更認可,葉巻たばこ,ﾛｯｷｰﾊﾟﾃﾙ ｸｫｰﾀｰｾﾝﾁｭﾘｰ ﾛﾌﾞｽﾄ,ロッキーパテルクォーターセンチュリーロブスト,140mm 1本,1,本,ﾆｶﾗｸﾞｱ,2600,1750,2024-07-08,https://www.mof.go.jp/policy/tab_salt/topics/20240628_kouriteikahenkou_2.pdf,1,高
ea4911572f938108,2024-06-28,令和6年6月28日,変更認可,葉巻たばこ,ﾛｯｷｰﾊﾟﾃﾙ ｻﾝｸﾞﾛｳﾝ ｼﾞｭﾆｱ,ロッキーパテルサングロウンジュニア,102mm 1本,1,本,ﾎﾝｼﾞｭﾗｽ,950,620,2024-07-08,https://www.mof.go.jp/policy/tab_salt/topics/20240628_kouriteikahenkou_2.pdf,1,高
1eaaa45355caae7c,2024-06-28,令和6年6月28日,変更認可,葉巻たばこ,ﾛｯｷｰﾊﾟﾃﾙ ｻﾝｸﾞﾛｳﾝ ﾏﾃﾞｭｰﾛ ﾗﾝｾﾛ,ロッキーパテルサングロウンマデューロランセロ,190mm 1本,1,本,ﾆｶﾗｸﾞｱ,2000,1400,2024-07-08,https://www.mof.go.jp/policy/tab_salt/topics/20240628_kouriteikahenkou_2.pdf,1,高
ce3565f7074f1fdd,2024-06-28,令和6年6月28日,変更認可,葉巻たばこ,ﾛｯｷｰﾊﾟﾃﾙ ﾃﾞｹｲﾄﾞ ﾍﾟﾃｨﾍﾞﾘｺｿ,ロッキーパテルデケイドペティベリコソ,114mm 1本,1,本,ﾎﾝｼﾞｭﾗｽ,1800,1680,2024-07-08,https://www.mof.go.jp/policy/tab_salt/topics/20240628_kouriteikahenkou_2.pdf,1,高
946510fc470d1382,2024-06-28,令和6年6月28日,変更認可,葉巻たばこ,ﾛｯｷｰﾊﾟﾃﾙ ﾃﾞｹｲﾄﾞ ﾛﾌﾞｽﾄ,ロッキーパテルデケイドロブスト,127mm 1本,1,本,ﾎﾝｼﾞｭﾗｽ,2400,1500,2024-07-08,https://www.mof.go.jp/policy/tab_salt/topics/20240628_kouriteikahenkou_2.pdf,1,高
7195bc9be4fdc534,2024-06-28,令和6年6月28日,変更認可,葉巻たばこ,ﾛｯｷｰﾊﾟﾃﾙ ﾃﾞｹｲﾄﾞ ﾛﾝｽﾞﾃﾞｰﾙ,ロッキーパテルデケイドロンズデール,165mm 1本,1,本,ﾎﾝｼﾞｭﾗｽ,2100,1400,2024-07-08,https://www.mof.go.jp/policy/tab_salt/topics/20240628_kouriteikahenkou_2.pdf,1,高
5641248c5e7c1e0b,2024-06-28,令和6年6月28日,変更認可,葉巻たばこ,ﾛｯｷｰﾊﾟﾃﾙ 55ｱﾆﾊﾞｰｻﾘｰ ｺﾛﾅ,ロッキーパテル55アニバーサリーコロナ,102mm 1本,1,本,ﾆｶﾗｸﾞｱ,2350,1500,2024-07-08,https://www.mof.go.jp/policy/tab_salt/topics/20240628_kouriteikahenkou_2.pdf,2,高
664c38f287abb7bf,2024-06-28,令和6年6月28日,変更認可,葉巻たばこ,ﾛｯｷｰﾊﾟﾃﾙ 55ｱﾆﾊﾞｰｻﾘｰ ﾄﾛ,ロッキーパテル55アニバーサリートロ,165mm 1本,1,本,ﾆｶﾗｸﾞｱ,2800,1850,2024-07-08,https://www.mof.go.jp/policy/tab_salt/topics/20240628_kouriteikahenkou_2.pdf,2,高
239b0d01105587b4,2024-06-28,令和6年6月28日,変更認可,葉巻たばこ,ﾛｯｷｰﾊﾟﾃﾙ 55ｱﾆﾊﾞｰｻﾘｰ ﾛﾌﾞｽﾄ,ロッキーパテル55アニバーサリーロブスト,140mm 1本,1,本,ﾆｶﾗｸﾞｱ,2600,1750,2024-07-08,https://www.mof.go.jp/policy/tab_salt/topics/20240628_kouriteikahenkou_2.pdf,2,高
aa2a887e457f8afc,2024-06-28,令和6年6月28日,変更認可,葉巻たばこ,ﾛｯｷｰﾊﾟﾃﾙ A.L.R. 2nd. ﾛﾌﾞｽﾄ,ロッキーパテルA.L.R.2ND.ロブスト,139mm 1本,1,本,ﾆｶﾗｸﾞｱ,3450,1900,2024-07-08,https://www.mof.go.jp/policy/tab_salt/topics/20240628_kouriteikahenkou_2.pdf,2,高
27cb187c725831fb,2024-06-28,令和6年6月28日,変更認可,葉巻たばこ,ﾛｯｷｰﾊﾟﾃﾙ CSWC ﾏﾚｰﾊﾞ,ロッキーパテルCSWCマレーバ,129mm 1本,1,本,ﾎﾝｼﾞｭﾗｽ,1800,1300,2024-07-08,https://www.mof.go.jp/policy/tab_salt/topics/20240628_kouriteikahenkou_2.pdf,2,高
013bd138fa2f0179,2024-06-28,令和6年6月28日,変更認可,葉巻たばこ,ﾛｯｷｰﾊﾟﾃﾙ LB1 ｺﾛﾅ,ロッキーパテルLB1コロナ,152mm 1本,1,本,ﾎﾝｼﾞｭﾗｽ,2000,1500,2024-07-08,https://www.mof.go.jp/policy/tab_salt/topics/20240628_kouriteikahenkou_2.pdf,2,高
82dfafcc2befb59b,2024-06-28,令和6年6月28日,変更認可,葉巻たばこ,ﾛｯｷｰﾊﾟﾃﾙ LB1 ﾛﾌﾞｽﾄ,ロッキーパテルLB1ロブスト,140mm 1本,1,本,ﾎﾝｼﾞｭﾗｽ,2400,1700,2024-07-08,https://www.mof.go.jp/policy/tab_salt/topics/20240628_kouriteikahenkou_2.pdf,2,高
f003b04ca9754bb5,2024-06-28,令和6年6月28日,変更認可,葉巻たばこ,ﾛｯｷｰﾊﾟﾃﾙ ｳｨﾝﾀｰｺﾚｸｼｮﾝ 2020 ｺﾛﾅ,ロッキーパテルウィンターコレクション2020コロナ,140mm 1本,1,本,ﾆｶﾗｸﾞｱ,2100,1650,2024-07-08,https://www.mof.go.jp/policy/tab_salt/topics/20240628_kouriteikahenkou_2.pdf,2,高
28cc7f60e55110c5,2024-06-28,令和6年6月28日,変更認可,葉巻たばこ,ﾛｯｷｰﾊﾟﾃﾙ ｳｨﾝﾀｰｺﾚｸｼｮﾝ 2020 ﾛﾌﾞｽﾄ,ロッキーパテルウィンターコレクション2020ロブスト,140mm 1本,1,本,ﾆｶﾗｸﾞｱ,2400,1750,2024-07-08,https://www.mof.go.jp/policy/tab_salt/topics/20240628_kouriteikahenkou_2.pdf,2,高
1d4efd03fce9d5a5,2024-06-28,令和6年6月28日,変更認可,葉巻たばこ,ﾛｯｷｰﾊﾟﾃﾙ ｵｰﾙﾄﾞﾜｰﾙﾄﾞﾘｾﾞﾙｳﾞ ｺﾛﾎ ﾄﾛ,ロッキーパテルオールドワールドリゼルヴコロホトロ,165mm 1本,1,本,ﾆｶﾗｸﾞｱ,2500,1680,2024-07-08,https://www.mof.go.jp/policy/tab_salt/topics/20240628_kouriteikahenkou_2.pdf,2,高
fd4b935a425b7092,2024-06-28,令和6年6月28日,変更認可,葉巻たばこ,ﾛｯｷｰﾊﾟﾃﾙ ｵｰﾙﾄﾞﾜｰﾙﾄﾞﾘｾﾞﾙｳﾞ ﾏﾃﾞｭｰﾛ ﾄﾛ,ロッキーパテルオールドワールドリゼルヴマデューロトロ,165mm 1本,1,本,ﾆｶﾗｸﾞｱ,2500,1680,2024-07-08,https://www.mof.go.jp/policy/tab_salt/topics/20240628_kouriteikahenkou_2.pdf,2,高
15230d77ba3fdbed,2024-06-28,令和6年6月28日,変更認可,葉巻たばこ,ﾛｯｷｰﾊﾟﾃﾙ ｵｰﾙﾄﾞﾜｰﾙﾄﾞﾘｾﾞﾙｳﾞ ﾏﾃﾞｭｰﾛ ﾛﾌﾞｽﾄ,ロッキーパテルオールドワールドリゼルヴマデューロロブスト,140mm 1本,1,本,ﾆｶﾗｸﾞｱ,2350,1550,2024-07-08,https://www.mof.go.jp/policy/tab_salt/topics/20240628_kouriteikahenkou_2.pdf,2,高
ef3fe6e00139f067,2024-06-28,令和6年6月28日,変更認可,葉巻たばこ,ﾛｯｷｰﾊﾟﾃﾙ ｸｫｰﾀｰｾﾝﾁｭﾘｰ ｼｸｽﾃｨ,ロッキーパテルクォーターセンチュリーシクスティ,152mm 1本,1,本,ﾆｶﾗｸﾞｱ,3200,2300,2024-07-08,https://www.mof.go.jp/policy/tab_salt/topics/20240628_kouriteikahenkou_2.pdf,2,高
16ef175e3fad1dc2,2024-06-28,令和6年6月28日,変更認可,葉巻たばこ,ﾛｯｷｰﾊﾟﾃﾙ ｸｫｰﾀｰｾﾝﾁｭﾘｰ ﾄﾛ,ロッキーパテルクォーターセンチュリートロ,165mm 1本,1,本,ﾆｶﾗｸﾞｱ,2800,1900,2024-07-08,https://www.mof.go.jp/policy/tab_salt/topics/20240628_kouriteikahenkou_2.pdf,2,高
10ac30bcb22be6bc,2024-06-28,令和6年6月28日,変更認可,葉巻たばこ,ﾛｯｷｰﾊﾟﾃﾙ ｸﾞﾗﾝﾘｾﾞﾙｳﾞｧ ｼｯｸｽﾃｨ,ロッキーパテルグランリゼルヴァシックスティ,152mm 1本,1,本,ﾆｶﾗｸﾞｱ,3300,2200,2024-07-08,https://www.mof.go.jp/policy/tab_salt/topics/20240628_kouriteikahenkou_2.pdf,2,高
71bf6cb3cd99f7e6,2024-06-28,令和6年6月28日,変更認可,葉巻たばこ,ﾛｯｷｰﾊﾟﾃﾙ ｸﾞﾗﾝﾘｾﾞﾙｳﾞｧ ﾄﾛ,ロッキーパテルグランリゼルヴァトロ,152mm 1本,1,本,ﾆｶﾗｸﾞｱ,2800,1800,2024-07-08,https://www.mof.go.jp/policy/tab_salt/topics/20240628_kouriteikahenkou_2.pdf,2,高
9d63659a72f4c769,2024-06-28,令和6年6月28日,変更認可,葉巻たばこ,ﾛｯｷｰﾊﾟﾃﾙ ｸﾞﾗﾝﾘｾﾞﾙｳﾞｧ ﾛﾌﾞｽﾄ,ロッキーパテルグランリゼルヴァロブスト,140mm 1本,1,本,ﾎﾝｼﾞｭﾗｽ,2600,1500,2024-07-08,https://www.mof.go.jp/policy/tab_salt/topics/20240628_kouriteikahenkou_2.pdf,2,高
aee9e9693cbe38ba,2024-06-28,令和6年6月28日,変更認可,葉巻たばこ,ﾛｯｷｰﾊﾟﾃﾙ ｻﾝｸﾞﾛｳﾝ ﾏﾃﾞｭｰﾛ ﾄﾛ,ロッキーパテルサングロウンマデューロトロ,165mm 1本,1,本,ﾆｶﾗｸﾞｱ,2750,1900,2024-07-08,https://www.mof.go.jp/policy/tab_salt/topics/20240628_kouriteikahenkou_2.pdf,2,高
65782e48d576a3ef,2024-06-28,令和6年6月28日,変更認可,葉巻たばこ,ﾛｯｷｰﾊﾟﾃﾙ ｻﾝｸﾞﾛｳﾝ ﾏﾃﾞｭｰﾛ ﾛﾌﾞｽﾄ,ロッキーパテルサングロウンマデューロロブスト,127mm 1本,1,本,ﾆｶﾗｸﾞｱ,2500,1600,2024-07-08,https://www.mof.go.jp/policy/tab_salt/topics/20240628_kouriteikahenkou_2.pdf,2,高
cb6881fe01efd37b,2024-06-28,令和6年6月28日,変更認可,葉巻たばこ,ﾛｯｷｰﾊﾟﾃﾙ ｼｸｽﾃｨ ｼｸｽﾃｨ,ロッキーパテルシクスティシクスティ,152mm 1本,1,本,ﾆｶﾗｸﾞｱ,4800,3600,2024-07-08,https://www.mof.go.jp/policy/tab_salt/topics/20240628_kouriteikahenkou_2.pdf,2,高
30c65f2534042527,2024-06-28,令和6年6月28日,変更認可,葉巻たばこ,ﾛｯｷｰﾊﾟﾃﾙ ｼｸｽﾃｨ ﾄﾛ,ロッキーパテルシクスティトロ,165mm 1本,1,本,ﾆｶﾗｸﾞｱ,4600,3300,2024-07-08,https://www.mof.go.jp/policy/tab_salt/topics/20240628_kouriteikahenkou_2.pdf,2,高
b5ca766be7affee2,2024-06-28,令和6年6月28日,変更認可,葉巻たばこ,ﾛｯｷｰﾊﾟﾃﾙ ｼｸｽﾃｨ ﾛﾌﾞｽﾄ,ロッキーパテルシクスティロブスト,140mm 1本,1,本,ﾆｶﾗｸﾞｱ,4000,3000,2024-07-08,https://www.mof.go.jp/policy/tab_salt/topics/20240628_kouriteikahenkou_2.pdf,2,高
5fe272a71835cb9c,2024-06-28,令和6年6月28日,変更認可,葉巻たばこ,ﾛｯｷｰﾊﾟﾃﾙ ｽﾍﾟｼｬﾙｴﾃﾞｨｼｮﾝ ｺﾛﾅｺﾞﾙﾀﾞ,ロッキーパテルスペシャルエディションコロナゴルダ,143mm 1本,1,本,ﾆｶﾗｸﾞｱ,2300,1350,2024-07-08,https://www.mof.go.jp/policy/tab_salt/topics/20240628_kouriteikahenkou_2.pdf,2,高
60490064bc54e5e6,2024-06-28,令和6年6月28日,変更認可,葉巻たばこ,ﾛｯｷｰﾊﾟﾃﾙ ｽﾍﾟｼｬﾙｴﾃﾞｨｼｮﾝ ﾛﾌﾞｽﾄ,ロッキーパテルスペシャルエディションロブスト,140mm 1本,1,本,ﾆｶﾗｸﾞｱ,2500,1600,2024-07-08,https://www.mof.go.jp/policy/tab_salt/topics/20240628_kouriteikahenkou_2.pdf,2,高
a9045e72da29c9c7,2024-06-28,令和6年6月28日,変更認可,葉巻たばこ,ﾛｯｷｰﾊﾟﾃﾙ ﾃﾞｨｻｲﾌﾟﾙ ｼｸｽﾃｨ,ロッキーパテルディサイプルシクスティ,152mm 1本,1,本,ﾆｶﾗｸﾞｱ,3500,3150,2024-07-08,https://www.mof.go.jp/policy/tab_salt/topics/20240628_kouriteikahenkou_2.pdf,2,高
4f17e11d81783d6f,2024-06-28,令和6年6月28日,変更認可,葉巻たばこ,ﾛｯｷｰﾊﾟﾃﾙ ﾃﾞｨｻｲﾌﾟﾙ ﾄﾛ,ロッキーパテルディサイプルトロ,152mm 1本,1,本,ﾆｶﾗｸﾞｱ,3100,2700,2024-07-08,https://www.mof.go.jp/policy/tab_salt/topics/20240628_kouriteikahenkou_2.pdf,2,高
ac3e50f7da14b972,2024-06-28,令和6年6月28日,変更認可,葉巻たばこ,ﾛｯｷｰﾊﾟﾃﾙ ﾃﾞｨｻｲﾌﾟﾙ ﾛﾌﾞｽﾄ,ロッキーパテルディサイプルロブスト,127mm 1本,1,本,ﾆｶﾗｸﾞｱ,2700,2100,2024-07-08,https://www.mof.go.jp/policy/tab_salt/topics/20240628_kouriteikahenkou_2.pdf,2,高
1e2b0f3dfe41b3a9,2024-06-28,令和6年6月28日,変更認可,葉巻たばこ,ﾛｯｷｰﾊﾟﾃﾙ ﾅﾝﾊﾞｰ6 ｺﾛﾅ,ロッキーパテルナンバー6コロナ,152mm 1本,1,本,ﾎﾝｼﾞｭﾗｽ,2200,1600,2024-07-08,https://www.mof.go.jp/policy/tab_salt/topics/20240628_kouriteikahenkou_2.pdf,2,高
d7d1adbd6ea91c8e,2024-06-28,令和6年6月28日,変更認可,葉巻たばこ,ﾛｯｷｰﾊﾟﾃﾙ ﾅﾝﾊﾞｰ6 ﾛﾌﾞｽﾄ,ロッキーパテルナンバー6ロブスト,140mm 1本,1,本,ﾎﾝｼﾞｭﾗｽ,2400,1750,2024-07-08,https://www.mof.go.jp/policy/tab_salt/topics/20240628_kouriteikahenkou_2.pdf,2,高
1634449e2d5247f5,2024-06-28,令和6年6月28日,変更認可,葉巻たばこ,ﾛｯｷｰﾊﾟﾃﾙ ﾎﾜｲﾄﾗﾍﾞﾙ ﾄﾛ,ロッキーパテルホワイトラベルトロ,165mm 1本,1,本,ﾆｶﾗｸﾞｱ,4600,3800,2024-07-08,https://www.mof.go.jp/policy/tab_salt/topics/20240628_kouriteikahenkou_2.pdf,2,高
f76ab9b3574897a5,2024-06-28,令和6年6月28日,変更認可,葉巻たばこ,ﾛｯｷｰﾊﾟﾃﾙ ﾎﾜｲﾄﾗﾍﾞﾙ ﾛﾌﾞｽﾄ,ロッキーパテルホワイトラベルロブスト,127mm 1本,1,本,ﾆｶﾗｸﾞｱ,4200,3400,2024-07-08,https://www.mof.go.jp/policy/tab_salt/topics/20240628_kouriteikahenkou_2.pdf,2,高
e94dca05ecf3ee12,2024-06-28,令和6年6月28日,変更認可,葉巻たばこ,ﾛｯｷｰﾊﾟﾃﾙ ﾛｲﾔﾙ ｺﾛﾅ,ロッキーパテルロイヤルコロナ,133mm 1本,1,本,ﾆｶﾗｸﾞｱ,1800,1300,2024-07-08,https://www.mof.go.jp/policy/tab_salt/topics/20240628_kouriteikahenkou_2.pdf,2,高
e7d22caebbe3d3df,2024-06-28,令和6年6月28日,変更認可,葉巻たばこ,ﾛｯｷｰﾊﾟﾃﾙ ﾛｲﾔﾙ ﾄﾛ,ロッキーパテルロイヤルトロ,165mm 1本,1,本,ﾆｶﾗｸﾞｱ,2400,1750,2024-07-08,https://www.mof.go.jp/policy/tab_salt/topics/20240628_kouriteikahenkou_2.pdf,2,高
7f3d201e1bc4e8c9,2024-06-28,令和6年6月28日,変更認可,葉巻たばこ,ﾛｯｷｰﾊﾟﾃﾙ ﾛｲﾔﾙ ﾛﾌﾞｽﾄ,ロッキーパテルロイヤルロブスト,127mm 1本,1,本,ﾆｶﾗｸﾞｱ,2200,1500,2024-07-08,https://www.mof.go.jp/policy/tab_salt/topics/20240628_kouriteikahenkou_2.pdf,2,高
b7574866169f9695,2024-06-28,令和6年6月28日,変更認可,葉巻たばこ,ﾓﾝﾃﾊﾟｽｸｱﾙ ｲﾝﾍﾟﾗﾄﾞｰﾙ,モンテパスクアルインペラドール,150mm 1本,1,本,ﾌﾞﾗｼﾞﾙ,3000,1830,2024-07-08,https://www.mof.go.jp/policy/tab_salt/topics/20240628_kouriteikahenkou_2.pdf,3,高
91114a30b4960777,2024-06-28,令和6年6月28日,変更認可,葉巻たばこ,ﾛｯｷｰﾊﾟﾃﾙ TAVICUSA ﾛﾌﾞｽﾄ,ロッキーパテルTAVICUSAロブスト,140mm 1本,1,本,ﾆｶﾗｸﾞｱ,2400,1650,2024-07-08,https://www.mof.go.jp/policy/tab_salt/topics/20240628_kouriteikahenkou_2.pdf,3,高
596d231b95443056,2024-06-28,令和6年6月28日,変更認可,葉巻たばこ,ﾛｯｷｰﾊﾟﾃﾙ ｴﾃﾞｨｼｵﾝ ｳﾆｶ ﾄﾛ,ロッキーパテルエディシオンウニカトロ,152mm 1本,1,本,ﾎﾝｼﾞｭﾗｽ,2000,1600,2024-07-08,https://www.mof.go.jp/policy/tab_salt/topics/20240628_kouriteikahenkou_2.pdf,3,高
6f84b0f66fbfdf6e,2024-06-28,令和6年6月28日,変更認可,葉巻たばこ,ﾛｯｷｰﾊﾟﾃﾙ ﾉﾙﾃﾞｨﾝ ﾄﾛ,ロッキーパテルノルディントロ,165mm 1本,1,本,ﾎﾝｼﾞｭﾗｽ,2100,1750,2024-07-08,https://www.mof.go.jp/policy/tab_salt/topics/20240628_kouriteikahenkou_2.pdf,3,高
e9e5b5b3802fdb33,2024-06-28,令和6年6月28日,変更認可,葉巻たばこ,ﾛｯｷｰﾊﾟﾃﾙ ﾉﾙﾃﾞｨﾝ ﾛﾌﾞｽﾄ,ロッキーパテルノルディンロブスト,140mm 1本,1,本,ﾎﾝｼﾞｭﾗｽ,1900,1500,2024-07-08,https://www.mof.go.jp/policy/tab_salt/topics/20240628_kouriteikahenkou_2.pdf,3,高
67c6cafc528ff1b7,2024-06-28,令和6年6月28日,変更認可,葉巻たばこ,ﾛｯｷｰﾊﾟﾃﾙ ﾊﾑﾚｯﾄ 2020 ｺﾞﾙﾄﾞ,ロッキーパテルハムレット2020ゴルド,152mm 1本,1,本,ﾆｶﾗｸﾞｱ,2660,2050,2024-07-08,https://www.mof.go.jp/policy/tab_salt/topics/20240628_kouriteikahenkou_2.pdf,3,高
cefd756c78008bb4,2024-06-28,令和6年6月28日,変更認可,葉巻たばこ,ﾛｯｷｰﾊﾟﾃﾙ ﾊﾑﾚｯﾄ 2020 ﾄﾛ,ロッキーパテルハムレット2020トロ,165mm 1本,1,本,ﾆｶﾗｸﾞｱ,2340,1850,2024-07-08,https://www.mof.go.jp/policy/tab_salt/topics/20240628_kouriteikahenkou_2.pdf,3,高
1cff4a70313919b1,2024-06-28,令和6年6月28日,変更認可,葉巻たばこ,ﾛｯｷｰﾊﾟﾃﾙ ﾊﾑﾚｯﾄ 2020 ﾛﾌﾞｽﾄ,ロッキーパテルハムレット2020ロブスト,140mm 1本,1,本,ﾆｶﾗｸﾞｱ,2080,1650,2024-07-08,https://www.mof.go.jp/policy/tab_salt/topics/20240628_kouriteikahenkou_2.pdf,3,高
13cc6fdb09334125,2024-06-28,令和6年6月28日,変更認可,葉巻たばこ,ﾛｯｷｰﾊﾟﾃﾙ ﾊﾑﾚｯﾄ ﾘﾍﾞﾚｰｼｮﾝ ｺﾛﾅｺﾞﾙﾀﾞ,ロッキーパテルハムレットリベレーションコロナゴルダ,143mm 1本,1,本,ﾆｶﾗｸﾞｱ,1900,1550,2024-07-08,https://www.mof.go.jp/policy/tab_salt/topics/20240628_kouriteikahenkou_2.pdf,3,高
b55b054e0d1f2d27,2024-06-28,令和6年6月28日,変更認可,葉巻たばこ,ﾛｯｷｰﾊﾟﾃﾙ ﾊﾑﾚｯﾄ ﾘﾍﾞﾚｰｼｮﾝ ﾄﾛ,ロッキーパテルハムレットリベレーショントロ,165mm 1本,1,本,ﾆｶﾗｸﾞｱ,2800,2200,2024-07-08,https://www.mof.go.jp/policy/tab_salt/topics/20240628_kouriteikahenkou_2.pdf,3,高
2fae0db467bd9ba2,2024-06-28,令和6年6月28日,変更認可,葉巻たばこ,ﾛｯｷｰﾊﾟﾃﾙ ﾊﾑﾚｯﾄ ﾘﾍﾞﾚｰｼｮﾝ ﾛﾌﾞｽﾄ,ロッキーパテルハムレットリベレーションロブスト,127mm 1本,1,本,ﾆｶﾗｸﾞｱ,2000,1700,2024-07-08,https://www.mof.go.jp/policy/tab_salt/topics/20240628_kouriteikahenkou_2.pdf,3,高
c93a3f6d244142d5,2024-06-28,令和6年6月28日,変更認可,葉巻たばこ,ﾛｯｷｰﾊﾟﾃﾙ ﾊﾑﾚｯﾄ25周年ﾄﾛ,ロッキーパテルハムレット25周年トロ,165mm 1本,1,本,ﾆｶﾗｸﾞｱ,2160,1800,2024-07-08,https://www.mof.go.jp/policy/tab_salt/topics/20240628_kouriteikahenkou_2.pdf,3,高
bb8d545e15b23175,2024-06-28,令和6年6月28日,変更認可,葉巻たばこ,ﾛｯｷｰﾊﾟﾃﾙ ﾊﾑﾚｯﾄ25周年ﾛﾌﾞｽﾄ,ロッキーパテルハムレット25周年ロブスト,140mm 1本,1,本,ﾆｶﾗｸﾞｱ,1960,1550,2024-07-08,https://www.mof.go.jp/policy/tab_salt/topics/20240628_kouriteikahenkou_2.pdf,3,高
89f07f3105944ccb,2024-06-28,令和6年6月28日,変更認可,葉巻たばこ,ﾛｯｷｰﾊﾟﾃﾙ ﾎﾜｲﾄﾗﾍﾞﾙ ｼｸｽﾃｨ,ロッキーパテルホワイトラベルシクスティ,152mm 1本,1,本,ﾆｶﾗｸﾞｱ,4900,4000,2024-07-08,https://www.mof.go.jp/policy/tab_salt/topics/20240628_kouriteikahenkou_2.pdf,3,高
0e9d913fa8aaa118,2024-06-28,令和6年6月28日,変更認可,葉巻たばこ,ﾛｯｷｰﾊﾟﾃﾙ ﾎﾜｲﾄﾗﾍﾞﾙ ﾁｬｰﾁﾙ,ロッキーパテルホワイトラベルチャーチル,178mm 1本,1,本,ﾆｶﾗｸﾞｱ,4500,3700,2024-07-08,https://www.mof.go.jp/policy/tab_salt/topics/20240628_kouriteikahenkou_2.pdf,3,高
f3247b322eff31d4,2024-06-27,令和6年6月27日,変更認可,加熱式たばこ,ｷｬﾒﾙ･ﾘｯﾁ･ﾌﾟﾙｰﾑ･ｴｯｸｽ･ﾌﾟﾙｰﾑ･ｴｽ用,キャメルリッチプルームエックスプルームエス用,5.2g20本,5.2,g,ﾎﾟｰﾗﾝﾄﾞ,500,,,https://www.mof.go.jp/policy/tab_salt/topics/20240627_kouriteika.pdf,1,高
96b0a5972eeae6d7,2024-06-27,令和6年6月27日,変更認可,加熱式たばこ,ﾒﾋﾞｳｽ･ｱﾛﾏﾘｯﾁ･ﾚｷﾞｭﾗｰ･ﾌﾟﾙｰﾑ･ｴｯｸｽ用,メビウスアロマリッチレギュラープルームエックス用,5.0g20本,5,g,ﾎﾟｰﾗﾝﾄﾞ,500,,,https://www.mof.go.jp/policy/tab_salt/topics/20240627_kouriteika.pdf,1,高
dc134d5bb71685ff,2024-06-27,令和6年6月27日,変更認可,加熱式たばこ,ﾒﾋﾞｳｽ･ﾃﾞｨｰﾌﾟ･ﾚｷﾞｭﾗｰ･ﾌﾟﾙｰﾑ･ｴｯｸｽ用,メビウスディープレギュラープルームエックス用,5.0g20本,5,g,ﾎﾟｰﾗﾝﾄﾞ,500,,,https://www.mof.go.jp/policy/tab_salt/topics/20240627_kouriteika.pdf,1,高
e6333f49b7b1f420,2024-06-27,令和6年6月27日,変更認可,かぎたばこ,ﾙｰｼｰ･ｱｯﾌﾟﾙｱｲｽ,ルーシーアップルアイス,ﾌﾟﾗｽﾁｯｸｹｰｽ5.0g,5,g,ｲﾝﾄﾞﾈｼｱ,450,,,https://www.mof.go.jp/policy/tab_salt/topics/20240627_kouriteika.pdf,1,高
f066378cda06aa5e,2024-06-27,令和6年6月27日,変更認可,かぎたばこ,ﾙｰｼｰ･ﾏﾝｺﾞｰ,ルーシーマンゴー,ﾌﾟﾗｽﾁｯｸｹｰｽ5.0g,5,g,ｲﾝﾄﾞﾈｼｱ,450,,,https://www.mof.go.jp/policy/tab_salt/topics/20240627_kouriteika.pdf,1,高
98b3d9e7991fd344,2024-06-27,令和6年6月27日,変更認可,かぎたばこ,ﾙｰｼｰ･ﾐﾝﾄ,ルーシーミント,ﾌﾟﾗｽﾁｯｸｹｰｽ5.0g,5,g,ｲﾝﾄﾞﾈｼｱ,450,,,https://www.mof.go.jp/policy/tab_salt/topics/20240627_kouriteika.pdf,1,高
61a8fba9fcbabbc6,2024-06-21,令和6年6月21日,変更認可,パイプたばこ,DEBAJ ICE MANGO,DEBAJICEMANGO,50.0g箱,50,g,ｱﾗﾌﾞ首長国連邦,1650,,,https://www.mof.go.jp/policy/tab_salt/topics/20240621_kouriteika.pdf,1,高
40860a951169c2bc,2024-06-21,令和6年6月21日,変更認可,パイプたばこ,LIRRA CARDAMOM,LIRRACARDAMOM,50.0g箱,50,g,ﾄﾙｺ,1650,,,https://www.mof.go.jp/policy/tab_salt/topics/20240621_kouriteika.pdf,1,高
df461b690184167f,2024-06-21,令和6年6月21日,変更認可,パイプたばこ,LIRRA EVENING JASMINE,LIRRAEVENINGJASMINE,50.0g箱,50,g,ﾄﾙｺ,1650,,,https://www.mof.go.jp/policy/tab_salt/topics/20240621_kouriteika.pdf,1,高
e0e10610f47bfa8e,2024-06-21,令和6年6月21日,変更認可,パイプたばこ,LIRRA GINGER,LIRRAGINGER,50.0g箱,50,g,ﾄﾙｺ,1650,,,https://www.mof.go.jp/policy/tab_salt/topics/20240621_kouriteika.pdf,1,高
35c9891f1ad3fd27,2024-06-21,令和6年6月21日,変更認可,パイプたばこ,LIRRA LEMON GRASS,LIRRALEMONGRASS,50.0g箱,50,g,ﾄﾙｺ,1650,,,https://www.mof.go.jp/policy/tab_salt/topics/20240621_kouriteika.pdf,1,高
f955ec6a47e1455d,2024-06-21,令和6年6月21日,変更認可,パイプたばこ,LIRRA SAKURA MOCHI,LIRRASAKURAMOCHI,50.0g箱,50,g,ﾄﾙｺ,1650,,,https://www.mof.go.jp/policy/tab_salt/topics/20240621_kouriteika.pdf,1,高
a9d3cecf01666576,2024-06-21,令和6年6月21日,変更認可,パイプたばこ,LIRRA THE MEISTER,LIRRATHEMEISTER,50.0g箱,50,g,ﾄﾙｺ,1650,,,https://www.mof.go.jp/policy/tab_salt/topics/20240621_kouriteika.pdf,1,高
606b34250c8bef54,2024-06-21,令和6年6月21日,変更認可,パイプたばこ,LIRRA WHITE MUSK,LIRRAWHITEMUSK,50.0g箱,50,g,ﾄﾙｺ,1650,,,https://www.mof.go.jp/policy/tab_salt/topics/20240621_kouriteika.pdf,1,高
e4a78e258b1216de,2024-06-21,令和6年6月21日,変更認可,葉巻たばこ,Prosperous B56,PROSPEROUSB56,165mm 1本,1,本,ｱﾒﾘｶ合衆国,9400,,,https://www.mof.go.jp/policy/tab_salt/topics/20240621_kouriteika.pdf,1,高
9ea62c1228afbef9,2024-06-21,令和6年6月21日,変更認可,葉巻たばこ,Prosperous Canonazo,PROSPEROUSCANONAZO,150mm 1本,1,本,ｱﾒﾘｶ合衆国,8800,,,https://www.mof.go.jp/policy/tab_salt/topics/20240621_kouriteika.pdf,1,高
612b79ce96b12e14,2024-06-21,令和6年6月21日,変更認可,葉巻たばこ,Prosperous Pyramids,PROSPEROUSPYRAMIDS,160mm 1本,1,本,ｱﾒﾘｶ合衆国,8800,,,https://www.mof.go.jp/policy/tab_salt/topics/20240621_kouriteika.pdf,1,高
656eb4958e5f43d8,2024-06-21,令和6年6月21日,変更認可,葉巻たばこ,Prosperous Robusto,PROSPEROUSROBUSTO,130mm 1本,1,本,ｱﾒﾘｶ合衆国,7700,,,https://www.mof.go.jp/policy/tab_salt/topics/20240621_kouriteika.pdf,1,高
a33794b9473bfdb2,2024-06-21,令和6年6月21日,変更認可,加熱式たばこ,ｷｬﾒﾙ･ﾒﾝｿｰﾙ･ﾏｽｶｯﾄｸﾞﾘｰﾝ･ﾌﾟﾙｰﾑ･ｴｯｸｽ･ﾌﾟﾙｰﾑ･ｴｽ用,キャメルメンソールマスカットグリーンプルームエックスプルームエス用,5.4g20本,5.4,g,ﾎﾟｰﾗﾝﾄﾞ,500,,,https://www.mof.go.jp/policy/tab_salt/topics/20240621_kouriteika.pdf,1,高
bc1f607458cff9a1,2024-06-21,令和6年6月21日,変更認可,葉巻たばこ,ｺｲｰﾊﾞ･ｼｮｰﾄ ﾄﾞﾗｺﾞﾝ 2024ED,コイーバショートドラゴン2024ED,82mm 88本,88,本,ｷｭｰﾊﾞ,49500,,,https://www.mof.go.jp/policy/tab_salt/topics/20240621_kouriteika.pdf,1,高
dae7f55ec9826856,2024-06-21,令和6年6月21日,変更認可,葉巻たばこ,ｺｲｰﾊﾞ･ﾜｲﾄﾞ ｼｮｰﾄ,コイーバワイドショート,100mm 1本,1,本,ｷｭｰﾊﾞ,880,,,https://www.mof.go.jp/policy/tab_salt/topics/20240621_kouriteika.pdf,1,高
7462e37002b2c35d,2024-06-21,令和6年6月21日,変更認可,加熱式たばこ,ﾒﾋﾞｳｽ･ｽﾑｰｽ･ﾚｷﾞｭﾗｰ･ﾌﾟﾙｰﾑ･ｴｯｸｽ用,メビウススムースレギュラープルームエックス用,5.0g20本,5,g,ﾎﾟｰﾗﾝﾄﾞ,500,,,https://www.mof.go.jp/policy/tab_salt/topics/20240621_kouriteika.pdf,1,高
4aeaabe26cddfd97,2024-06-18,令和6年6月18日,変更認可,紙巻たばこ,ｴｺｰ･KS,エコーKS,FK 20本ｿﾌﾄﾊﾟｯｸ,20,本,日本,500,,,https://www.mof.go.jp/policy/tab_salt/topics/20240618_kouriteika.pdf,1,高
7c7bdd57e7d56a9f,2024-06-18,令和6年6月18日,変更認可,紙巻たばこ,わかば･KS,わかばKS,FK 20本ｿﾌﾄﾊﾟｯｸ,20,本,日本,500,,,https://www.mof.go.jp/policy/tab_salt/topics/20240618_kouriteika.pdf,1,高
b57fe8dcd1e821dc,2024-06-18,令和6年6月18日,変更認可,葉巻たばこ,ｱｳﾞｫ ｼﾝｸﾛ ﾆｶﾗｸﾞｱ ﾌｫｶﾞｯﾀ ｽﾍﾟｼｬﾙﾄﾛ,アヴォシンクロニカラグアフォガッタスペシャルトロ,152mm 1本,1,本,ﾄﾞﾐﾆｶ共和国,3600,3340,2024-07-01,https://www.mof.go.jp/policy/tab_salt/topics/20240618_kouriteikahenkou_2.pdf,1,高
329b6f59cb588682,2024-06-18,令和6年6月18日,変更認可,葉巻たばこ,ｱｳﾞｫ ｼﾝｸﾛ ﾆｶﾗｸﾞｱ ﾌｫｶﾞｯﾀ ﾄﾛ,アヴォシンクロニカラグアフォガッタトロ,152mm 1本,1,本,ﾄﾞﾐﾆｶ共和国,3200,2930,2024-07-01,https://www.mof.go.jp/policy/tab_salt/topics/20240618_kouriteikahenkou_2.pdf,1,高
e36518ed0073cc6e,2024-06-18,令和6年6月18日,変更認可,葉巻たばこ,ｱｳﾞｫ ｼﾝｸﾛ ﾆｶﾗｸﾞｱ ﾌｫｶﾞｯﾀ ﾄﾛ ﾁｭﾎﾞｽ,アヴォシンクロニカラグアフォガッタトロチュボス,152mm 1本,1,本,ﾄﾞﾐﾆｶ共和国,3300,3030,2024-07-01,https://www.mof.go.jp/policy/tab_salt/topics/20240618_kouriteikahenkou_2.pdf,1,高
40f9d533260bf8c5,2024-06-18,令和6年6月18日,変更認可,葉巻たばこ,ｱｳﾞｫ ｼﾝｸﾛ ﾆｶﾗｸﾞｱ ﾌｫｶﾞｯﾀ ﾛﾌﾞｽﾄ,アヴォシンクロニカラグアフォガッタロブスト,127mm 1本,1,本,ﾄﾞﾐﾆｶ共和国,2600,2390,2024-07-01,https://www.mof.go.jp/policy/tab_salt/topics/20240618_kouriteikahenkou_2.pdf,1,高
e4e76a59819aa5a2,2024-06-18,令和6年6月18日,変更認可,葉巻たばこ,ｶﾏｰﾁｮ ｴｸｱﾄﾞﾙ ｺﾞﾙﾄﾞ,カマーチョエクアドルゴルド,152mm 1本,1,本,ﾎﾝｼﾞｭﾗｽ,3000,2700,2024-07-01,https://www.mof.go.jp/policy/tab_salt/topics/20240618_kouriteikahenkou_2.pdf,1,高
58747f72a4d88444,2024-06-18,令和6年6月18日,変更認可,葉巻たばこ,ｶﾏｰﾁｮ ｴｸｱﾄﾞﾙ ﾄﾛ,カマーチョエクアドルトロ,152mm 1本,1,本,ﾎﾝｼﾞｭﾗｽ,2400,2200,2024-07-01,https://www.mof.go.jp/policy/tab_salt/topics/20240618_kouriteikahenkou_2.pdf,1,高
95bec0efc7094e6e,2024-06-18,令和6年6月18日,変更認可,葉巻たばこ,ｶﾏｰﾁｮ ｴｸｱﾄﾞﾙ ﾛﾌﾞｽﾄ,カマーチョエクアドルロブスト,127mm 1本,1,本,ﾎﾝｼﾞｭﾗｽ,2100,1950,2024-07-01,https://www.mof.go.jp/policy/tab_salt/topics/20240618_kouriteikahenkou_2.pdf,1,高
bf4d3ee88de34490,2024-06-18,令和6年6月18日,変更認可,葉巻たばこ,ｶﾏｰﾁｮ ｴｸｱﾄﾞﾙ ﾛﾌﾞｽﾄ ﾁｭﾎﾞｽ,カマーチョエクアドルロブストチュボス,127mm 1本,1,本,ﾎﾝｼﾞｭﾗｽ,2100,1950,2024-07-01,https://www.mof.go.jp/policy/tab_salt/topics/20240618_kouriteikahenkou_2.pdf,1,高
23bc8f802e4a80ec,2024-06-18,令和6年6月18日,変更認可,葉巻たばこ,ｶﾏｰﾁｮ ｺﾈﾁｶｯﾄ ﾄﾛ,カマーチョコネチカットトロ,152mm 1本,1,本,ﾎﾝｼﾞｭﾗｽ,2400,2200,2024-07-01,https://www.mof.go.jp/policy/tab_salt/topics/20240618_kouriteikahenkou_2.pdf,1,高
952fa8dde00fb858,2024-06-18,令和6年6月18日,変更認可,葉巻たばこ,ｶﾏｰﾁｮ ｺﾈﾁｶｯﾄ ﾏﾁﾄｽ,カマーチョコネチカットマチトス,102mm 1本,1,本,ﾎﾝｼﾞｭﾗｽ,700,650,2024-07-01,https://www.mof.go.jp/policy/tab_salt/topics/20240618_kouriteikahenkou_2.pdf,1,高
29920d7e3903353b,2024-06-18,令和6年6月18日,変更認可,葉巻たばこ,ｶﾏｰﾁｮ ｺﾈﾁｶｯﾄ ﾛﾌﾞｽﾄ,カマーチョコネチカットロブスト,127mm 1本,1,本,ﾎﾝｼﾞｭﾗｽ,2100,1950,2024-07-01,https://www.mof.go.jp/policy/tab_salt/topics/20240618_kouriteikahenkou_2.pdf,1,高
b8e165c00915844e,2024-06-18,令和6年6月18日,変更認可,葉巻たばこ,ｶﾏｰﾁｮ ｺﾈﾁｶｯﾄ ﾛﾌﾞｽﾄ ﾁｭﾎﾞｽ,カマーチョコネチカットロブストチュボス,127mm 1本,1,本,ﾎﾝｼﾞｭﾗｽ,2100,1950,2024-07-01,https://www.mof.go.jp/policy/tab_salt/topics/20240618_kouriteikahenkou_2.pdf,1,高
42c966429dc07c10,2024-06-18,令和6年6月18日,変更認可,葉巻たばこ,ｶﾏｰﾁｮ ｺﾛﾎ ｺﾞﾙﾄﾞ,カマーチョコロホゴルド,152mm 1本,1,本,ﾎﾝｼﾞｭﾗｽ,3000,2700,2024-07-01,https://www.mof.go.jp/policy/tab_salt/topics/20240618_kouriteikahenkou_2.pdf,1,高
f98f0bff4852ef75,2024-06-18,令和6年6月18日,変更認可,葉巻たばこ,ｶﾏｰﾁｮ ｺﾛﾎ ﾄﾛ,カマーチョコロホトロ,152mm 1本,1,本,ﾎﾝｼﾞｭﾗｽ,2400,2200,2024-07-01,https://www.mof.go.jp/policy/tab_salt/topics/20240618_kouriteikahenkou_2.pdf,1,高
96b9055e472e379f,2024-06-18,令和6年6月18日,変更認可,葉巻たばこ,ｶﾏｰﾁｮ ｺﾛﾎ ﾏﾁﾄｽ,カマーチョコロホマチトス,102mm 1本,1,本,ﾎﾝｼﾞｭﾗｽ,700,650,2024-07-01,https://www.mof.go.jp/policy/tab_salt/topics/20240618_kouriteikahenkou_2.pdf,1,高
c9e057588422aa93,2024-06-18,令和6年6月18日,変更認可,葉巻たばこ,ｶﾏｰﾁｮ ｺﾛﾎ ﾛﾌﾞｽﾄ,カマーチョコロホロブスト,127mm 1本,1,本,ﾎﾝｼﾞｭﾗｽ,2100,1950,2024-07-01,https://www.mof.go.jp/policy/tab_salt/topics/20240618_kouriteikahenkou_2.pdf,1,高
11e7664f15e3d7b4,2024-06-18,令和6年6月18日,変更認可,葉巻たばこ,ｶﾏｰﾁｮ ｺﾛﾎ ﾛﾌﾞｽﾄ ﾁｭﾎﾞｽ,カマーチョコロホロブストチュボス,127mm 1本,1,本,ﾎﾝｼﾞｭﾗｽ,2100,1950,2024-07-01,https://www.mof.go.jp/policy/tab_salt/topics/20240618_kouriteikahenkou_2.pdf,1,高
f18435d704cbe53d,2024-06-18,令和6年6月18日,変更認可,葉巻たばこ,ｶﾏｰﾁｮ ﾆｶﾗｸﾞｱ ｸﾞﾗﾝﾁｬｰﾁﾙ,カマーチョニカラグアグランチャーチル,177mm 1本,1,本,ﾎﾝｼﾞｭﾗｽ,2700,2470,2024-07-01,https://www.mof.go.jp/policy/tab_salt/topics/20240618_kouriteikahenkou_2.pdf,1,高
f02b5c72fbe69729,2024-06-18,令和6年6月18日,変更認可,葉巻たばこ,ｶﾏｰﾁｮ ﾆｶﾗｸﾞｱ ﾄﾛ,カマーチョニカラグアトロ,152mm 1本,1,本,ﾎﾝｼﾞｭﾗｽ,2400,2200,2024-07-01,https://www.mof.go.jp/policy/tab_salt/topics/20240618_kouriteikahenkou_2.pdf,1,高
6d3e582c90e00caf,2024-06-18,令和6年6月18日,変更認可,葉巻たばこ,ｶﾏｰﾁｮ ﾆｶﾗｸﾞｱ ﾛﾌﾞｽﾄ,カマーチョニカラグアロブスト,127mm 1本,1,本,ﾎﾝｼﾞｭﾗｽ,2100,1950,2024-07-01,https://www.mof.go.jp/policy/tab_salt/topics/20240618_kouriteikahenkou_2.pdf,1,高
6f0e543b7d34009a,2024-06-18,令和6年6月18日,変更認可,葉巻たばこ,ﾀﾞﾋﾞﾄﾞﾌ ｱﾆﾍﾞﾙｻﾘｵ NO.3 ﾁｭﾎﾞｽ,ダビドフアニベルサリオNO.3チュボス,152mm 1本,1,本,ﾄﾞﾐﾆｶ共和国,6600,5550,2024-07-01,https://www.mof.go.jp/policy/tab_salt/topics/20240618_kouriteikahenkou_2.pdf,1,高
7426bbd5ddba8df6,2024-06-18,令和6年6月18日,変更認可,葉巻たばこ,ﾀﾞﾋﾞﾄﾞﾌ ｴﾝﾄﾚｱｸﾄ,ダビドフエントレアクト,89mm 1本,1,本,ﾄﾞﾐﾆｶ共和国,2600,2150,2024-07-01,https://www.mof.go.jp/policy/tab_salt/topics/20240618_kouriteikahenkou_2.pdf,1,高
31cf6400f9b6b3f9,2024-06-18,令和6年6月18日,変更認可,葉巻たばこ,ﾀﾞﾋﾞﾄﾞﾌ ｸﾞﾗﾝｸﾘｭ NO.2,ダビドフグランクリュNO.2,142mm 1本,1,本,ﾄﾞﾐﾆｶ共和国,4100,3550,2024-07-01,https://www.mof.go.jp/policy/tab_salt/topics/20240618_kouriteikahenkou_2.pdf,1,高
2bd79ffc43f46290,2024-06-18,令和6年6月18日,変更認可,葉巻たばこ,ﾀﾞﾋﾞﾄﾞﾌ ｸﾞﾗﾝｸﾘｭ NO.3,ダビドフグランクリュNO.3,129mm 1本,1,本,ﾄﾞﾐﾆｶ共和国,3700,3200,2024-07-01,https://www.mof.go.jp/policy/tab_salt/topics/20240618_kouriteikahenkou_2.pdf,1,高
af30307ce5976f29,2024-06-18,令和6年6月18日,変更認可,葉巻たばこ,ﾀﾞﾋﾞﾄﾞﾌ ｸﾞﾗﾝｸﾘｭ NO.5,ダビドフグランクリュNO.5,102mm 1本,1,本,ﾄﾞﾐﾆｶ共和国,2900,2500,2024-07-01,https://www.mof.go.jp/policy/tab_salt/topics/20240618_kouriteikahenkou_2.pdf,1,高
64adc23c7d064317,2024-06-18,令和6年6月18日,変更認可,葉巻たばこ,ﾀﾞﾋﾞﾄﾞﾌ ｸﾞﾗﾝｸﾘｭ ﾄﾛ,ダビドフグランクリュトロ,152mm 1本,1,本,ﾄﾞﾐﾆｶ共和国,5300,4600,2024-07-01,https://www.mof.go.jp/policy/tab_salt/topics/20240618_kouriteikahenkou_2.pdf,1,高
33eeda6a181bb9c7,2024-06-18,令和6年6月18日,変更認可,葉巻たばこ,ﾀﾞﾋﾞﾄﾞﾌ ｸﾞﾗﾝｸﾘｭ ﾛﾌﾞｽﾄ,ダビドフグランクリュロブスト,133mm 1本,1,本,ﾄﾞﾐﾆｶ共和国,4700,4100,2024-07-01,https://www.mof.go.jp/policy/tab_salt/topics/20240618_kouriteikahenkou_2.pdf,1,高
9bc5c98af0a192da,2024-06-18,令和6年6月18日,変更認可,葉巻たばこ,ﾀﾞﾋﾞﾄﾞﾌ ｼｮｰﾄﾊﾟｰﾌｪｸﾄ,ダビドフショートパーフェクト,124mm 1本,1,本,ﾄﾞﾐﾆｶ共和国,4100,3400,2024-07-01,https://www.mof.go.jp/policy/tab_salt/topics/20240618_kouriteikahenkou_2.pdf,1,高
31b4d623a6bb368c,2024-06-18,令和6年6月18日,変更認可,葉巻たばこ,ﾀﾞﾋﾞﾄﾞﾌ ｽﾍﾟｼｬﾙ<<R>>,ダビドフスペシャル<<R>>,124mm 1本,1,本,ﾄﾞﾐﾆｶ共和国,4700,3950,2024-07-01,https://www.mof.go.jp/policy/tab_salt/topics/20240618_kouriteikahenkou_2.pdf,1,高
4e10cf0b0a57f43c,2024-06-18,令和6年6月18日,変更認可,葉巻たばこ,ﾀﾞﾋﾞﾄﾞﾌ ｽﾍﾟｼｬﾙ<<R>> ﾁｭﾎﾞｽ,ダビドフスペシャル<<R>>チュボス,124mm 1本,1,本,ﾄﾞﾐﾆｶ共和国,4800,4050,2024-07-01,https://www.mof.go.jp/policy/tab_salt/topics/20240618_kouriteikahenkou_2.pdf,1,高
6ffaf94cd74fdfd7,2024-06-18,令和6年6月18日,変更認可,葉巻たばこ,ﾀﾞﾋﾞﾄﾞﾌ ｽﾍﾟｼｬﾙ<<T>>,ダビドフスペシャル<<T>>,152mm 1本,1,本,ﾄﾞﾐﾆｶ共和国,5200,4350,2024-07-01,https://www.mof.go.jp/policy/tab_salt/topics/20240618_kouriteikahenkou_2.pdf,1,高
4727fa0534d17349,2024-06-18,令和6年6月18日,変更認可,葉巻たばこ,ﾀﾞﾋﾞﾄﾞﾌ ﾍﾟﾃｨｺﾛﾅ ﾐﾚﾆｱﾑﾌﾞﾚﾝﾄﾞ,ダビドフペティコロナミレニアムブレンド,114mm 1本,1,本,ﾄﾞﾐﾆｶ共和国,3300,2900,2024-07-01,https://www.mof.go.jp/policy/tab_salt/topics/20240618_kouriteikahenkou_2.pdf,1,高
e44b91bde96e82d7,2024-06-18,令和6年6月18日,変更認可,葉巻たばこ,ﾀﾞﾋﾞﾄﾞﾌ ﾛﾌﾞｽﾄ ﾁｭﾎﾞｽ ﾐﾚﾆｱﾑﾌﾞﾚﾝﾄﾞ,ダビドフロブストチュボスミレニアムブレンド,133mm 1本,1,本,ﾄﾞﾐﾆｶ共和国,5000,4400,2024-07-01,https://www.mof.go.jp/policy/tab_salt/topics/20240618_kouriteikahenkou_2.pdf,1,高
4aed6a4a531ba8cc,2024-06-18,令和6年6月18日,変更認可,葉巻たばこ,ﾀﾞﾋﾞﾄﾞﾌ ﾛﾌﾞｽﾄ ﾐﾚﾆｱﾑﾌﾞﾚﾝﾄﾞ,ダビドフロブストミレニアムブレンド,133mm 1本,1,本,ﾄﾞﾐﾆｶ共和国,4900,4300,2024-07-01,https://www.mof.go.jp/policy/tab_salt/topics/20240618_kouriteikahenkou_2.pdf,1,高
2a599477d3b9ad4d,2024-06-18,令和6年6月18日,変更認可,葉巻たばこ,ﾀﾞﾋﾞﾄﾞﾌ 1000,ダビドフ1000,117mm 1本,1,本,ﾄﾞﾐﾆｶ共和国,2500,2250,2024-07-01,https://www.mof.go.jp/policy/tab_salt/topics/20240618_kouriteikahenkou_2.pdf,2,高
906b0077a315abc7,2024-06-18,令和6年6月18日,変更認可,葉巻たばこ,ﾀﾞﾋﾞﾄﾞﾌ 2000,ダビドフ2000,129mm 1本,1,本,ﾄﾞﾐﾆｶ共和国,3600,3300,2024-07-01,https://www.mof.go.jp/policy/tab_salt/topics/20240618_kouriteikahenkou_2.pdf,2,高
94aebbe0037a8211,2024-06-18,令和6年6月18日,変更認可,葉巻たばこ,ﾀﾞﾋﾞﾄﾞﾌ 2000 ﾁｭﾎﾞｽ,ダビドフ2000チュボス,129mm 1本,1,本,ﾄﾞﾐﾆｶ共和国,3700,3400,2024-07-01,https://www.mof.go.jp/policy/tab_salt/topics/20240618_kouriteikahenkou_2.pdf,2,高
712548228964b154,2024-06-18,令和6年6月18日,変更認可,葉巻たばこ,ﾀﾞﾋﾞﾄﾞﾌ 6000,ダビドフ6000,127mm 1本,1,本,ﾄﾞﾐﾆｶ共和国,4300,3900,2024-07-01,https://www.mof.go.jp/policy/tab_salt/topics/20240618_kouriteikahenkou_2.pdf,2,高
0a1453a19ffcf4c7,2024-06-18,令和6年6月18日,変更認可,葉巻たばこ,ﾀﾞﾋﾞﾄﾞﾌ NO.2,ダビドフNO.2,152mm 1本,1,本,ﾄﾞﾐﾆｶ共和国,4200,3800,2024-07-01,https://www.mof.go.jp/policy/tab_salt/topics/20240618_kouriteikahenkou_2.pdf,2,高
0e9916730b4a724f,2024-06-18,令和6年6月18日,変更認可,葉巻たばこ,ﾀﾞﾋﾞﾄﾞﾌ NO.2 ﾁｭﾎﾞｽ,ダビドフNO.2チュボス,152mm 1本,1,本,ﾄﾞﾐﾆｶ共和国,4300,3900,2024-07-01,https://www.mof.go.jp/policy/tab_salt/topics/20240618_kouriteikahenkou_2.pdf,2,高
fabf2c8037fb11ef,2024-06-18,令和6年6月18日,変更認可,葉巻たばこ,ﾀﾞﾋﾞﾄﾞﾌ ｱﾝﾊﾞｻﾄﾞﾘｽ,ダビドフアンバサドリス,115mm 1本,1,本,ﾄﾞﾐﾆｶ共和国,2300,2100,2024-07-01,https://www.mof.go.jp/policy/tab_salt/topics/20240618_kouriteikahenkou_2.pdf,2,高
184b61f7ffff2141,2024-06-18,令和6年6月18日,変更認可,パイプたばこ,ﾀﾞﾋﾞﾄﾞﾌ ｲﾝｸﾞﾘｯｼｭ ﾐｸｽﾁｭｱ,ダビドフイングリッシュミクスチュア,50.0g缶,50,g,ﾃﾞﾝﾏｰｸ,5400,4950,2024-07-01,https://www.mof.go.jp/policy/tab_salt/topics/20240618_kouriteikahenkou_2.pdf,2,高
5e22a86130c36d5f,2024-06-18,令和6年6月18日,変更認可,葉巻たばこ,ﾀﾞﾋﾞﾄﾞﾌ ｳｨﾝｽﾄﾝﾁｬｰﾁﾙ ｱﾘｽﾄｸﾗｯﾄﾁｬｰﾁﾙ,ダビドフウィンストンチャーチルアリストクラットチャーチル,175mm 1本,1,本,ﾄﾞﾐﾆｶ共和国,6300,5480,2024-07-01,https://www.mof.go.jp/policy/tab_salt/topics/20240618_kouriteikahenkou_2.pdf,2,高
f8635e2f429fa11d,2024-06-18,令和6年6月18日,変更認可,葉巻たばこ,ﾀﾞﾋﾞﾄﾞﾌ ｴｸｽｸｲｼﾞﾄｽ,ダビドフエクスクイジトス,95mm 1本,1,本,ﾄﾞﾐﾆｶ共和国,700,600,2024-07-01,https://www.mof.go.jp/policy/tab_salt/topics/20240618_kouriteikahenkou_2.pdf,2,高
32db6849a412af06,2024-06-18,令和6年6月18日,変更認可,パイプたばこ,ﾀﾞﾋﾞﾄﾞﾌ ｸﾞﾘｰﾝ ﾐｸｽﾁｭｱ,ダビドフグリーンミクスチュア,50.0g缶,50,g,ﾃﾞﾝﾏｰｸ,3600,3100,2024-07-01,https://www.mof.go.jp/policy/tab_salt/topics/20240618_kouriteikahenkou_2.pdf,2,高
f3226b542dbddb3a,2024-06-18,令和6年6月18日,変更認可,葉巻たばこ,ﾀﾞﾋﾞﾄﾞﾌ ｼｸﾞﾈﾁｬｰ ﾄﾛ,ダビドフシグネチャートロ,152mm 1本,1,本,ﾄﾞﾐﾆｶ共和国,5000,4400,2024-07-01,https://www.mof.go.jp/policy/tab_salt/topics/20240618_kouriteikahenkou_2.pdf,2,高
8a236ca63c939cac,2024-06-18,令和6年6月18日,変更認可,葉巻たばこ,ﾀﾞﾋﾞﾄﾞﾌ ｼｸﾞﾈﾁｬｰ ﾍﾟﾃｨｺﾛﾅ,ダビドフシグネチャーペティコロナ,114mm 1本,1,本,ﾄﾞﾐﾆｶ共和国,2800,2550,2024-07-01,https://www.mof.go.jp/policy/tab_salt/topics/20240618_kouriteikahenkou_2.pdf,2,高
ec6901d054541116,2024-06-18,令和6年6月18日,変更認可,葉巻たばこ,ﾀﾞﾋﾞﾄﾞﾌ ｼｮｰﾄﾛﾌﾞｽﾄ ﾐﾚﾆｱﾑﾌﾞﾚﾝﾄﾞ,ダビドフショートロブストミレニアムブレンド,108mm 1本,1,本,ﾄﾞﾐﾆｶ共和国,4000,3500,2024-07-01,https://www.mof.go.jp/policy/tab_salt/topics/20240618_kouriteikahenkou_2.pdf,2,高
536ddb588683c8bb,2024-06-18,令和6年6月18日,変更認可,パイプたばこ,ﾀﾞﾋﾞﾄﾞﾌ ｽｺﾃｨｯｼｭ ﾐｸｽﾁｭｱ,ダビドフスコティッシュミクスチュア,50.0g缶,50,g,ﾃﾞﾝﾏｰｸ,5400,4950,2024-07-01,https://www.mof.go.jp/policy/tab_salt/topics/20240618_kouriteikahenkou_2.pdf,2,高
0d7f06b1a5f8cc74,2024-06-18,令和6年6月18日,変更認可,パイプたばこ,ﾀﾞﾋﾞﾄﾞﾌ ﾀﾞﾆｯｼｭ ﾐｸｽﾁｭｱ,ダビドフダニッシュミクスチュア,50.0g缶,50,g,ﾃﾞﾝﾏｰｸ,5400,4950,2024-07-01,https://www.mof.go.jp/policy/tab_salt/topics/20240618_kouriteikahenkou_2.pdf,2,高
0c106cfba5e21d55,2024-06-18,令和6年6月18日,変更認可,葉巻たばこ,ﾀﾞﾋﾞﾄﾞﾌ ﾄﾛ ﾐﾚﾆｱﾑﾌﾞﾚﾝﾄﾞ,ダビドフトロミレニアムブレンド,152mm 1本,1,本,ﾄﾞﾐﾆｶ共和国,5900,5100,2024-07-01,https://www.mof.go.jp/policy/tab_salt/topics/20240618_kouriteikahenkou_2.pdf,2,高
736f95da9e372ba8,2024-06-18,令和6年6月18日,変更認可,葉巻たばこ,ﾀﾞﾋﾞﾄﾞﾌ ﾆｶﾗｸﾞｱ ｼｮｰﾄｺﾛﾅ,ダビドフニカラグアショートコロナ,95mm 1本,1,本,ﾄﾞﾐﾆｶ共和国,2800,2450,2024-07-01,https://www.mof.go.jp/policy/tab_salt/topics/20240618_kouriteikahenkou_2.pdf,2,高
2b05a81a3555b1fa,2024-06-18,令和6年6月18日,変更認可,葉巻たばこ,ﾀﾞﾋﾞﾄﾞﾌ ﾆｶﾗｸﾞｱ ﾃﾞｨｱﾃﾞﾏ,ダビドフニカラグアディアデマ,165mm 1本,1,本,ﾄﾞﾐﾆｶ共和国,6000,5250,2024-07-01,https://www.mof.go.jp/policy/tab_salt/topics/20240618_kouriteikahenkou_2.pdf,2,高
5c196605fe44f2b7,2024-06-18,令和6年6月18日,変更認可,葉巻たばこ,ﾀﾞﾋﾞﾄﾞﾌ ﾆｶﾗｸﾞｱ ﾄﾛ,ダビドフニカラグアトロ,140mm 1本,1,本,ﾄﾞﾐﾆｶ共和国,5100,4450,2024-07-01,https://www.mof.go.jp/policy/tab_salt/topics/20240618_kouriteikahenkou_2.pdf,2,高
fb2d66cad62d6baf,2024-06-18,令和6年6月18日,変更認可,葉巻たばこ,ﾀﾞﾋﾞﾄﾞﾌ ﾆｶﾗｸﾞｱ ﾄﾛ ﾎﾞｯｸｽﾌﾟﾚｽ,ダビドフニカラグアトロボックスプレス,154mm 1本,1,本,ﾄﾞﾐﾆｶ共和国,4900,4250,2024-07-01,https://www.mof.go.jp/policy/tab_salt/topics/20240618_kouriteikahenkou_2.pdf,2,高
c4ab46dc949c754d,2024-06-18,令和6年6月18日,変更認可,葉巻たばこ,ﾀﾞﾋﾞﾄﾞﾌ ﾆｶﾗｸﾞｱ ﾛﾌﾞｽﾄ,ダビドフニカラグアロブスト,127mm 1本,1,本,ﾄﾞﾐﾆｶ共和国,4100,3600,2024-07-01,https://www.mof.go.jp/policy/tab_salt/topics/20240618_kouriteikahenkou_2.pdf,2,高
66632ffd1bb24630,2024-06-18,令和6年6月18日,変更認可,葉巻たばこ,ﾀﾞﾋﾞﾄﾞﾌ ﾆｶﾗｸﾞｱ ﾛﾌﾞｽﾄ ﾁｭﾎﾞｽ,ダビドフニカラグアロブストチュボス,127mm 1本,1,本,ﾄﾞﾐﾆｶ共和国,4200,3700,2024-07-01,https://www.mof.go.jp/policy/tab_salt/topics/20240618_kouriteikahenkou_2.pdf,2,高
fa085b850a3a21c5,2024-06-18,令和6年6月18日,変更認可,葉巻たばこ,ﾀﾞﾋﾞﾄﾞﾌ ﾆｶﾗｸﾞｱ ﾛﾌﾞｽﾄ ﾎﾞｯｸｽﾌﾟﾚｽ,ダビドフニカラグアロブストボックスプレス,127mm 1本,1,本,ﾄﾞﾐﾆｶ共和国,4000,3500,2024-07-01,https://www.mof.go.jp/policy/tab_salt/topics/20240618_kouriteikahenkou_2.pdf,2,高
555a4143a27900eb,2024-06-18,令和6年6月18日,変更認可,パイプたばこ,ﾀﾞﾋﾞﾄﾞﾌ ﾊﾟｲﾌﾟﾀﾊﾞｺ ｱﾙｾﾞﾝﾁﾝ,ダビドフパイプタバコアルゼンチン,50.0gﾊﾟｳﾁ,50,g,ﾃﾞﾝﾏｰｸ,3500,3050,2024-07-01,https://www.mof.go.jp/policy/tab_salt/topics/20240618_kouriteikahenkou_2.pdf,2,高
118767cce971d155,2024-06-18,令和6年6月18日,変更認可,パイプたばこ,ﾀﾞﾋﾞﾄﾞﾌ ﾊﾟｲﾌﾟﾀﾊﾞｺ ﾌﾞﾗｼﾞﾙ,ダビドフパイプタバコブラジル,50.0gﾊﾟｳﾁ,50,g,ﾃﾞﾝﾏｰｸ,3500,3050,2024-07-01,https://www.mof.go.jp/policy/tab_salt/topics/20240618_kouriteikahenkou_2.pdf,2,高
ff9bb1a474f067a1,2024-06-18,令和6年6月18日,変更認可,パイプたばこ,ﾀﾞﾋﾞﾄﾞﾌ ﾊﾟｲﾌﾟﾀﾊﾞｺ ﾌﾚｲｸ ﾒﾀﾞﾘｵﾝ,ダビドフパイプタバコフレイクメダリオン,50.0g缶,50,g,ﾃﾞﾝﾏｰｸ,5700,5150,2024-07-01,https://www.mof.go.jp/policy/tab_salt/topics/20240618_kouriteikahenkou_2.pdf,2,高
96d8165504f88dd4,2024-06-18,令和6年6月18日,変更認可,パイプたばこ,ﾀﾞﾋﾞﾄﾞﾌ ﾊﾟｲﾌﾟﾀﾊﾞｺ ﾏﾗｳｲ,ダビドフパイプタバコマラウイ,50.0gﾊﾟｳﾁ,50,g,ﾃﾞﾝﾏｰｸ,3500,3050,2024-07-01,https://www.mof.go.jp/policy/tab_salt/topics/20240618_kouriteikahenkou_2.pdf,2,高
04f8fab6a57c2531,2024-06-18,令和6年6月18日,変更認可,葉巻たばこ,ﾀﾞﾋﾞﾄﾞﾌ ﾋﾟﾗﾐﾃﾞ ﾐﾚﾆｱﾑﾌﾞﾚﾝﾄﾞ,ダビドフピラミデミレニアムブレンド,156mm 1本,1,本,ﾄﾞﾐﾆｶ共和国,5600,4900,2024-07-01,https://www.mof.go.jp/policy/tab_salt/topics/20240618_kouriteikahenkou_2.pdf,2,高
a2c680aca9c1eae2,2024-06-18,令和6年6月18日,変更認可,パイプたばこ,ﾀﾞﾋﾞﾄﾞﾌ ﾌﾞﾙｰ ﾐｸｽﾁｭｱ,ダビドフブルーミクスチュア,50.0g缶,50,g,ﾃﾞﾝﾏｰｸ,3600,3100,2024-07-01,https://www.mof.go.jp/policy/tab_salt/topics/20240618_kouriteikahenkou_2.pdf,2,高
16bc2083e2a7383e,2024-06-18,令和6年6月18日,変更認可,パイプたばこ,ﾀﾞﾋﾞﾄﾞﾌ ﾚｯﾄﾞ ﾐｸｽﾁｭｱ,ダビドフレッドミクスチュア,50.0g缶,50,g,ﾃﾞﾝﾏｰｸ,3600,3100,2024-07-01,https://www.mof.go.jp/policy/tab_salt/topics/20240618_kouriteikahenkou_2.pdf,2,高
417df577dabdd423,2024-06-18,令和6年6月18日,変更認可,葉巻たばこ,ﾀﾞﾋﾞﾄﾞﾌ ﾛｲﾔﾙ ﾘﾘｰｽ ｻﾛﾓﾈｽ,ダビドフロイヤルリリースサロモネス,210mm 1本,1,本,ﾄﾞﾐﾆｶ共和国,22100,19190,2024-07-01,https://www.mof.go.jp/policy/tab_salt/topics/20240618_kouriteikahenkou_2.pdf,2,高
0d797fbd4976ca13,2024-06-18,令和6年6月18日,変更認可,葉巻たばこ,ﾀﾞﾋﾞﾄﾞﾌ ﾛｲﾔﾙ ﾘﾘｰｽ ﾛﾌﾞｽﾄ,ダビドフロイヤルリリースロブスト,140mm 1本,1,本,ﾄﾞﾐﾆｶ共和国,18400,15970,2024-07-01,https://www.mof.go.jp/policy/tab_salt/topics/20240618_kouriteikahenkou_2.pdf,2,高
0d96fe599da025e4,2024-06-18,令和6年6月18日,変更認可,パイプたばこ,ﾀﾞﾋﾞﾄﾞﾌ ﾛｲﾔﾙﾃｨ,ダビドフロイヤルティ,50.0g缶,50,g,ﾃﾞﾝﾏｰｸ,5400,4950,2024-07-01,https://www.mof.go.jp/policy/tab_salt/topics/20240618_kouriteikahenkou_2.pdf,2,高
f8b51e3d0c485841,2024-06-18,令和6年6月18日,変更認可,葉巻たばこ,ｸﾞﾘﾌｨﾝ 300 ﾁｭﾎﾞｽ,グリフィン300チュボス,159mm 1本,1,本,ﾄﾞﾐﾆｶ共和国,2000,1850,2024-07-01,https://www.mof.go.jp/policy/tab_salt/topics/20240618_kouriteikahenkou_2.pdf,3,高
1c8fa42a350e6235,2024-06-18,令和6年6月18日,変更認可,葉巻たばこ,ｸﾞﾘﾌｨﾝ 500,グリフィン500,128mm 1本,1,本,ﾄﾞﾐﾆｶ共和国,1800,1600,2024-07-01,https://www.mof.go.jp/policy/tab_salt/topics/20240618_kouriteikahenkou_2.pdf,3,高
8352e1741da243f1,2024-06-18,令和6年6月18日,変更認可,葉巻たばこ,ｸﾞﾘﾌｨﾝ ﾄﾛ,グリフィントロ,117mm 1本,1,本,ﾄﾞﾐﾆｶ共和国,2400,2180,2024-07-01,https://www.mof.go.jp/policy/tab_salt/topics/20240618_kouriteikahenkou_2.pdf,3,高
0eac2d96dce6fc99,2024-06-18,令和6年6月18日,変更認可,葉巻たばこ,ｸﾞﾘﾌｨﾝ ﾌﾟﾘﾄｽ,グリフィンプリトス,102mm 1本,1,本,ﾄﾞﾐﾆｶ共和国,600,580,2024-07-01,https://www.mof.go.jp/policy/tab_salt/topics/20240618_kouriteikahenkou_2.pdf,3,高
3367db7e5d31ead1,2024-06-18,令和6年6月18日,変更認可,葉巻たばこ,ｸﾞﾘﾌｨﾝ ﾛﾌﾞｽﾄ ﾁｭﾎﾞｽ,グリフィンロブストチュボス,127mm 1本,1,本,ﾄﾞﾐﾆｶ共和国,2100,1950,2024-07-01,https://www.mof.go.jp/policy/tab_salt/topics/20240618_kouriteikahenkou_2.pdf,3,高
54f346881a52c45a,2024-06-18,令和6年6月18日,変更認可,葉巻たばこ,ｼﾞﾉ ﾌﾟﾗﾁﾅ ﾊﾞﾚﾙ ﾁｭﾎﾞｽ,ジノプラチナバレルチュボス,152mm 1本,1,本,ﾄﾞﾐﾆｶ共和国,6400,5350,2024-07-01,https://www.mof.go.jp/policy/tab_salt/topics/20240618_kouriteikahenkou_2.pdf,3,高
fda20ece16a55fb8,2024-06-18,令和6年6月18日,変更認可,葉巻たばこ,ｼﾞﾉ ﾌﾟﾗﾁﾅﾑ XS,ジノプラチナムXS,102mm 10本,10,本,ﾄﾞﾐﾆｶ共和国,7000,5800,2024-07-01,https://www.mof.go.jp/policy/tab_salt/topics/20240618_kouriteikahenkou_2.pdf,3,高
667fdc77d7d2e3c1,2024-06-18,令和6年6月18日,変更認可,葉巻たばこ,ｼﾞﾉ ﾌﾟﾗﾁﾅﾑ ｸﾞﾗﾝﾄﾞﾏｽﾀｰ,ジノプラチナムグランドマスター,140mm 1本,1,本,ﾄﾞﾐﾆｶ共和国,3500,2900,2024-07-01,https://www.mof.go.jp/policy/tab_salt/topics/20240618_kouriteikahenkou_2.pdf,3,高
2f56df4bf44577b2,2024-06-18,令和6年6月18日,変更認可,葉巻たばこ,ｼﾞﾉ ﾌﾟﾗﾁﾅﾑ ｸﾞﾗﾝﾄﾞﾏｽﾀｰ ﾁｭﾎﾞｽ,ジノプラチナムグランドマスターチュボス,140mm 1本,1,本,ﾄﾞﾐﾆｶ共和国,3500,2900,2024-07-01,https://www.mof.go.jp/policy/tab_salt/topics/20240618_kouriteikahenkou_2.pdf,3,高
9c82d326e5c76749,2024-06-18,令和6年6月18日,変更認可,葉巻たばこ,ｼﾞﾉ ﾌﾟﾗﾁﾅﾑ ﾁｬﾋﾞｰ,ジノプラチナムチャビー,125mm 1本,1,本,ﾄﾞﾐﾆｶ共和国,3000,2500,2024-07-01,https://www.mof.go.jp/policy/tab_salt/topics/20240618_kouriteikahenkou_2.pdf,3,高
5a67c37daca19601,2024-06-18,令和6年6月18日,変更認可,葉巻たばこ,ﾀﾞﾋﾞﾄﾞﾌ ｳｨﾝｽﾄﾝﾁｬｰﾁﾙ ｱｰﾃｨｽﾄ ﾍﾟﾃｨｺﾛﾅ,ダビドフウィンストンチャーチルアーティストペティコロナ,114mm 1本,1,本,ﾄﾞﾐﾆｶ共和国,3200,2800,2024-07-01,https://www.mof.go.jp/policy/tab_salt/topics/20240618_kouriteikahenkou_2.pdf,3,高
128c2c9862dbca63,2024-06-18,令和6年6月18日,変更認可,葉巻たばこ,ﾀﾞﾋﾞﾄﾞﾌ ｳｨﾝｽﾄﾝﾁｬｰﾁﾙ ｺﾏﾝﾀﾞｰ ﾄﾛ,ダビドフウィンストンチャーチルコマンダートロ,152mm 1本,1,本,ﾄﾞﾐﾆｶ共和国,6600,5760,2024-07-01,https://www.mof.go.jp/policy/tab_salt/topics/20240618_kouriteikahenkou_2.pdf,3,高
72144bf5a400bb2e,2024-06-18,令和6年6月18日,変更認可,葉巻たばこ,ﾀﾞﾋﾞﾄﾞﾌ ｳｨﾝｽﾄﾝﾁｬｰﾁﾙ ｽﾃｲﾂﾏﾝ ﾛﾌﾞｽﾄ,ダビドフウィンストンチャーチルステイツマンロブスト,133mm 1本,1,本,ﾄﾞﾐﾆｶ共和国,5600,4880,2024-07-01,https://www.mof.go.jp/policy/tab_salt/topics/20240618_kouriteikahenkou_2.pdf,3,高
4cf452732181242d,2024-06-18,令和6年6月18日,変更認可,葉巻たばこ,ﾀﾞﾋﾞﾄﾞﾌ ｳｨﾝｽﾄﾝﾁｬｰﾁﾙ ﾄﾗﾍﾞﾗｰ ﾍﾞﾘｺｿ,ダビドフウィンストンチャーチルトラベラーベリコソ,115mm 1本,1,本,ﾄﾞﾐﾆｶ共和国,2700,2310,2024-07-01,https://www.mof.go.jp/policy/tab_salt/topics/20240618_kouriteikahenkou_2.pdf,3,高
02571ef13303cf3f,2024-06-18,令和6年6月18日,変更認可,葉巻たばこ,ﾀﾞﾋﾞﾄﾞﾌ ｳｨﾝｽﾄﾝﾁｬｰﾁﾙ ﾗｺﾝﾄｩｰﾙ ﾍﾟﾃｨﾊﾟﾅﾃﾗ,ダビドフウィンストンチャーチルラコントゥールペティパナテラ,102mm 1本,1,本,ﾄﾞﾐﾆｶ共和国,2200,1900,2024-07-01,https://www.mof.go.jp/policy/tab_salt/topics/20240618_kouriteikahenkou_2.pdf,3,高
44738e0fd8be6130,2024-06-18,令和6年6月18日,変更認可,葉巻たばこ,ﾀﾞﾋﾞﾄﾞﾌ ｳｨﾝｽﾄﾝﾁｬｰﾁﾙ ﾚｲﾄｱﾜｰ ﾁｬｰﾁﾙ,ダビドフウィンストンチャーチルレイトアワーチャーチル,178mm 1本,1,本,ﾄﾞﾐﾆｶ共和国,6900,5870,2024-07-01,https://www.mof.go.jp/policy/tab_salt/topics/20240618_kouriteikahenkou_2.pdf,3,高
68ff7df9d6e4dc26,2024-06-18,令和6年6月18日,変更認可,葉巻たばこ,ﾀﾞﾋﾞﾄﾞﾌ ｳｨﾝｽﾄﾝﾁｬｰﾁﾙ ﾚｲﾄｱﾜｰ ﾄﾛ,ダビドフウィンストンチャーチルレイトアワートロ,152mm 1本,1,本,ﾄﾞﾐﾆｶ共和国,7200,6080,2024-07-01,https://www.mof.go.jp/policy/tab_salt/topics/20240618_kouriteikahenkou_2.pdf,3,高
c6a454ee3882cd7a,2024-06-18,令和6年6月18日,変更認可,葉巻たばこ,ﾀﾞﾋﾞﾄﾞﾌ ｳｨﾝｽﾄﾝﾁｬｰﾁﾙ ﾚｲﾄｱﾜｰ ﾛﾌﾞｽﾄ,ダビドフウィンストンチャーチルレイトアワーロブスト,125mm 1本,1,本,ﾄﾞﾐﾆｶ共和国,6200,5220,2024-07-01,https://www.mof.go.jp/policy/tab_salt/topics/20240618_kouriteikahenkou_2.pdf,3,高
a012f9648c7f6fba,2024-06-18,令和6年6月18日,変更認可,葉巻たばこ,ﾀﾞﾋﾞﾄﾞﾌ ｴｽｸﾘｵ ｸﾞﾗﾝﾄﾛ,ダビドフエスクリオグラントロ,140mm 1本,1,本,ﾄﾞﾐﾆｶ共和国,5600,5240,2024-07-01,https://www.mof.go.jp/policy/tab_salt/topics/20240618_kouriteikahenkou_2.pdf,3,高
7e41675f72e303fa,2024-06-18,令和6年6月18日,変更認可,葉巻たばこ,ﾀﾞﾋﾞﾄﾞﾌ ｴｽｸﾘｵ ｸﾞﾗﾝﾊﾟｰﾌｪｸﾄ,ダビドフエスクリオグランパーフェクト,127mm 1本,1,本,ﾄﾞﾐﾆｶ共和国,5300,4980,2024-07-01,https://www.mof.go.jp/policy/tab_salt/topics/20240618_kouriteikahenkou_2.pdf,3,高
54de5a7e141cd958,2024-06-18,令和6年6月18日,変更認可,葉巻たばこ,ﾀﾞﾋﾞﾄﾞﾌ ｴｽｸﾘｵ ﾍﾟﾃｨﾛﾌﾞｽﾄ,ダビドフエスクリオペティロブスト,83mm 1本,1,本,ﾄﾞﾐﾆｶ共和国,3000,2820,2024-07-01,https://www.mof.go.jp/policy/tab_salt/topics/20240618_kouriteikahenkou_2.pdf,3,高
ed089fd0390210c4,2024-06-18,令和6年6月18日,変更認可,葉巻たばこ,ﾀﾞﾋﾞﾄﾞﾌ ｴｽｸﾘｵ ﾛﾌﾞｽﾄ,ダビドフエスクリオロブスト,114mm 1本,1,本,ﾄﾞﾐﾆｶ共和国,4600,4280,2024-07-01,https://www.mof.go.jp/policy/tab_salt/topics/20240618_kouriteikahenkou_2.pdf,3,高
6aa4a26051a22e27,2024-06-18,令和6年6月18日,変更認可,葉巻たばこ,ﾀﾞﾋﾞﾄﾞﾌ ｴｽｸﾘｵ ﾛﾌﾞｽﾄ ﾁｭﾎﾞｽ,ダビドフエスクリオロブストチュボス,114mm 1本,1,本,ﾄﾞﾐﾆｶ共和国,4700,4380,2024-07-01,https://www.mof.go.jp/policy/tab_salt/topics/20240618_kouriteikahenkou_2.pdf,3,高
f574b6f6ee3525dc,2024-06-18,令和6年6月18日,変更認可,葉巻たばこ,ﾀﾞﾋﾞﾄﾞﾌ ﾔﾏｻ ﾄﾛ,ダビドフヤマサトロ,152mm 1本,1,本,ﾄﾞﾐﾆｶ共和国,6800,6210,2024-07-01,https://www.mof.go.jp/policy/tab_salt/topics/20240618_kouriteikahenkou_2.pdf,3,高
7d16abc732328c98,2024-06-18,令和6年6月18日,変更認可,葉巻たばこ,ﾀﾞﾋﾞﾄﾞﾌ ﾔﾏｻ ﾋﾟﾗﾐﾃﾞ,ダビドフヤマサピラミデ,156mm 1本,1,本,ﾄﾞﾐﾆｶ共和国,6700,6110,2024-07-01,https://www.mof.go.jp/policy/tab_salt/topics/20240618_kouriteikahenkou_2.pdf,3,高
9ead5c161012612a,2024-06-18,令和6年6月18日,変更認可,葉巻たばこ,ﾀﾞﾋﾞﾄﾞﾌ ﾔﾏｻ ﾍﾟﾃｨﾁｬｰﾁﾙ,ダビドフヤマサペティチャーチル,102mm 1本,1,本,ﾄﾞﾐﾆｶ共和国,3300,3010,2024-07-01,https://www.mof.go.jp/policy/tab_salt/topics/20240618_kouriteikahenkou_2.pdf,3,高
f62fde792e21f6eb,2024-06-18,令和6年6月18日,変更認可,葉巻たばこ,ﾀﾞﾋﾞﾄﾞﾌ ﾔﾏｻ ﾛﾌﾞｽﾄ,ダビドフヤマサロブスト,127mm 1本,1,本,ﾄﾞﾐﾆｶ共和国,5800,5260,2024-07-01,https://www.mof.go.jp/policy/tab_salt/topics/20240618_kouriteikahenkou_2.pdf,3,高
6541e2df03e421c9,2024-06-18,令和6年6月18日,変更認可,葉巻たばこ,ﾀﾞﾋﾞﾄﾞﾌ ﾔﾏｻ ﾛﾌﾞｽﾄ ﾁｭﾎﾞｽ,ダビドフヤマサロブストチュボス,127mm 1本,1,本,ﾄﾞﾐﾆｶ共和国,5900,5360,2024-07-01,https://www.mof.go.jp/policy/tab_salt/topics/20240618_kouriteikahenkou_2.pdf,3,高
745c9ec7acee2a70,2024-06-18,令和6年6月18日,変更認可,葉巻たばこ,ﾌﾟﾗｲﾍﾞｰﾄｽﾄｯｸ ﾐﾃﾞｨｱﾑﾌｨﾗｰ NO.2 ﾁｭﾎﾞｽ,プライベートストックミディアムフィラーNO.2チュボス,159mm 1本,1,本,ﾄﾞﾐﾆｶ共和国,1300,1200,2024-07-01,https://www.mof.go.jp/policy/tab_salt/topics/20240618_kouriteikahenkou_2.pdf,3,高
2e5a5f12b8f1ae1c,2024-06-17,令和6年6月17日,変更認可,葉巻たばこ,Media Rueda Segundo PetitCorona,MEDIARUEDASEGUNDOPETITCORONA,130mm 1本,1,本,ﾆｶﾗｸﾞｱ,1400,2100,2024-07-08,https://www.mof.go.jp/policy/tab_salt/20240617_kouriteikahenkou.pdf,1,高
1d8e7f67a06df7cf,2024-06-17,令和6年6月17日,変更認可,葉巻たばこ,Media Rueda Segundo Robusto,MEDIARUEDASEGUNDOROBUSTO,111mm 1本,1,本,ﾆｶﾗｸﾞｱ,2100,1400,2024-07-08,https://www.mof.go.jp/policy/tab_salt/20240617_kouriteikahenkou.pdf,1,高
53bfef126f547532,2024-06-07,令和6年6月7日,変更認可,紙巻たばこ,WIN 1,WIN1,ﾊｰﾄﾞﾊﾟｯｸFK 16本,16,本,ﾊﾟｷｽﾀﾝ,430,,,https://www.mof.go.jp/policy/tab_salt/topics/20240607_kouriteika.pdf,1,高
488710a8156e0b4b,2024-06-07,令和6年6月7日,変更認可,紙巻たばこ,WIN 3,WIN3,ﾊｰﾄﾞﾊﾟｯｸFK 16本,16,本,ﾊﾟｷｽﾀﾝ,430,,,https://www.mof.go.jp/policy/tab_salt/topics/20240607_kouriteika.pdf,1,高
002e855c170b5c33,2024-06-07,令和6年6月7日,変更認可,紙巻たばこ,WIN 5,WIN5,ﾊｰﾄﾞﾊﾟｯｸFK 16本,16,本,ﾊﾟｷｽﾀﾝ,430,,,https://www.mof.go.jp/policy/tab_salt/topics/20240607_kouriteika.pdf,1,高
7ca8e9e3e7bb3a57,2024-06-07,令和6年6月7日,変更認可,かぎたばこ,ﾍﾞﾛ･ｽﾋﾟｯﾌｨｰ･ｽﾍﾟｱﾐﾝﾄ･ｲﾝﾃﾝｽ･ﾅﾉ,ベロスピッフィースペアミントインテンスナノ,15個缶,15,個,ﾊﾟｷｽﾀﾝ,300,,,https://www.mof.go.jp/policy/tab_salt/topics/20240607_kouriteika.pdf,1,高
99bde1114c6547fb,2024-06-07,令和6年6月7日,変更認可,かぎたばこ,ﾍﾞﾛ･ｽﾋﾟｯﾌｨｰ･ｽﾍﾟｱﾐﾝﾄ･ｴｯｸｽｲﾝﾃﾝｽ･ﾅﾉ,ベロスピッフィースペアミントエックスインテンスナノ,15個缶,15,個,ﾊﾟｷｽﾀﾝ,320,,,https://www.mof.go.jp/policy/tab_salt/topics/20240607_kouriteika.pdf,1,高
4417e0e52a4516dc,2024-06-07,令和6年6月7日,変更認可,かぎたばこ,ﾍﾞﾛ･ｽﾋﾟｯﾌｨｰ･ｽﾍﾟｱﾐﾝﾄ･ﾐﾃﾞｨｱﾑ･ﾅﾉ,ベロスピッフィースペアミントミディアムナノ,15個缶,15,個,ﾊﾟｷｽﾀﾝ,300,,,https://www.mof.go.jp/policy/tab_salt/topics/20240607_kouriteika.pdf,1,高
facaea23bcaba52c,2024-06-07,令和6年6月7日,変更認可,かぎたばこ,ﾍﾞﾛ･ﾁｰｷｰ･ﾗﾃ･ｲﾝﾃﾝｽ･ﾅﾉ,ベロチーキーラテインテンスナノ,15個缶,15,個,ﾊﾟｷｽﾀﾝ,300,,,https://www.mof.go.jp/policy/tab_salt/topics/20240607_kouriteika.pdf,1,高
900dfb0d57422d4e,2024-06-07,令和6年6月7日,変更認可,かぎたばこ,ﾍﾞﾛ･ﾌﾞﾗｯｼｰ･ﾍﾞﾘｰ･ｲﾝﾃﾝｽ･ﾅﾉ,ベロブラッシーベリーインテンスナノ,15個缶,15,個,ﾊﾟｷｽﾀﾝ,300,,,https://www.mof.go.jp/policy/tab_salt/topics/20240607_kouriteika.pdf,1,高
787ce47d542ceeee,2024-06-07,令和6年6月7日,変更認可,かぎたばこ,ﾍﾞﾛ･ﾌﾞﾗｯｼｰ･ﾍﾞﾘｰ･ｴｯｸｽｲﾝﾃﾝｽ･ﾅﾉ,ベロブラッシーベリーエックスインテンスナノ,15個缶,15,個,ﾊﾟｷｽﾀﾝ,320,,,https://www.mof.go.jp/policy/tab_salt/topics/20240607_kouriteika.pdf,1,高
937319f859d62635,2024-06-07,令和6年6月7日,変更認可,かぎたばこ,ﾍﾞﾛ･ﾌﾞﾗｯｼｰ･ﾍﾞﾘｰ･ﾐﾃﾞｨｱﾑ･ﾅﾉ,ベロブラッシーベリーミディアムナノ,15個缶,15,個,ﾊﾟｷｽﾀﾝ,300,,,https://www.mof.go.jp/policy/tab_salt/topics/20240607_kouriteika.pdf,1,高
4714b70a5376f89b,2024-06-07,令和6年6月7日,変更認可,かぎたばこ,ﾍﾞﾛ･ﾌﾞﾘｰｼﾞｰ･ﾏﾝｺﾞｰ･ﾐﾃﾞｨｱﾑ･ﾅﾉ,ベロブリージーマンゴーミディアムナノ,15個缶,15,個,ﾊﾟｷｽﾀﾝ,300,,,https://www.mof.go.jp/policy/tab_salt/topics/20240607_kouriteika.pdf,1,高
0520a58182351525,2024-06-07,令和6年6月7日,変更認可,かぎたばこ,ﾍﾞﾛ･ﾏｲﾃｨｰ･ﾍﾟﾊﾟｰﾐﾝﾄ･ｲﾝﾃﾝｽ･ﾅﾉ,ベロマイティーペパーミントインテンスナノ,15個缶,15,個,ﾊﾟｷｽﾀﾝ,300,,,https://www.mof.go.jp/policy/tab_salt/topics/20240607_kouriteika.pdf,1,高
3d0d024b82b12d27,2024-06-07,令和6年6月7日,変更認可,かぎたばこ,ﾍﾞﾛ･ﾏｲﾃｨｰ･ﾍﾟﾊﾟｰﾐﾝﾄ･ｴｯｸｽｲﾝﾃﾝｽ･ﾅﾉ,ベロマイティーペパーミントエックスインテンスナノ,15個缶,15,個,ﾊﾟｷｽﾀﾝ,320,,,https://www.mof.go.jp/policy/tab_salt/topics/20240607_kouriteika.pdf,1,高
3a2feab97a503476,2024-06-07,令和6年6月7日,変更認可,パイプたばこ,Darkside Basil Blast,DARKSIDEBASILBLAST,100.0g箱,100,g,ﾛｼｱ,4400,4900,2024-06-10,https://www.mof.go.jp/policy/tab_salt/topics/20240607_kouriteikahenkou.pdf,1,高
5b6a9d133d631545,2024-06-07,令和6年6月7日,変更認可,パイプたばこ,Darkside Killer Milk,DARKSIDEKILLERMILK,100.0g箱,100,g,ﾛｼｱ,4400,4900,2024-06-10,https://www.mof.go.jp/policy/tab_salt/topics/20240607_kouriteikahenkou.pdf,1,高
03072419c964a62e,2024-06-07,令和6年6月7日,変更認可,パイプたばこ,Darkside Mango Lassi,DARKSIDEMANGOLASSI,100.0g箱,100,g,ﾛｼｱ,4400,4900,2024-06-10,https://www.mof.go.jp/policy/tab_salt/topics/20240607_kouriteikahenkou.pdf,1,高
54cc17a96964e38c,2024-06-07,令和6年6月7日,変更認可,パイプたばこ,Darkside Raf In The Jungle,DARKSIDERAFINTHEJUNGLE,100.0g箱,100,g,ﾛｼｱ,4400,4900,2024-06-10,https://www.mof.go.jp/policy/tab_salt/topics/20240607_kouriteikahenkou.pdf,1,高
1fe1470dc896679d,2024-06-07,令和6年6月7日,変更認可,パイプたばこ,Darkside Red Tea,DARKSIDEREDTEA,100.0g箱,100,g,ﾛｼｱ,4400,4900,2024-06-10,https://www.mof.go.jp/policy/tab_salt/topics/20240607_kouriteikahenkou.pdf,1,高
f293a863890f4388,2024-06-03,令和6年6月3日,変更認可,葉巻たばこ,MI QUERIDA BLUE ANCHO CORTO,MIQUERIDABLUEANCHOCORTO,125mm 1本,1,本,ﾆｶﾗｸﾞｱ,2000,,,https://www.mof.go.jp/policy/tab_salt/topics/20240603_kouriteika_1.pdf,1,高
e76fe496a53078cd,2024-06-03,令和6年6月3日,変更認可,葉巻たばこ,MI QUERIDA BLUE ANCHO LARGO,MIQUERIDABLUEANCHOLARGO,150mm 1本,1,本,ﾆｶﾗｸﾞｱ,2200,,,https://www.mof.go.jp/policy/tab_salt/topics/20240603_kouriteika_1.pdf,1,高
2ae54512589f82b6,2024-06-03,令和6年6月3日,変更認可,葉巻たばこ,MI QUERIDA BLUE FINO LARGO,MIQUERIDABLUEFINOLARGO,150mm 1本,1,本,ﾆｶﾗｸﾞｱ,2000,,,https://www.mof.go.jp/policy/tab_salt/topics/20240603_kouriteika_1.pdf,1,高
f777eebb89ecb6fa,2024-06-03,令和6年6月3日,変更認可,葉巻たばこ,MI QUERIDA RED NO.552,MIQUERIDAREDNO.552,125mm 1本,1,本,ﾆｶﾗｸﾞｱ,2000,,,https://www.mof.go.jp/policy/tab_salt/topics/20240603_kouriteika_1.pdf,1,高
b69d1875ed85afed,2024-06-03,令和6年6月3日,変更認可,葉巻たばこ,MI QUERIDA RED NO.648,MIQUERIDAREDNO.648,150mm 1本,1,本,ﾆｶﾗｸﾞｱ,2000,,,https://www.mof.go.jp/policy/tab_salt/topics/20240603_kouriteika_1.pdf,1,高
432d6b92e0849054,2024-06-03,令和6年6月3日,変更認可,葉巻たばこ,MI QUERIDA RED NO.652,MIQUERIDAREDNO.652,150mm 1本,1,本,ﾆｶﾗｸﾞｱ,2200,,,https://www.mof.go.jp/policy/tab_salt/topics/20240603_kouriteika_1.pdf,1,高
5ad759590458ed46,2024-06-03,令和6年6月3日,変更認可,葉巻たばこ,Sobremesa Brulee Blue Grand Corona,SOBREMESABRULEEBLUEGRANDCORONA,156mm 1本,1,本,ﾆｶﾗｸﾞｱ,3400,,,https://www.mof.go.jp/policy/tab_salt/topics/20240603_kouriteika_1.pdf,1,高
b0a79aae0c200132,2024-06-03,令和6年6月3日,変更認可,葉巻たばこ,ﾀﾞﾋﾞﾄﾞﾌ ｲﾔｰ ｵﾌﾞ ｺﾚｸｼｮﾝｽﾞ,ダビドフイヤーオブコレクションズ,各種96本箱,96,本,ﾆｶﾗｸﾞｱ,3215000,,,https://www.mof.go.jp/policy/tab_salt/topics/20240603_kouriteika_1.pdf,1,高
10da1a85c88dc601,2024-06-03,令和6年6月3日,変更認可,葉巻たばこ,1492 Jerez Legacy Habano Robusto,1492JEREZLEGACYHABANOROBUSTO,125mm 1本,1,本,ﾆｶﾗｸﾞｱ,1750,,,https://www.mof.go.jp/policy/tab_salt/topics/20240603_kouriteika_2.pdf,1,高
1bf397c880b00a0f,2024-06-03,令和6年6月3日,変更認可,葉巻たばこ,Brisas Del Tisey Petit Toro,BRISASDELTISEYPETITTORO,100mm 1本,1,本,ﾆｶﾗｸﾞｱ,1470,,,https://www.mof.go.jp/policy/tab_salt/topics/20240603_kouriteika_2.pdf,1,高
2c6626defee426cf,2024-06-03,令和6年6月3日,変更認可,葉巻たばこ,Casa Nicaragua L'ART C'EST L'AZULToro,CASANICARAGUAL'ARTC'ESTL'AZULTORO,150mm 1本,1,本,ﾆｶﾗｸﾞｱ,1970,,,https://www.mof.go.jp/policy/tab_salt/topics/20240603_kouriteika_2.pdf,1,高
11924b69ad541320,2024-06-03,令和6年6月3日,変更認可,葉巻たばこ,Casa Nicaragua Serie EsteliRobusto,CASANICARAGUASERIEESTELIROBUSTO,125mm 1本,1,本,ﾆｶﾗｸﾞｱ,1750,,,https://www.mof.go.jp/policy/tab_salt/topics/20240603_kouriteika_2.pdf,1,高
ba4522723d8af06d,2024-06-03,令和6年6月3日,変更認可,葉巻たばこ,El Jornalero Robusto Extra,ELJORNALEROROBUSTOEXTRA,125mm 1本,1,本,ﾆｶﾗｸﾞｱ,1750,,,https://www.mof.go.jp/policy/tab_salt/topics/20240603_kouriteika_2.pdf,1,高
c527467c742fcca8,2024-06-03,令和6年6月3日,変更認可,葉巻たばこ,El Jornalero Toro,ELJORNALEROTORO,150mm 1本,1,本,ﾆｶﾗｸﾞｱ,1890,,,https://www.mof.go.jp/policy/tab_salt/topics/20240603_kouriteika_2.pdf,1,高
54df2077d6e8c5cc,2024-06-03,令和6年6月3日,変更認可,葉巻たばこ,Five B Robusto,FIVEBROBUSTO,125mm 1本,1,本,ﾆｶﾗｸﾞｱ,1750,,,https://www.mof.go.jp/policy/tab_salt/topics/20240603_kouriteika_2.pdf,1,高
18cb964938290700,2024-06-03,令和6年6月3日,変更認可,葉巻たばこ,Five B Toro,FIVEBTORO,150mm 1本,1,本,ﾆｶﾗｸﾞｱ,1900,,,https://www.mof.go.jp/policy/tab_salt/topics/20240603_kouriteika_2.pdf,1,高
0614a7fe4a2d885f,2024-06-03,令和6年6月3日,変更認可,葉巻たばこ,Media Rueda Segundo Petit Corona,MEDIARUEDASEGUNDOPETITCORONA,111mm 1本,1,本,ﾆｶﾗｸﾞｱ,2100,,,https://www.mof.go.jp/policy/tab_salt/topics/20240603_kouriteika_2.pdf,1,高
06915c441f1c088b,2024-06-03,令和6年6月3日,変更認可,葉巻たばこ,Media Rueda Segundo Robusto,MEDIARUEDASEGUNDOROBUSTO,130mm 1本,1,本,ﾆｶﾗｸﾞｱ,1400,,,https://www.mof.go.jp/policy/tab_salt/topics/20240603_kouriteika_2.pdf,1,高
29354f9482e371ef,2024-06-03,令和6年6月3日,変更認可,葉巻たばこ,Paris Midnight Maduro Robusto,PARISMIDNIGHTMADUROROBUSTO,125mm 1本,1,本,ﾆｶﾗｸﾞｱ,1870,,,https://www.mof.go.jp/policy/tab_salt/topics/20240603_kouriteika_2.pdf,1,高
a2f5e3b29dbe7cbe,2024-06-03,令和6年6月3日,変更認可,葉巻たばこ,Paris Midnight Maduro Toro,PARISMIDNIGHTMADUROTORO,150mm 1本,1,本,ﾆｶﾗｸﾞｱ,2000,,,https://www.mof.go.jp/policy/tab_salt/topics/20240603_kouriteika_2.pdf,1,高
3f7c094a59e28da5,2024-06-03,令和6年6月3日,変更認可,加熱式たばこ,ﾃﾘｱ･ﾊｲﾌﾞﾘｯﾄﾞ･ﾊﾟｰﾙ･ｸﾞﾘｰﾝ･ﾌﾙｰﾂ,テリアハイブリッドパールグリーンフルーツ,F45 20ｽﾃｨｯｸﾊｰﾄﾞﾊﾟｯｸ,20,スティック,大韓民国,580,,,https://www.mof.go.jp/policy/tab_salt/topics/20240603_kouriteika_2.pdf,1,高
b07698415f1fcfa0,2024-06-03,令和6年6月3日,変更認可,加熱式たばこ,ﾃﾘｱ･ﾊｲﾌﾞﾘｯﾄﾞ･ﾊﾟｰﾙ･ｽﾑｰｽ･ﾐﾝﾄ,テリアハイブリッドパールスムースミント,F45 20ｽﾃｨｯｸﾊｰﾄﾞﾊﾟｯｸ,20,スティック,大韓民国,580,,,https://www.mof.go.jp/policy/tab_salt/topics/20240603_kouriteika_2.pdf,1,高
b252732938d42dbf,2024-05-30,令和6年5月30日,変更認可,葉巻たばこ,ﾍﾞｸﾞｴﾛｽ･ｾﾝﾄﾛｺﾞﾙﾄﾞｽ,ベグエロスセントロゴルドス,100mm 1本,1,本,ｷｭｰﾊﾞ,2970,3960,2024-06-03,https://www.mof.go.jp/policy/tab_salt/topics/20240530_kouriteikahenkou.pdf,1,高
8395116e29ba8540,2024-05-27,令和6年5月27日,変更認可,パイプたばこ,SAMURAI BLOND ALMOND,SAMURAIBLONDALMOND,100.0gﾊﾟｳﾁ,100,g,ﾖﾙﾀﾞﾝ,4000,,,https://www.mof.go.jp/policy/tab_salt/topics/20240527_kouriteika.pdf,1,高
9eb522187ac87764,2024-05-27,令和6年5月27日,変更認可,パイプたばこ,SAMURAI BLOND ALOE JUICE,SAMURAIBLONDALOEJUICE,100.0gﾊﾟｳﾁ,100,g,ﾖﾙﾀﾞﾝ,4000,,,https://www.mof.go.jp/policy/tab_salt/topics/20240527_kouriteika.pdf,1,高
03e443e60942ce60,2024-05-27,令和6年5月27日,変更認可,パイプたばこ,SAMURAI BLOND ANISSED,SAMURAIBLONDANISSED,100.0gﾊﾟｳﾁ,100,g,ﾖﾙﾀﾞﾝ,4000,,,https://www.mof.go.jp/policy/tab_salt/topics/20240527_kouriteika.pdf,1,高
3682ed151badc629,2024-05-27,令和6年5月27日,変更認可,パイプたばこ,SAMURAI BLOND AOMORI APPLE,SAMURAIBLONDAOMORIAPPLE,100.0gﾊﾟｳﾁ,100,g,ﾖﾙﾀﾞﾝ,4000,,,https://www.mof.go.jp/policy/tab_salt/topics/20240527_kouriteika.pdf,1,高
5013005ed1fecfd7,2024-05-27,令和6年5月27日,変更認可,パイプたばこ,SAMURAI BLOND APRICOT,SAMURAIBLONDAPRICOT,100.0gﾊﾟｳﾁ,100,g,ﾖﾙﾀﾞﾝ,4000,,,https://www.mof.go.jp/policy/tab_salt/topics/20240527_kouriteika.pdf,1,高
f7f27725b813abd7,2024-05-27,令和6年5月27日,変更認可,パイプたばこ,SAMURAI BLOND AVOCADO,SAMURAIBLONDAVOCADO,100.0gﾊﾟｳﾁ,100,g,ﾖﾙﾀﾞﾝ,4000,,,https://www.mof.go.jp/policy/tab_salt/topics/20240527_kouriteika.pdf,1,高
b8e528a3beacd2b4,2024-05-27,令和6年5月27日,変更認可,パイプたばこ,SAMURAI BLOND AZUKI,SAMURAIBLONDAZUKI,100.0gﾊﾟｳﾁ,100,g,ﾖﾙﾀﾞﾝ,4000,,,https://www.mof.go.jp/policy/tab_salt/topics/20240527_kouriteika.pdf,1,高
f8ea8fe2fb462440,2024-05-27,令和6年5月27日,変更認可,パイプたばこ,SAMURAI BLOND BANANA,SAMURAIBLONDBANANA,100.0gﾊﾟｳﾁ,100,g,ﾖﾙﾀﾞﾝ,4000,,,https://www.mof.go.jp/policy/tab_salt/topics/20240527_kouriteika.pdf,1,高
ec959e980169c383,2024-05-27,令和6年5月27日,変更認可,パイプたばこ,SAMURAI BLOND BANANA CUSTARD CAKE,SAMURAIBLONDBANANACUSTARDCAKE,100.0gﾊﾟｳﾁ,100,g,ﾖﾙﾀﾞﾝ,4000,,,https://www.mof.go.jp/policy/tab_salt/topics/20240527_kouriteika.pdf,1,高
fa54f66e7ded40f8,2024-05-27,令和6年5月27日,変更認可,パイプたばこ,SAMURAI BLOND BERRY,SAMURAIBLONDBERRY,100.0gﾊﾟｳﾁ,100,g,ﾖﾙﾀﾞﾝ,4000,,,https://www.mof.go.jp/policy/tab_salt/topics/20240527_kouriteika.pdf,1,高
ac0d8d5da2422918,2024-05-27,令和6年5月27日,変更認可,パイプたばこ,SAMURAI BLOND BIWA,SAMURAIBLONDBIWA,100.0gﾊﾟｳﾁ,100,g,ﾖﾙﾀﾞﾝ,4000,,,https://www.mof.go.jp/policy/tab_salt/topics/20240527_kouriteika.pdf,1,高
ff265f98d2a451e6,2024-05-27,令和6年5月27日,変更認可,パイプたばこ,SAMURAI BLOND BLOOD ORANGE,SAMURAIBLONDBLOODORANGE,100.0gﾊﾟｳﾁ,100,g,ﾖﾙﾀﾞﾝ,4000,,,https://www.mof.go.jp/policy/tab_salt/topics/20240527_kouriteika.pdf,1,高
c3219fc0df62bb0b,2024-05-27,令和6年5月27日,変更認可,パイプたばこ,SAMURAI BLOND BLUE HAWAII,SAMURAIBLONDBLUEHAWAII,100.0gﾊﾟｳﾁ,100,g,ﾖﾙﾀﾞﾝ,4000,,,https://www.mof.go.jp/policy/tab_salt/topics/20240527_kouriteika.pdf,1,高
d371c4503b71622c,2024-05-27,令和6年5月27日,変更認可,パイプたばこ,SAMURAI BLOND BLUE MIST,SAMURAIBLONDBLUEMIST,100.0gﾊﾟｳﾁ,100,g,ﾖﾙﾀﾞﾝ,4000,,,https://www.mof.go.jp/policy/tab_salt/topics/20240527_kouriteika.pdf,1,高
5ff58101eb8132a4,2024-05-27,令和6年5月27日,変更認可,パイプたばこ,SAMURAI BLOND BLUEBERRY CHEESECAKE,SAMURAIBLONDBLUEBERRYCHEESECAKE,100.0gﾊﾟｳﾁ,100,g,ﾖﾙﾀﾞﾝ,4000,,,https://www.mof.go.jp/policy/tab_salt/topics/20240527_kouriteika.pdf,1,高
0417b9c3d93025cd,2024-05-27,令和6年5月27日,変更認可,パイプたばこ,SAMURAI BLOND BLUEBERRY SUPREME,SAMURAIBLONDBLUEBERRYSUPREME,100.0gﾊﾟｳﾁ,100,g,ﾖﾙﾀﾞﾝ,4000,,,https://www.mof.go.jp/policy/tab_salt/topics/20240527_kouriteika.pdf,1,高
22f9d8ba7c04c46e,2024-05-27,令和6年5月27日,変更認可,パイプたばこ,SAMURAI BLOND BLUEBERRY VANILLAICE CREAM,SAMURAIBLONDBLUEBERRYVANILLAICECREAM,100.0gﾊﾟｳﾁ,100,g,ﾖﾙﾀﾞﾝ,4000,,,https://www.mof.go.jp/policy/tab_salt/topics/20240527_kouriteika.pdf,1,高
c0bcba9d45405e8a,2024-05-27,令和6年5月27日,変更認可,パイプたばこ,SAMURAI BLOND BROWN SUGAR,SAMURAIBLONDBROWNSUGAR,100.0gﾊﾟｳﾁ,100,g,ﾖﾙﾀﾞﾝ,4000,,,https://www.mof.go.jp/policy/tab_salt/topics/20240527_kouriteika.pdf,1,高
70eca445afe935d0,2024-05-27,令和6年5月27日,変更認可,パイプたばこ,SAMURAI BLOND BUBBLE GUM,SAMURAIBLONDBUBBLEGUM,100.0gﾊﾟｳﾁ,100,g,ﾖﾙﾀﾞﾝ,4000,,,https://www.mof.go.jp/policy/tab_salt/topics/20240527_kouriteika.pdf,1,高
254468238e76bbb4,2024-05-27,令和6年5月27日,変更認可,パイプたばこ,SAMURAI BLOND BUTTER,SAMURAIBLONDBUTTER,100.0gﾊﾟｳﾁ,100,g,ﾖﾙﾀﾞﾝ,4000,,,https://www.mof.go.jp/policy/tab_salt/topics/20240527_kouriteika.pdf,1,高
028bf91d866d73ec,2024-05-27,令和6年5月27日,変更認可,パイプたばこ,SAMURAI BLOND CACTUS,SAMURAIBLONDCACTUS,100.0gﾊﾟｳﾁ,100,g,ﾖﾙﾀﾞﾝ,4000,,,https://www.mof.go.jp/policy/tab_salt/topics/20240527_kouriteika.pdf,1,高
62e9f9d3a473d34e,2024-05-27,令和6年5月27日,変更認可,パイプたばこ,SAMURAI BLOND CAFE LATTE,SAMURAIBLONDCAFELATTE,100.0gﾊﾟｳﾁ,100,g,ﾖﾙﾀﾞﾝ,4000,,,https://www.mof.go.jp/policy/tab_salt/topics/20240527_kouriteika.pdf,1,高
04c18248749c0d36,2024-05-27,令和6年5月27日,変更認可,パイプたばこ,SAMURAI BLOND CAPPUCCINO,SAMURAIBLONDCAPPUCCINO,100.0gﾊﾟｳﾁ,100,g,ﾖﾙﾀﾞﾝ,4000,,,https://www.mof.go.jp/policy/tab_salt/topics/20240527_kouriteika.pdf,1,高
224bdd5aa3f38a6b,2024-05-27,令和6年5月27日,変更認可,パイプたばこ,SAMURAI BLOND CARAMEL,SAMURAIBLONDCARAMEL,100.0gﾊﾟｳﾁ,100,g,ﾖﾙﾀﾞﾝ,4000,,,https://www.mof.go.jp/policy/tab_salt/topics/20240527_kouriteika.pdf,1,高
6c7bd26982648b83,2024-05-27,令和6年5月27日,変更認可,パイプたばこ,SAMURAI BLOND CASSIS,SAMURAIBLONDCASSIS,100.0gﾊﾟｳﾁ,100,g,ﾖﾙﾀﾞﾝ,4000,,,https://www.mof.go.jp/policy/tab_salt/topics/20240527_kouriteika.pdf,1,高
890ca672e27ebcbf,2024-05-27,令和6年5月27日,変更認可,パイプたばこ,SAMURAI BLOND CHAI,SAMURAIBLONDCHAI,100.0gﾊﾟｳﾁ,100,g,ﾖﾙﾀﾞﾝ,4000,,,https://www.mof.go.jp/policy/tab_salt/topics/20240527_kouriteika.pdf,1,高
707af6becbd904da,2024-05-27,令和6年5月27日,変更認可,パイプたばこ,SAMURAI BLOND CHERRY,SAMURAIBLONDCHERRY,100.0gﾊﾟｳﾁ,100,g,ﾖﾙﾀﾞﾝ,4000,,,https://www.mof.go.jp/policy/tab_salt/topics/20240527_kouriteika.pdf,1,高
c49ef0babd20ec31,2024-05-27,令和6年5月27日,変更認可,パイプたばこ,SAMURAI BLOND CHOCOLATE,SAMURAIBLONDCHOCOLATE,100.0gﾊﾟｳﾁ,100,g,ﾖﾙﾀﾞﾝ,4000,,,https://www.mof.go.jp/policy/tab_salt/topics/20240527_kouriteika.pdf,2,高
262e2f2390929006,2024-05-27,令和6年5月27日,変更認可,パイプたばこ,SAMURAI BLOND CHOCOLATE CAKE,SAMURAIBLONDCHOCOLATECAKE,100.0gﾊﾟｳﾁ,100,g,ﾖﾙﾀﾞﾝ,4000,,,https://www.mof.go.jp/policy/tab_salt/topics/20240527_kouriteika.pdf,2,高
336ebbc83b5a6f3b,2024-05-27,令和6年5月27日,変更認可,パイプたばこ,SAMURAI BLOND CHOCOLATE MINT,SAMURAIBLONDCHOCOLATEMINT,100.0gﾊﾟｳﾁ,100,g,ﾖﾙﾀﾞﾝ,4000,,,https://www.mof.go.jp/policy/tab_salt/topics/20240527_kouriteika.pdf,2,高
e1fcb7ceb1669f9f,2024-05-27,令和6年5月27日,変更認可,パイプたばこ,SAMURAI BLOND CINNAMON,SAMURAIBLONDCINNAMON,100.0gﾊﾟｳﾁ,100,g,ﾖﾙﾀﾞﾝ,4000,,,https://www.mof.go.jp/policy/tab_salt/topics/20240527_kouriteika.pdf,2,高
ff8b407e1c5363dc,2024-05-27,令和6年5月27日,変更認可,パイプたばこ,SAMURAI BLOND COCOA,SAMURAIBLONDCOCOA,100.0gﾊﾟｳﾁ,100,g,ﾖﾙﾀﾞﾝ,4000,,,https://www.mof.go.jp/policy/tab_salt/topics/20240527_kouriteika.pdf,2,高
ad9376a31b6b2b5c,2024-05-27,令和6年5月27日,変更認可,パイプたばこ,SAMURAI BLOND COCONUT,SAMURAIBLONDCOCONUT,100.0gﾊﾟｳﾁ,100,g,ﾖﾙﾀﾞﾝ,4000,,,https://www.mof.go.jp/policy/tab_salt/topics/20240527_kouriteika.pdf,2,高
d623966a97e01c88,2024-05-27,令和6年5月27日,変更認可,パイプたばこ,SAMURAI BLOND COCONUT MILK,SAMURAIBLONDCOCONUTMILK,100.0gﾊﾟｳﾁ,100,g,ﾖﾙﾀﾞﾝ,4000,,,https://www.mof.go.jp/policy/tab_salt/topics/20240527_kouriteika.pdf,2,高
6e5c473aea3591aa,2024-05-27,令和6年5月27日,変更認可,パイプたばこ,SAMURAI BLOND COFFEE,SAMURAIBLONDCOFFEE,100.0gﾊﾟｳﾁ,100,g,ﾖﾙﾀﾞﾝ,4000,,,https://www.mof.go.jp/policy/tab_salt/topics/20240527_kouriteika.pdf,2,高
7285785ef24cf696,2024-05-27,令和6年5月27日,変更認可,パイプたばこ,SAMURAI BLOND COLA,SAMURAIBLONDCOLA,100.0gﾊﾟｳﾁ,100,g,ﾖﾙﾀﾞﾝ,4000,,,https://www.mof.go.jp/policy/tab_salt/topics/20240527_kouriteika.pdf,2,高
b376ec55073605c9,2024-05-27,令和6年5月27日,変更認可,パイプたばこ,SAMURAI BLOND CONDENSED MILK,SAMURAIBLONDCONDENSEDMILK,100.0gﾊﾟｳﾁ,100,g,ﾖﾙﾀﾞﾝ,4000,,,https://www.mof.go.jp/policy/tab_salt/topics/20240527_kouriteika.pdf,2,高
13027db8608942f1,2024-05-27,令和6年5月27日,変更認可,パイプたばこ,SAMURAI BLOND COOKIES,SAMURAIBLONDCOOKIES,100.0gﾊﾟｳﾁ,100,g,ﾖﾙﾀﾞﾝ,4000,,,https://www.mof.go.jp/policy/tab_salt/topics/20240527_kouriteika.pdf,2,高
3cbee2729c14ffd3,2024-05-27,令和6年5月27日,変更認可,パイプたばこ,SAMURAI BLOND COTTON CANDY,SAMURAIBLONDCOTTONCANDY,100.0gﾊﾟｳﾁ,100,g,ﾖﾙﾀﾞﾝ,4000,,,https://www.mof.go.jp/policy/tab_salt/topics/20240527_kouriteika.pdf,2,高
e96e15a5f56a8f24,2024-05-27,令和6年5月27日,変更認可,パイプたばこ,SAMURAI BLOND CUSTARD APPLE,SAMURAIBLONDCUSTARDAPPLE,100.0gﾊﾟｳﾁ,100,g,ﾖﾙﾀﾞﾝ,4000,,,https://www.mof.go.jp/policy/tab_salt/topics/20240527_kouriteika.pdf,2,高
ad46a3d8f3e9c109,2024-05-27,令和6年5月27日,変更認可,パイプたばこ,SAMURAI BLOND DAMASCUS ROSE,SAMURAIBLONDDAMASCUSROSE,100.0gﾊﾟｳﾁ,100,g,ﾖﾙﾀﾞﾝ,4000,,,https://www.mof.go.jp/policy/tab_salt/topics/20240527_kouriteika.pdf,2,高
e64865fef668cea2,2024-05-27,令和6年5月27日,変更認可,パイプたばこ,SAMURAI BLOND DRAGON,SAMURAIBLONDDRAGON,100.0gﾊﾟｳﾁ,100,g,ﾖﾙﾀﾞﾝ,4000,,,https://www.mof.go.jp/policy/tab_salt/topics/20240527_kouriteika.pdf,2,高
57fbe2697880512b,2024-05-27,令和6年5月27日,変更認可,パイプたばこ,SAMURAI BLOND DURIAN,SAMURAIBLONDDURIAN,100.0gﾊﾟｳﾁ,100,g,ﾖﾙﾀﾞﾝ,4000,,,https://www.mof.go.jp/policy/tab_salt/topics/20240527_kouriteika.pdf,2,高
82338095dacac3e1,2024-05-27,令和6年5月27日,変更認可,パイプたばこ,SAMURAI BLOND EARLGREY,SAMURAIBLONDEARLGREY,100.0gﾊﾟｳﾁ,100,g,ﾖﾙﾀﾞﾝ,4000,,,https://www.mof.go.jp/policy/tab_salt/topics/20240527_kouriteika.pdf,2,高
7e8876af7dd228a2,2024-05-27,令和6年5月27日,変更認可,パイプたばこ,SAMURAI BLOND ENERGY DRINK,SAMURAIBLONDENERGYDRINK,100.0gﾊﾟｳﾁ,100,g,ﾖﾙﾀﾞﾝ,4000,,,https://www.mof.go.jp/policy/tab_salt/topics/20240527_kouriteika.pdf,2,高
0287dd99d4425d50,2024-05-27,令和6年5月27日,変更認可,パイプたばこ,SAMURAI BLOND FLORAL,SAMURAIBLONDFLORAL,100.0gﾊﾟｳﾁ,100,g,ﾖﾙﾀﾞﾝ,4000,,,https://www.mof.go.jp/policy/tab_salt/topics/20240527_kouriteika.pdf,2,高
3a3f8458f9e92d9d,2024-05-27,令和6年5月27日,変更認可,パイプたばこ,SAMURAI BLOND FRUIT COLA,SAMURAIBLONDFRUITCOLA,100.0gﾊﾟｳﾁ,100,g,ﾖﾙﾀﾞﾝ,4000,,,https://www.mof.go.jp/policy/tab_salt/topics/20240527_kouriteika.pdf,2,高
b38087e8d5c4ed45,2024-05-27,令和6年5月27日,変更認可,パイプたばこ,SAMURAI BLOND FRUIT SANDWICH,SAMURAIBLONDFRUITSANDWICH,100.0gﾊﾟｳﾁ,100,g,ﾖﾙﾀﾞﾝ,4000,,,https://www.mof.go.jp/policy/tab_salt/topics/20240527_kouriteika.pdf,2,高
b19f0717f7857f55,2024-05-27,令和6年5月27日,変更認可,パイプたばこ,SAMURAI BLOND GINGER,SAMURAIBLONDGINGER,100.0gﾊﾟｳﾁ,100,g,ﾖﾙﾀﾞﾝ,4000,,,https://www.mof.go.jp/policy/tab_salt/topics/20240527_kouriteika.pdf,2,高
f67522f7e92ef654,2024-05-27,令和6年5月27日,変更認可,パイプたばこ,SAMURAI BLOND GRAPE,SAMURAIBLONDGRAPE,100.0gﾊﾟｳﾁ,100,g,ﾖﾙﾀﾞﾝ,4000,,,https://www.mof.go.jp/policy/tab_salt/topics/20240527_kouriteika.pdf,2,高
806a974bc5f10aa3,2024-05-27,令和6年5月27日,変更認可,パイプたばこ,SAMURAI BLOND GRAPEFRUIT,SAMURAIBLONDGRAPEFRUIT,100.0gﾊﾟｳﾁ,100,g,ﾖﾙﾀﾞﾝ,4000,,,https://www.mof.go.jp/policy/tab_salt/topics/20240527_kouriteika.pdf,2,高
7629126197c676c2,2024-05-27,令和6年5月27日,変更認可,パイプたばこ,SAMURAI BLOND GREEN TEA,SAMURAIBLONDGREENTEA,100.0gﾊﾟｳﾁ,100,g,ﾖﾙﾀﾞﾝ,4000,,,https://www.mof.go.jp/policy/tab_salt/topics/20240527_kouriteika.pdf,2,高
5637c99e4d9e3524,2024-05-27,令和6年5月27日,変更認可,パイプたばこ,SAMURAI BLOND GUAVA,SAMURAIBLONDGUAVA,100.0gﾊﾟｳﾁ,100,g,ﾖﾙﾀﾞﾝ,4000,,,https://www.mof.go.jp/policy/tab_salt/topics/20240527_kouriteika.pdf,2,高
c1bc9a2663194c9f,2024-05-27,令和6年5月27日,変更認可,パイプたばこ,SAMURAI BLOND GUM,SAMURAIBLONDGUM,100.0gﾊﾟｳﾁ,100,g,ﾖﾙﾀﾞﾝ,4000,,,https://www.mof.go.jp/policy/tab_salt/topics/20240527_kouriteika.pdf,2,高
affb46ac825aebd9,2024-05-27,令和6年5月27日,変更認可,パイプたばこ,SAMURAI BLOND CHOCOLATE COCONUT,SAMURAIBLONDCHOCOLATECOCONUT,100.0gﾊﾟｳﾁ,100,g,ﾖﾙﾀﾞﾝ,4000,,,https://www.mof.go.jp/policy/tab_salt/topics/20240527_kouriteika.pdf,3,高
c4105b00aa880715,2024-05-27,令和6年5月27日,変更認可,パイプたばこ,SAMURAI BLOND HAKKA,SAMURAIBLONDHAKKA,100.0gﾊﾟｳﾁ,100,g,ﾖﾙﾀﾞﾝ,4000,,,https://www.mof.go.jp/policy/tab_salt/topics/20240527_kouriteika.pdf,3,高
e840e9179f733718,2024-05-27,令和6年5月27日,変更認可,パイプたばこ,SAMURAI BLOND HAZELNUT LATTE,SAMURAIBLONDHAZELNUTLATTE,100.0gﾊﾟｳﾁ,100,g,ﾖﾙﾀﾞﾝ,4000,,,https://www.mof.go.jp/policy/tab_salt/topics/20240527_kouriteika.pdf,3,高
387ac6c1e6e61a80,2024-05-27,令和6年5月27日,変更認可,パイプたばこ,SAMURAI BLOND HOKKAIDO FREEZE,SAMURAIBLONDHOKKAIDOFREEZE,100.0gﾊﾟｳﾁ,100,g,ﾖﾙﾀﾞﾝ,4000,,,https://www.mof.go.jp/policy/tab_salt/topics/20240527_kouriteika.pdf,3,高
4e43d77d31f0bfa0,2024-05-27,令和6年5月27日,変更認可,パイプたばこ,SAMURAI BLOND HONEY,SAMURAIBLONDHONEY,100.0gﾊﾟｳﾁ,100,g,ﾖﾙﾀﾞﾝ,4000,,,https://www.mof.go.jp/policy/tab_salt/topics/20240527_kouriteika.pdf,3,高
e12dbcc7bf62fbf3,2024-05-27,令和6年5月27日,変更認可,パイプたばこ,SAMURAI BLOND HOUJICHA,SAMURAIBLONDHOUJICHA,100.0gﾊﾟｳﾁ,100,g,ﾖﾙﾀﾞﾝ,4000,,,https://www.mof.go.jp/policy/tab_salt/topics/20240527_kouriteika.pdf,3,高
45706c7f14a224d9,2024-05-27,令和6年5月27日,変更認可,パイプたばこ,SAMURAI BLOND JAPANESE BLACK TEA,SAMURAIBLONDJAPANESEBLACKTEA,100.0gﾊﾟｳﾁ,100,g,ﾖﾙﾀﾞﾝ,4000,,,https://www.mof.go.jp/policy/tab_salt/topics/20240527_kouriteika.pdf,3,高
6221a298b54da194,2024-05-27,令和6年5月27日,変更認可,パイプたばこ,SAMURAI BLOND JAPANESE GREEN APPLE,SAMURAIBLONDJAPANESEGREENAPPLE,100.0gﾊﾟｳﾁ,100,g,ﾖﾙﾀﾞﾝ,4000,,,https://www.mof.go.jp/policy/tab_salt/topics/20240527_kouriteika.pdf,3,高
a49f67e06e6449da,2024-05-27,令和6年5月27日,変更認可,パイプたばこ,SAMURAI BLOND JAPANESE TWO APPLES,SAMURAIBLONDJAPANESETWOAPPLES,100.0gﾊﾟｳﾁ,100,g,ﾖﾙﾀﾞﾝ,4000,,,https://www.mof.go.jp/policy/tab_salt/topics/20240527_kouriteika.pdf,3,高
53ae215d90b08ddc,2024-05-27,令和6年5月27日,変更認可,パイプたばこ,SAMURAI BLOND JAPANESE WATERMELON,SAMURAIBLONDJAPANESEWATERMELON,100.0gﾊﾟｳﾁ,100,g,ﾖﾙﾀﾞﾝ,4000,,,https://www.mof.go.jp/policy/tab_salt/topics/20240527_kouriteika.pdf,3,高
17259cb15dda0b0f,2024-05-27,令和6年5月27日,変更認可,パイプたばこ,SAMURAI BLOND JASMINE,SAMURAIBLONDJASMINE,100.0gﾊﾟｳﾁ,100,g,ﾖﾙﾀﾞﾝ,4000,,,https://www.mof.go.jp/policy/tab_salt/topics/20240527_kouriteika.pdf,3,高
9c36599e848c5520,2024-05-27,令和6年5月27日,変更認可,パイプたばこ,SAMURAI BLOND JUNGLE,SAMURAIBLONDJUNGLE,100.0gﾊﾟｳﾁ,100,g,ﾖﾙﾀﾞﾝ,4000,,,https://www.mof.go.jp/policy/tab_salt/topics/20240527_kouriteika.pdf,3,高
0194848a6501bcc3,2024-05-27,令和6年5月27日,変更認可,パイプたばこ,SAMURAI BLOND KAKI,SAMURAIBLONDKAKI,100.0gﾊﾟｳﾁ,100,g,ﾖﾙﾀﾞﾝ,4000,,,https://www.mof.go.jp/policy/tab_salt/topics/20240527_kouriteika.pdf,3,高
3ec16322c6950a8b,2024-05-27,令和6年5月27日,変更認可,パイプたばこ,SAMURAI BLOND KAPPA,SAMURAIBLONDKAPPA,100.0gﾊﾟｳﾁ,100,g,ﾖﾙﾀﾞﾝ,4000,,,https://www.mof.go.jp/policy/tab_salt/topics/20240527_kouriteika.pdf,3,高
b86c887904586960,2024-05-27,令和6年5月27日,変更認可,パイプたばこ,SAMURAI BLOND KATANA,SAMURAIBLONDKATANA,100.0gﾊﾟｳﾁ,100,g,ﾖﾙﾀﾞﾝ,4000,,,https://www.mof.go.jp/policy/tab_salt/topics/20240527_kouriteika.pdf,3,高
f880506c79c4ce36,2024-05-27,令和6年5月27日,変更認可,パイプたばこ,SAMURAI BLOND KINMOKUSEI,SAMURAIBLONDKINMOKUSEI,100.0gﾊﾟｳﾁ,100,g,ﾖﾙﾀﾞﾝ,4000,,,https://www.mof.go.jp/policy/tab_salt/topics/20240527_kouriteika.pdf,3,高
aaa7bbdae178f118,2024-05-27,令和6年5月27日,変更認可,パイプたばこ,SAMURAI BLOND KIWI,SAMURAIBLONDKIWI,100.0gﾊﾟｳﾁ,100,g,ﾖﾙﾀﾞﾝ,4000,,,https://www.mof.go.jp/policy/tab_salt/topics/20240527_kouriteika.pdf,3,高
6fcc7a3a0dce5cf0,2024-05-27,令和6年5月27日,変更認可,パイプたばこ,SAMURAI BLOND KURO GOMA,SAMURAIBLONDKUROGOMA,100.0gﾊﾟｳﾁ,100,g,ﾖﾙﾀﾞﾝ,4000,,,https://www.mof.go.jp/policy/tab_salt/topics/20240527_kouriteika.pdf,3,高
56219c45fc6213bc,2024-05-27,令和6年5月27日,変更認可,パイプたばこ,SAMURAI BLOND KYOHO,SAMURAIBLONDKYOHO,100.0gﾊﾟｳﾁ,100,g,ﾖﾙﾀﾞﾝ,4000,,,https://www.mof.go.jp/policy/tab_salt/topics/20240527_kouriteika.pdf,3,高
e55391ea45644de2,2024-05-27,令和6年5月27日,変更認可,パイプたばこ,SAMURAI BLOND LADY KILLER,SAMURAIBLONDLADYKILLER,100.0gﾊﾟｳﾁ,100,g,ﾖﾙﾀﾞﾝ,4000,,,https://www.mof.go.jp/policy/tab_salt/topics/20240527_kouriteika.pdf,3,高
c66e57176b7fa8d2,2024-05-27,令和6年5月27日,変更認可,パイプたばこ,SAMURAI BLOND LASSI,SAMURAIBLONDLASSI,100.0gﾊﾟｳﾁ,100,g,ﾖﾙﾀﾞﾝ,4000,,,https://www.mof.go.jp/policy/tab_salt/topics/20240527_kouriteika.pdf,3,高
58e67e8e5397f957,2024-05-27,令和6年5月27日,変更認可,パイプたばこ,SAMURAI BLOND LAVENDER,SAMURAIBLONDLAVENDER,100.0gﾊﾟｳﾁ,100,g,ﾖﾙﾀﾞﾝ,4000,,,https://www.mof.go.jp/policy/tab_salt/topics/20240527_kouriteika.pdf,3,高
9405df9aeb27458b,2024-05-27,令和6年5月27日,変更認可,パイプたばこ,SAMURAI BLOND LEMON,SAMURAIBLONDLEMON,100.0gﾊﾟｳﾁ,100,g,ﾖﾙﾀﾞﾝ,4000,,,https://www.mof.go.jp/policy/tab_salt/topics/20240527_kouriteika.pdf,3,高
cd9aba0440193f49,2024-05-27,令和6年5月27日,変更認可,パイプたばこ,SAMURAI BLOND LEMON CAKE,SAMURAIBLONDLEMONCAKE,100.0gﾊﾟｳﾁ,100,g,ﾖﾙﾀﾞﾝ,4000,,,https://www.mof.go.jp/policy/tab_salt/topics/20240527_kouriteika.pdf,3,高
997abbdfb8e269ef,2024-05-27,令和6年5月27日,変更認可,パイプたばこ,SAMURAI BLOND LEMONGRASS,SAMURAIBLONDLEMONGRASS,100.0gﾊﾟｳﾁ,100,g,ﾖﾙﾀﾞﾝ,4000,,,https://www.mof.go.jp/policy/tab_salt/topics/20240527_kouriteika.pdf,3,高
71f7100cf81f8053,2024-05-27,令和6年5月27日,変更認可,パイプたばこ,SAMURAI BLOND LIME,SAMURAIBLONDLIME,100.0gﾊﾟｳﾁ,100,g,ﾖﾙﾀﾞﾝ,4000,,,https://www.mof.go.jp/policy/tab_salt/topics/20240527_kouriteika.pdf,3,高
66bbc256d0e02a73,2024-05-27,令和6年5月27日,変更認可,パイプたばこ,SAMURAI BLOND LIQUORICE,SAMURAIBLONDLIQUORICE,100.0gﾊﾟｳﾁ,100,g,ﾖﾙﾀﾞﾝ,4000,,,https://www.mof.go.jp/policy/tab_salt/topics/20240527_kouriteika.pdf,3,高
7da05e7a3fd46b85,2024-05-27,令和6年5月27日,変更認可,パイプたばこ,SAMURAI BLOND HOKKAIDO MILK,SAMURAIBLONDHOKKAIDOMILK,100.0gﾊﾟｳﾁ,100,g,ﾖﾙﾀﾞﾝ,4000,,,https://www.mof.go.jp/policy/tab_salt/topics/20240527_kouriteika.pdf,4,高
9fd6acc072eb4a9c,2024-05-27,令和6年5月27日,変更認可,パイプたばこ,SAMURAI BLOND LOVE,SAMURAIBLONDLOVE,100.0gﾊﾟｳﾁ,100,g,ﾖﾙﾀﾞﾝ,4000,,,https://www.mof.go.jp/policy/tab_salt/topics/20240527_kouriteika.pdf,4,高
1ec098cdcd7f82d4,2024-05-27,令和6年5月27日,変更認可,パイプたばこ,SAMURAI BLOND LYCHEE,SAMURAIBLONDLYCHEE,100.0gﾊﾟｳﾁ,100,g,ﾖﾙﾀﾞﾝ,4000,,,https://www.mof.go.jp/policy/tab_salt/topics/20240527_kouriteika.pdf,4,高
0a7057531f7563e9,2024-05-27,令和6年5月27日,変更認可,パイプたばこ,SAMURAI BLOND MARON,SAMURAIBLONDMARON,100.0gﾊﾟｳﾁ,100,g,ﾖﾙﾀﾞﾝ,4000,,,https://www.mof.go.jp/policy/tab_salt/topics/20240527_kouriteika.pdf,4,高
96b94dab6f77e90c,2024-05-27,令和6年5月27日,変更認可,パイプたばこ,SAMURAI BLOND MATCHA,SAMURAIBLONDMATCHA,100.0gﾊﾟｳﾁ,100,g,ﾖﾙﾀﾞﾝ,4000,,,https://www.mof.go.jp/policy/tab_salt/topics/20240527_kouriteika.pdf,4,高
ed130e3f4722ff36,2024-05-27,令和6年5月27日,変更認可,パイプたばこ,SAMURAI BLOND MATCHA SHAKE,SAMURAIBLONDMATCHASHAKE,100.0gﾊﾟｳﾁ,100,g,ﾖﾙﾀﾞﾝ,4000,,,https://www.mof.go.jp/policy/tab_salt/topics/20240527_kouriteika.pdf,4,高
77821b5816d4eb9d,2024-05-27,令和6年5月27日,変更認可,パイプたばこ,SAMURAI BLOND MELON PAN,SAMURAIBLONDMELONPAN,100.0gﾊﾟｳﾁ,100,g,ﾖﾙﾀﾞﾝ,4000,,,https://www.mof.go.jp/policy/tab_salt/topics/20240527_kouriteika.pdf,4,高
6c51df824ce5848f,2024-05-27,令和6年5月27日,変更認可,パイプたばこ,SAMURAI BLOND MILK CHOCOLATE,SAMURAIBLONDMILKCHOCOLATE,100.0gﾊﾟｳﾁ,100,g,ﾖﾙﾀﾞﾝ,4000,,,https://www.mof.go.jp/policy/tab_salt/topics/20240527_kouriteika.pdf,4,高
40f2b1b45c41c5d4,2024-05-27,令和6年5月27日,変更認可,パイプたばこ,SAMURAI BLOND MILK TEA,SAMURAIBLONDMILKTEA,100.0gﾊﾟｳﾁ,100,g,ﾖﾙﾀﾞﾝ,4000,,,https://www.mof.go.jp/policy/tab_salt/topics/20240527_kouriteika.pdf,4,高
fa24351149e01d65,2024-05-27,令和6年5月27日,変更認可,パイプたばこ,SAMURAI BLOND MINT,SAMURAIBLONDMINT,100.0gﾊﾟｳﾁ,100,g,ﾖﾙﾀﾞﾝ,4000,,,https://www.mof.go.jp/policy/tab_salt/topics/20240527_kouriteika.pdf,4,高
40ad57c27279451c,2024-05-27,令和6年5月27日,変更認可,パイプたばこ,SAMURAI BLOND MIX FRUIT,SAMURAIBLONDMIXFRUIT,100.0gﾊﾟｳﾁ,100,g,ﾖﾙﾀﾞﾝ,4000,,,https://www.mof.go.jp/policy/tab_salt/topics/20240527_kouriteika.pdf,4,高
6b017d231b0abf89,2024-05-27,令和6年5月27日,変更認可,パイプたばこ,SAMURAI BLOND MIYAZAKI MANGO,SAMURAIBLONDMIYAZAKIMANGO,100.0gﾊﾟｳﾁ,100,g,ﾖﾙﾀﾞﾝ,4000,,,https://www.mof.go.jp/policy/tab_salt/topics/20240527_kouriteika.pdf,4,高
beefc382bd268d75,2024-05-27,令和6年5月27日,変更認可,パイプたばこ,SAMURAI BLOND MOJITO,SAMURAIBLONDMOJITO,100.0gﾊﾟｳﾁ,100,g,ﾖﾙﾀﾞﾝ,4000,,,https://www.mof.go.jp/policy/tab_salt/topics/20240527_kouriteika.pdf,4,高
7bda433ea525c92d,2024-05-27,令和6年5月27日,変更認可,パイプたばこ,SAMURAI BLOND MT.FUJI,SAMURAIBLONDMT.FUJI,100.0gﾊﾟｳﾁ,100,g,ﾖﾙﾀﾞﾝ,4000,,,https://www.mof.go.jp/policy/tab_salt/topics/20240527_kouriteika.pdf,4,高
56c2261c8a2c3dc2,2024-05-27,令和6年5月27日,変更認可,パイプたばこ,SAMURAI BLOND MUSASHINO,SAMURAIBLONDMUSASHINO,100.0gﾊﾟｳﾁ,100,g,ﾖﾙﾀﾞﾝ,4000,,,https://www.mof.go.jp/policy/tab_salt/topics/20240527_kouriteika.pdf,4,高
d74091acbfa379e1,2024-05-27,令和6年5月27日,変更認可,パイプたばこ,SAMURAI BLOND MUSCAT,SAMURAIBLONDMUSCAT,100.0gﾊﾟｳﾁ,100,g,ﾖﾙﾀﾞﾝ,4000,,,https://www.mof.go.jp/policy/tab_salt/topics/20240527_kouriteika.pdf,4,高
526797145ffb6e77,2024-05-27,令和6年5月27日,変更認可,パイプたばこ,SAMURAI BLOND MZ LEMON,SAMURAIBLONDMZLEMON,100.0gﾊﾟｳﾁ,100,g,ﾖﾙﾀﾞﾝ,4000,,,https://www.mof.go.jp/policy/tab_salt/topics/20240527_kouriteika.pdf,4,高
a53afc9af812e933,2024-05-27,令和6年5月27日,変更認可,パイプたばこ,SAMURAI BLOND MZ MINT,SAMURAIBLONDMZMINT,100.0gﾊﾟｳﾁ,100,g,ﾖﾙﾀﾞﾝ,4000,,,https://www.mof.go.jp/policy/tab_salt/topics/20240527_kouriteika.pdf,4,高
2fdfe7e9319b8f7a,2024-05-27,令和6年5月27日,変更認可,パイプたばこ,SAMURAI BLOND NAKAMA,SAMURAIBLONDNAKAMA,100.0gﾊﾟｳﾁ,100,g,ﾖﾙﾀﾞﾝ,4000,,,https://www.mof.go.jp/policy/tab_salt/topics/20240527_kouriteika.pdf,4,高
ec38bd169ff78dcc,2024-05-27,令和6年5月27日,変更認可,パイプたばこ,SAMURAI BLOND NAMA CREAM,SAMURAIBLONDNAMACREAM,100.0gﾊﾟｳﾁ,100,g,ﾖﾙﾀﾞﾝ,4000,,,https://www.mof.go.jp/policy/tab_salt/topics/20240527_kouriteika.pdf,4,高
1337b5d5164dae22,2024-05-27,令和6年5月27日,変更認可,パイプたばこ,SAMURAI BLOND OISHI CARDAMOM,SAMURAIBLONDOISHICARDAMOM,100.0gﾊﾟｳﾁ,100,g,ﾖﾙﾀﾞﾝ,4000,,,https://www.mof.go.jp/policy/tab_salt/topics/20240527_kouriteika.pdf,4,高
890f552d2dc65a2b,2024-05-27,令和6年5月27日,変更認可,パイプたばこ,SAMURAI BLOND OKINAWA PINEAPPLE,SAMURAIBLONDOKINAWAPINEAPPLE,100.0gﾊﾟｳﾁ,100,g,ﾖﾙﾀﾞﾝ,4000,,,https://www.mof.go.jp/policy/tab_salt/topics/20240527_kouriteika.pdf,4,高
657bd93216075b47,2024-05-27,令和6年5月27日,変更認可,パイプたばこ,SAMURAI BLOND OOLONG TEA,SAMURAIBLONDOOLONGTEA,100.0gﾊﾟｳﾁ,100,g,ﾖﾙﾀﾞﾝ,4000,,,https://www.mof.go.jp/policy/tab_salt/topics/20240527_kouriteika.pdf,4,高
82cb03f4f7f4d85b,2024-05-27,令和6年5月27日,変更認可,パイプたばこ,SAMURAI BLOND ORANGE,SAMURAIBLONDORANGE,100.0gﾊﾟｳﾁ,100,g,ﾖﾙﾀﾞﾝ,4000,,,https://www.mof.go.jp/policy/tab_salt/topics/20240527_kouriteika.pdf,4,高
4db86df3df31347c,2024-05-27,令和6年5月27日,変更認可,パイプたばこ,SAMURAI BLOND ORIENTAL FLOWER,SAMURAIBLONDORIENTALFLOWER,100.0gﾊﾟｳﾁ,100,g,ﾖﾙﾀﾞﾝ,4000,,,https://www.mof.go.jp/policy/tab_salt/topics/20240527_kouriteika.pdf,4,高
a650ae2163a6c4f0,2024-05-27,令和6年5月27日,変更認可,パイプたばこ,SAMURAI BLOND OSAKA BREEZE,SAMURAIBLONDOSAKABREEZE,100.0gﾊﾟｳﾁ,100,g,ﾖﾙﾀﾞﾝ,4000,,,https://www.mof.go.jp/policy/tab_salt/topics/20240527_kouriteika.pdf,4,高
ed13fc6bb952d1e7,2024-05-27,令和6年5月27日,変更認可,パイプたばこ,SAMURAI BLOND OTERA,SAMURAIBLONDOTERA,100.0gﾊﾟｳﾁ,100,g,ﾖﾙﾀﾞﾝ,4000,,,https://www.mof.go.jp/policy/tab_salt/topics/20240527_kouriteika.pdf,4,高
d4c14a670b63628f,2024-05-27,令和6年5月27日,変更認可,パイプたばこ,SAMURAI BLOND MARGARITA,SAMURAIBLONDMARGARITA,100.0gﾊﾟｳﾁ,100,g,ﾖﾙﾀﾞﾝ,4000,,,https://www.mof.go.jp/policy/tab_salt/topics/20240527_kouriteika.pdf,5,高
4b06ff09a2497a84,2024-05-27,令和6年5月27日,変更認可,パイプたばこ,SAMURAI BLOND MELON SODA,SAMURAIBLONDMELONSODA,100.0gﾊﾟｳﾁ,100,g,ﾖﾙﾀﾞﾝ,4000,,,https://www.mof.go.jp/policy/tab_salt/topics/20240527_kouriteika.pdf,5,高
af1fea1bede74f2f,2024-05-27,令和6年5月27日,変更認可,パイプたばこ,SAMURAI BLOND PAAN,SAMURAIBLONDPAAN,100.0gﾊﾟｳﾁ,100,g,ﾖﾙﾀﾞﾝ,4000,,,https://www.mof.go.jp/policy/tab_salt/topics/20240527_kouriteika.pdf,5,高
80d4cdd2fc46723a,2024-05-27,令和6年5月27日,変更認可,パイプたばこ,SAMURAI BLOND PAN MASALA,SAMURAIBLONDPANMASALA,100.0gﾊﾟｳﾁ,100,g,ﾖﾙﾀﾞﾝ,4000,,,https://www.mof.go.jp/policy/tab_salt/topics/20240527_kouriteika.pdf,5,高
d225663500422993,2024-05-27,令和6年5月27日,変更認可,パイプたばこ,SAMURAI BLOND PAN RAS,SAMURAIBLONDPANRAS,100.0gﾊﾟｳﾁ,100,g,ﾖﾙﾀﾞﾝ,4000,,,https://www.mof.go.jp/policy/tab_salt/topics/20240527_kouriteika.pdf,5,高
c4fc3f4fdb4569e8,2024-05-27,令和6年5月27日,変更認可,パイプたばこ,SAMURAI BLOND PAN RASNA,SAMURAIBLONDPANRASNA,100.0gﾊﾟｳﾁ,100,g,ﾖﾙﾀﾞﾝ,4000,,,https://www.mof.go.jp/policy/tab_salt/topics/20240527_kouriteika.pdf,5,高
f8d59e8e1a7532c5,2024-05-27,令和6年5月27日,変更認可,パイプたばこ,SAMURAI BLOND PAPAYA,SAMURAIBLONDPAPAYA,100.0gﾊﾟｳﾁ,100,g,ﾖﾙﾀﾞﾝ,4000,,,https://www.mof.go.jp/policy/tab_salt/topics/20240527_kouriteika.pdf,5,高
9fc5b8f63591000b,2024-05-27,令和6年5月27日,変更認可,パイプたばこ,SAMURAI BLOND PASSIONFRUIT,SAMURAIBLONDPASSIONFRUIT,100.0gﾊﾟｳﾁ,100,g,ﾖﾙﾀﾞﾝ,4000,,,https://www.mof.go.jp/policy/tab_salt/topics/20240527_kouriteika.pdf,5,高
20bd6b0a0e2f559c,2024-05-27,令和6年5月27日,変更認可,パイプたばこ,SAMURAI BLOND PEACH,SAMURAIBLONDPEACH,100.0gﾊﾟｳﾁ,100,g,ﾖﾙﾀﾞﾝ,4000,,,https://www.mof.go.jp/policy/tab_salt/topics/20240527_kouriteika.pdf,5,高
11b1432034539c80,2024-05-27,令和6年5月27日,変更認可,パイプたばこ,SAMURAI BLOND PEPPERMINT,SAMURAIBLONDPEPPERMINT,100.0gﾊﾟｳﾁ,100,g,ﾖﾙﾀﾞﾝ,4000,,,https://www.mof.go.jp/policy/tab_salt/topics/20240527_kouriteika.pdf,5,高
71f8af61ae41acb6,2024-05-27,令和6年5月27日,変更認可,パイプたばこ,SAMURAI BLOND PINA COLADA,SAMURAIBLONDPINACOLADA,100.0gﾊﾟｳﾁ,100,g,ﾖﾙﾀﾞﾝ,4000,,,https://www.mof.go.jp/policy/tab_salt/topics/20240527_kouriteika.pdf,5,高
f28b14247fdab742,2024-05-27,令和6年5月27日,変更認可,パイプたばこ,SAMURAI BLOND PLUM,SAMURAIBLONDPLUM,100.0gﾊﾟｳﾁ,100,g,ﾖﾙﾀﾞﾝ,4000,,,https://www.mof.go.jp/policy/tab_salt/topics/20240527_kouriteika.pdf,5,高
cd348becb324474f,2024-05-27,令和6年5月27日,変更認可,パイプたばこ,SAMURAI BLOND POMEGRANATE,SAMURAIBLONDPOMEGRANATE,100.0gﾊﾟｳﾁ,100,g,ﾖﾙﾀﾞﾝ,4000,,,https://www.mof.go.jp/policy/tab_salt/topics/20240527_kouriteika.pdf,5,高
f680cddf99b4f34d,2024-05-27,令和6年5月27日,変更認可,パイプたばこ,SAMURAI BLOND PUDDING,SAMURAIBLONDPUDDING,100.0gﾊﾟｳﾁ,100,g,ﾖﾙﾀﾞﾝ,4000,,,https://www.mof.go.jp/policy/tab_salt/topics/20240527_kouriteika.pdf,5,高
135e5caca402e386,2024-05-27,令和6年5月27日,変更認可,パイプたばこ,SAMURAI BLOND RASPBERRY,SAMURAIBLONDRASPBERRY,100.0gﾊﾟｳﾁ,100,g,ﾖﾙﾀﾞﾝ,4000,,,https://www.mof.go.jp/policy/tab_salt/topics/20240527_kouriteika.pdf,5,高
03d2ef71085b68a0,2024-05-27,令和6年5月27日,変更認可,パイプたばこ,SAMURAI BLOND RED CURRENT,SAMURAIBLONDREDCURRENT,100.0gﾊﾟｳﾁ,100,g,ﾖﾙﾀﾞﾝ,4000,,,https://www.mof.go.jp/policy/tab_salt/topics/20240527_kouriteika.pdf,5,高
eccfeda498bcea01,2024-05-27,令和6年5月27日,変更認可,パイプたばこ,SAMURAI BLOND SAFARI,SAMURAIBLONDSAFARI,100.0gﾊﾟｳﾁ,100,g,ﾖﾙﾀﾞﾝ,4000,,,https://www.mof.go.jp/policy/tab_salt/topics/20240527_kouriteika.pdf,5,高
390cfae0b98d3d06,2024-05-27,令和6年5月27日,変更認可,パイプたばこ,SAMURAI BLOND SAIKOU,SAMURAIBLONDSAIKOU,100.0gﾊﾟｳﾁ,100,g,ﾖﾙﾀﾞﾝ,4000,,,https://www.mof.go.jp/policy/tab_salt/topics/20240527_kouriteika.pdf,5,高
f29dd0da9ad052ab,2024-05-27,令和6年5月27日,変更認可,パイプたばこ,SAMURAI BLOND SAKURA,SAMURAIBLONDSAKURA,100.0gﾊﾟｳﾁ,100,g,ﾖﾙﾀﾞﾝ,4000,,,https://www.mof.go.jp/policy/tab_salt/topics/20240527_kouriteika.pdf,5,高
38632acd4e3987b8,2024-05-27,令和6年5月27日,変更認可,パイプたばこ,SAMURAI BLOND SALAP,SAMURAIBLONDSALAP,100.0gﾊﾟｳﾁ,100,g,ﾖﾙﾀﾞﾝ,4000,,,https://www.mof.go.jp/policy/tab_salt/topics/20240527_kouriteika.pdf,5,高
f1875a80c85e6d13,2024-05-27,令和6年5月27日,変更認可,パイプたばこ,SAMURAI BLOND SHISO,SAMURAIBLONDSHISO,100.0gﾊﾟｳﾁ,100,g,ﾖﾙﾀﾞﾝ,4000,,,https://www.mof.go.jp/policy/tab_salt/topics/20240527_kouriteika.pdf,5,高
ab5543639e3f8ec4,2024-05-27,令和6年5月27日,変更認可,パイプたばこ,SAMURAI BLOND SHOGUN,SAMURAIBLONDSHOGUN,100.0gﾊﾟｳﾁ,100,g,ﾖﾙﾀﾞﾝ,4000,,,https://www.mof.go.jp/policy/tab_salt/topics/20240527_kouriteika.pdf,5,高
9315b83952193101,2024-05-27,令和6年5月27日,変更認可,パイプたばこ,SAMURAI BLOND SOY MILK,SAMURAIBLONDSOYMILK,100.0gﾊﾟｳﾁ,100,g,ﾖﾙﾀﾞﾝ,4000,,,https://www.mof.go.jp/policy/tab_salt/topics/20240527_kouriteika.pdf,5,高
24e26d81a763f32f,2024-05-27,令和6年5月27日,変更認可,パイプたばこ,SAMURAI BLOND SPICY MILK,SAMURAIBLONDSPICYMILK,100.0gﾊﾟｳﾁ,100,g,ﾖﾙﾀﾞﾝ,4000,,,https://www.mof.go.jp/policy/tab_salt/topics/20240527_kouriteika.pdf,5,高
803906fcb52f0734,2024-05-27,令和6年5月27日,変更認可,パイプたばこ,SAMURAI BLOND SUDACHI,SAMURAIBLONDSUDACHI,100.0gﾊﾟｳﾁ,100,g,ﾖﾙﾀﾞﾝ,4000,,,https://www.mof.go.jp/policy/tab_salt/topics/20240527_kouriteika.pdf,5,高
c1e29809f92a96db,2024-05-27,令和6年5月27日,変更認可,パイプたばこ,SAMURAI BLOND SWEET MINT,SAMURAIBLONDSWEETMINT,100.0gﾊﾟｳﾁ,100,g,ﾖﾙﾀﾞﾝ,4000,,,https://www.mof.go.jp/policy/tab_salt/topics/20240527_kouriteika.pdf,5,高
074bb58a958dc0b6,2024-05-27,令和6年5月27日,変更認可,パイプたばこ,SAMURAI BLOND TIRAMISU,SAMURAIBLONDTIRAMISU,100.0gﾊﾟｳﾁ,100,g,ﾖﾙﾀﾞﾝ,4000,,,https://www.mof.go.jp/policy/tab_salt/topics/20240527_kouriteika.pdf,5,高
5280a87d31574e77,2024-05-27,令和6年5月27日,変更認可,パイプたばこ,SAMURAI BLOND APPLE CIDER,SAMURAIBLONDAPPLECIDER,100.0gﾊﾟｳﾁ,100,g,ﾖﾙﾀﾞﾝ,4000,,,https://www.mof.go.jp/policy/tab_salt/topics/20240527_kouriteika.pdf,6,高
0822dceb9780c2e1,2024-05-27,令和6年5月27日,変更認可,パイプたばこ,SAMURAI BLOND BOMBSHELL POWER,SAMURAIBLONDBOMBSHELLPOWER,100.0gﾊﾟｳﾁ,100,g,ﾖﾙﾀﾞﾝ,4000,,,https://www.mof.go.jp/policy/tab_salt/topics/20240527_kouriteika.pdf,6,高
e7a7eb610650cc1d,2024-05-27,令和6年5月27日,変更認可,パイプたばこ,SAMURAI BLOND LEMON SODA,SAMURAIBLONDLEMONSODA,100.0gﾊﾟｳﾁ,100,g,ﾖﾙﾀﾞﾝ,4000,,,https://www.mof.go.jp/policy/tab_salt/topics/20240527_kouriteika.pdf,6,高
1278888ec9b2d7e7,2024-05-27,令和6年5月27日,変更認可,パイプたばこ,SAMURAI BLOND PISTACHIO,SAMURAIBLONDPISTACHIO,100.0gﾊﾟｳﾁ,100,g,ﾖﾙﾀﾞﾝ,4000,,,https://www.mof.go.jp/policy/tab_salt/topics/20240527_kouriteika.pdf,6,高
5ad60f75b4ce3878,2024-05-27,令和6年5月27日,変更認可,パイプたばこ,SAMURAI BLOND TOUCHIGI STRAWBERRY,SAMURAIBLONDTOUCHIGISTRAWBERRY,100.0gﾊﾟｳﾁ,100,g,ﾖﾙﾀﾞﾝ,4000,,,https://www.mof.go.jp/policy/tab_salt/topics/20240527_kouriteika.pdf,6,高
e39f89b168185d22,2024-05-27,令和6年5月27日,変更認可,パイプたばこ,SAMURAI BLOND UME,SAMURAIBLONDUME,100.0gﾊﾟｳﾁ,100,g,ﾖﾙﾀﾞﾝ,4000,,,https://www.mof.go.jp/policy/tab_salt/topics/20240527_kouriteika.pdf,6,高
1ae7bfa6fbeb27b9,2024-05-27,令和6年5月27日,変更認可,パイプたばこ,SAMURAI BLOND UME BLOSSOM,SAMURAIBLONDUMEBLOSSOM,100.0gﾊﾟｳﾁ,100,g,ﾖﾙﾀﾞﾝ,4000,,,https://www.mof.go.jp/policy/tab_salt/topics/20240527_kouriteika.pdf,6,高
71ebfffc9477a72a,2024-05-27,令和6年5月27日,変更認可,パイプたばこ,SAMURAI BLOND VANILLA,SAMURAIBLONDVANILLA,100.0gﾊﾟｳﾁ,100,g,ﾖﾙﾀﾞﾝ,4000,,,https://www.mof.go.jp/policy/tab_salt/topics/20240527_kouriteika.pdf,6,高
cd0d125ec6d1a77c,2024-05-27,令和6年5月27日,変更認可,パイプたばこ,SAMURAI BLOND VINILLA ICE CREAM,SAMURAIBLONDVINILLAICECREAM,100.0gﾊﾟｳﾁ,100,g,ﾖﾙﾀﾞﾝ,4000,,,https://www.mof.go.jp/policy/tab_salt/topics/20240527_kouriteika.pdf,6,高
f9320f8778613dd8,2024-05-27,令和6年5月27日,変更認可,パイプたばこ,SAMURAI BLOND WANASHI,SAMURAIBLONDWANASHI,100.0gﾊﾟｳﾁ,100,g,ﾖﾙﾀﾞﾝ,4000,,,https://www.mof.go.jp/policy/tab_salt/topics/20240527_kouriteika.pdf,6,高
2d1023709f6c5f80,2024-05-27,令和6年5月27日,変更認可,パイプたばこ,SAMURAI BLOND WHITE PEACH,SAMURAIBLONDWHITEPEACH,100.0gﾊﾟｳﾁ,100,g,ﾖﾙﾀﾞﾝ,4000,,,https://www.mof.go.jp/policy/tab_salt/topics/20240527_kouriteika.pdf,6,高
5d64edf663ecbac0,2024-05-27,令和6年5月27日,変更認可,パイプたばこ,SAMURAI BLOND WINTER GREEN,SAMURAIBLONDWINTERGREEN,100.0gﾊﾟｳﾁ,100,g,ﾖﾙﾀﾞﾝ,4000,,,https://www.mof.go.jp/policy/tab_salt/topics/20240527_kouriteika.pdf,6,高
1734e8fef34e9dc9,2024-05-27,令和6年5月27日,変更認可,パイプたばこ,SAMURAI BLOND YAKIMO,SAMURAIBLONDYAKIMO,100.0gﾊﾟｳﾁ,100,g,ﾖﾙﾀﾞﾝ,4000,,,https://www.mof.go.jp/policy/tab_salt/topics/20240527_kouriteika.pdf,6,高
7c8ce74032484a0e,2024-05-27,令和6年5月27日,変更認可,パイプたばこ,SAMURAI BLOND YUBARI MELON,SAMURAIBLONDYUBARIMELON,100.0gﾊﾟｳﾁ,100,g,ﾖﾙﾀﾞﾝ,4000,,,https://www.mof.go.jp/policy/tab_salt/topics/20240527_kouriteika.pdf,6,高
31774dfdf58d2489,2024-05-27,令和6年5月27日,変更認可,パイプたばこ,SAMURAI BLOND YUZU,SAMURAIBLONDYUZU,100.0gﾊﾟｳﾁ,100,g,ﾖﾙﾀﾞﾝ,4000,,,https://www.mof.go.jp/policy/tab_salt/topics/20240527_kouriteika.pdf,6,高
30f6e4d10f237069,2024-05-22,令和6年5月22日,変更認可,パイプたばこ,"Azure hookah tobacco, Black LineBlack Berry","AZUREHOOKAHTOBACCO,BLACKLINEBLACKBERRY",100.0gﾊﾟｳﾁ,100,g,ｱﾒﾘｶ合衆国,3500,,,https://www.mof.go.jp/policy/tab_salt/topics/20240522_kouriteika.pdf,1,高
50def8933d20f19b,2024-05-22,令和6年5月22日,変更認可,パイプたばこ,"Azure hookah tobacco, Black LineCherry Coke","AZUREHOOKAHTOBACCO,BLACKLINECHERRYCOKE",100.0gﾊﾟｳﾁ,100,g,ｱﾒﾘｶ合衆国,3500,,,https://www.mof.go.jp/policy/tab_salt/topics/20240522_kouriteika.pdf,1,高
958b025c13e35d3f,2024-05-22,令和6年5月22日,変更認可,パイプたばこ,"Azure hookah tobacco, Black LineDown Under","AZUREHOOKAHTOBACCO,BLACKLINEDOWNUNDER",100.0gﾊﾟｳﾁ,100,g,ｱﾒﾘｶ合衆国,3500,,,https://www.mof.go.jp/policy/tab_salt/topics/20240522_kouriteika.pdf,1,高
5aa4cda63ed141fa,2024-05-22,令和6年5月22日,変更認可,パイプたばこ,"Azure hookah tobacco, Black LineGreen Apple","AZUREHOOKAHTOBACCO,BLACKLINEGREENAPPLE",100.0gﾊﾟｳﾁ,100,g,ｱﾒﾘｶ合衆国,3500,,,https://www.mof.go.jp/policy/tab_salt/topics/20240522_kouriteika.pdf,1,高
1b9e1544a441ffda,2024-05-22,令和6年5月22日,変更認可,パイプたばこ,"Azure hookah tobacco, Black LineJasmine","AZUREHOOKAHTOBACCO,BLACKLINEJASMINE",100.0gﾊﾟｳﾁ,100,g,ｱﾒﾘｶ合衆国,3500,,,https://www.mof.go.jp/policy/tab_salt/topics/20240522_kouriteika.pdf,1,高
4997e67ace96b9d9,2024-05-22,令和6年5月22日,変更認可,パイプたばこ,"Azure hookah tobacco, Black LineKokutou","AZUREHOOKAHTOBACCO,BLACKLINEKOKUTOU",100.0gﾊﾟｳﾁ,100,g,ｱﾒﾘｶ合衆国,3500,,,https://www.mof.go.jp/policy/tab_salt/topics/20240522_kouriteika.pdf,1,高
bf03a60495ff48d0,2024-05-22,令和6年5月22日,変更認可,パイプたばこ,"Azure hookah tobacco, Black LineLime Cola","AZUREHOOKAHTOBACCO,BLACKLINELIMECOLA",100.0gﾊﾟｳﾁ,100,g,ｱﾒﾘｶ合衆国,3500,,,https://www.mof.go.jp/policy/tab_salt/topics/20240522_kouriteika.pdf,1,高
9c13f63dc413c3f4,2024-05-22,令和6年5月22日,変更認可,パイプたばこ,"Azure hookah tobacco, Black LineLychee","AZUREHOOKAHTOBACCO,BLACKLINELYCHEE",100.0gﾊﾟｳﾁ,100,g,ｱﾒﾘｶ合衆国,3500,,,https://www.mof.go.jp/policy/tab_salt/topics/20240522_kouriteika.pdf,1,高
e189b006f1c6d29e,2024-05-22,令和6年5月22日,変更認可,パイプたばこ,"Azure hookah tobacco, Black LineMangosteen","AZUREHOOKAHTOBACCO,BLACKLINEMANGOSTEEN",100.0gﾊﾟｳﾁ,100,g,ｱﾒﾘｶ合衆国,3500,,,https://www.mof.go.jp/policy/tab_salt/topics/20240522_kouriteika.pdf,1,高
996940ed719b83c4,2024-05-22,令和6年5月22日,変更認可,パイプたばこ,"Azure hookah tobacco, Black LineSour","AZUREHOOKAHTOBACCO,BLACKLINESOUR",100.0gﾊﾟｳﾁ,100,g,ｱﾒﾘｶ合衆国,3500,,,https://www.mof.go.jp/policy/tab_salt/topics/20240522_kouriteika.pdf,1,高
c4f12f5b21e015e9,2024-05-22,令和6年5月22日,変更認可,パイプたばこ,"Azure hookah tobacco, Black LineStrong Lychee","AZUREHOOKAHTOBACCO,BLACKLINESTRONGLYCHEE",100.0gﾊﾟｳﾁ,100,g,ｱﾒﾘｶ合衆国,3500,,,https://www.mof.go.jp/policy/tab_salt/topics/20240522_kouriteika.pdf,1,高
429ba26d3b8e5c60,2024-05-22,令和6年5月22日,変更認可,パイプたばこ,"Azure hookah tobacco, Black LineWhisky","AZUREHOOKAHTOBACCO,BLACKLINEWHISKY",100.0gﾊﾟｳﾁ,100,g,ｱﾒﾘｶ合衆国,3500,,,https://www.mof.go.jp/policy/tab_salt/topics/20240522_kouriteika.pdf,1,高
c9f8efe202538d51,2024-05-22,令和6年5月22日,変更認可,葉巻たばこ,Figurados,FIGURADOS,190mm 1本,1,本,ﾎﾝｼﾞｭﾗｽ,3500,,,https://www.mof.go.jp/policy/tab_salt/topics/20240522_kouriteika.pdf,1,高
36c36cff28cd23ae,2024-05-22,令和6年5月22日,変更認可,パイプたばこ,"Tokyo Shisha, Gold Line BlackBerry","TOKYOSHISHA,GOLDLINEBLACKBERRY",100.0gﾊﾟｳﾁ,100,g,ｱﾒﾘｶ合衆国,3500,,,https://www.mof.go.jp/policy/tab_salt/topics/20240522_kouriteika.pdf,1,高
e85abded500d751b,2024-05-22,令和6年5月22日,変更認可,パイプたばこ,"Tokyo Shisha, Gold Line Lime Cola","TOKYOSHISHA,GOLDLINELIMECOLA",100.0gﾊﾟｳﾁ,100,g,ｱﾒﾘｶ合衆国,3500,,,https://www.mof.go.jp/policy/tab_salt/topics/20240522_kouriteika.pdf,1,高
f0b703a3d45209a2,2024-05-22,令和6年5月22日,変更認可,葉巻たばこ,ｼﾞﾉ ﾆｶﾗｸﾞｱ ｼｮｰﾄ ﾌﾟﾘﾄｽ,ジノニカラグアショートプリトス,80mm 1本,1,本,ﾄﾞﾐﾆｶ共和国,320,,,https://www.mof.go.jp/policy/tab_salt/topics/20240522_kouriteika.pdf,1,高
ed093bb9bbad4d10,2024-05-22,令和6年5月22日,変更認可,葉巻たばこ,ﾀﾞﾋﾞﾄﾞﾌ ｸﾞﾗﾝｸﾘｭ ﾃﾞｨｱﾃﾞﾏｽﾌｨﾅｽ,ダビドフグランクリュディアデマスフィナス,172mm 1本,1,本,ﾄﾞﾐﾆｶ共和国,14800,,,https://www.mof.go.jp/policy/tab_salt/topics/20240522_kouriteika.pdf,1,高
fbe24dbdb8897fea,2024-05-22,令和6年5月22日,変更認可,葉巻たばこ,樹 Petit Corona,樹PETITCORONA,125mm 1本,1,本,ﾆｶﾗｸﾞｱ,2000,,,https://www.mof.go.jp/policy/tab_salt/topics/20240522_kouriteika.pdf,1,高
e465c2a01dd97308,2024-05-22,令和6年5月22日,変更認可,葉巻たばこ,由翁 25pack,由翁25PACK,110mm 25本,25,本,ﾆｶﾗｸﾞｱ,7500,,,https://www.mof.go.jp/policy/tab_salt/topics/20240522_kouriteika.pdf,1,高
8d037dbf77f9fe06,2024-05-22,令和6年5月22日,変更認可,葉巻たばこ,由翁 5pack,由翁5PACK,110mm 5本,5,本,ﾆｶﾗｸﾞｱ,1500,,,https://www.mof.go.jp/policy/tab_salt/topics/20240522_kouriteika.pdf,1,高
ba24fef5e8bcf1ae,2024-05-17,令和6年5月17日,変更認可,パイプたばこ,JiBiAR Apricot,JIBIARAPRICOT,50.0g箱,50,g,ﾄﾙｺ,1750,,,https://www.mof.go.jp/policy/tab_salt/topics/20240517_kouriteika.pdf,1,高
c82f3982d624e767,2024-05-17,令和6年5月17日,変更認可,パイプたばこ,JiBiAR Banana,JIBIARBANANA,50.0g箱,50,g,ﾄﾙｺ,1750,,,https://www.mof.go.jp/policy/tab_salt/topics/20240517_kouriteika.pdf,1,高
365f1963d2d8bed8,2024-05-17,令和6年5月17日,変更認可,パイプたばこ,JiBiAR Banana Milkshake,JIBIARBANANAMILKSHAKE,50.0g箱,50,g,ﾄﾙｺ,1750,,,https://www.mof.go.jp/policy/tab_salt/topics/20240517_kouriteika.pdf,1,高
cf43af8f4c4480d4,2024-05-17,令和6年5月17日,変更認可,パイプたばこ,JiBiAR Bergamot,JIBIARBERGAMOT,50.0g箱,50,g,ﾄﾙｺ,1750,,,https://www.mof.go.jp/policy/tab_salt/topics/20240517_kouriteika.pdf,1,高
e124db0d82478063,2024-05-17,令和6年5月17日,変更認可,パイプたばこ,JiBiAR Bitter Chocolate,JIBIARBITTERCHOCOLATE,50.0g箱,50,g,ﾄﾙｺ,1750,,,https://www.mof.go.jp/policy/tab_salt/topics/20240517_kouriteika.pdf,1,高
005cc12f169cd46d,2024-05-17,令和6年5月17日,変更認可,パイプたばこ,JiBiAR Black Grape,JIBIARBLACKGRAPE,50.0g箱,50,g,ﾄﾙｺ,1750,,,https://www.mof.go.jp/policy/tab_salt/topics/20240517_kouriteika.pdf,1,高
6ffad82679121ff4,2024-05-17,令和6年5月17日,変更認可,パイプたばこ,JiBiAR Black Tea,JIBIARBLACKTEA,50.0g箱,50,g,ﾄﾙｺ,1750,,,https://www.mof.go.jp/policy/tab_salt/topics/20240517_kouriteika.pdf,1,高
c42bf9e2475d9571,2024-05-17,令和6年5月17日,変更認可,パイプたばこ,JiBiAR Caramel,JIBIARCARAMEL,50.0g箱,50,g,ﾄﾙｺ,1750,,,https://www.mof.go.jp/policy/tab_salt/topics/20240517_kouriteika.pdf,1,高
e61b62c4a9627b9b,2024-05-17,令和6年5月17日,変更認可,パイプたばこ,JiBiAR Dragon Fruit,JIBIARDRAGONFRUIT,50.0g箱,50,g,ﾄﾙｺ,1750,,,https://www.mof.go.jp/policy/tab_salt/topics/20240517_kouriteika.pdf,1,高
1865f9925dc47507,2024-05-17,令和6年5月17日,変更認可,パイプたばこ,JiBiAR Exotic Lime,JIBIAREXOTICLIME,50.0g箱,50,g,ﾄﾙｺ,1750,,,https://www.mof.go.jp/policy/tab_salt/topics/20240517_kouriteika.pdf,1,高
e860bfb3b1e2fc66,2024-05-17,令和6年5月17日,変更認可,パイプたばこ,JiBiAR Guava,JIBIARGUAVA,50.0g箱,50,g,ﾄﾙｺ,1750,,,https://www.mof.go.jp/policy/tab_salt/topics/20240517_kouriteika.pdf,1,高
bb99a34302e5aec0,2024-05-17,令和6年5月17日,変更認可,パイプたばこ,JiBiAR Honey,JIBIARHONEY,50.0g箱,50,g,ﾄﾙｺ,1750,,,https://www.mof.go.jp/policy/tab_salt/topics/20240517_kouriteika.pdf,1,高
372a86bd757c7865,2024-05-17,令和6年5月17日,変更認可,パイプたばこ,JiBiAR Ice Pear,JIBIARICEPEAR,50.0g箱,50,g,ﾄﾙｺ,1750,,,https://www.mof.go.jp/policy/tab_salt/topics/20240517_kouriteika.pdf,1,高
15628947f3fd9f70,2024-05-17,令和6年5月17日,変更認可,パイプたばこ,JiBiAR Kiwi,JIBIARKIWI,50.0g箱,50,g,ﾄﾙｺ,1750,,,https://www.mof.go.jp/policy/tab_salt/topics/20240517_kouriteika.pdf,1,高
08594f692f1dc265,2024-05-17,令和6年5月17日,変更認可,パイプたばこ,JiBiAR Lemongrass,JIBIARLEMONGRASS,50.0g箱,50,g,ﾄﾙｺ,1750,,,https://www.mof.go.jp/policy/tab_salt/topics/20240517_kouriteika.pdf,1,高
1e1555eb0375af75,2024-05-17,令和6年5月17日,変更認可,パイプたばこ,JiBiAR Maracuja,JIBIARMARACUJA,50.0g箱,50,g,ﾄﾙｺ,1750,,,https://www.mof.go.jp/policy/tab_salt/topics/20240517_kouriteika.pdf,1,高
e6ff11d3c750b8ff,2024-05-17,令和6年5月17日,変更認可,パイプたばこ,JiBiAR Melon,JIBIARMELON,50.0g箱,50,g,ﾄﾙｺ,1750,,,https://www.mof.go.jp/policy/tab_salt/topics/20240517_kouriteika.pdf,1,高
0732e571d572f8e2,2024-05-17,令和6年5月17日,変更認可,パイプたばこ,JiBiAR Mint Gold,JIBIARMINTGOLD,50.0g箱,50,g,ﾄﾙｺ,1750,,,https://www.mof.go.jp/policy/tab_salt/topics/20240517_kouriteika.pdf,1,高
b73a45812ca6885f,2024-05-17,令和6年5月17日,変更認可,パイプたばこ,JiBiAR Oreo,JIBIAROREO,50.0g箱,50,g,ﾄﾙｺ,1750,,,https://www.mof.go.jp/policy/tab_salt/topics/20240517_kouriteika.pdf,1,高
72d8b1f6929537b2,2024-05-17,令和6年5月17日,変更認可,パイプたばこ,JiBiAR Peach,JIBIARPEACH,50.0g箱,50,g,ﾄﾙｺ,1750,,,https://www.mof.go.jp/policy/tab_salt/topics/20240517_kouriteika.pdf,1,高
2ef0717cd7fce141,2024-05-17,令和6年5月17日,変更認可,パイプたばこ,JiBiAR Peanut,JIBIARPEANUT,50.0g箱,50,g,ﾄﾙｺ,1750,,,https://www.mof.go.jp/policy/tab_salt/topics/20240517_kouriteika.pdf,1,高
c5871b34cf2a598a,2024-05-17,令和6年5月17日,変更認可,パイプたばこ,JiBiAR Popcorn,JIBIARPOPCORN,50.0g箱,50,g,ﾄﾙｺ,1750,,,https://www.mof.go.jp/policy/tab_salt/topics/20240517_kouriteika.pdf,1,高
ac06ea90dd257d07,2024-05-17,令和6年5月17日,変更認可,パイプたばこ,JiBiAR Sahlep,JIBIARSAHLEP,50.0g箱,50,g,ﾄﾙｺ,1750,,,https://www.mof.go.jp/policy/tab_salt/topics/20240517_kouriteika.pdf,1,高
5023317c29460279,2024-05-17,令和6年5月17日,変更認可,パイプたばこ,JiBiAR Sour Lemon,JIBIARSOURLEMON,50.0g箱,50,g,ﾄﾙｺ,1750,,,https://www.mof.go.jp/policy/tab_salt/topics/20240517_kouriteika.pdf,1,高
27fc799c4d810275,2024-05-17,令和6年5月17日,変更認可,パイプたばこ,JiBiAR Strawberry,JIBIARSTRAWBERRY,50.0g箱,50,g,ﾄﾙｺ,1750,,,https://www.mof.go.jp/policy/tab_salt/topics/20240517_kouriteika.pdf,1,高
d7178b44f7659699,2024-05-17,令和6年5月17日,変更認可,パイプたばこ,JiBiAR Strawberry Milkshake,JIBIARSTRAWBERRYMILKSHAKE,50.0g箱,50,g,ﾄﾙｺ,1750,,,https://www.mof.go.jp/policy/tab_salt/topics/20240517_kouriteika.pdf,1,高
926ebe739a46c3da,2024-05-17,令和6年5月17日,変更認可,パイプたばこ,JiBiAR Watermelon,JIBIARWATERMELON,50.0g箱,50,g,ﾄﾙｺ,1750,,,https://www.mof.go.jp/policy/tab_salt/topics/20240517_kouriteika.pdf,1,高
2b4bc2342e96db0a,2024-05-17,令和6年5月17日,変更認可,パイプたばこ,JiBiAR Biscuit,JIBIARBISCUIT,50.0g箱,50,g,ﾄﾙｺ,1750,,,https://www.mof.go.jp/policy/tab_salt/topics/20240517_kouriteika.pdf,2,高
cdbd2cf8c0b911dc,2024-05-17,令和6年5月17日,変更認可,パイプたばこ,JiBiAR Cocoa,JIBIARCOCOA,50.0g箱,50,g,ﾄﾙｺ,1750,,,https://www.mof.go.jp/policy/tab_salt/topics/20240517_kouriteika.pdf,2,高
c2b04fee844d5487,2024-05-17,令和6年5月17日,変更認可,パイプたばこ,JiBiAR Green Tea,JIBIARGREENTEA,50.0g箱,50,g,ﾄﾙｺ,1750,,,https://www.mof.go.jp/policy/tab_salt/topics/20240517_kouriteika.pdf,2,高
346f1e4874ffd065,2024-05-17,令和6年5月17日,変更認可,パイプたばこ,JiBiAR Ice Grapefruits,JIBIARICEGRAPEFRUITS,50.0g箱,50,g,ﾄﾙｺ,1750,,,https://www.mof.go.jp/policy/tab_salt/topics/20240517_kouriteika.pdf,2,高
a980040f2f9affc8,2024-05-17,令和6年5月17日,変更認可,パイプたばこ,JiBiAR Maple Syrup,JIBIARMAPLESYRUP,50.0g箱,50,g,ﾄﾙｺ,1750,,,https://www.mof.go.jp/policy/tab_salt/topics/20240517_kouriteika.pdf,2,高
6a6bcecacd321378,2024-05-17,令和6年5月17日,変更認可,パイプたばこ,JiBiAR Oriental Spices,JIBIARORIENTALSPICES,50.0g箱,50,g,ﾄﾙｺ,1750,,,https://www.mof.go.jp/policy/tab_salt/topics/20240517_kouriteika.pdf,2,高
2432eb0715904cb7,2024-05-17,令和6年5月17日,変更認可,パイプたばこ,JiBiAR Osmanthus,JIBIAROSMANTHUS,50.0g箱,50,g,ﾄﾙｺ,1750,,,https://www.mof.go.jp/policy/tab_salt/topics/20240517_kouriteika.pdf,2,高
71d55fc18cbce08b,2024-05-17,令和6年5月17日,変更認可,パイプたばこ,JiBiAR Yoghurt,JIBIARYOGHURT,50.0g箱,50,g,ﾄﾙｺ,1750,,,https://www.mof.go.jp/policy/tab_salt/topics/20240517_kouriteika.pdf,2,高
16dc4ab359980f0a,2024-05-15,令和6年5月15日,変更認可,葉巻たばこ,Romeo Y Julieta 1875 Churchill,ROMEOYJULIETA1875CHURCHILL,178mm 1本,1,本,ﾆｶﾗｸﾞｱ,3450,,,https://www.mof.go.jp/policy/tab_salt/topics/20240515_kouriteika.pdf,1,高
61571f5ecc45cef0,2024-05-15,令和6年5月15日,変更認可,葉巻たばこ,Romeo Y Julieta Reserve Churchill,ROMEOYJULIETARESERVECHURCHILL,178mm 1本,1,本,ﾎﾝｼﾞｭﾗｽ,3650,,,https://www.mof.go.jp/policy/tab_salt/topics/20240515_kouriteika.pdf,1,高
1e158c7ff5a404d3,2024-05-15,令和6年5月15日,変更認可,葉巻たばこ,ｱﾚｯｸ ﾌﾞﾗｯﾄﾞﾘｰ ﾏｯｸｽ ｻﾞ ﾌﾘｰｸ,アレックブラッドリーマックスザフリーク,162mm 1本,1,本,ﾆｶﾗｸﾞｱ,1950,,,https://www.mof.go.jp/policy/tab_salt/topics/20240515_kouriteika.pdf,1,高
732ef54a10d8ac60,2024-05-15,令和6年5月15日,変更認可,加熱式たばこ,ｷｬﾒﾙ･ﾒﾝｿｰﾙ･ﾊﾟｰﾌﾟﾙ･ﾌﾟﾙｰﾑ･ｴｯｸｽ･ﾌﾟﾙｰﾑ･ｴｽ用,キャメルメンソールパープルプルームエックスプルームエス用,5.3g20本,5.3,g,ﾎﾟｰﾗﾝﾄﾞ,500,,,https://www.mof.go.jp/policy/tab_salt/topics/20240515_kouriteika.pdf,1,高
46781e651bc5e5f4,2024-05-15,令和6年5月15日,変更認可,パイプたばこ,ｺﾙﾂ FC ｱｯﾌﾟﾙ&ｼﾅﾓﾝ,コルツFCアップル&シナモン,30.0gﾊﾟｳﾁ,30,g,ﾃﾞﾝﾏｰｸ,850,,,https://www.mof.go.jp/policy/tab_salt/topics/20240515_kouriteika.pdf,1,高
df9f1cddd330d148,2024-05-15,令和6年5月15日,変更認可,パイプたばこ,ｺﾙﾂ FC ﾁｪﾘｰ,コルツFCチェリー,30.0gﾊﾟｳﾁ,30,g,ﾃﾞﾝﾏｰｸ,850,,,https://www.mof.go.jp/policy/tab_salt/topics/20240515_kouriteika.pdf,1,高
8ae73b93e4117a52,2024-05-15,令和6年5月15日,変更認可,パイプたばこ,ｺﾙﾂ FC ﾌﾙｰﾃｨｰｼﾞｬｽﾐﾝ,コルツFCフルーティージャスミン,30.0gﾊﾟｳﾁ,30,g,ﾃﾞﾝﾏｰｸ,850,,,https://www.mof.go.jp/policy/tab_salt/topics/20240515_kouriteika.pdf,1,高
3c03aacb0de41b97,2024-05-15,令和6年5月15日,変更認可,パイプたばこ,ｺﾙﾂ FC ﾗｲﾁ,コルツFCライチ,30.0gﾊﾟｳﾁ,30,g,ﾃﾞﾝﾏｰｸ,850,,,https://www.mof.go.jp/policy/tab_salt/topics/20240515_kouriteika.pdf,1,高
ac172ba34724b8cf,2024-05-15,令和6年5月15日,変更認可,加熱式たばこ,ﾒﾋﾞｳｽ･ｺｰﾙﾄﾞ･ﾒﾝｿｰﾙ･ﾌﾟﾙｰﾑ･ｴｯｸｽ用,メビウスコールドメンソールプルームエックス用,5.2g20本,5.2,g,ﾎﾟｰﾗﾝﾄﾞ,500,,,https://www.mof.go.jp/policy/tab_salt/topics/20240515_kouriteika.pdf,1,高
4836bad14c73e3bc,2024-05-15,令和6年5月15日,変更認可,加熱式たばこ,ﾒﾋﾞｳｽ･ｼｬｰﾌﾟ･ｺｰﾙﾄﾞ･ﾒﾝｿｰﾙ･ﾌﾟﾙｰﾑ･ｴｯｸｽ用,メビウスシャープコールドメンソールプルームエックス用,5.2g20本,5.2,g,ﾎﾟｰﾗﾝﾄﾞ,500,,,https://www.mof.go.jp/policy/tab_salt/topics/20240515_kouriteika.pdf,1,高
6d91e8b10fd147fa,2024-05-14,令和6年5月14日,変更認可,葉巻たばこ,Crowned Heads Jericho Hill,CROWNEDHEADSJERICHOHILL,150mm 1本,1,本,ﾆｶﾗｸﾞｱ,3250,,,https://www.mof.go.jp/policy/tab_salt/topics/20240514_kouriteika.pdf,1,高
8a9e98600f89211d,2024-05-14,令和6年5月14日,変更認可,葉巻たばこ,Crowned Heads Juarez,CROWNEDHEADSJUAREZ,150mm 1本,1,本,ﾆｶﾗｸﾞｱ,2750,,,https://www.mof.go.jp/policy/tab_salt/topics/20240514_kouriteika.pdf,1,高
9c735fad2ab69160,2024-05-14,令和6年5月14日,変更認可,葉巻たばこ,Crowned Heads Le Careme,CROWNEDHEADSLECAREME,145mm 1本,1,本,ﾆｶﾗｸﾞｱ,2990,,,https://www.mof.go.jp/policy/tab_salt/topics/20240514_kouriteika.pdf,1,高
ccd6623b92d394cb,2024-05-14,令和6年5月14日,変更認可,葉巻たばこ,Crowned Heads Le Patissier,CROWNEDHEADSLEPATISSIER,150mm 1本,1,本,ﾆｶﾗｸﾞｱ,2850,,,https://www.mof.go.jp/policy/tab_salt/topics/20240514_kouriteika.pdf,1,高
b95a27ba42e1546e,2024-05-14,令和6年5月14日,変更認可,葉巻たばこ,Crowned Heads Mil Dias Double Robusto,CROWNEDHEADSMILDIASDOUBLEROBUSTO,160mm 1本,1,本,ﾆｶﾗｸﾞｱ,3800,,,https://www.mof.go.jp/policy/tab_salt/topics/20240514_kouriteika.pdf,1,高
136b3e510c2a8d86,2024-05-14,令和6年5月14日,変更認可,葉巻たばこ,Crowned Heads Mil Dias Topes,CROWNEDHEADSMILDIASTOPES,120mm 1本,1,本,ﾆｶﾗｸﾞｱ,3700,,,https://www.mof.go.jp/policy/tab_salt/topics/20240514_kouriteika.pdf,1,高
26161d3f5c9a514a,2024-05-14,令和6年5月14日,変更認可,葉巻たばこ,Ozgener Family Bosphorus,OZGENERFAMILYBOSPHORUS,135mm 1本,1,本,ﾆｶﾗｸﾞｱ,3500,,,https://www.mof.go.jp/policy/tab_salt/topics/20240514_kouriteika.pdf,1,高
f785e0b8bcb9a44c,2024-05-14,令和6年5月14日,変更認可,葉巻たばこ,ｱﾙﾄｳｰﾛ ﾌｴﾝﾃ ﾛｻﾄﾞ56,アルトウーロフエンテロサド56,143mm 1本,1,本,ｽｳｪｰﾃﾞﾝ,3300,,,https://www.mof.go.jp/policy/tab_salt/topics/20240514_kouriteika.pdf,1,高
1e27837b7ae44a8a,2024-05-14,令和6年5月14日,変更認可,かぎたばこ,ｼﾍﾞﾘｱ･ﾌﾞﾗｳﾝ,シベリアブラウン,10.0g箱,10,g,ｽｳｪｰﾃﾞﾝ,1100,,,https://www.mof.go.jp/policy/tab_salt/topics/20240514_kouriteika.pdf,1,高
6227fa19d85cc77e,2024-05-14,令和6年5月14日,変更認可,かぎたばこ,ｼﾍﾞﾘｱ･ﾌﾞﾗｯｸ,シベリアブラック,10.0g箱,10,g,ｽｳｪｰﾃﾞﾝ,1100,,,https://www.mof.go.jp/policy/tab_salt/topics/20240514_kouriteika.pdf,1,高
5e053ba951d41368,2024-05-14,令和6年5月14日,変更認可,かぎたばこ,ｼﾍﾞﾘｱ･ﾐﾆ ﾌﾞﾗｯｸ,シベリアミニブラック,8.0g箱,8,g,ｽｳｪｰﾃﾞﾝ,900,,,https://www.mof.go.jp/policy/tab_salt/topics/20240514_kouriteika.pdf,1,高
f06e3b7cca29c768,2024-05-08,令和6年5月8日,変更認可,紙巻たばこ,ﾁｪ,チェ,F85mm 20本ﾊｰﾄﾞﾊﾟｯｸ,20,本,ﾙｸｾﾝﾌﾞﾙｸ,550,530,2024-07-01,https://www.mof.go.jp/policy/tab_salt/topics/20240508_kouriteikahenkou.pdf,1,高
bda4f96f6c454b1a,2024-05-08,令和6年5月8日,変更認可,紙巻たばこ,ﾁｪ･ｸﾞﾘｰﾝﾒﾝｿｰﾙ,チェグリーンメンソール,F85mm 20本ﾊｰﾄﾞﾊﾟｯｸ,20,本,ﾙｸｾﾝﾌﾞﾙｸ,550,530,2024-07-01,https://www.mof.go.jp/policy/tab_salt/topics/20240508_kouriteikahenkou.pdf,1,高
319095f4f2102c83,2024-05-08,令和6年5月8日,変更認可,紙巻たばこ,ﾁｪ･ﾌﾞﾗｯｸ,チェブラック,F85mm 20本ﾊｰﾄﾞﾊﾟｯｸ,20,本,ﾙｸｾﾝﾌﾞﾙｸ,550,530,2024-07-01,https://www.mof.go.jp/policy/tab_salt/topics/20240508_kouriteikahenkou.pdf,1,高
0f582e9d0373b229,2024-05-08,令和6年5月8日,変更認可,紙巻たばこ,ﾁｪ･ﾌﾞﾗｯｸﾒﾝｿｰﾙ,チェブラックメンソール,F85mm 20本ﾊｰﾄﾞﾊﾟｯｸ,20,本,ﾙｸｾﾝﾌﾞﾙｸ,550,530,2024-07-01,https://www.mof.go.jp/policy/tab_salt/topics/20240508_kouriteikahenkou.pdf,1,高
f5bf72b097d19d17,2024-05-08,令和6年5月8日,変更認可,紙巻たばこ,ﾁｪ･ﾌﾞﾗﾝｺ,チェブランコ,F85mm 20本ﾊｰﾄﾞﾊﾟｯｸ,20,本,ﾙｸｾﾝﾌﾞﾙｸ,550,530,2024-07-01,https://www.mof.go.jp/policy/tab_salt/topics/20240508_kouriteikahenkou.pdf,1,高
18beecf093348439,2024-05-08,令和6年5月8日,変更認可,紙巻たばこ,ﾁｪ･ﾚｯﾄﾞ ﾘﾐﾃｯﾄﾞｴﾃﾞｨｼｮﾝ,チェレッドリミテッドエディション,F85mm 20本ﾊｰﾄﾞﾊﾟｯｸ,20,本,ﾙｸｾﾝﾌﾞﾙｸ,550,530,2024-07-01,https://www.mof.go.jp/policy/tab_salt/topics/20240508_kouriteikahenkou.pdf,1,高
3988a02f256d048f,2024-05-08,令和6年5月8日,変更認可,紙巻たばこ,ﾁｪ･ﾜﾝﾒﾝｿｰﾙ,チェワンメンソール,F85mm 20本ﾊｰﾄﾞﾊﾟｯｸ,20,本,ﾙｸｾﾝﾌﾞﾙｸ,550,530,2024-07-01,https://www.mof.go.jp/policy/tab_salt/topics/20240508_kouriteikahenkou.pdf,1,高
6c3e5bb9d64636b8,2024-04-26,令和6年4月26日,変更認可,葉巻たばこ,El Rey del Mundo Serie BN2 ER2020Brasil,ELREYDELMUNDOSERIEBN2ER2020BRASIL,135mm 1本,1,本,ｷｭｰﾊﾞ,23000,,,https://www.mof.go.jp/policy/tab_salt/topics/20240426_kouriteika.pdf,1,高
44fcb2696683d294,2024-04-26,令和6年4月26日,変更認可,葉巻たばこ,ﾌﾟﾘﾝｼﾊﾟﾙ ｱｶﾝﾌﾟﾘｽ ｸﾗｼｯｸ ﾄﾛ,プリンシパルアカンプリスクラシックトロ,152mm 1本,1,本,ｷｭｰﾊﾞ,2950,,,https://www.mof.go.jp/policy/tab_salt/topics/20240426_kouriteika.pdf,1,高
fe37eaedb39b31f1,2024-04-26,令和6年4月26日,変更認可,葉巻たばこ,ﾌﾟﾘﾝｼﾊﾟﾙ ｱｶﾝﾌﾟﾘｽ ｸﾗｼｯｸ ﾛﾌﾞｽﾄ,プリンシパルアカンプリスクラシックロブスト,127mm 1本,1,本,ｷｭｰﾊﾞ,2350,,,https://www.mof.go.jp/policy/tab_salt/topics/20240426_kouriteika.pdf,1,高
98bca2aa4dc58b40,2024-04-26,令和6年4月26日,変更認可,葉巻たばこ,ﾌﾟﾘﾝｼﾊﾟﾙ ｱｶﾝﾌﾟﾘｽ ｺﾈﾁｶｯﾄ ﾄﾛ,プリンシパルアカンプリスコネチカットトロ,152mm 1本,1,本,ｷｭｰﾊﾞ,2950,,,https://www.mof.go.jp/policy/tab_salt/topics/20240426_kouriteika.pdf,1,高
4b0626e4e10caaba,2024-04-26,令和6年4月26日,変更認可,葉巻たばこ,ﾌﾟﾘﾝｼﾊﾟﾙ ｱｶﾝﾌﾟﾘｽ ｺﾈﾁｶｯﾄ ﾛﾌﾞｽﾄ,プリンシパルアカンプリスコネチカットロブスト,127mm 1本,1,本,ｷｭｰﾊﾞ,2350,,,https://www.mof.go.jp/policy/tab_salt/topics/20240426_kouriteika.pdf,1,高
c4270ae82aa7f4d6,2024-04-26,令和6年4月26日,変更認可,葉巻たばこ,ﾌﾟﾘﾝｼﾊﾟﾙ ｱｶﾝﾌﾟﾘｽ ﾃﾞｼｴﾝﾇ,プリンシパルアカンプリスデシエンヌ,165mm 1本,1,本,ｷｭｰﾊﾞ,7800,,,https://www.mof.go.jp/policy/tab_salt/topics/20240426_kouriteika.pdf,1,高
1942d8203b68ee58,2024-04-26,令和6年4月26日,変更認可,葉巻たばこ,ﾌﾟﾘﾝｼﾊﾟﾙ ｱｶﾝﾌﾟﾘｽ ﾏﾃﾞｭｰﾛ ﾄﾛ,プリンシパルアカンプリスマデューロトロ,152mm 1本,1,本,ｷｭｰﾊﾞ,3250,,,https://www.mof.go.jp/policy/tab_salt/topics/20240426_kouriteika.pdf,1,高
a4b0d114de49a1b8,2024-04-26,令和6年4月26日,変更認可,葉巻たばこ,ﾌﾟﾘﾝｼﾊﾟﾙ ｱｶﾝﾌﾟﾘｽ ﾏﾃﾞｭｰﾛ ﾛﾌﾞｽﾄ,プリンシパルアカンプリスマデューロロブスト,127mm 1本,1,本,ｷｭｰﾊﾞ,2700,,,https://www.mof.go.jp/policy/tab_salt/topics/20240426_kouriteika.pdf,1,高
b9b4e2eb5e595e9c,2024-04-26,令和6年4月26日,変更認可,葉巻たばこ,ﾌﾟﾘﾝｼﾊﾟﾙ ｱﾝｼﾞｪﾘｰｸ ﾏﾚｰﾊﾞ,プリンシパルアンジェリークマレーバ,129mm 1本,1,本,ｷｭｰﾊﾞ,2150,,,https://www.mof.go.jp/policy/tab_salt/topics/20240426_kouriteika.pdf,1,高
6650ba9ad09aaa5d,2024-04-26,令和6年4月26日,変更認可,葉巻たばこ,ﾌﾟﾘﾝｼﾊﾟﾙ ﾄﾛｴｽﾍﾟｼｬﾙ ｺﾞｰﾙﾄﾞ,プリンシパルトロエスペシャルゴールド,152mm 1本,1,本,ｷｭｰﾊﾞ,4000,,,https://www.mof.go.jp/policy/tab_salt/topics/20240426_kouriteika.pdf,1,高
83c31da20ec48afa,2024-04-26,令和6年4月26日,変更認可,葉巻たばこ,ﾌﾟﾘﾝｼﾊﾟﾙ ﾄﾛｴｽﾍﾟｼｬﾙ ﾌﾞﾗｯｸｺﾞｰﾙﾄﾞ,プリンシパルトロエスペシャルブラックゴールド,152mm 1本,1,本,ｷｭｰﾊﾞ,4000,,,https://www.mof.go.jp/policy/tab_salt/topics/20240426_kouriteika.pdf,1,高
b312242d9982a2f2,2024-04-26,令和6年4月26日,変更認可,葉巻たばこ,ﾌﾟﾘﾝｼﾊﾟﾙ ﾍﾟﾃｨ ﾌﾟﾛﾊﾞｶｰﾄﾙ ﾌﾚｼｪｯﾄ,プリンシパルペティプロバカートルフレシェット,152mm 1本,1,本,ｷｭｰﾊﾞ,1550,,,https://www.mof.go.jp/policy/tab_salt/topics/20240426_kouriteika.pdf,1,高
a123ffca09a45a48,2024-04-26,令和6年4月26日,変更認可,葉巻たばこ,ﾌﾟﾘﾝｼﾊﾟﾙ ﾏﾙﾃｨﾆｰｸ ｺﾛﾅｺﾞﾙﾀﾞ,プリンシパルマルティニークコロナゴルダ,152mm 1本,1,本,ｷｭｰﾊﾞ,4000,,,https://www.mof.go.jp/policy/tab_salt/topics/20240426_kouriteika.pdf,1,高
fbf708f5570166fc,2024-04-26,令和6年4月26日,変更認可,葉巻たばこ,ﾌﾟﾘﾝｼﾊﾟﾙ ﾏﾙﾃｨﾆｰｸ ﾗﾝｾﾛ,プリンシパルマルティニークランセロ,191mm 1本,1,本,ｷｭｰﾊﾞ,4000,,,https://www.mof.go.jp/policy/tab_salt/topics/20240426_kouriteika.pdf,1,高
fd2fd8b9ac8843fe,2024-04-26,令和6年4月26日,変更認可,葉巻たばこ,ﾓﾝﾃﾊﾟｽｸｱﾙ ﾏﾀｵｳﾛ 460,モンテパスクアルマタオウロ460,102mm 1本,1,本,ﾌﾞﾗｼﾞﾙ,2350,,,https://www.mof.go.jp/policy/tab_salt/topics/20240426_kouriteika.pdf,1,高
038291575d3e63db,2024-04-26,令和6年4月26日,変更認可,葉巻たばこ,ﾓﾝﾃﾊﾟｽｸｱﾙ ﾏﾀｵｳﾛ ｺﾛﾅ,モンテパスクアルマタオウロコロナ,142mm 1本,1,本,ﾌﾞﾗｼﾞﾙ,1950,,,https://www.mof.go.jp/policy/tab_salt/topics/20240426_kouriteika.pdf,1,高
c21b87cdbaaa6956,2024-04-26,令和6年4月26日,変更認可,葉巻たばこ,ﾓﾝﾃﾊﾟｽｸｱﾙ ﾏﾀｵｳﾛ ﾄﾙﾍﾟﾄﾞ,モンテパスクアルマタオウロトルペド,156mm 1本,1,本,ﾌﾞﾗｼﾞﾙ,2800,,,https://www.mof.go.jp/policy/tab_salt/topics/20240426_kouriteika.pdf,1,高
9c67246e278f16d9,2024-04-26,令和6年4月26日,変更認可,葉巻たばこ,ﾓﾝﾃﾊﾟｽｸｱﾙ ﾏﾀｵｳﾛ ﾄﾛ,モンテパスクアルマタオウロトロ,152mm 1本,1,本,ﾌﾞﾗｼﾞﾙ,2550,,,https://www.mof.go.jp/policy/tab_salt/topics/20240426_kouriteika.pdf,1,高
40a0b98fb70298ca,2024-04-26,令和6年4月26日,変更認可,葉巻たばこ,ﾓﾝﾃﾊﾟｽｸｱﾙ ﾏﾀｵｳﾛ ﾛﾌﾞｽﾄ,モンテパスクアルマタオウロロブスト,124mm 1本,1,本,ﾌﾞﾗｼﾞﾙ,2250,,,https://www.mof.go.jp/policy/tab_salt/topics/20240426_kouriteika.pdf,1,高
3ba1112e0057743c,2024-04-26,令和6年4月26日,変更認可,葉巻たばこ,ﾓﾝﾃﾊﾟｽｸｱﾙ ﾏﾀﾌｨﾅ ｺﾛﾅ,モンテパスクアルマタフィナコロナ,142mm 1本,1,本,ﾌﾞﾗｼﾞﾙ,1750,,,https://www.mof.go.jp/policy/tab_salt/topics/20240426_kouriteika.pdf,1,高
01b8c06f604a498f,2024-04-26,令和6年4月26日,変更認可,葉巻たばこ,ﾓﾝﾃﾊﾟｽｸｱﾙ ﾏﾀﾌｨﾅ ﾀﾞﾌﾞﾙｺﾛﾅ,モンテパスクアルマタフィナダブルコロナ,194mm 1本,1,本,ﾌﾞﾗｼﾞﾙ,2750,,,https://www.mof.go.jp/policy/tab_salt/topics/20240426_kouriteika.pdf,1,高
013cc9074b1cf606,2024-04-26,令和6年4月26日,変更認可,葉巻たばこ,ﾓﾝﾃﾊﾟｽｸｱﾙ ﾏﾀﾌｨﾅ ﾌﾟﾘﾄｽ,モンテパスクアルマタフィナプリトス,95mm 1本,1,本,ﾌﾞﾗｼﾞﾙ,220,,,https://www.mof.go.jp/policy/tab_salt/topics/20240426_kouriteika.pdf,1,高
5406e2c142b8439d,2024-04-26,令和6年4月26日,変更認可,葉巻たばこ,ﾓﾝﾃﾊﾟｽｸｱﾙ ﾏﾀﾌｨﾅ ﾍﾟﾃｨﾛﾌﾞｽﾄ,モンテパスクアルマタフィナペティロブスト,108mm 1本,1,本,ﾌﾞﾗｼﾞﾙ,1700,,,https://www.mof.go.jp/policy/tab_salt/topics/20240426_kouriteika.pdf,1,高
2dfc005eb65887c9,2024-04-26,令和6年4月26日,変更認可,葉巻たばこ,ﾓﾝﾃﾊﾟｽｸｱﾙ ﾏﾀﾌｨﾅ ﾍﾞﾘｺｿ,モンテパスクアルマタフィナベリコソ,140mm 1本,1,本,ﾌﾞﾗｼﾞﾙ,2250,,,https://www.mof.go.jp/policy/tab_salt/topics/20240426_kouriteika.pdf,1,高
dafec29f4e5ee9f2,2024-04-26,令和6年4月26日,変更認可,葉巻たばこ,ﾓﾝﾃﾊﾟｽｸｱﾙ ﾏﾀﾌｨﾅ ﾐﾇｰﾄｽ,モンテパスクアルマタフィナミヌートス,110mm 1本,1,本,ﾌﾞﾗｼﾞﾙ,1450,,,https://www.mof.go.jp/policy/tab_salt/topics/20240426_kouriteika.pdf,1,高
a24d74a618be62e5,2024-04-26,令和6年4月26日,変更認可,葉巻たばこ,ﾓﾝﾃﾊﾟｽｸｱﾙ ﾏﾀﾌｨﾅ ﾛﾌﾞｽﾄ,モンテパスクアルマタフィナロブスト,124mm 1本,1,本,ﾌﾞﾗｼﾞﾙ,2050,,,https://www.mof.go.jp/policy/tab_salt/topics/20240426_kouriteika.pdf,1,高
09290b570a13e833,2024-04-26,令和6年4月26日,変更認可,葉巻たばこ,ﾜｰﾌﾟﾄ ｴﾙ ｵｿ ｸﾞﾗﾝﾊﾟﾊﾟ,ワープトエルオソグランパパ,152mm 1本,1,本,ｷｭｰﾊﾞ,6800,,,https://www.mof.go.jp/policy/tab_salt/topics/20240426_kouriteika.pdf,1,高
fa91f5da33ba627a,2024-04-26,令和6年4月26日,変更認可,葉巻たばこ,ﾓﾝﾃﾊﾟｽｸｱﾙ ﾏﾀｵｳﾛ ﾜｲﾄﾞﾁｬｰﾁﾙ,モンテパスクアルマタオウロワイドチャーチル,130mm 1本,1,本,ﾌﾞﾗｼﾞﾙ,2650,,,https://www.mof.go.jp/policy/tab_salt/topics/20240426_kouriteika.pdf,2,高
b2fc6beaeebe496e,2024-04-24,令和6年4月24日,変更認可,葉巻たばこ,ｺｲｰﾊﾞ ｼｸﾞﾛ1 ﾃｭﾎﾞｽ,コイーバシグロ1テュボス,102mm 1本,1,本,ｷｭｰﾊﾞ,6160,4600,2024-05-01,https://www.mof.go.jp/policy/tab_salt/topics/20240424_kouriteikahenkou.pdf,1,高
baa8283105b988bb,2024-04-24,令和6年4月24日,変更認可,葉巻たばこ,ｺｲｰﾊﾞ ｼｸﾞﾛ3 ﾃｭﾎﾞｽ,コイーバシグロ3テュボス,155mm 1本,1,本,ｷｭｰﾊﾞ,9240,6800,2024-05-01,https://www.mof.go.jp/policy/tab_salt/topics/20240424_kouriteikahenkou.pdf,1,高
42fbd3983ce751e5,2024-04-24,令和6年4月24日,変更認可,葉巻たばこ,ｺｲｰﾊﾞ ｼｸﾞﾛ4 ﾃｭﾎﾞｽ,コイーバシグロ4テュボス,143mm 1本,1,本,ｷｭｰﾊﾞ,10010,7400,2024-05-01,https://www.mof.go.jp/policy/tab_salt/topics/20240424_kouriteikahenkou.pdf,1,高
0a9292d6ecf83671,2024-04-24,令和6年4月24日,変更認可,葉巻たばこ,ｺｲｰﾊﾞ ｼｸﾞﾛ5 ﾃｭﾎﾞｽ,コイーバシグロ5テュボス,170mm 1本,1,本,ｷｭｰﾊﾞ,11000,8200,2024-05-01,https://www.mof.go.jp/policy/tab_salt/topics/20240424_kouriteikahenkou.pdf,1,高
1d7dc96599d7fd7c,2024-04-24,令和6年4月24日,変更認可,葉巻たばこ,ｺｲｰﾊﾞ ﾍﾞｲｹ BHK 52,コイーバベイケBHK52,119mm 1本,1,本,ｷｭｰﾊﾞ,30800,19000,2024-05-01,https://www.mof.go.jp/policy/tab_salt/topics/20240424_kouriteikahenkou.pdf,1,高
60017a3cdf6353e3,2024-04-24,令和6年4月24日,変更認可,葉巻たばこ,ｺｲｰﾊﾞ ﾍﾞｲｹ BHK 54,コイーバベイケBHK54,144mm 1本,1,本,ｷｭｰﾊﾞ,38500,25000,2024-05-01,https://www.mof.go.jp/policy/tab_salt/topics/20240424_kouriteikahenkou.pdf,1,高
61c1c5d1fa120b31,2024-04-24,令和6年4月24日,変更認可,葉巻たばこ,ｺｲｰﾊﾞ ﾍﾞｲｹ BHK 56,コイーバベイケBHK56,166mm 1本,1,本,ｷｭｰﾊﾞ,44000,28000,2024-05-01,https://www.mof.go.jp/policy/tab_salt/topics/20240424_kouriteikahenkou.pdf,1,高
0ba869e8fd328139,2024-04-24,令和6年4月24日,変更認可,葉巻たばこ,ｺｲｰﾊﾞ･55 ｱﾆﾍﾞﾙｻﾘｵ L.E. 2021,コイーバ55アニベルサリオL.E.2021,150mm 1本,1,本,ｷｭｰﾊﾞ,88000,66000,2024-05-01,https://www.mof.go.jp/policy/tab_salt/topics/20240424_kouriteikahenkou.pdf,1,高
040849fdaaaea3e1,2024-04-24,令和6年4月24日,変更認可,葉巻たばこ,ｺｲｰﾊﾞ･ｴｸｽｸｲｼﾞｰﾄﾞ,コイーバエクスクイジード,125mm 1本,1,本,ｷｭｰﾊﾞ,6820,5000,2024-05-01,https://www.mof.go.jp/policy/tab_salt/topics/20240424_kouriteikahenkou.pdf,1,高
45c9bc1d8b35e7dd,2024-04-24,令和6年4月24日,変更認可,葉巻たばこ,ｺｲｰﾊﾞ･ｴｽﾌﾟﾚﾝﾃﾞｨｰﾄﾞｽ,コイーバエスプレンディードス,178mm 1本,1,本,ｷｭｰﾊﾞ,17050,12600,2024-05-01,https://www.mof.go.jp/policy/tab_salt/topics/20240424_kouriteikahenkou.pdf,1,高
51b70b7121c1c923,2024-04-24,令和6年4月24日,変更認可,葉巻たばこ,ｺｲｰﾊﾞ･ｺﾛﾅｽ･ｴｽﾍﾟｼｬﾙ,コイーバコロナスエスペシャル,152mm 1本,1,本,ｷｭｰﾊﾞ,9350,6900,2024-05-01,https://www.mof.go.jp/policy/tab_salt/topics/20240424_kouriteikahenkou.pdf,1,高
abeed7c3d835ba5d,2024-04-24,令和6年4月24日,変更認可,葉巻たばこ,ｺｲｰﾊﾞ･ｼｸﾞﾛ,コイーバシグロ,102mm 1本,1,本,ｷｭｰﾊﾞ,5940,4400,2024-05-01,https://www.mof.go.jp/policy/tab_salt/topics/20240424_kouriteikahenkou.pdf,1,高
2f57acb4b8eb47fa,2024-04-24,令和6年4月24日,変更認可,葉巻たばこ,ｺｲｰﾊﾞ･ｼｸﾞﾛ,コイーバシグロ,129mm 1本,1,本,ｷｭｰﾊﾞ,7150,5300,2024-05-01,https://www.mof.go.jp/policy/tab_salt/topics/20240424_kouriteikahenkou.pdf,1,高
065764f6d47a2516,2024-04-24,令和6年4月24日,変更認可,葉巻たばこ,ｺｲｰﾊﾞ･ｼｸﾞﾛ,コイーバシグロ,155mm 1本,1,本,ｷｭｰﾊﾞ,8800,6600,2024-05-01,https://www.mof.go.jp/policy/tab_salt/topics/20240424_kouriteikahenkou.pdf,1,高
1d6aff834f17d599,2024-04-24,令和6年4月24日,変更認可,葉巻たばこ,ｺｲｰﾊﾞ･ｼｸﾞﾛ,コイーバシグロ,143mm 1本,1,本,ｷｭｰﾊﾞ,9900,7200,2024-05-01,https://www.mof.go.jp/policy/tab_salt/topics/20240424_kouriteikahenkou.pdf,1,高
3f92cda5bc4af29b,2024-04-24,令和6年4月24日,変更認可,葉巻たばこ,ｺｲｰﾊﾞ･ｼｸﾞﾛ ﾃﾞ ｵﾛ ｲﾔｰ ｵﾌﾞ ｻﾞ ﾗﾋﾞｯﾄ,コイーバシグロデオロイヤーオブザラビット,115mm 1本,1,本,ｷｭｰﾊﾞ,48400,40000,2024-05-01,https://www.mof.go.jp/policy/tab_salt/topics/20240424_kouriteikahenkou.pdf,1,高
904e1d3c0bc29b2b,2024-04-24,令和6年4月24日,変更認可,葉巻たばこ,ｺｲｰﾊﾞ･ｼｸﾞﾛ ﾃｭﾎﾞｽ,コイーバシグロテュボス,129mm 1本,1,本,ｷｭｰﾊﾞ,7480,5500,2024-05-01,https://www.mof.go.jp/policy/tab_salt/topics/20240424_kouriteikahenkou.pdf,1,高
dfecfe1dfedcb547,2024-04-24,令和6年4月24日,変更認可,葉巻たばこ,ｺｲｰﾊﾞ･ﾊﾟﾅﾃﾗｽ,コイーバパナテラス,115mm 1本,1,本,ｷｭｰﾊﾞ,5720,4200,2024-05-01,https://www.mof.go.jp/policy/tab_salt/topics/20240424_kouriteikahenkou.pdf,1,高
4a45a61c3b1f9d95,2024-04-24,令和6年4月24日,変更認可,葉巻たばこ,ｺｲｰﾊﾞ･ﾋﾟﾗﾐﾃﾞｽ ｴｸｽﾄﾗ,コイーバピラミデスエクストラ,160mm 1本,1,本,ｷｭｰﾊﾞ,17600,13000,2024-05-01,https://www.mof.go.jp/policy/tab_salt/topics/20240424_kouriteikahenkou.pdf,1,高
85991444eb548e36,2024-04-24,令和6年4月24日,変更認可,葉巻たばこ,ｺｲｰﾊﾞ･ﾋﾟﾗﾐﾃﾞｽ ｴｸｽﾄﾗ ﾃｭﾎﾞｽ,コイーバピラミデスエクストラテュボス,160mm 1本,1,本,ｷｭｰﾊﾞ,17710,13500,2024-05-01,https://www.mof.go.jp/policy/tab_salt/topics/20240424_kouriteikahenkou.pdf,1,高
36da4726638ba15b,2024-04-24,令和6年4月24日,変更認可,葉巻たばこ,ｺｲｰﾊﾞ･ﾏﾃﾞｭｰﾛ5 ｾｸﾚﾄｽ,コイーバマデューロ5セクレトス,110mm 1本,1,本,ｷｭｰﾊﾞ,8140,6000,2024-05-01,https://www.mof.go.jp/policy/tab_salt/topics/20240424_kouriteikahenkou.pdf,1,高
34ec720a89c2325a,2024-04-24,令和6年4月24日,変更認可,葉巻たばこ,ｺｲｰﾊﾞ･ﾏﾃﾞｭｰﾛ5 ﾍﾆｵｽ,コイーバマデューロ5ヘニオス,140mm 1本,1,本,ｷｭｰﾊﾞ,16500,12000,2024-05-01,https://www.mof.go.jp/policy/tab_salt/topics/20240424_kouriteikahenkou.pdf,1,高
f0b3363823646df7,2024-04-24,令和6年4月24日,変更認可,葉巻たばこ,ｺｲｰﾊﾞ･ﾏﾃﾞｭｰﾛ5 ﾏﾋｺｽ,コイーバマデューロ5マヒコス,115mm 1本,1,本,ｷｭｰﾊﾞ,12650,9500,2024-05-01,https://www.mof.go.jp/policy/tab_salt/topics/20240424_kouriteikahenkou.pdf,1,高
64b879bd4b00688e,2024-04-24,令和6年4月24日,変更認可,葉巻たばこ,ｺｲｰﾊﾞ･ﾒﾃﾞｨｵ ｼｸﾞﾛ,コイーバメディオシグロ,102mm 1本,1,本,ｷｭｰﾊﾞ,10230,7500,2024-05-01,https://www.mof.go.jp/policy/tab_salt/topics/20240424_kouriteikahenkou.pdf,1,高
129beb6a6188726b,2024-04-24,令和6年4月24日,変更認可,葉巻たばこ,ｺｲｰﾊﾞ･ﾗﾝｾﾛ,コイーバランセロ,192mm 1本,1,本,ｷｭｰﾊﾞ,12540,9300,2024-05-01,https://www.mof.go.jp/policy/tab_salt/topics/20240424_kouriteikahenkou.pdf,1,高
d4de2f67d15da581,2024-04-24,令和6年4月24日,変更認可,葉巻たばこ,ｺｲｰﾊﾞ･ﾛﾌﾞｽﾄｽ,コイーバロブストス,124mm 1本,1,本,ｷｭｰﾊﾞ,12100,9000,2024-05-01,https://www.mof.go.jp/policy/tab_salt/topics/20240424_kouriteikahenkou.pdf,1,高
7ed625f2f8b39b8f,2024-04-24,令和6年4月24日,変更認可,葉巻たばこ,ｺｲｰﾊﾞ･ﾛﾌﾞｽﾄｽ ﾃｭﾎﾞｽ,コイーバロブストステュボス,124mm 1本,1,本,ｷｭｰﾊﾞ,12320,9200,2024-05-01,https://www.mof.go.jp/policy/tab_salt/topics/20240424_kouriteikahenkou.pdf,1,高
80194d0d6b207d24,2024-04-24,令和6年4月24日,変更認可,葉巻たばこ,ﾎﾞﾘﾊﾞｰ ｺﾛﾅｽ ｼﾞｭﾆｱ,ボリバーコロナスジュニア,110mm 1本,1,本,ｷｭｰﾊﾞ,2640,2300,2024-05-01,https://www.mof.go.jp/policy/tab_salt/topics/20240424_kouriteikahenkou.pdf,1,高
309c9c566ef75a9e,2024-04-24,令和6年4月24日,変更認可,葉巻たばこ,ﾎﾞﾘﾊﾞｰ ﾃｭﾎﾞｽ No.2,ボリバーテュボスNO.2,129mm 1本,1,本,ｷｭｰﾊﾞ,3300,2800,2024-05-01,https://www.mof.go.jp/policy/tab_salt/topics/20240424_kouriteikahenkou.pdf,1,高
ea6017dccd932320,2024-04-24,令和6年4月24日,変更認可,葉巻たばこ,ﾎﾞﾘﾊﾞｰ ﾃｭﾎﾞｽ No.3,ボリバーテュボスNO.3,125mm 1本,1,本,ｷｭｰﾊﾞ,3190,2700,2024-05-01,https://www.mof.go.jp/policy/tab_salt/topics/20240424_kouriteikahenkou.pdf,1,高
cecb735b2861c57f,2024-04-24,令和6年4月24日,変更認可,葉巻たばこ,ﾎﾞﾘﾊﾞｰ ﾍﾟﾃｨ ｺﾛﾅｽ,ボリバーペティコロナス,129mm 1本,1,本,ｷｭｰﾊﾞ,2640,2300,2024-05-01,https://www.mof.go.jp/policy/tab_salt/topics/20240424_kouriteikahenkou.pdf,1,高
a41468e4e1cfecc6,2024-04-24,令和6年4月24日,変更認可,葉巻たばこ,ﾎﾞﾘﾊﾞｰ ﾍﾞﾘｺｿｽ ﾌｨﾉｽ,ボリバーベリコソスフィノス,140mm 1本,1,本,ｷｭｰﾊﾞ,5500,4600,2024-05-01,https://www.mof.go.jp/policy/tab_salt/topics/20240424_kouriteikahenkou.pdf,1,高
035e916f9953865c,2024-04-24,令和6年4月24日,変更認可,葉巻たばこ,ﾎﾞﾘﾊﾞｰ ﾍﾞﾘｺｿｽ ﾌｨﾉｽ SLB,ボリバーベリコソスフィノスSLB,140mm 1本,1,本,ｷｭｰﾊﾞ,5710,4700,2024-05-01,https://www.mof.go.jp/policy/tab_salt/topics/20240424_kouriteikahenkou.pdf,1,高
9cd261d1bd7c0410,2024-04-24,令和6年4月24日,変更認可,葉巻たばこ,ﾎﾞﾘﾊﾞｰ ﾛｲﾔﾙ･ｺﾛﾅｽ,ボリバーロイヤルコロナス,124mm 1本,1,本,ｷｭｰﾊﾞ,4400,3800,2024-05-01,https://www.mof.go.jp/policy/tab_salt/topics/20240424_kouriteikahenkou.pdf,1,高
dddf259510ac0eb4,2024-04-24,令和6年4月24日,変更認可,葉巻たばこ,H.ｱｯﾌﾟﾏﾝ ﾏｸﾞﾅﾑ50 SLB,H.アップマンマグナム50SLB,160mm 1本,1,本,ｷｭｰﾊﾞ,6160,5400,2024-05-01,https://www.mof.go.jp/policy/tab_salt/topics/20240424_kouriteikahenkou.pdf,2,高
c25340a92dedafc0,2024-04-24,令和6年4月24日,変更認可,葉巻たばこ,H.ｱｯﾌﾟﾏﾝ･ｺﾉｽｰﾙ A,H.アップマンコノスールA,140mm 1本,1,本,ｷｭｰﾊﾞ,6490,5600,2024-05-01,https://www.mof.go.jp/policy/tab_salt/topics/20240424_kouriteikahenkou.pdf,2,高
0192c62ec10c899f,2024-04-24,令和6年4月24日,変更認可,葉巻たばこ,H.ｱｯﾌﾟﾏﾝ･ｺﾉｽｰﾙ B,H.アップマンコノスールB,150mm 1本,1,本,ｷｭｰﾊﾞ,7150,6200,2024-05-01,https://www.mof.go.jp/policy/tab_salt/topics/20240424_kouriteikahenkou.pdf,2,高
f9164c764ab8cb8b,2024-04-24,令和6年4月24日,変更認可,葉巻たばこ,H.ｱｯﾌﾟﾏﾝ･ｺﾉｽｰﾙ No.2,H.アップマンコノスールNO.2,134mm 1本,1,本,ｷｭｰﾊﾞ,5060,4400,2024-05-01,https://www.mof.go.jp/policy/tab_salt/topics/20240424_kouriteikahenkou.pdf,2,高
13fae00ac79a28f7,2024-04-24,令和6年4月24日,変更認可,葉巻たばこ,H.ｱｯﾌﾟﾏﾝ･ｺﾚｸｼｵﾝ ｽｰﾊﾟｰﾏｸﾞﾅﾑ LCDH,H.アップマンコレクシオンスーパーマグナムLCDH,180mm 1本,1,本,ｷｭｰﾊﾞ,44000,40000,2024-05-01,https://www.mof.go.jp/policy/tab_salt/topics/20240424_kouriteikahenkou.pdf,2,高
96d563c64f20cb3c,2024-04-24,令和6年4月24日,変更認可,葉巻たばこ,H.ｱｯﾌﾟﾏﾝ･ﾊｰﾌ ｺﾛﾅ,H.アップマンハーフコロナ,90mm 1本,1,本,ｷｭｰﾊﾞ,2200,1900,2024-05-01,https://www.mof.go.jp/policy/tab_salt/topics/20240424_kouriteikahenkou.pdf,2,高
cd22c14544b52431,2024-04-24,令和6年4月24日,変更認可,葉巻たばこ,H.ｱｯﾌﾟﾏﾝ･ﾏｸﾞﾅﾑ54,H.アップマンマグナム54,120mm 1本,1,本,ｷｭｰﾊﾞ,5720,4900,2024-05-01,https://www.mof.go.jp/policy/tab_salt/topics/20240424_kouriteikahenkou.pdf,2,高
a1186f6e0142d8c4,2024-04-24,令和6年4月24日,変更認可,葉巻たばこ,H.ｱｯﾌﾟﾏﾝ･ﾛｲﾔﾙ ﾛﾌﾞｽﾄ ﾗ･ｶｰｻ,H.アップマンロイヤルロブストラカーサ,135mm 1本,1,本,ｷｭｰﾊﾞ,5610,4800,2024-05-01,https://www.mof.go.jp/policy/tab_salt/topics/20240424_kouriteikahenkou.pdf,2,高
e7c0097a2ded022e,2024-04-24,令和6年4月24日,変更認可,葉巻たばこ,ｱｯﾌﾟﾏﾝ No.2,アップマンNO.2,156mm 1本,1,本,ｷｭｰﾊﾞ,5830,5000,2024-05-01,https://www.mof.go.jp/policy/tab_salt/topics/20240424_kouriteikahenkou.pdf,2,高
49a3bb98fc0088f2,2024-04-24,令和6年4月24日,変更認可,葉巻たばこ,ｱｯﾌﾟﾏﾝ ｺﾛﾅｽｼﾞｭﾆｱ,アップマンコロナスジュニア,115mm 1本,1,本,ｷｭｰﾊﾞ,2310,2000,2024-05-01,https://www.mof.go.jp/policy/tab_salt/topics/20240424_kouriteikahenkou.pdf,2,高
30b689614aa0c423,2024-04-24,令和6年4月24日,変更認可,葉巻たばこ,ｱｯﾌﾟﾏﾝ ｺﾛﾅｽﾒｼﾞｬｰ,アップマンコロナスメジャー,132mm 1本,1,本,ｷｭｰﾊﾞ,2860,2500,2024-05-01,https://www.mof.go.jp/policy/tab_salt/topics/20240424_kouriteikahenkou.pdf,2,高
f280ca619347f77b,2024-04-24,令和6年4月24日,変更認可,葉巻たばこ,ｱｯﾌﾟﾏﾝ ｻｰｳｨﾝｽﾄﾝ,アップマンサーウィンストン,178mm 1本,1,本,ｷｭｰﾊﾞ,8800,7500,2024-05-01,https://www.mof.go.jp/policy/tab_salt/topics/20240424_kouriteikahenkou.pdf,2,高
5c19d82613fb27eb,2024-04-24,令和6年4月24日,変更認可,葉巻たばこ,ｱｯﾌﾟﾏﾝ･ｺﾉｽｰﾙNO.1,アップマンコノスールNO.1,127mm 1本,1,本,ｷｭｰﾊﾞ,4180,3600,2024-05-01,https://www.mof.go.jp/policy/tab_salt/topics/20240424_kouriteikahenkou.pdf,2,高
79368ce4249ccf9a,2024-04-24,令和6年4月24日,変更認可,葉巻たばこ,ｱｯﾌﾟﾏﾝ･ﾏｸﾞﾅﾑ,アップマンマグナム,143mm 1本,1,本,ｷｭｰﾊﾞ,5280,4600,2024-05-01,https://www.mof.go.jp/policy/tab_salt/topics/20240424_kouriteikahenkou.pdf,2,高
4231efbf1e16a440,2024-04-24,令和6年4月24日,変更認可,葉巻たばこ,ｸｱﾊﾞ ｴｸｽｸﾙｰｼﾎﾞｽ,クアバエクスクルーシボス,145mm 1本,1,本,ｷｭｰﾊﾞ,3850,3500,2024-05-01,https://www.mof.go.jp/policy/tab_salt/topics/20240424_kouriteikahenkou.pdf,2,高
7b2dd3f06d02b5e8,2024-04-24,令和6年4月24日,変更認可,葉巻たばこ,ｸｱﾊﾞ ｻﾛﾓﾈｽ,クアバサロモネス,185mm 1本,1,本,ｷｭｰﾊﾞ,8360,7600,2024-05-01,https://www.mof.go.jp/policy/tab_salt/topics/20240424_kouriteikahenkou.pdf,2,高
c9ce656a6d747935,2024-04-24,令和6年4月24日,変更認可,葉巻たばこ,ｸｱﾊﾞ ﾃﾞｨｳﾞｨﾉｽ,クアバディヴィノス,101mm 1本,1,本,ｷｭｰﾊﾞ,2750,2500,2024-05-01,https://www.mof.go.jp/policy/tab_salt/topics/20240424_kouriteikahenkou.pdf,2,高
1a1d3047922b9717,2024-04-24,令和6年4月24日,変更認可,葉巻たばこ,ｸｱﾊﾞ ﾃﾞｨｽﾃｨﾝｸﾞｲﾄﾞｽ ﾌﾗｯﾄﾎﾞｯｸｽ,クアバディスティングイドスフラットボックス,162mm 1本,1,本,ｷｭｰﾊﾞ,7040,6300,2024-05-01,https://www.mof.go.jp/policy/tab_salt/topics/20240424_kouriteikahenkou.pdf,2,高
88a70d074bd635af,2024-04-24,令和6年4月24日,変更認可,葉巻たばこ,ｸｱﾊﾞ ﾄﾗﾃﾞｨｼｮﾅﾚｽ,クアバトラディショナレス,120mm 1本,1,本,ｷｭｰﾊﾞ,2970,2700,2024-05-01,https://www.mof.go.jp/policy/tab_salt/topics/20240424_kouriteikahenkou.pdf,2,高
f5da0480b4ce12c5,2024-04-24,令和6年4月24日,変更認可,葉巻たばこ,ｸｱﾊﾞ･ｴｲﾊﾟｯｸ RE 2021,クアバエイパックRE2021,158mm 1本,1,本,ｷｭｰﾊﾞ,5720,5200,2024-05-01,https://www.mof.go.jp/policy/tab_salt/topics/20240424_kouriteikahenkou.pdf,2,高
3b29d6845c361570,2024-04-24,令和6年4月24日,変更認可,葉巻たばこ,ｺｲｰﾊﾞ ｼｸﾞﾛ ﾃｭﾎﾞｽ,コイーバシグロテュボス,150mm 1本,1,本,ｷｭｰﾊﾞ,14520,11000,2024-05-01,https://www.mof.go.jp/policy/tab_salt/topics/20240424_kouriteikahenkou.pdf,2,高
f5c601c1cc4e8dcf,2024-04-24,令和6年4月24日,変更認可,葉巻たばこ,ｺｲｰﾊﾞ･ｼｸﾞﾛ,コイーバシグロ,170mm 1本,1,本,ｷｭｰﾊﾞ,10780,8000,2024-05-01,https://www.mof.go.jp/policy/tab_salt/topics/20240424_kouriteikahenkou.pdf,2,高
5c994072f5087f3a,2024-04-24,令和6年4月24日,変更認可,葉巻たばこ,ｺｲｰﾊﾞ･ｼｸﾞﾛ,コイーバシグロ,150mm 1本,1,本,ｷｭｰﾊﾞ,14300,10800,2024-05-01,https://www.mof.go.jp/policy/tab_salt/topics/20240424_kouriteikahenkou.pdf,2,高
1e01698cb51ac737,2024-04-24,令和6年4月24日,変更認可,葉巻たばこ,ｺﾝﾋﾞﾅｼｵﾈｽ･ｾﾚｸｼｵﾝ ﾋﾟﾗﾐﾃﾞｽ 6'S,コンビナシオネスセレクシオンピラミデス6'S,156mm 6本,6,本,ｷｭｰﾊﾞ,56100,53000,2024-05-01,https://www.mof.go.jp/policy/tab_salt/topics/20240424_kouriteikahenkou.pdf,2,高
6d5a2ed27c706d5b,2024-04-24,令和6年4月24日,変更認可,葉巻たばこ,ｺﾝﾋﾞﾅｼｵﾈｽ･ｾﾚｸｼｵﾝ ﾛﾌﾞｽﾄｽ 6'S,コンビナシオネスセレクシオンロブストス6'S,124mm 6本,6,本,ｷｭｰﾊﾞ,49500,47000,2024-05-01,https://www.mof.go.jp/policy/tab_salt/topics/20240424_kouriteikahenkou.pdf,2,高
521ee1e7928a456d,2024-04-24,令和6年4月24日,変更認可,葉巻たばこ,ﾃﾞｨﾌﾟﾛﾏﾃｨｺｽ No.2,ディプロマティコスNO.2,156mm 1本,1,本,ｷｭｰﾊﾞ,5500,4900,2024-05-01,https://www.mof.go.jp/policy/tab_salt/topics/20240424_kouriteikahenkou.pdf,2,高
9f194542f090c382,2024-04-24,令和6年4月24日,変更認可,葉巻たばこ,ﾃﾞｨﾌﾟﾛﾏﾃｨｺｽ･PCC 30th ｱﾆﾍﾞﾙｻﾘｵ RE 2022,ディプロマティコスPCC30THアニベルサリオRE2022,140mm 1本,1,本,ｷｭｰﾊﾞ,12100,11000,2024-05-01,https://www.mof.go.jp/policy/tab_salt/topics/20240424_kouriteikahenkou.pdf,2,高
1d1637c474b4d636,2024-04-24,令和6年4月24日,変更認可,葉巻たばこ,ﾌｫﾝｾｶ KDT ｶﾃﾞｯﾄ,フォンセカKDTカデット,115mm 1本,1,本,ｷｭｰﾊﾞ,1980,1800,2024-05-01,https://www.mof.go.jp/policy/tab_salt/topics/20240424_kouriteikahenkou.pdf,2,高
39f88400bdadd6f0,2024-04-24,令和6年4月24日,変更認可,葉巻たばこ,ﾎﾖｰ･ﾄﾞｩ･ﾓﾝﾄﾚｰ ｴﾋﾟｷｭｱ ｴｽﾍﾟｼｬﾙ SLB,ホヨードゥモントレーエピキュアエスペシャルSLB,141mm 1本,1,本,ｷｭｰﾊﾞ,5940,5200,2024-05-01,https://www.mof.go.jp/policy/tab_salt/topics/20240424_kouriteikahenkou.pdf,2,高
19e1acfb21932ec5,2024-04-24,令和6年4月24日,変更認可,葉巻たばこ,ﾎﾖｰ･ﾄﾞｩ･ﾓﾝﾄﾚｰ･ｴﾋﾟｷｭｱ ﾃﾞﾗｯｸｽ LCDH,ホヨードゥモントレーエピキュアデラックスLCDH,115mm 1本,1,本,ｷｭｰﾊﾞ,5390,4600,2024-05-01,https://www.mof.go.jp/policy/tab_salt/topics/20240424_kouriteikahenkou.pdf,2,高
6ebdba0761eccf81,2024-04-24,令和6年4月24日,変更認可,葉巻たばこ,ﾎﾖｰ･ﾄﾞｩ･ﾓﾝﾄﾚｰ･ｴﾚｶﾞﾝﾃｽ LCDH,ホヨードゥモントレーエレガンテスLCDH,158mm 1本,1,本,ｷｭｰﾊﾞ,5830,5000,2024-05-01,https://www.mof.go.jp/policy/tab_salt/topics/20240424_kouriteikahenkou.pdf,2,高
0e2cabb44520707a,2024-04-24,令和6年4月24日,変更認可,葉巻たばこ,ﾎﾖｰﾄﾞｩ ﾓﾝﾄﾚｰ ｴﾋﾟｷｭｱNo.1,ホヨードゥモントレーエピキュアNO.1,143mm 1本,1,本,ｷｭｰﾊﾞ,5170,4500,2024-05-01,https://www.mof.go.jp/policy/tab_salt/topics/20240424_kouriteikahenkou.pdf,2,高
1f6dc68975710eb9,2024-04-24,令和6年4月24日,変更認可,葉巻たばこ,ﾎﾖｰﾄﾞｩ･ﾓﾝﾄﾚｰ･ﾀﾞﾌﾞﾙ･ｺﾛﾅｽ,ホヨードゥモントレーダブルコロナス,194mm 1本,1,本,ｷｭｰﾊﾞ,6710,5800,2024-05-01,https://www.mof.go.jp/policy/tab_salt/topics/20240424_kouriteikahenkou.pdf,2,高
727352c93877d80b,2024-04-24,令和6年4月24日,変更認可,葉巻たばこ,ﾎﾖｰﾄﾞｳﾓﾝﾄﾚｰ ﾀﾞﾌﾞﾙｺﾛﾅｽ ｷｬﾋﾞﾈｯﾄ,ホヨードウモントレーダブルコロナスキャビネット,194mm 1本,1,本,ｷｭｰﾊﾞ,7040,6000,2024-05-01,https://www.mof.go.jp/policy/tab_salt/topics/20240424_kouriteikahenkou.pdf,2,高
81a97205afb38840,2024-04-24,令和6年4月24日,変更認可,葉巻たばこ,ｸﾞﾛﾘｱ･ｷｭﾊﾞｰﾅ･ｸﾞﾛﾘｱｽ LCDH,グロリアキュバーナグロリアスLCDH,156mm 1本,1,本,ｷｭｰﾊﾞ,25300,21000,2024-05-01,https://www.mof.go.jp/policy/tab_salt/topics/20240424_kouriteikahenkou.pdf,3,高
946d41e9dff17cde,2024-04-24,令和6年4月24日,変更認可,葉巻たばこ,ﾌｧﾝﾛﾍﾟｽﾞ ｾﾚｸｼｮﾝ NO.2,ファンロペズセレクションNO.2,124mm 1本,1,本,ｷｭｰﾊﾞ,4290,3900,2024-05-01,https://www.mof.go.jp/policy/tab_salt/topics/20240424_kouriteikahenkou.pdf,3,高
c339af647a39b8c2,2024-04-24,令和6年4月24日,変更認可,葉巻たばこ,ﾌｧﾝﾛﾍﾟｽﾞ･ｾﾚｸｼｮﾝ ｴｽﾍﾟｼｬﾙ,ファンロペズセレクションエスペシャル,170mm 1本,1,本,ｷｭｰﾊﾞ,8800,7700,2024-05-01,https://www.mof.go.jp/policy/tab_salt/topics/20240424_kouriteikahenkou.pdf,3,高
ac62c98cce1d2756,2024-04-24,令和6年4月24日,変更認可,葉巻たばこ,ﾎｾ･L･ﾋﾟｴﾄﾞﾗ ｶｻﾄﾞﾚｽ ﾊﾞﾝﾄﾞﾙ,ホセLピエドラカサドレスバンドル,153mm 1本,1,本,ｷｭｰﾊﾞ,1980,1400,2024-05-01,https://www.mof.go.jp/policy/tab_salt/topics/20240424_kouriteikahenkou.pdf,3,高
0db035e399b7e0c0,2024-04-24,令和6年4月24日,変更認可,葉巻たばこ,ﾎｾ･L･ﾋﾟｴﾄﾞﾗ ｺﾝｾﾙﾊﾞｽ ﾊﾞﾝﾄﾞﾙ,ホセLピエドラコンセルバスバンドル,140mm 1本,1,本,ｷｭｰﾊﾞ,1650,1200,2024-05-01,https://www.mof.go.jp/policy/tab_salt/topics/20240424_kouriteikahenkou.pdf,3,高
d9eda62a04867942,2024-04-24,令和6年4月24日,変更認可,葉巻たばこ,ﾎｾ･L･ﾋﾟｴﾄﾞﾗ ﾌﾞﾚﾊﾞｽ ﾊﾞﾝﾄﾞﾙ,ホセLピエドラブレバスバンドル,133mm 1本,1,本,ｷｭｰﾊﾞ,1650,1150,2024-05-01,https://www.mof.go.jp/policy/tab_salt/topics/20240424_kouriteikahenkou.pdf,3,高
56bc54fd961e871c,2024-04-24,令和6年4月24日,変更認可,葉巻たばこ,ﾎｾ･L･ﾋﾟｴﾄﾞﾗ･ﾍﾟﾃｨ ｶﾊﾞﾚﾛｽ,ホセLピエドラペティカバレロス,120mm 1本,1,本,ｷｭｰﾊﾞ,1650,1150,2024-05-01,https://www.mof.go.jp/policy/tab_salt/topics/20240424_kouriteikahenkou.pdf,3,高
d65ae88fc19c832c,2024-04-24,令和6年4月24日,変更認可,葉巻たばこ,ﾎﾖｰ･ﾄﾞｩ･ﾓﾝﾄﾚｰ ｻﾝ ﾌｧﾝ,ホヨードゥモントレーサンファン,150mm 1本,1,本,ｷｭｰﾊﾞ,6710,5800,2024-05-01,https://www.mof.go.jp/policy/tab_salt/topics/20240424_kouriteikahenkou.pdf,3,高
9d3326f831a41441,2024-04-24,令和6年4月24日,変更認可,葉巻たばこ,ﾎﾖｰ･ﾄﾞｩ･ﾓﾝﾄﾚｰ･ﾘｵ ｾｺ,ホヨードゥモントレーリオセコ,140mm 1本,1,本,ｷｭｰﾊﾞ,6930,6000,2024-05-01,https://www.mof.go.jp/policy/tab_salt/topics/20240424_kouriteikahenkou.pdf,3,高
fefdefd1fd65ce19,2024-04-24,令和6年4月24日,変更認可,葉巻たばこ,ﾎﾖｰﾄﾞｩ･ﾓﾝﾄﾚｰ ｴﾋﾟｷｭｱNo.2,ホヨードゥモントレーエピキュアNO.2,124mm 1本,1,本,ｷｭｰﾊﾞ,5170,4500,2024-05-01,https://www.mof.go.jp/policy/tab_salt/topics/20240424_kouriteikahenkou.pdf,3,高
cc01c8595ce80e22,2024-04-24,令和6年4月24日,変更認可,葉巻たばこ,ﾎﾖｰﾄﾞｩ･ﾓﾝﾄﾚｰ ｴﾋﾟｷｭｱNo.2 ｷｬﾋﾞﾈｯﾄ,ホヨードゥモントレーエピキュアNO.2キャビネット,124mm 1本,1,本,ｷｭｰﾊﾞ,5390,4600,2024-05-01,https://www.mof.go.jp/policy/tab_salt/topics/20240424_kouriteikahenkou.pdf,3,高
443962268f57c7c0,2024-04-24,令和6年4月24日,変更認可,葉巻たばこ,ﾎﾖｰﾄﾞｩ･ﾓﾝﾄﾚｰ ﾃﾞｭﾋﾟｭﾃ,ホヨードゥモントレーデュピュテ,110mm 1本,1,本,ｷｭｰﾊﾞ,2640,2200,2024-05-01,https://www.mof.go.jp/policy/tab_salt/topics/20240424_kouriteikahenkou.pdf,3,高
98f81d72162800a3,2024-04-24,令和6年4月24日,変更認可,葉巻たばこ,ﾎﾖｰﾄﾞｩ･ﾓﾝﾄﾚｰ･ｴｽｺｼﾞﾄﾞｽ,ホヨードゥモントレーエスコジドス,180mm 1本,1,本,ｷｭｰﾊﾞ,8140,7000,2024-05-01,https://www.mof.go.jp/policy/tab_salt/topics/20240424_kouriteikahenkou.pdf,3,高
66d84d018a3cec05,2024-04-24,令和6年4月24日,変更認可,葉巻たばこ,ﾎﾖｰﾄﾞｩﾓﾝﾄﾚｰ ﾍﾟﾃｨ ﾛﾌﾞｽﾄ,ホヨードゥモントレーペティロブスト,102mm 1本,1,本,ｷｭｰﾊﾞ,3850,3300,2024-05-01,https://www.mof.go.jp/policy/tab_salt/topics/20240424_kouriteikahenkou.pdf,3,高
e461c32a7f3b5c2d,2024-04-24,令和6年4月24日,変更認可,葉巻たばこ,ﾎﾖｰﾄﾞｩﾓﾝﾄﾚｰ･ﾒｰﾙ,ホヨードゥモントレーメール,100mm 1本,1,本,ｷｭｰﾊﾞ,2200,1900,2024-05-01,https://www.mof.go.jp/policy/tab_salt/topics/20240424_kouriteikahenkou.pdf,3,高
100146229d88abc9,2024-04-24,令和6年4月24日,変更認可,葉巻たばこ,ﾓﾝﾃｸﾘｽﾄ A,モンテクリストA,235mm 1本,1,本,ｷｭｰﾊﾞ,13200,12000,2024-05-01,https://www.mof.go.jp/policy/tab_salt/topics/20240424_kouriteikahenkou.pdf,3,高
7b46bea4db2f258f,2024-04-24,令和6年4月24日,変更認可,葉巻たばこ,ﾓﾝﾃｸﾘｽﾄ No.1,モンテクリストNO.1,165mm 1本,1,本,ｷｭｰﾊﾞ,4620,4000,2024-05-01,https://www.mof.go.jp/policy/tab_salt/topics/20240424_kouriteikahenkou.pdf,3,高
e73f650be1845366,2024-04-24,令和6年4月24日,変更認可,葉巻たばこ,ﾓﾝﾃｸﾘｽﾄ No.3,モンテクリストNO.3,142mm 1本,1,本,ｷｭｰﾊﾞ,3630,3100,2024-05-01,https://www.mof.go.jp/policy/tab_salt/topics/20240424_kouriteikahenkou.pdf,3,高
70eefb937bd3096a,2024-04-24,令和6年4月24日,変更認可,葉巻たばこ,ﾓﾝﾃｸﾘｽﾄ ｲｰｸﾞﾙ,モンテクリストイーグル,150mm 1本,1,本,ｷｭｰﾊﾞ,6710,5800,2024-05-01,https://www.mof.go.jp/policy/tab_salt/topics/20240424_kouriteikahenkou.pdf,3,高
efdd9e31ef6b7095,2024-04-24,令和6年4月24日,変更認可,葉巻たばこ,ﾓﾝﾃｸﾘｽﾄ ｴﾄﾞｩﾑﾝﾄﾞ ﾃｭﾎﾞｽ,モンテクリストエドゥムンドテュボス,135mm 1本,1,本,ｷｭｰﾊﾞ,6050,5300,2024-05-01,https://www.mof.go.jp/policy/tab_salt/topics/20240424_kouriteikahenkou.pdf,3,高
f484b853c01db5d1,2024-04-24,令和6年4月24日,変更認可,葉巻たばこ,ﾓﾝﾃｸﾘｽﾄ ｴﾄﾞｩﾓﾝﾄﾞ,モンテクリストエドゥモンド,135mm 1本,1,本,ｷｭｰﾊﾞ,5720,5000,2024-05-01,https://www.mof.go.jp/policy/tab_salt/topics/20240424_kouriteikahenkou.pdf,3,高
07529fe2482fb9dd,2024-04-24,令和6年4月24日,変更認可,葉巻たばこ,ﾓﾝﾃｸﾘｽﾄ ｼﾞｭﾆｱ,モンテクリストジュニア,110mm 1本,1,本,ｷｭｰﾊﾞ,2750,2400,2024-05-01,https://www.mof.go.jp/policy/tab_salt/topics/20240424_kouriteikahenkou.pdf,3,高
5765fdccd2a7d6b7,2024-04-24,令和6年4月24日,変更認可,葉巻たばこ,ﾓﾝﾃｸﾘｽﾄ ﾏｽﾀｰ,モンテクリストマスター,124mm 1本,1,本,ｷｭｰﾊﾞ,5610,4800,2024-05-01,https://www.mof.go.jp/policy/tab_salt/topics/20240424_kouriteikahenkou.pdf,3,高
296fc6bad6a9c2f8,2024-04-24,令和6年4月24日,変更認可,葉巻たばこ,ﾓﾝﾃｸﾘｽﾄ･No.2,モンテクリストNO.2,156mm 1本,1,本,ｷｭｰﾊﾞ,5830,5100,2024-05-01,https://www.mof.go.jp/policy/tab_salt/topics/20240424_kouriteikahenkou.pdf,3,高
a22dbbfb90dd3507,2024-04-24,令和6年4月24日,変更認可,葉巻たばこ,ﾓﾝﾃｸﾘｽﾄ･No.4,モンテクリストNO.4,129mm 1本,1,本,ｷｭｰﾊﾞ,3190,2800,2024-05-01,https://www.mof.go.jp/policy/tab_salt/topics/20240424_kouriteikahenkou.pdf,3,高
8de74cd85a67187e,2024-04-24,令和6年4月24日,変更認可,葉巻たばこ,ﾓﾝﾃｸﾘｽﾄ･ｲｰｸﾞﾙ ﾃｭﾎﾞｽ,モンテクリストイーグルテュボス,150mm 1本,1,本,ｷｭｰﾊﾞ,6820,6100,2024-05-01,https://www.mof.go.jp/policy/tab_salt/topics/20240424_kouriteikahenkou.pdf,3,高
353ffeebb0f781cb,2024-04-24,令和6年4月24日,変更認可,葉巻たばこ,ﾓﾝﾃｸﾘｽﾄ･ｴｽﾍﾟｼｬﾙNO.2,モンテクリストエスペシャルNO.2,152mm 1本,1,本,ｷｭｰﾊﾞ,4290,3700,2024-05-01,https://www.mof.go.jp/policy/tab_salt/topics/20240424_kouriteikahenkou.pdf,3,高
7a4a6631ac980de3,2024-04-24,令和6年4月24日,変更認可,葉巻たばこ,ﾓﾝﾃｸﾘｽﾄ･ﾀﾞﾌﾞﾙ ｴﾄﾞｩﾑﾝﾄﾞ,モンテクリストダブルエドゥムンド,155mm 1本,1,本,ｷｭｰﾊﾞ,7150,6300,2024-05-01,https://www.mof.go.jp/policy/tab_salt/topics/20240424_kouriteikahenkou.pdf,3,高
2e31d2a66ea6f6f8,2024-04-24,令和6年4月24日,変更認可,葉巻たばこ,ﾓﾝﾃｸﾘｽﾄ･ﾃﾞｭﾏｽ LINEA 1935,モンテクリストデュマスLINEA1935,130mm 1本,1,本,ｷｭｰﾊﾞ,7920,6200,2024-05-01,https://www.mof.go.jp/policy/tab_salt/topics/20240424_kouriteikahenkou.pdf,3,高
1e348435988cdf5b,2024-04-24,令和6年4月24日,変更認可,葉巻たばこ,ﾓﾝﾃｸﾘｽﾄ･ﾎｲﾀｽ,モンテクリストホイタス,115mm 1本,1,本,ｷｭｰﾊﾞ,2200,1900,2024-05-01,https://www.mof.go.jp/policy/tab_salt/topics/20240424_kouriteikahenkou.pdf,3,高
b3a9e6018c790a64,2024-04-24,令和6年4月24日,変更認可,葉巻たばこ,ﾓﾝﾃｸﾘｽﾄ･ﾏﾙﾃｽ LINEA 1935,モンテクリストマルテスLINEA1935,153mm 1本,1,本,ｷｭｰﾊﾞ,10010,7900,2024-05-01,https://www.mof.go.jp/policy/tab_salt/topics/20240424_kouriteikahenkou.pdf,3,高
b54a7e4c7523deeb,2024-04-24,令和6年4月24日,変更認可,葉巻たばこ,ﾓﾝﾃｸﾘｽﾄ･ﾒﾃﾞｨｱｺﾛﾅ,モンテクリストメディアコロナ,90mm 1本,1,本,ｷｭｰﾊﾞ,2750,2300,2024-05-01,https://www.mof.go.jp/policy/tab_salt/topics/20240424_kouriteikahenkou.pdf,3,高
86bde82dc69e0992,2024-04-24,令和6年4月24日,変更認可,葉巻たばこ,ﾓﾝﾃｸﾘｽﾄ･ﾚｼﾞｪﾝﾀﾞ LINEA 1935,モンテクリストレジェンダLINEA1935,165mm 1本,1,本,ｷｭｰﾊﾞ,11440,9000,2024-05-01,https://www.mof.go.jp/policy/tab_salt/topics/20240424_kouriteikahenkou.pdf,3,高
ba339b0a63e73306,2024-04-24,令和6年4月24日,変更認可,葉巻たばこ,ﾗ･ﾌﾛｰﾙ･ﾃﾞ･ｶﾉ･ｴﾚﾋﾄﾞｽ,ラフロールデカノエレヒドス,127mm 1本,1,本,ｷｭｰﾊﾞ,2750,2200,2024-05-01,https://www.mof.go.jp/policy/tab_salt/topics/20240424_kouriteikahenkou.pdf,3,高
5ca845578497f398,2024-04-24,令和6年4月24日,変更認可,葉巻たばこ,ﾊﾟﾙﾀｶﾞｽ 8-9-8ﾊﾞｰﾆｯｼｭ,パルタガス8-9-8バーニッシュ,170mm 1本,1,本,ｷｭｰﾊﾞ,5170,4500,2024-05-01,https://www.mof.go.jp/policy/tab_salt/topics/20240424_kouriteikahenkou.pdf,4,高
99cc82be0b0d88a7,2024-04-24,令和6年4月24日,変更認可,葉巻たばこ,ﾊﾟﾙﾀｶﾞｽ ｻﾙﾓﾈｽ ﾗ･ｶｰｻ,パルタガスサルモネスラカーサ,184mm 1本,1,本,ｷｭｰﾊﾞ,11330,9000,2024-05-01,https://www.mof.go.jp/policy/tab_salt/topics/20240424_kouriteikahenkou.pdf,4,高
215676f90a22af85,2024-04-24,令和6年4月24日,変更認可,葉巻たばこ,ﾊﾟﾙﾀｶﾞｽ ｼｮｰﾂ,パルタガスショーツ,110mm 1本,1,本,ｷｭｰﾊﾞ,2750,2300,2024-05-01,https://www.mof.go.jp/policy/tab_salt/topics/20240424_kouriteikahenkou.pdf,4,高
71ce23e2a70344ab,2024-04-24,令和6年4月24日,変更認可,葉巻たばこ,ﾊﾟﾙﾀｶﾞｽ ｾﾘｰP No.2,パルタガスセリーPNO.2,156mm 1本,1,本,ｷｭｰﾊﾞ,5720,4900,2024-05-01,https://www.mof.go.jp/policy/tab_salt/topics/20240424_kouriteikahenkou.pdf,4,高
a82bf7dab526d9e8,2024-04-24,令和6年4月24日,変更認可,葉巻たばこ,ﾊﾟﾙﾀｶﾞｽ ﾊﾟﾙﾀｶﾞｽ ﾃﾞﾗｯｸｽ,パルタガスパルタガスデラックス,140mm 1本,1,本,ｷｭｰﾊﾞ,2640,2200,2024-05-01,https://www.mof.go.jp/policy/tab_salt/topics/20240424_kouriteikahenkou.pdf,4,高
53d812691ad31c58,2024-04-24,令和6年4月24日,変更認可,葉巻たばこ,ﾊﾟﾙﾀｶﾞｽ ﾙｼﾀﾆｱｽ ｷｬﾋﾞﾈｯﾄ,パルタガスルシタニアスキャビネット,194mm 1本,1,本,ｷｭｰﾊﾞ,7040,6000,2024-05-01,https://www.mof.go.jp/policy/tab_salt/topics/20240424_kouriteikahenkou.pdf,4,高
05521b4e498c384e,2024-04-24,令和6年4月24日,変更認可,葉巻たばこ,ﾊﾟﾙﾀｶﾞｽ･ｱﾘｱﾄﾞｽ LCDH,パルタガスアリアドスLCDH,167mm 1本,1,本,ｷｭｰﾊﾞ,13640,12000,2024-05-01,https://www.mof.go.jp/policy/tab_salt/topics/20240424_kouriteikahenkou.pdf,4,高
141494db3078f342,2024-04-24,令和6年4月24日,変更認可,葉巻たばこ,ﾊﾟﾙﾀｶﾞｽ･ｷｬﾋﾟﾄﾙｽﾞ,パルタガスキャピトルズ,129mm 1本,1,本,ｷｭｰﾊﾞ,3740,3200,2024-05-01,https://www.mof.go.jp/policy/tab_salt/topics/20240424_kouriteikahenkou.pdf,4,高
c713afea6e8fcaaf,2024-04-24,令和6年4月24日,変更認可,葉巻たばこ,ﾊﾟﾙﾀｶﾞｽ･ｺﾛﾅｽ･ｼﾆｱ,パルタガスコロナスシニア,132mm 1本,1,本,ｷｭｰﾊﾞ,2750,2300,2024-05-01,https://www.mof.go.jp/policy/tab_salt/topics/20240424_kouriteikahenkou.pdf,4,高
1622dd6b02ae420f,2024-04-24,令和6年4月24日,変更認可,葉巻たばこ,ﾊﾟﾙﾀｶﾞｽ･ｾﾘｰD No.5,パルタガスセリーDNO.5,110mm 1本,1,本,ｷｭｰﾊﾞ,4070,3500,2024-05-01,https://www.mof.go.jp/policy/tab_salt/topics/20240424_kouriteikahenkou.pdf,4,高
3974c95dde6775d2,2024-04-24,令和6年4月24日,変更認可,葉巻たばこ,ﾊﾟﾙﾀｶﾞｽ･ｾﾘｰD No.6,パルタガスセリーDNO.6,90mm 1本,1,本,ｷｭｰﾊﾞ,3630,3100,2024-05-01,https://www.mof.go.jp/policy/tab_salt/topics/20240424_kouriteikahenkou.pdf,4,高
322cda6be7b8ba8b,2024-04-24,令和6年4月24日,変更認可,葉巻たばこ,ﾊﾟﾙﾀｶﾞｽ･ｾﾘｰE No.2,パルタガスセリーENO.2,140mm 1本,1,本,ｷｭｰﾊﾞ,6380,5500,2024-05-01,https://www.mof.go.jp/policy/tab_salt/topics/20240424_kouriteikahenkou.pdf,4,高
ecdc5fc624bbb2b5,2024-04-24,令和6年4月24日,変更認可,葉巻たばこ,ﾊﾟﾙﾀｶﾞｽ･ｾﾘｰﾃﾞｨ･No.4,パルタガスセリーディNO.4,124mm 1本,1,本,ｷｭｰﾊﾞ,4730,4000,2024-05-01,https://www.mof.go.jp/policy/tab_salt/topics/20240424_kouriteikahenkou.pdf,4,高
59b619d5dd5a7571,2024-04-24,令和6年4月24日,変更認可,葉巻たばこ,ﾊﾟﾙﾀｶﾞｽ･ﾌﾟﾚｼﾞﾃﾞﾝﾄ,パルタガスプレジデント,158mm 1本,1,本,ｷｭｰﾊﾞ,4400,3800,2024-05-01,https://www.mof.go.jp/policy/tab_salt/topics/20240424_kouriteikahenkou.pdf,4,高
488fe067b682b8be,2024-04-24,令和6年4月24日,変更認可,葉巻たばこ,ﾊﾟﾙﾀｶﾞｽ･ﾏﾃﾞｭｰﾛ No.1,パルタガスマデューロNO.1,130mm 1本,1,本,ｷｭｰﾊﾞ,6380,5500,2024-05-01,https://www.mof.go.jp/policy/tab_salt/topics/20240424_kouriteikahenkou.pdf,4,高
bca45ce93f453ec8,2024-04-24,令和6年4月24日,変更認可,葉巻たばこ,ﾊﾟﾙﾀｶﾞｽ･ﾏﾃﾞｭｰﾛ No.2,パルタガスマデューロNO.2,120mm 1本,1,本,ｷｭｰﾊﾞ,6490,5600,2024-05-01,https://www.mof.go.jp/policy/tab_salt/topics/20240424_kouriteikahenkou.pdf,4,高
4e8ea7c07f21db70,2024-04-24,令和6年4月24日,変更認可,葉巻たばこ,ﾊﾟﾙﾀｶﾞｽ･ﾏﾃﾞｭｰﾛ No.3,パルタガスマデューロNO.3,145mm 1本,1,本,ｷｭｰﾊﾞ,6710,5800,2024-05-01,https://www.mof.go.jp/policy/tab_salt/topics/20240424_kouriteikahenkou.pdf,4,高
3a51109291fb6f9d,2024-04-24,令和6年4月24日,変更認可,葉巻たばこ,ﾊﾟﾙﾀｶﾞｽ･ﾙｼﾀﾆｱｽ,パルタガスルシタニアス,194mm 1本,1,本,ｷｭｰﾊﾞ,6820,5800,2024-05-01,https://www.mof.go.jp/policy/tab_salt/topics/20240424_kouriteikahenkou.pdf,4,高
c0958b71cbe7efe4,2024-04-24,令和6年4月24日,変更認可,葉巻たばこ,ﾊﾟﾝﾁ ｺﾛﾈｰｼｮﾝ,パンチコロネーション,129mm 1本,1,本,ｷｭｰﾊﾞ,2750,2400,2024-05-01,https://www.mof.go.jp/policy/tab_salt/topics/20240424_kouriteikahenkou.pdf,4,高
8288d1fad84f9035,2024-04-24,令和6年4月24日,変更認可,葉巻たばこ,ﾊﾟﾝﾁ ﾊﾟﾝﾁ ﾊﾟﾝﾁ,パンチパンチパンチ,143mm 1本,1,本,ｷｭｰﾊﾞ,4620,4100,2024-05-01,https://www.mof.go.jp/policy/tab_salt/topics/20240424_kouriteikahenkou.pdf,4,高
1b5ed8ae00735b41,2024-04-24,令和6年4月24日,変更認可,葉巻たばこ,ﾊﾟﾝﾁ･ｼｮｰﾄ ﾃﾞ ﾊﾟﾝﾁ,パンチショートデパンチ,120mm 1本,1,本,ｷｭｰﾊﾞ,5060,4600,2024-05-01,https://www.mof.go.jp/policy/tab_salt/topics/20240424_kouriteikahenkou.pdf,4,高
586b74b4af54813e,2024-04-24,令和6年4月24日,変更認可,葉巻たばこ,ﾊﾟﾝﾁ･ﾀﾞﾌﾞﾙｺﾛﾅｽ,パンチダブルコロナス,194mm 1本,1,本,ｷｭｰﾊﾞ,6380,5800,2024-05-01,https://www.mof.go.jp/policy/tab_salt/topics/20240424_kouriteikahenkou.pdf,4,高
64a17ccb681c9d8a,2024-04-24,令和6年4月24日,変更認可,葉巻たばこ,ﾊﾟﾝﾁ･ﾊﾟﾝﾁ 48,パンチパンチ48,140mm 1本,1,本,ｷｭｰﾊﾞ,5940,5300,2024-05-01,https://www.mof.go.jp/policy/tab_salt/topics/20240424_kouriteikahenkou.pdf,4,高
b2c1842c19ad07d4,2024-04-24,令和6年4月24日,変更認可,葉巻たばこ,ﾎﾟｰﾙ･ﾗﾗﾅｰｶﾞ ﾋﾟｶﾄﾞﾚｽ,ポールララナーガピカドレス,127mm 1本,1,本,ｷｭｰﾊﾞ,4290,3900,2024-05-01,https://www.mof.go.jp/policy/tab_salt/topics/20240424_kouriteikahenkou.pdf,4,高
d22e0920cd6c8733,2024-04-24,令和6年4月24日,変更認可,葉巻たばこ,ﾎﾟｰﾙ･ﾗﾗﾅｰｶﾞ ﾍﾟﾃｨｺﾛﾅｽ,ポールララナーガペティコロナス,129mm 1本,1,本,ｷｭｰﾊﾞ,2640,2300,2024-05-01,https://www.mof.go.jp/policy/tab_salt/topics/20240424_kouriteikahenkou.pdf,4,高
9f79e3a2c19ee6de,2024-04-24,令和6年4月24日,変更認可,葉巻たばこ,ﾎﾟｰﾙ･ﾗﾗﾅｰｶﾞ･ｶﾞﾗﾈｽ,ポールララナーガガラネス,120mm 1本,1,本,ｷｭｰﾊﾞ,4290,3700,2024-05-01,https://www.mof.go.jp/policy/tab_salt/topics/20240424_kouriteikahenkou.pdf,4,高
b64b371af76f1c38,2024-04-24,令和6年4月24日,変更認可,葉巻たばこ,ﾓﾝﾃ･ｸﾘｽﾄ･ﾃｭﾎﾞｽ,モンテクリストテュボス,155mm 1本,1,本,ｷｭｰﾊﾞ,4510,4500,2024-05-01,https://www.mof.go.jp/policy/tab_salt/topics/20240424_kouriteikahenkou.pdf,4,高
ac2d55a617b35b10,2024-04-24,令和6年4月24日,変更認可,葉巻たばこ,ﾓﾝﾃｸﾘｽﾄ ﾍﾟﾃｨ ｴﾄﾞﾑﾝﾄﾞ,モンテクリストペティエドムンド,110mm 1本,1,本,ｷｭｰﾊﾞ,4180,3600,2024-05-01,https://www.mof.go.jp/policy/tab_salt/topics/20240424_kouriteikahenkou.pdf,4,高
089b5fde3c824318,2024-04-24,令和6年4月24日,変更認可,葉巻たばこ,ﾓﾝﾃｸﾘｽﾄ ﾍﾟﾃｨ ｴﾄﾞﾑﾝﾄﾞ ﾃｭﾎﾞｽ,モンテクリストペティエドムンドテュボス,110mm 1本,1,本,ｷｭｰﾊﾞ,4400,3800,2024-05-01,https://www.mof.go.jp/policy/tab_salt/topics/20240424_kouriteikahenkou.pdf,4,高
30e2706c91ba820a,2024-04-24,令和6年4月24日,変更認可,葉巻たばこ,ﾓﾝﾃｸﾘｽﾄ ﾍﾟﾃｨﾃｭﾎﾞｽ,モンテクリストペティテュボス,129mm 1本,1,本,ｷｭｰﾊﾞ,3630,3100,2024-05-01,https://www.mof.go.jp/policy/tab_salt/topics/20240424_kouriteikahenkou.pdf,4,高
56b75880e8f3043c,2024-04-24,令和6年4月24日,変更認可,葉巻たばこ,ﾓﾝﾃｸﾘｽﾄ ﾚｶﾞｰﾀ,モンテクリストレガータ,135mm 1本,1,本,ｷｭｰﾊﾞ,4620,4000,2024-05-01,https://www.mof.go.jp/policy/tab_salt/topics/20240424_kouriteikahenkou.pdf,4,高
bef435f497cbe9b1,2024-04-24,令和6年4月24日,変更認可,葉巻たばこ,ﾓﾝﾃｸﾘｽﾄ･No.5,モンテクリストNO.5,102mm 1本,1,本,ｷｭｰﾊﾞ,2750,2400,2024-05-01,https://www.mof.go.jp/policy/tab_salt/topics/20240424_kouriteikahenkou.pdf,4,高
e39127e28422cf71,2024-04-24,令和6年4月24日,変更認可,葉巻たばこ,ﾓﾝﾃｸﾘｽﾄ･ﾍﾟﾃｨNo.2,モンテクリストペティNO.2,120mm 1本,1,本,ｷｭｰﾊﾞ,4950,4300,2024-05-01,https://www.mof.go.jp/policy/tab_salt/topics/20240424_kouriteikahenkou.pdf,4,高
d83e0c2d106d7c89,2024-04-24,令和6年4月24日,変更認可,葉巻たばこ,ﾓﾝﾃｸﾘｽﾄ･ﾜｲﾄﾞ ｴﾄﾞｩﾑﾝﾄﾞ,モンテクリストワイドエドゥムンド,125mm 1本,1,本,ｷｭｰﾊﾞ,8470,7400,2024-05-01,https://www.mof.go.jp/policy/tab_salt/topics/20240424_kouriteikahenkou.pdf,4,高
d0aa5bdfa03c75c1,2024-04-24,令和6年4月24日,変更認可,葉巻たばこ,Quintero Favoritos,QUINTEROFAVORITOS,115mm 1本,1,本,ｷｭｰﾊﾞ,1760,1600,2024-05-01,https://www.mof.go.jp/policy/tab_salt/topics/20240424_kouriteikahenkou.pdf,5,高
69a42bdff7ef7a20,2024-04-24,令和6年4月24日,変更認可,葉巻たばこ,ｷﾝﾃﾛ ﾅｼｵﾅﾚｽ,キンテロナシオナレス,140mm 1本,1,本,ｷｭｰﾊﾞ,1650,1350,2024-05-01,https://www.mof.go.jp/policy/tab_salt/topics/20240424_kouriteikahenkou.pdf,5,高
f6d4c201675801be,2024-04-24,令和6年4月24日,変更認可,葉巻たばこ,ｷﾝﾃﾛ ﾊﾟﾅﾃﾗｽ,キンテロパナテラス,127mm 1本,1,本,ｷｭｰﾊﾞ,1320,1200,2024-05-01,https://www.mof.go.jp/policy/tab_salt/topics/20240424_kouriteikahenkou.pdf,5,高
9d421b9401853b70,2024-04-24,令和6年4月24日,変更認可,葉巻たばこ,ｷﾝﾃﾛ ﾛﾝﾄﾞﾚｽ ｴｸｽﾄﾗ,キンテロロンドレスエクストラ,123mm 1本,1,本,ｷｭｰﾊﾞ,1540,1300,2024-05-01,https://www.mof.go.jp/policy/tab_salt/topics/20240424_kouriteikahenkou.pdf,5,高
fac2d63b3c5d1ee7,2024-04-24,令和6年4月24日,変更認可,葉巻たばこ,ｹﾄﾞﾙｾ ｺﾛﾅｽ,ケドルセコロナス,142mm 1本,1,本,ｷｭｰﾊﾞ,3410,3000,2024-05-01,https://www.mof.go.jp/policy/tab_salt/topics/20240424_kouriteikahenkou.pdf,5,高
e2da5e1f921ffaa4,2024-04-24,令和6年4月24日,変更認可,葉巻たばこ,ｹﾄﾞﾙｾ･No.50,ケドルセNO.50,110mm 1本,1,本,ｷｭｰﾊﾞ,3960,3300,2024-05-01,https://www.mof.go.jp/policy/tab_salt/topics/20240424_kouriteikahenkou.pdf,5,高
22a5cafbe7ff4bde,2024-04-24,令和6年4月24日,変更認可,葉巻たばこ,ｹﾄﾞﾙｾ･No.54,ケドルセNO.54,135mm 1本,1,本,ｷｭｰﾊﾞ,5610,4800,2024-05-01,https://www.mof.go.jp/policy/tab_salt/topics/20240424_kouriteikahenkou.pdf,5,高
1f5b3d5ecdb367f8,2024-04-24,令和6年4月24日,変更認可,葉巻たばこ,ﾗﾌｧｴﾙ ｺﾞﾝｻﾞﾚｽ ﾍﾟﾃｨｺﾛﾅｽ,ラファエルゴンザレスペティコロナス,129mm 1本,1,本,ｷｭｰﾊﾞ,2640,2300,2024-05-01,https://www.mof.go.jp/policy/tab_salt/topics/20240424_kouriteikahenkou.pdf,5,高
2352a537f6b152a8,2024-04-24,令和6年4月24日,変更認可,葉巻たばこ,ﾗﾓﾝ ｱﾛﾝﾈｽ ｽﾓｰﾙｸﾗﾌﾞｺﾛﾅｽ,ラモンアロンネススモールクラブコロナス,110mm 1本,1,本,ｷｭｰﾊﾞ,2420,2100,2024-05-01,https://www.mof.go.jp/policy/tab_salt/topics/20240424_kouriteikahenkou.pdf,5,高
08c13779b65cf1d0,2024-04-24,令和6年4月24日,変更認可,葉巻たばこ,ﾗﾓﾝ･ｱﾛﾝﾈｽ･ｱﾛﾝﾈｽ No.3,ラモンアロンネスアロンネスNO.3,138mm 1本,1,本,ｷｭｰﾊﾞ,7590,6900,2024-05-01,https://www.mof.go.jp/policy/tab_salt/topics/20240424_kouriteikahenkou.pdf,5,高
8af8151e89d9675a,2024-04-24,令和6年4月24日,変更認可,葉巻たばこ,ﾗﾓﾝ･ｱﾛﾝﾈｽ･ｽﾍﾟｼｬﾙ･ｾﾚｸﾃｯﾄﾞ,ラモンアロンネススペシャルセレクテッド,124mm 1本,1,本,ｷｭｰﾊﾞ,4620,4000,2024-05-01,https://www.mof.go.jp/policy/tab_salt/topics/20240424_kouriteikahenkou.pdf,5,高
4a18755729ed48a0,2024-04-24,令和6年4月24日,変更認可,葉巻たばこ,ﾗﾓﾝｱﾛﾝﾈｽ ｱﾛﾝﾈｽ ｽｰﾍﾟﾘｵﾚｽ ﾗ･ｶｰｻ,ラモンアロンネスアロンネススーペリオレスラカーサ,143mm 1本,1,本,ｷｭｰﾊﾞ,4730,4200,2024-05-01,https://www.mof.go.jp/policy/tab_salt/topics/20240424_kouriteikahenkou.pdf,5,高
3b3847375e98cd57,2024-04-24,令和6年4月24日,変更認可,葉巻たばこ,ﾗﾓﾝｱﾛﾝﾈｽ ｼﾞｶﾞﾝﾃｽ,ラモンアロンネスジガンテス,194mm 1本,1,本,ｷｭｰﾊﾞ,6930,5800,2024-05-01,https://www.mof.go.jp/policy/tab_salt/topics/20240424_kouriteikahenkou.pdf,5,高
a12b67235bd6b69b,2024-04-24,令和6年4月24日,変更認可,葉巻たばこ,ﾚｲ･ﾃﾞﾙ･ﾑﾝﾄﾞ･ｲﾝﾍﾟﾘｵ 170th ｱﾆﾍﾞﾙｻﾘｵ,レイデルムンドインペリオ170THアニベルサリオ,180mm 1本,1,本,ｷｭｰﾊﾞ,55000,50000,2024-05-01,https://www.mof.go.jp/policy/tab_salt/topics/20240424_kouriteikahenkou.pdf,5,高
a605f773540b57c6,2024-04-24,令和6年4月24日,変更認可,葉巻たばこ,ﾚｲ･ﾃﾞﾙ･ﾑﾝﾄﾞ･ｼｭﾜｽﾌﾟﾘｰﾑ,レイデルムンドシュワスプリーム,127mm 1本,1,本,ｷｭｰﾊﾞ,4290,3700,2024-05-01,https://www.mof.go.jp/policy/tab_salt/topics/20240424_kouriteikahenkou.pdf,5,高
ab79509bbf947e86,2024-04-24,令和6年4月24日,変更認可,葉巻たばこ,ﾚｲﾃﾞﾙﾑﾝﾄﾞ ﾃﾞﾐﾀｽ,レイデルムンドデミタス,100mm 1本,1,本,ｷｭｰﾊﾞ,1870,1700,2024-05-01,https://www.mof.go.jp/policy/tab_salt/topics/20240424_kouriteikahenkou.pdf,5,高
a4fa24b54a230508,2024-04-24,令和6年4月24日,変更認可,葉巻たばこ,ﾛﾒｵ Y ｼﾞｭﾘｴｯﾀ ﾍﾟﾃｨ ｼﾞｭﾘｴｯﾀ,ロメオYジュリエッタペティジュリエッタ,100mm 1本,1,本,ｷｭｰﾊﾞ,2090,1800,2024-05-01,https://www.mof.go.jp/policy/tab_salt/topics/20240424_kouriteikahenkou.pdf,5,高
03721b339779da60,2024-04-24,令和6年4月24日,変更認可,葉巻たばこ,ﾛﾒｵ･Y･ｼﾞｭﾘｴｯﾀ ﾍﾞﾙﾍﾞﾃﾞﾚｽ,ロメオYジュリエッタベルベデレス,125mm 1本,1,本,ｷｭｰﾊﾞ,2200,1900,2024-05-01,https://www.mof.go.jp/policy/tab_salt/topics/20240424_kouriteikahenkou.pdf,5,高
1a2060cefd1b10ea,2024-04-24,令和6年4月24日,変更認可,葉巻たばこ,ﾛﾒｵ･Y･ｼﾞｭﾘｴｯﾀ ﾐﾙﾌﾚｲﾕ,ロメオYジュリエッタミルフレイユ,129mm 1本,1,本,ｷｭｰﾊﾞ,2200,1900,2024-05-01,https://www.mof.go.jp/policy/tab_salt/topics/20240424_kouriteikahenkou.pdf,5,高
6d180b0130c28f18,2024-04-24,令和6年4月24日,変更認可,葉巻たばこ,ﾛﾒｵ･Y･ｼﾞｭﾘｴｯﾀ･ｲﾀﾞﾙｺﾞ,ロメオYジュリエッタイダルゴ,125mm 1本,1,本,ｷｭｰﾊﾞ,8800,7300,2024-05-01,https://www.mof.go.jp/policy/tab_salt/topics/20240424_kouriteikahenkou.pdf,5,高
97caa809fd696169,2024-04-24,令和6年4月24日,変更認可,葉巻たばこ,ﾛﾒｵ･Y･ｼﾞｭﾘｴｯﾀ･ｴｸｼﾋﾞｼｮﾝNo.4,ロメオYジュリエッタエクシビションNO.4,127mm 1本,1,本,ｷｭｰﾊﾞ,4620,4000,2024-05-01,https://www.mof.go.jp/policy/tab_salt/topics/20240424_kouriteikahenkou.pdf,5,高
baad30b86bdbd753,2024-04-24,令和6年4月24日,変更認可,葉巻たばこ,ﾛﾒｵ･Y･ｼﾞｭﾘｴｯﾀ･ｶｻﾞﾄﾞﾗｽ,ロメオYジュリエッタカザドラス,162mm 1本,1,本,ｷｭｰﾊﾞ,3850,3300,2024-05-01,https://www.mof.go.jp/policy/tab_salt/topics/20240424_kouriteikahenkou.pdf,5,高
20172b41f757a398,2024-04-24,令和6年4月24日,変更認可,葉巻たばこ,ﾛﾒｵ･Y･ｼﾞｭﾘｴｯﾀ･ｸﾗﾌﾞ ｷﾝｸﾞｽ,ロメオYジュリエッタクラブキングス,129mm 1本,1,本,ｷｭｰﾊﾞ,3850,3300,2024-05-01,https://www.mof.go.jp/policy/tab_salt/topics/20240424_kouriteikahenkou.pdf,5,高
50a36a88ed122e7a,2024-04-24,令和6年4月24日,変更認可,葉巻たばこ,ﾛﾒｵ･Y･ｼﾞｭﾘｴｯﾀ･ｾﾄﾞﾛｽ ﾃﾞﾗｯｸｽ LCDH,ロメオYジュリエッタセドロスデラックスLCDH,141mm 1本,1,本,ｷｭｰﾊﾞ,6270,5400,2024-05-01,https://www.mof.go.jp/policy/tab_salt/topics/20240424_kouriteikahenkou.pdf,5,高
bca9a0a5824ad91d,2024-04-24,令和6年4月24日,変更認可,葉巻たばこ,ﾛﾒｵ･Y･ｼﾞｭﾘｴｯﾀ･ｾﾄﾞﾛｽ･ﾃﾞﾗｯｸｽ･No.2,ロメオYジュリエッタセドロスデラックスNO.2,142mm 1本,1,本,ｷｭｰﾊﾞ,3740,3200,2024-05-01,https://www.mof.go.jp/policy/tab_salt/topics/20240424_kouriteikahenkou.pdf,5,高
90229e5241619648,2024-04-24,令和6年4月24日,変更認可,葉巻たばこ,ﾛﾒｵ･Y･ｼﾞｭﾘｴｯﾀ･ﾁｬｰﾁﾙｽﾞ,ロメオYジュリエッタチャーチルズ,178mm 1本,1,本,ｷｭｰﾊﾞ,6490,5500,2024-05-01,https://www.mof.go.jp/policy/tab_salt/topics/20240424_kouriteikahenkou.pdf,5,高
2f6aae29deb8d7f7,2024-04-24,令和6年4月24日,変更認可,葉巻たばこ,ﾛﾒｵ･Y･ｼﾞｭﾘｴｯﾀ･ﾁｬｰﾁﾙｽﾞ ﾃｭﾎﾞｽ,ロメオYジュリエッタチャーチルズテュボス,178mm 1本,1,本,ｷｭｰﾊﾞ,6710,5800,2024-05-01,https://www.mof.go.jp/policy/tab_salt/topics/20240424_kouriteikahenkou.pdf,5,高
fe2a19e3dbe23a8b,2024-04-24,令和6年4月24日,変更認可,葉巻たばこ,ﾛﾒｵ･Y･ｼﾞｭﾘｴｯﾀ･ﾃﾞｨｱﾅ,ロメオYジュリエッタディアナ,145mm 1本,1,本,ｷｭｰﾊﾞ,8690,7000,2024-05-01,https://www.mof.go.jp/policy/tab_salt/topics/20240424_kouriteikahenkou.pdf,5,高
d7a442cb74aab6c6,2024-04-24,令和6年4月24日,変更認可,葉巻たばこ,ﾛﾒｵ･Y･ｼﾞｭﾘｴｯﾀ･ﾉﾌﾞﾚ,ロメオYジュリエッタノブレ,135mm 1本,1,本,ｷｭｰﾊﾞ,7920,6600,2024-05-01,https://www.mof.go.jp/policy/tab_salt/topics/20240424_kouriteikahenkou.pdf,5,高
ca2575aa6523b96a,2024-04-24,令和6年4月24日,変更認可,葉巻たばこ,ﾛﾒｵ･Y･ｼﾞｭﾘｴｯﾀ･ﾍﾟﾃｨ ﾁｬｰﾁﾙ,ロメオYジュリエッタペティチャーチル,102mm 1本,1,本,ｷｭｰﾊﾞ,4290,3700,2024-05-01,https://www.mof.go.jp/policy/tab_salt/topics/20240424_kouriteikahenkou.pdf,5,高
cb53e05bbf37fca4,2024-04-24,令和6年4月24日,変更認可,葉巻たばこ,ﾛﾒｵ･Y･ｼﾞｭﾘｴｯﾀ･ﾍﾟﾃｨ ﾛｲﾔﾚｽ,ロメオYジュリエッタペティロイヤレス,95mm 1本,1,本,ｷｭｰﾊﾞ,3630,3100,2024-05-01,https://www.mof.go.jp/policy/tab_salt/topics/20240424_kouriteikahenkou.pdf,5,高
18ebd18de3e95e4b,2024-04-24,令和6年4月24日,変更認可,葉巻たばこ,ﾛﾒｵ･Y･ｼﾞｭﾘｴｯﾀ･ﾍﾟﾃｨｺﾛﾅｽ,ロメオYジュリエッタペティコロナス,129mm 1本,1,本,ｷｭｰﾊﾞ,2750,2400,2024-05-01,https://www.mof.go.jp/policy/tab_salt/topics/20240424_kouriteikahenkou.pdf,5,高
f9d7f380e73863dc,2024-04-24,令和6年4月24日,変更認可,葉巻たばこ,ﾛﾒｵYｼﾞｭﾘｴｯﾀ ｾﾄﾞﾛｽ ﾃﾞﾗｯｸｽNo.3,ロメオYジュリエッタセドロスデラックスNO.3,129mm 1本,1,本,ｷｭｰﾊﾞ,3190,2800,2024-05-01,https://www.mof.go.jp/policy/tab_salt/topics/20240424_kouriteikahenkou.pdf,5,高
248cac19e894e984,2024-04-24,令和6年4月24日,変更認可,葉巻たばこ,ﾛﾒｵYｼﾞｭﾘｴｯﾀ ﾍﾞﾘｺｿｽ,ロメオYジュリエッタベリコソス,140mm 1本,1,本,ｷｭｰﾊﾞ,5720,4900,2024-05-01,https://www.mof.go.jp/policy/tab_salt/topics/20240424_kouriteikahenkou.pdf,5,高
b1c96b66ff8d8655,2024-04-24,令和6年4月24日,変更認可,葉巻たばこ,ｻﾝｸﾘｽﾄﾊﾞﾙ ｴﾙﾌﾟﾘﾝｼﾍﾟ,サンクリストバルエルプリンシペ,110mm 1本,1,本,ｷｭｰﾊﾞ,2530,2200,2024-05-01,https://www.mof.go.jp/policy/tab_salt/topics/20240424_kouriteikahenkou.pdf,6,高
5ae22116ea6d39bd,2024-04-24,令和6年4月24日,変更認可,葉巻たばこ,ｻﾝｸﾘｽﾄﾊﾞﾙ ﾗ･ﾌﾟﾝﾀ,サンクリストバルラプンタ,140mm 1本,1,本,ｷｭｰﾊﾞ,4400,4000,2024-05-01,https://www.mof.go.jp/policy/tab_salt/topics/20240424_kouriteikahenkou.pdf,6,高
d4a6c5c65a3efbf1,2024-04-24,令和6年4月24日,変更認可,葉巻たばこ,ｻﾝｸﾘｽﾄﾊﾞﾙ ﾗﾌｴﾙｻﾞ,サンクリストバルラフエルザ,141mm 1本,1,本,ｷｭｰﾊﾞ,4180,3800,2024-05-01,https://www.mof.go.jp/policy/tab_salt/topics/20240424_kouriteikahenkou.pdf,6,高
deccbaa89cc530a3,2024-04-24,令和6年4月24日,変更認可,葉巻たばこ,ｻﾝｸﾘｽﾄﾊﾞﾙ･ﾊﾘﾏｳ ﾏﾗﾔ RE2020,サンクリストバルハリマウマラヤRE2020,130mm 1本,1,本,ｷｭｰﾊﾞ,7480,6600,2024-05-01,https://www.mof.go.jp/policy/tab_salt/topics/20240424_kouriteikahenkou.pdf,6,高
0a935563441dc30f,2024-04-24,令和6年4月24日,変更認可,葉巻たばこ,ｻﾝｸﾘｽﾄﾊﾞﾙ･ﾌﾟﾗﾄﾞ,サンクリストバルプラド,127mm 1本,1,本,ｷｭｰﾊﾞ,5500,5000,2024-05-01,https://www.mof.go.jp/policy/tab_salt/topics/20240424_kouriteikahenkou.pdf,6,高
8a471f8f26fefeb1,2024-04-24,令和6年4月24日,変更認可,葉巻たばこ,ｻﾝﾁｮ･ﾊﾟﾝｻﾞ･ｴﾙ ﾚｲ RE 2021,サンチョパンザエルレイRE2021,192mm 1本,1,本,ｷｭｰﾊﾞ,6600,6500,2024-05-01,https://www.mof.go.jp/policy/tab_salt/topics/20240424_kouriteikahenkou.pdf,6,高
b564761bb727f9f7,2024-04-24,令和6年4月24日,変更認可,葉巻たばこ,ｻﾝﾁｮﾊﾟﾝｻﾞ ﾉﾝ ﾌﾟﾚｽ,サンチョパンザノンプレス,129mm 1本,1,本,ｷｭｰﾊﾞ,2640,2200,2024-05-01,https://www.mof.go.jp/policy/tab_salt/topics/20240424_kouriteikahenkou.pdf,6,高
4c22fb0772278907,2024-04-24,令和6年4月24日,変更認可,葉巻たばこ,ｻﾝﾁｮﾊﾟﾝｻﾞ ﾍﾞﾘｺｿｽ,サンチョパンザベリコソス,140mm 1本,1,本,ｷｭｰﾊﾞ,5060,4600,2024-05-01,https://www.mof.go.jp/policy/tab_salt/topics/20240424_kouriteikahenkou.pdf,6,高
b2a49c67663188fd,2024-04-24,令和6年4月24日,変更認可,葉巻たばこ,ｻﾝﾙｲﾚｲ ﾚｼﾞｵｽ,サンルイレイレジオス,127mm 1本,1,本,ｷｭｰﾊﾞ,4070,3700,2024-05-01,https://www.mof.go.jp/policy/tab_salt/topics/20240424_kouriteikahenkou.pdf,6,高
b2be5fdee6cfc83b,2024-04-24,令和6年4月24日,変更認可,葉巻たばこ,ﾄﾘﾆﾀﾞｰﾄ ﾌﾝﾀﾞﾄﾞﾚｽ ｷｬﾋﾞﾈｯﾄ,トリニダートフンダドレスキャビネット,192mm 1本,1,本,ｷｭｰﾊﾞ,8800,8000,2024-05-01,https://www.mof.go.jp/policy/tab_salt/topics/20240424_kouriteikahenkou.pdf,6,高
100b8847f0fb75f6,2024-04-24,令和6年4月24日,変更認可,葉巻たばこ,ﾄﾘﾆﾀﾞｯﾄﾞ ﾚｼﾞｪｽ,トリニダッドレジェス,110mm 1本,1,本,ｷｭｰﾊﾞ,5060,4600,2024-05-01,https://www.mof.go.jp/policy/tab_salt/topics/20240424_kouriteikahenkou.pdf,6,高
1e307ca3c8fc1043,2024-04-24,令和6年4月24日,変更認可,葉巻たばこ,ﾄﾘﾆﾀﾞｯﾄﾞ･ｴｽﾒﾗﾙﾀﾞ,トリニダッドエスメラルダ,145mm 1本,1,本,ｷｭｰﾊﾞ,8800,8000,2024-05-01,https://www.mof.go.jp/policy/tab_salt/topics/20240424_kouriteikahenkou.pdf,6,高
be063eeb0882b721,2024-04-24,令和6年4月24日,変更認可,葉巻たばこ,ﾄﾘﾆﾀﾞｯﾄﾞ･ｺﾛﾆｱﾚｽ,トリニダッドコロニアレス,130mm 1本,1,本,ｷｭｰﾊﾞ,7370,6600,2024-05-01,https://www.mof.go.jp/policy/tab_salt/topics/20240424_kouriteikahenkou.pdf,6,高
5c0ba6e31176b2d0,2024-04-24,令和6年4月24日,変更認可,葉巻たばこ,ﾄﾘﾆﾀﾞｯﾄﾞ･ﾄﾍﾟｽ,トリニダッドトペス,125mm 1本,1,本,ｷｭｰﾊﾞ,9350,8400,2024-05-01,https://www.mof.go.jp/policy/tab_salt/topics/20240424_kouriteikahenkou.pdf,6,高
81e12e631a945ccd,2024-04-24,令和6年4月24日,変更認可,葉巻たばこ,ﾄﾘﾆﾀﾞｯﾄﾞ･ﾋﾞﾋｱ,トリニダッドビヒア,110mm 1本,1,本,ｷｭｰﾊﾞ,7480,6800,2024-05-01,https://www.mof.go.jp/policy/tab_salt/topics/20240424_kouriteikahenkou.pdf,6,高
bdc699917610a9a3,2024-04-24,令和6年4月24日,変更認可,葉巻たばこ,ﾄﾘﾆﾀﾞｯﾄﾞ･ﾒﾃﾞｨｱ ﾙﾅ,トリニダッドメディアルナ,115mm 1本,1,本,ｷｭｰﾊﾞ,6930,6200,2024-05-01,https://www.mof.go.jp/policy/tab_salt/topics/20240424_kouriteikahenkou.pdf,6,高
3410b8845e2153f1,2024-04-24,令和6年4月24日,変更認可,葉巻たばこ,ﾄﾘﾆﾀﾞｯﾄﾞ･ﾗ ﾄﾛｰｳﾞｧ LCDH,トリニダッドラトローヴァLCDH,166mm 1本,1,本,ｷｭｰﾊﾞ,11000,10000,2024-05-01,https://www.mof.go.jp/policy/tab_salt/topics/20240424_kouriteikahenkou.pdf,6,高
8d132d3edc9af7f5,2024-04-24,令和6年4月24日,変更認可,葉巻たばこ,ﾍﾞｶﾞｽﾛﾊﾞｲﾅ ﾄﾞﾝｱﾚﾊﾝﾄﾞﾛ ｷｬﾋﾞﾈｯﾄ,ベガスロバイナドンアレハンドロキャビネット,194mm 1本,1,本,ｷｭｰﾊﾞ,6490,5500,2024-05-01,https://www.mof.go.jp/policy/tab_salt/topics/20240424_kouriteikahenkou.pdf,6,高
8254786b6fe37f08,2024-04-24,令和6年4月24日,変更認可,葉巻たばこ,ﾍﾞｶﾞｽﾛﾊﾞｲﾅ ﾌｪｲﾓｿｽ ｷｬﾋﾞﾈｯﾄ,ベガスロバイナフェイモソスキャビネット,125mm 1本,1,本,ｷｭｰﾊﾞ,3960,3600,2024-05-01,https://www.mof.go.jp/policy/tab_salt/topics/20240424_kouriteikahenkou.pdf,6,高
234d0125df77d83d,2024-04-24,令和6年4月24日,変更認可,葉巻たばこ,ﾍﾞｶﾞｽﾛﾊﾞｲﾅ ﾕﾆｺｽｷｬﾋﾞﾈｯﾄ,ベガスロバイナユニコスキャビネット,156mm 1本,1,本,ｷｭｰﾊﾞ,4950,4500,2024-05-01,https://www.mof.go.jp/policy/tab_salt/topics/20240424_kouriteikahenkou.pdf,6,高
7b2439607d17071a,2024-04-24,令和6年4月24日,変更認可,葉巻たばこ,ﾍﾞｸﾞｴﾛｽ･ｴﾝﾄﾚﾃｨｴﾝﾎﾟｽ,ベグエロスエントレティエンポス,110mm 1本,1,本,ｷｭｰﾊﾞ,3410,3400,2024-05-01,https://www.mof.go.jp/policy/tab_salt/topics/20240424_kouriteikahenkou.pdf,6,高
af60ef21650cff39,2024-04-24,令和6年4月24日,変更認可,葉巻たばこ,ﾍﾞｸﾞｴﾛｽ･ﾀﾊﾟﾄﾞｽ,ベグエロスタパドス,120mm 1本,1,本,ｷｭｰﾊﾞ,2860,2800,2024-05-01,https://www.mof.go.jp/policy/tab_salt/topics/20240424_kouriteikahenkou.pdf,6,高
91738636b8c3394a,2024-04-24,令和6年4月24日,変更認可,葉巻たばこ,ﾍﾞｸﾞｴﾛｽ･ﾏﾅﾆﾀｽ,ベグエロスマナニタス,100mm 1本,1,本,ｷｭｰﾊﾞ,2640,2600,2024-05-01,https://www.mof.go.jp/policy/tab_salt/topics/20240424_kouriteikahenkou.pdf,6,高
7a493f40dfb160b0,2024-04-24,令和6年4月24日,変更認可,葉巻たばこ,ﾛﾒｵ ｲ ｼﾞｭﾘｴｯﾀ ｼｮｰﾄﾁｬｰﾁﾙ ﾁｭﾎﾞｽ,ロメオイジュリエッタショートチャーチルチュボス,124mm 1本,1,本,ｷｭｰﾊﾞ,4950,4300,2024-05-01,https://www.mof.go.jp/policy/tab_salt/topics/20240424_kouriteikahenkou.pdf,6,高
03179b7b69feba5e,2024-04-24,令和6年4月24日,変更認可,葉巻たばこ,ﾛﾒｵ･Y･ｼﾞｭﾘｴｯﾀ ｼｮｰﾄﾁｬｰﾁﾙ,ロメオYジュリエッタショートチャーチル,124mm 1本,1,本,ｷｭｰﾊﾞ,4730,4100,2024-05-01,https://www.mof.go.jp/policy/tab_salt/topics/20240424_kouriteikahenkou.pdf,6,高
d19e4afe67da81a5,2024-04-24,令和6年4月24日,変更認可,葉巻たばこ,ﾛﾒｵ･Y･ｼﾞｭﾘｴｯﾀ ﾜｲﾄﾞ ﾁｬｰﾁﾙｽﾞ,ロメオYジュリエッタワイドチャーチルズ,130mm 1本,1,本,ｷｭｰﾊﾞ,5940,5200,2024-05-01,https://www.mof.go.jp/policy/tab_salt/topics/20240424_kouriteikahenkou.pdf,6,高
db21d767ca46951e,2024-04-24,令和6年4月24日,変更認可,葉巻たばこ,ﾛﾒｵ･Y･ｼﾞｭﾘｴｯﾀ ﾜｲﾄﾞ ﾁｬｰﾁﾙｽﾞ ﾃｭﾎﾞｽ,ロメオYジュリエッタワイドチャーチルズテュボス,130mm 1本,1,本,ｷｭｰﾊﾞ,6270,5400,2024-05-01,https://www.mof.go.jp/policy/tab_salt/topics/20240424_kouriteikahenkou.pdf,6,高
71155449e98b4ca6,2024-04-24,令和6年4月24日,変更認可,葉巻たばこ,ﾛﾒｵYｼﾞｭﾘｴｯﾀ ﾛﾒｵ NO.1,ロメオYジュリエッタロメオNO.1,140mm 1本,1,本,ｷｭｰﾊﾞ,2970,2600,2024-05-01,https://www.mof.go.jp/policy/tab_salt/topics/20240424_kouriteikahenkou.pdf,6,高
88bd8800f131bd2e,2024-04-24,令和6年4月24日,変更認可,葉巻たばこ,ﾛﾒｵYｼﾞｭﾘｴｯﾀ ﾛﾒｵ NO.2,ロメオYジュリエッタロメオNO.2,129mm 1本,1,本,ｷｭｰﾊﾞ,2750,2400,2024-05-01,https://www.mof.go.jp/policy/tab_salt/topics/20240424_kouriteikahenkou.pdf,6,高
927167c5cbf74361,2024-04-24,令和6年4月24日,変更認可,葉巻たばこ,ﾛﾒｵYｼﾞｭﾘｴｯﾀ ﾛﾒｵ NO.3,ロメオYジュリエッタロメオNO.3,117mm 1本,1,本,ｷｭｰﾊﾞ,2640,2200,2024-05-01,https://www.mof.go.jp/policy/tab_salt/topics/20240424_kouriteikahenkou.pdf,6,高
1830bb5b999b318d,2024-04-17,令和6年4月17日,変更認可,紙巻たばこ,ﾒﾋﾞｳｽ･ｲｰｼﾘｰｽﾞ･3･100's･ｽﾘﾑ,メビウスイーシリーズ3100'Sスリム,FSK 20本ﾊｰﾄﾞﾊﾟｯｸ,20,本,日本,500,,,https://www.mof.go.jp/policy/tab_salt/topics/20240417_kouriteika.pdf,1,高
093505c0c5fdf8c6,2024-04-17,令和6年4月17日,変更認可,紙巻たばこ,ﾒﾋﾞｳｽ･ｲｰｼﾘｰｽﾞ･ﾒﾝｿｰﾙ･ｱｲｽｽﾄｰﾑ･ﾜﾝ･100's･ｽﾘﾑ,メビウスイーシリーズメンソールアイスストームワン100'Sスリム,FSK 20本ﾊｰﾄﾞﾊﾟｯｸ,20,本,日本,500,,,https://www.mof.go.jp/policy/tab_salt/topics/20240417_kouriteika.pdf,1,高
42420e005fbe31df,2024-04-15,令和6年4月15日,変更認可,葉巻たばこ,ｱﾚｯｸ ﾌﾞﾗｯﾄﾞﾘｰ ｹﾞｰﾄｷｰﾊﾟｰ ﾛﾌﾞｽﾄ,アレックブラッドリーゲートキーパーロブスト,127mm 1本,1,本,ﾎﾝｼﾞｭﾗｽ,1700,,,https://www.mof.go.jp/policy/tab_salt/topics/20240415_kouriteika.pdf,1,高
9766e050c72dd4ac,2024-04-15,令和6年4月15日,変更認可,葉巻たばこ,ｱﾚｯｸ ﾌﾞﾗｯﾄﾞﾘｰ ﾌﾞﾗｯｸﾏｰｹｯﾄ ﾛﾌﾞｽﾄ,アレックブラッドリーブラックマーケットロブスト,133mm 1本,1,本,ﾎﾝｼﾞｭﾗｽ,1500,,,https://www.mof.go.jp/policy/tab_salt/topics/20240415_kouriteika.pdf,1,高
87ddf40b41857519,2024-04-15,令和6年4月15日,変更認可,葉巻たばこ,ｱﾚｯｸ ﾌﾞﾗｯﾄﾞﾘｰ ﾌﾟﾚﾝｻﾄﾞ ﾁｬｰﾁﾙ,アレックブラッドリープレンサドチャーチル,178mm 1本,1,本,ﾎﾝｼﾞｭﾗｽ,1800,,,https://www.mof.go.jp/policy/tab_salt/topics/20240415_kouriteika.pdf,1,高
9bb35bfa458bd281,2024-04-15,令和6年4月15日,変更認可,葉巻たばこ,ｶﾌｪｸﾚｰﾑ ｱﾛﾏ FF,カフェクレームアロマFF,F70mm 10本紙箱,10,本,ｵﾗﾝﾀﾞ,540,,,https://www.mof.go.jp/policy/tab_salt/topics/20240415_kouriteika.pdf,1,高
ce546814ca249a1a,2024-04-15,令和6年4月15日,変更認可,葉巻たばこ,ｶﾌｪｸﾚｰﾑ ｳﾞｧﾆﾗ FF,カフェクレームヴァニラFF,F70mm 10本紙箱,10,本,ｵﾗﾝﾀﾞ,540,,,https://www.mof.go.jp/policy/tab_salt/topics/20240415_kouriteika.pdf,1,高
d92fcb8e3e7d8993,2024-04-15,令和6年4月15日,変更認可,葉巻たばこ,ｶﾌｪｸﾚｰﾑ ｵﾘｼﾞﾅﾙ FF,カフェクレームオリジナルFF,F70mm 10本紙箱,10,本,ｵﾗﾝﾀﾞ,540,,,https://www.mof.go.jp/policy/tab_salt/topics/20240415_kouriteika.pdf,1,高
7cb7b686b3910e8c,2024-04-15,令和6年4月15日,変更認可,葉巻たばこ,ｶﾌｪｸﾚｰﾑ ｺｰﾋｰ FF,カフェクレームコーヒーFF,F70mm 10本紙箱,10,本,ｵﾗﾝﾀﾞ,540,,,https://www.mof.go.jp/policy/tab_salt/topics/20240415_kouriteika.pdf,1,高
68764927564d0da9,2024-04-15,令和6年4月15日,変更認可,葉巻たばこ,ｶﾌｪｸﾚｰﾑ ﾌﾞﾙｰ FF,カフェクレームブルーFF,F70mm 10本紙箱,10,本,ｵﾗﾝﾀﾞ,540,,,https://www.mof.go.jp/policy/tab_salt/topics/20240415_kouriteika.pdf,1,高
ff040d9dbab3ea22,2024-04-15,令和6年4月15日,変更認可,葉巻たばこ,ｽｳｨｯｼｬｰｽｲｰﾄ･ﾌｫｲﾙﾊﾟｳﾁ ｸﾘｰﾑ,スウィッシャースイートフォイルパウチクリーム,109mm 2本,2,本,ﾄﾞﾐﾆｶ共和国,290,,,https://www.mof.go.jp/policy/tab_salt/topics/20240415_kouriteika.pdf,1,高
31adccee3dcc9a48,2024-04-15,令和6年4月15日,変更認可,葉巻たばこ,ｽｳｨｯｼｬｰｽｲｰﾄ･ﾌｫｲﾙﾊﾟｳﾁ ﾊﾞﾅﾅｽﾏｯｼｭ,スウィッシャースイートフォイルパウチバナナスマッシュ,109mm 2本,2,本,ﾄﾞﾐﾆｶ共和国,290,,,https://www.mof.go.jp/policy/tab_salt/topics/20240415_kouriteika.pdf,1,高
dba5b9f3606494d7,2024-04-15,令和6年4月15日,変更認可,葉巻たばこ,ｽｳｨｯｼｬｰｽｲｰﾄ･ﾌｫｲﾙﾊﾟｳﾁ ﾜｲﾙﾄﾞﾗｯｼｭ,スウィッシャースイートフォイルパウチワイルドラッシュ,109mm 2本,2,本,ﾄﾞﾐﾆｶ共和国,290,,,https://www.mof.go.jp/policy/tab_salt/topics/20240415_kouriteika.pdf,1,高
06856fb15958cb96,2024-04-15,令和6年4月15日,変更認可,加熱式たばこ,ｾﾝﾃｨｱ･ｼﾞｭｰｼｰ･ﾚｯﾄﾞ,センティアジューシーレッド,F45 20ｽﾃｨｯｸﾊｰﾄﾞﾊﾟｯｸ,20,スティック,大韓民国,530,,,https://www.mof.go.jp/policy/tab_salt/topics/20240415_kouriteika.pdf,1,高
6c8198371bb03425,2024-04-15,令和6年4月15日,変更認可,紙巻たばこ,ﾌﾞﾗｯｸｼﾞｬｯｸ･ｽﾊﾟｻﾜ･ｸﾞﾚｰﾌﾟﾌﾙｰﾂ 5,ブラックジャックスパサワグレープフルーツ5,ﾊｰﾄﾞﾊﾟｯｸFK 20本,20,本,大韓民国,500,,,https://www.mof.go.jp/policy/tab_salt/topics/20240415_kouriteika.pdf,1,高
de1766d2e7086db3,2024-04-15,令和6年4月15日,変更認可,紙巻たばこ,ﾌﾞﾗｯｸｼﾞｬｯｸ･ｽﾊﾟｻﾜ･ﾏﾝｺﾞｰ 5,ブラックジャックスパサワマンゴー5,ﾊｰﾄﾞﾊﾟｯｸFK 20本,20,本,大韓民国,500,,,https://www.mof.go.jp/policy/tab_salt/topics/20240415_kouriteika.pdf,1,高
0040f58e7395274e,2024-04-15,令和6年4月15日,変更認可,紙巻たばこ,ﾌﾞﾗｯｸｼﾞｬｯｸ･ｽﾊﾟｻﾜ･ﾚﾓﾝ 5,ブラックジャックスパサワレモン5,ﾊｰﾄﾞﾊﾟｯｸFK 20本,20,本,大韓民国,500,,,https://www.mof.go.jp/policy/tab_salt/topics/20240415_kouriteika.pdf,1,高
fd226326c9ebd8ff,2024-04-15,令和6年4月15日,変更認可,葉巻たばこ,ﾎﾔ ﾃﾞ ﾆｶﾗｸﾞｱ ｼﾝｺ ﾃﾞ ｼﾝｺ ｺﾛﾅｴｸｽﾄﾗ,ホヤデニカラグアシンコデシンココロナエクストラ,159mm 1本,1,本,ﾆｶﾗｸﾞｱ,2500,,,https://www.mof.go.jp/policy/tab_salt/topics/20240415_kouriteika.pdf,1,高
583866f6a965259a,2024-04-15,令和6年4月15日,変更認可,葉巻たばこ,ﾎﾔ ﾃﾞ ﾆｶﾗｸﾞｱ ﾇﾒﾛ ｳﾉ L' ｱﾝﾊﾞｻﾀﾞｰ,ホヤデニカラグアヌメロウノL'アンバサダー,168mm 1本,1,本,ﾆｶﾗｸﾞｱ,2500,,,https://www.mof.go.jp/policy/tab_salt/topics/20240415_kouriteika.pdf,1,高
d8da04afd418be67,2024-04-12,令和6年4月12日,変更認可,パイプたばこ,KHALEEJ BELLA CIAO,KHALEEJBELLACIAO,50.0g箱,50,g,ｱﾗﾌﾞ首長国連邦,1700,,,https://www.mof.go.jp/policy/tab_salt/topics/20240412_kouriteika.pdf,1,高
240556ebba5862df,2024-04-12,令和6年4月12日,変更認可,パイプたばこ,KHALEEJ BLACK GRAPE,KHALEEJBLACKGRAPE,50.0g箱,50,g,ｱﾗﾌﾞ首長国連邦,1700,,,https://www.mof.go.jp/policy/tab_salt/topics/20240412_kouriteika.pdf,1,高
fbaa3c0991366e56,2024-04-12,令和6年4月12日,変更認可,パイプたばこ,KHALEEJ BLUEBERRY,KHALEEJBLUEBERRY,50.0g箱,50,g,ｱﾗﾌﾞ首長国連邦,1700,,,https://www.mof.go.jp/policy/tab_salt/topics/20240412_kouriteika.pdf,1,高
e43470d95be6a10b,2024-04-12,令和6年4月12日,変更認可,パイプたばこ,KHALEEJ BLUEMIX,KHALEEJBLUEMIX,50.0g箱,50,g,ｱﾗﾌﾞ首長国連邦,1700,,,https://www.mof.go.jp/policy/tab_salt/topics/20240412_kouriteika.pdf,1,高
ec1228560ff9b717,2024-04-12,令和6年4月12日,変更認可,パイプたばこ,KHALEEJ DOUBLE LEMON,KHALEEJDOUBLELEMON,50.0g箱,50,g,ｱﾗﾌﾞ首長国連邦,1700,,,https://www.mof.go.jp/policy/tab_salt/topics/20240412_kouriteika.pdf,1,高
3dca4e4fba476569,2024-04-12,令和6年4月12日,変更認可,パイプたばこ,KHALEEJ DRAGON QUEEN,KHALEEJDRAGONQUEEN,50.0g箱,50,g,ｱﾗﾌﾞ首長国連邦,1700,,,https://www.mof.go.jp/policy/tab_salt/topics/20240412_kouriteika.pdf,1,高
b49c63eada0238e5,2024-04-12,令和6年4月12日,変更認可,パイプたばこ,KHALEEJ GRAPE,KHALEEJGRAPE,50.0g箱,50,g,ｱﾗﾌﾞ首長国連邦,1700,,,https://www.mof.go.jp/policy/tab_salt/topics/20240412_kouriteika.pdf,1,高
f1de73ea8f542ff3,2024-04-12,令和6年4月12日,変更認可,パイプたばこ,KHALEEJ HAWAII,KHALEEJHAWAII,50.0g箱,50,g,ｱﾗﾌﾞ首長国連邦,1700,,,https://www.mof.go.jp/policy/tab_salt/topics/20240412_kouriteika.pdf,1,高
4fa7c8e65e4945d7,2024-04-12,令和6年4月12日,変更認可,パイプたばこ,KHALEEJ ICED MINT,KHALEEJICEDMINT,50.0g箱,50,g,ｱﾗﾌﾞ首長国連邦,1700,,,https://www.mof.go.jp/policy/tab_salt/topics/20240412_kouriteika.pdf,1,高
1729f214fa7400c5,2024-04-12,令和6年4月12日,変更認可,パイプたばこ,KHALEEJ KIWI,KHALEEJKIWI,50.0g箱,50,g,ｱﾗﾌﾞ首長国連邦,1700,,,https://www.mof.go.jp/policy/tab_salt/topics/20240412_kouriteika.pdf,1,高
cdd825c52d6f52c4,2024-04-12,令和6年4月12日,変更認可,パイプたばこ,KHALEEJ LADY KILLER,KHALEEJLADYKILLER,50.0g箱,50,g,ｱﾗﾌﾞ首長国連邦,1700,,,https://www.mof.go.jp/policy/tab_salt/topics/20240412_kouriteika.pdf,1,高
66fe7993ff0b5723,2024-04-12,令和6年4月12日,変更認可,パイプたばこ,KHALEEJ LEMON,KHALEEJLEMON,50.0g箱,50,g,ｱﾗﾌﾞ首長国連邦,1700,,,https://www.mof.go.jp/policy/tab_salt/topics/20240412_kouriteika.pdf,1,高
7e72ccc49ae3b290,2024-04-12,令和6年4月12日,変更認可,パイプたばこ,KHALEEJ LOVE 66,KHALEEJLOVE66,50.0g箱,50,g,ｱﾗﾌﾞ首長国連邦,1700,,,https://www.mof.go.jp/policy/tab_salt/topics/20240412_kouriteika.pdf,1,高
e20f4ea0ec39f75d,2024-04-12,令和6年4月12日,変更認可,パイプたばこ,KHALEEJ MANGO,KHALEEJMANGO,50.0g箱,50,g,ｱﾗﾌﾞ首長国連邦,1700,,,https://www.mof.go.jp/policy/tab_salt/topics/20240412_kouriteika.pdf,1,高
8bfcc59ecfceb363,2024-04-12,令和6年4月12日,変更認可,パイプたばこ,KHALEEJ MINT,KHALEEJMINT,50.0g箱,50,g,ｱﾗﾌﾞ首長国連邦,1700,,,https://www.mof.go.jp/policy/tab_salt/topics/20240412_kouriteika.pdf,1,高
1f3432c28799c30d,2024-04-12,令和6年4月12日,変更認可,パイプたばこ,KHALEEJ MINT WITH CREAM,KHALEEJMINTWITHCREAM,50.0g箱,50,g,ｱﾗﾌﾞ首長国連邦,1700,,,https://www.mof.go.jp/policy/tab_salt/topics/20240412_kouriteika.pdf,1,高
90214e7b5177eb77,2024-04-12,令和6年4月12日,変更認可,パイプたばこ,KHALEEJ ORANGE,KHALEEJORANGE,50.0g箱,50,g,ｱﾗﾌﾞ首長国連邦,1700,,,https://www.mof.go.jp/policy/tab_salt/topics/20240412_kouriteika.pdf,1,高
bd4c0612a70d7dfd,2024-04-12,令和6年4月12日,変更認可,パイプたばこ,KHALEEJ PEACH,KHALEEJPEACH,50.0g箱,50,g,ｱﾗﾌﾞ首長国連邦,1700,,,https://www.mof.go.jp/policy/tab_salt/topics/20240412_kouriteika.pdf,1,高
bdacf26db6a9f435,2024-04-12,令和6年4月12日,変更認可,パイプたばこ,KHALEEJ POMEGRANATE,KHALEEJPOMEGRANATE,50.0g箱,50,g,ｱﾗﾌﾞ首長国連邦,1700,,,https://www.mof.go.jp/policy/tab_salt/topics/20240412_kouriteika.pdf,1,高
72550d7a5f059007,2024-04-12,令和6年4月12日,変更認可,パイプたばこ,KHALEEJ RASPBERRY,KHALEEJRASPBERRY,50.0g箱,50,g,ｱﾗﾌﾞ首長国連邦,1700,,,https://www.mof.go.jp/policy/tab_salt/topics/20240412_kouriteika.pdf,1,高
f57ebbc89fb6bd6a,2024-04-12,令和6年4月12日,変更認可,パイプたばこ,KHALEEJ SAMBA,KHALEEJSAMBA,50.0g箱,50,g,ｱﾗﾌﾞ首長国連邦,1700,,,https://www.mof.go.jp/policy/tab_salt/topics/20240412_kouriteika.pdf,1,高
86712c019c21b0f2,2024-04-12,令和6年4月12日,変更認可,パイプたばこ,KHALEEJ STRAWBERRY,KHALEEJSTRAWBERRY,50.0g箱,50,g,ｱﾗﾌﾞ首長国連邦,1700,,,https://www.mof.go.jp/policy/tab_salt/topics/20240412_kouriteika.pdf,1,高
7df949dba39efe87,2024-04-12,令和6年4月12日,変更認可,パイプたばこ,KHALEEJ SUPER LEMON,KHALEEJSUPERLEMON,50.0g箱,50,g,ｱﾗﾌﾞ首長国連邦,1700,,,https://www.mof.go.jp/policy/tab_salt/topics/20240412_kouriteika.pdf,1,高
229161f096886525,2024-04-12,令和6年4月12日,変更認可,パイプたばこ,KHALEEJ SWEET MELON,KHALEEJSWEETMELON,50.0g箱,50,g,ｱﾗﾌﾞ首長国連邦,1700,,,https://www.mof.go.jp/policy/tab_salt/topics/20240412_kouriteika.pdf,1,高
3112cd25b16c0e1b,2024-04-12,令和6年4月12日,変更認可,パイプたばこ,KHALEEJ TWO APPLES,KHALEEJTWOAPPLES,50.0g箱,50,g,ｱﾗﾌﾞ首長国連邦,1700,,,https://www.mof.go.jp/policy/tab_salt/topics/20240412_kouriteika.pdf,1,高
13c856ca639691da,2024-04-12,令和6年4月12日,変更認可,パイプたばこ,KHALEEJ WATERMELON,KHALEEJWATERMELON,50.0g箱,50,g,ｱﾗﾌﾞ首長国連邦,1700,,,https://www.mof.go.jp/policy/tab_salt/topics/20240412_kouriteika.pdf,1,高
4489a508f7b5a1f2,2024-04-12,令和6年4月12日,変更認可,葉巻たばこ,Romeo Y Julieta Reserva RealChurchill,ROMEOYJULIETARESERVAREALCHURCHILL,178mm 1本,1,本,ﾄﾞﾐﾆｶ共和国,3450,,,https://www.mof.go.jp/policy/tab_salt/topics/20240412_kouriteika.pdf,1,高
d0eb36acc70bdb62,2024-04-12,令和6年4月12日,変更認可,パイプたばこ,KHALEEJ COCKTAIL,KHALEEJCOCKTAIL,50.0g箱,50,g,ｱﾗﾌﾞ首長国連邦,1700,,,https://www.mof.go.jp/policy/tab_salt/topics/20240412_kouriteika.pdf,2,高
9b6334f7c02fdad6,2024-04-12,令和6年4月12日,変更認可,パイプたばこ,KHALEEJ GREEN MINT,KHALEEJGREENMINT,50.0g箱,50,g,ｱﾗﾌﾞ首長国連邦,1700,,,https://www.mof.go.jp/policy/tab_salt/topics/20240412_kouriteika.pdf,2,高
720a7205bcc79f28,2024-04-12,令和6年4月12日,変更認可,パイプたばこ,KHALEEJ HOLA AMIGOS,KHALEEJHOLAAMIGOS,50.0g箱,50,g,ｱﾗﾌﾞ首長国連邦,1700,,,https://www.mof.go.jp/policy/tab_salt/topics/20240412_kouriteika.pdf,2,高
96b3821c6782444f,2024-04-12,令和6年4月12日,変更認可,パイプたばこ,KHALEEJ PASSION FRUIT,KHALEEJPASSIONFRUIT,50.0g箱,50,g,ｱﾗﾌﾞ首長国連邦,1700,,,https://www.mof.go.jp/policy/tab_salt/topics/20240412_kouriteika.pdf,2,高
90f778989431d09a,2024-04-12,令和6年4月12日,変更認可,葉巻たばこ,EP CARRILLO ENCORE CELESTIAL,EPCARRILLOENCORECELESTIAL,155mm 1本,1,本,ﾄﾞﾐﾆｶ共和国,4800,3500,2024-05-01,https://www.mof.go.jp/policy/tab_salt/topics/20240412_kouriteikahenkou.pdf,1,高
0b06b485bfbb564a,2024-04-12,令和6年4月12日,変更認可,葉巻たばこ,EP CARRILLO ENCORE EL PRIMERO,EPCARRILLOENCOREELPRIMERO,174mm 1本,1,本,ﾄﾞﾐﾆｶ共和国,5300,3800,2024-05-01,https://www.mof.go.jp/policy/tab_salt/topics/20240412_kouriteikahenkou.pdf,1,高
4c464c304bb8d576,2024-04-12,令和6年4月12日,変更認可,葉巻たばこ,EP CARRILLO ENCORE MAJESTIC,EPCARRILLOENCOREMAJESTIC,136mm 1本,1,本,ﾄﾞﾐﾆｶ共和国,4700,3500,2024-05-01,https://www.mof.go.jp/policy/tab_salt/topics/20240412_kouriteikahenkou.pdf,1,高
df86a333cb3e1af7,2024-04-12,令和6年4月12日,変更認可,葉巻たばこ,EP CARRILLO ENCORE VALIENTES,EPCARRILLOENCOREVALIENTES,155mm 1本,1,本,ﾄﾞﾐﾆｶ共和国,5000,3600,2024-05-01,https://www.mof.go.jp/policy/tab_salt/topics/20240412_kouriteikahenkou.pdf,1,高
3b74b9a0bbdf8036,2024-04-12,令和6年4月12日,変更認可,葉巻たばこ,EP CARRILLO LA HISTORIA DONAELENA,EPCARRILLOLAHISTORIADONAELENA,155mm 1本,1,本,ﾄﾞﾐﾆｶ共和国,4800,3300,2024-05-01,https://www.mof.go.jp/policy/tab_salt/topics/20240412_kouriteikahenkou.pdf,1,高
cec6663ff40a5b56,2024-04-12,令和6年4月12日,変更認可,葉巻たばこ,EP CARRILLO LA HISTORIA E-,EPCARRILLOLAHISTORIAE-,174mm 1本,1,本,ﾄﾞﾐﾆｶ共和国,5100,3900,2024-05-01,https://www.mof.go.jp/policy/tab_salt/topics/20240412_kouriteikahenkou.pdf,1,高
4b630772c6e66afd,2024-04-12,令和6年4月12日,変更認可,葉巻たばこ,EP CARRILLO LA HISTORIA ELSENADOR,EPCARRILLOLAHISTORIAELSENADOR,136mm 1本,1,本,ﾄﾞﾐﾆｶ共和国,4600,3400,2024-05-01,https://www.mof.go.jp/policy/tab_salt/topics/20240412_kouriteikahenkou.pdf,1,高
702afec3252d1f0d,2024-04-12,令和6年4月12日,変更認可,葉巻たばこ,EP CARRILLO LA HISTORIAREGALIAS D'CELIA,EPCARRILLOLAHISTORIAREGALIASD'CELIA,149mm 1本,1,本,ﾄﾞﾐﾆｶ共和国,5000,3600,2024-05-01,https://www.mof.go.jp/policy/tab_salt/topics/20240412_kouriteikahenkou.pdf,1,高
7d013267eb6b95a4,2024-04-12,令和6年4月12日,変更認可,葉巻たばこ,EP CARRILLO PLEDGE PREQUEL,EPCARRILLOPLEDGEPREQUEL,127mm 1本,1,本,ﾄﾞﾐﾆｶ共和国,4300,3100,2024-05-01,https://www.mof.go.jp/policy/tab_salt/topics/20240412_kouriteikahenkou.pdf,1,高
62afab9feca3feac,2024-04-12,令和6年4月12日,変更認可,葉巻たばこ,EP CARRILLO PLEDGE SOJOURN,EPCARRILLOPLEDGESOJOURN,152mm 1本,1,本,ﾄﾞﾐﾆｶ共和国,4900,3700,2024-05-01,https://www.mof.go.jp/policy/tab_salt/topics/20240412_kouriteikahenkou.pdf,1,高
668b76acf72362dd,2024-04-10,令和6年4月10日,変更認可,葉巻たばこ,CLANDESTINOS Japan Limited Lanzas,CLANDESTINOSJAPANLIMITEDLANZAS,178mm 1本,1,本,ﾆｶﾗｸﾞｱ,3500,,,https://www.mof.go.jp/policy/tab_salt/topics/20240410_kouriteika.pdf,1,高
1853c6a5c48403d1,2024-04-10,令和6年4月10日,変更認可,葉巻たばこ,CLANDESTINOS Japan LimitedMananeros,CLANDESTINOSJAPANLIMITEDMANANEROS,102mm 1本,1,本,ﾆｶﾗｸﾞｱ,2500,,,https://www.mof.go.jp/policy/tab_salt/topics/20240410_kouriteika.pdf,1,高
fbb66921355e9e30,2024-04-10,令和6年4月10日,変更認可,葉巻たばこ,Media Rueda de la Vida Churchill,MEDIARUEDADELAVIDACHURCHILL,178mm 1本,1,本,ﾆｶﾗｸﾞｱ,3200,,,https://www.mof.go.jp/policy/tab_salt/topics/20240410_kouriteika.pdf,1,高
ecb645838a2dadf5,2024-04-10,令和6年4月10日,変更認可,葉巻たばこ,Media Rueda de la Vida CoronaGorda,MEDIARUEDADELAVIDACORONAGORDA,143mm 1本,1,本,ﾆｶﾗｸﾞｱ,2400,,,https://www.mof.go.jp/policy/tab_salt/topics/20240410_kouriteika.pdf,1,高
634f07d9a5a1e819,2024-04-10,令和6年4月10日,変更認可,葉巻たばこ,Media Rueda de la Vida DoubleCorona,MEDIARUEDADELAVIDADOUBLECORONA,194mm 1本,1,本,ﾆｶﾗｸﾞｱ,4000,,,https://www.mof.go.jp/policy/tab_salt/topics/20240410_kouriteika.pdf,1,高
8f009c6f1002dc70,2024-04-10,令和6年4月10日,変更認可,葉巻たばこ,Media Rueda de la Vida LanceroNo.1,MEDIARUEDADELAVIDALANCERONO.1,191mm 1本,1,本,ﾆｶﾗｸﾞｱ,3300,,,https://www.mof.go.jp/policy/tab_salt/topics/20240410_kouriteika.pdf,1,高
7d55f44638ed9025,2024-04-10,令和6年4月10日,変更認可,葉巻たばこ,Media Rueda de la Vida LanceroNo.2,MEDIARUEDADELAVIDALANCERONO.2,152mm 1本,1,本,ﾆｶﾗｸﾞｱ,2600,,,https://www.mof.go.jp/policy/tab_salt/topics/20240410_kouriteika.pdf,1,高
da5644c806207021,2024-04-10,令和6年4月10日,変更認可,葉巻たばこ,Media Rueda de la Vida No.2,MEDIARUEDADELAVIDANO.2,156mm 1本,1,本,ﾆｶﾗｸﾞｱ,3300,,,https://www.mof.go.jp/policy/tab_salt/topics/20240410_kouriteika.pdf,1,高
cdfeba59d202beff,2024-04-10,令和6年4月10日,変更認可,葉巻たばこ,Media Rueda de la Vida No.3,MEDIARUEDADELAVIDANO.3,143mm 1本,1,本,ﾆｶﾗｸﾞｱ,1900,,,https://www.mof.go.jp/policy/tab_salt/topics/20240410_kouriteika.pdf,1,高
7c9f08a56c2c9455,2024-04-10,令和6年4月10日,変更認可,葉巻たばこ,Media Rueda de la Vida No.4,MEDIARUEDADELAVIDANO.4,130mm 1本,1,本,ﾆｶﾗｸﾞｱ,1700,,,https://www.mof.go.jp/policy/tab_salt/topics/20240410_kouriteika.pdf,1,高
e76c1b8b5d617b9d,2024-04-10,令和6年4月10日,変更認可,葉巻たばこ,Media Rueda de la Vida No.5,MEDIARUEDADELAVIDANO.5,102mm 1本,1,本,ﾆｶﾗｸﾞｱ,1500,,,https://www.mof.go.jp/policy/tab_salt/topics/20240410_kouriteika.pdf,1,高
5f34a30d72dcce91,2024-04-10,令和6年4月10日,変更認可,葉巻たばこ,Media Rueda de la Vida Robusto,MEDIARUEDADELAVIDAROBUSTO,111mm 1本,1,本,ﾆｶﾗｸﾞｱ,2400,,,https://www.mof.go.jp/policy/tab_salt/topics/20240410_kouriteika.pdf,1,高
13d1a6db22d1b55e,2024-04-10,令和6年4月10日,変更認可,紙巻たばこ,REISHI 5,REISHI5,ﾊｰﾄﾞﾊﾟｯｸFK 20本,20,本,中国,580,,,https://www.mof.go.jp/policy/tab_salt/topics/20240410_kouriteika.pdf,1,高
160625d62a416b64,2024-04-10,令和6年4月10日,変更認可,紙巻たばこ,REISHI 7,REISHI7,FSK 20本ﾊｰﾄﾞﾊﾟｯｸ,20,本,中国,580,,,https://www.mof.go.jp/policy/tab_salt/topics/20240410_kouriteika.pdf,1,高
f06325def6b1ceb4,2024-04-03,令和6年4月3日,変更認可,紙巻たばこ,ｾﾌﾞﾝｽﾀｰ･ﾒﾝｿｰﾙ･8,セブンスターメンソール8,ﾊｰﾄﾞﾊﾟｯｸFK 20本,20,本,日本,600,,,https://www.mof.go.jp/policy/tab_salt/topics/20240403_kouriteika.pdf,1,高
7023bae6250d8c60,2024-03-28,令和6年3月28日,変更認可,葉巻たばこ,ｺｲｰﾊﾞ･ｲﾃﾞｱﾚｽ ｺﾚｸｼｵﾝ ﾊﾊﾞﾉｽ 2021,コイーバイデアレスコレクシオンハバノス2021,175mm 1本,1,本,ｷｭｰﾊﾞ,121000,,,https://www.mof.go.jp/policy/tab_salt/topics/20240328_kouriteika.pdf,1,高
4fd373a02fb6ebe1,2024-03-28,令和6年3月28日,変更認可,葉巻たばこ,ﾊﾟﾝﾁ･ｽｰﾊﾟｰ ｾﾚｸｼｮﾝ No.1 RE2023,パンチスーパーセレクションNO.1RE2023,155mm 1本,1,本,ｷｭｰﾊﾞ,7700,,,https://www.mof.go.jp/policy/tab_salt/topics/20240328_kouriteika.pdf,1,高
e44e08cd5d8c51e1,2024-03-28,令和6年3月28日,変更認可,葉巻たばこ,ﾍﾞｸﾞｴﾛｽ･ｾﾝﾄﾛｺﾞﾙﾄﾞｽ,ベグエロスセントロゴルドス,100mm 1本,1,本,ｷｭｰﾊﾞ,3960,,,https://www.mof.go.jp/policy/tab_salt/topics/20240328_kouriteika.pdf,1,高
925f7192cfb40eb8,2024-03-28,令和6年3月28日,変更認可,葉巻たばこ,ﾎﾖｰ･ﾄﾞｩ･ﾓﾝﾄﾚｰ･ｴﾋﾟｷｭｱ No.3,ホヨードゥモントレーエピキュアNO.3,125mm 1本,1,本,ｷｭｰﾊﾞ,7700,,,https://www.mof.go.jp/policy/tab_salt/topics/20240328_kouriteika.pdf,1,高
86b643d66294bb6f,2024-03-28,令和6年3月28日,変更認可,葉巻たばこ,ﾎﾖｰ･ﾄﾞｩ･ﾓﾝﾄﾚｰ･ｽｰｳﾞｪﾆｰﾙ ﾃﾞﾗｯｸｽ,ホヨードゥモントレースーヴェニールデラックス,129mm 1本,1,本,ｷｭｰﾊﾞ,3850,,,https://www.mof.go.jp/policy/tab_salt/topics/20240328_kouriteika.pdf,1,高
543500de521d9a5a,2024-03-28,令和6年3月28日,変更認可,葉巻たばこ,ﾎﾖｰ･ﾄﾞｩ･ﾓﾝﾄﾚｰ･ﾓﾝﾃﾚｲｴｽ No.4 LE2021,ホヨードゥモントレーモンテレイエスNO.4LE2021,145mm 1本,1,本,ｷｭｰﾊﾞ,14300,,,https://www.mof.go.jp/policy/tab_salt/topics/20240328_kouriteika.pdf,1,高
3480700a22046bd6,2024-03-28,令和6年3月28日,変更認可,葉巻たばこ,ﾎﾞﾘﾊﾞｰ･ﾆｭｰ ｺﾞｰﾙﾄﾞﾒﾀﾞﾙ LCDH,ボリバーニューゴールドメダルLCDH,165mm 1本,1,本,ｷｭｰﾊﾞ,9900,,,https://www.mof.go.jp/policy/tab_salt/topics/20240328_kouriteika.pdf,1,高
ce9be269aba70983,2024-03-28,令和6年3月28日,変更認可,葉巻たばこ,ﾗ･ｸﾞﾛﾘｱ･ｷｭﾊﾞｰﾅ･ﾄｩﾙｷﾉｽ,ラグロリアキュバーナトゥルキノス,141mm 1本,1,本,ｷｭｰﾊﾞ,6050,,,https://www.mof.go.jp/policy/tab_salt/topics/20240328_kouriteika.pdf,1,高
53916652215e08a3,2024-03-28,令和6年3月28日,変更認可,葉巻たばこ,ﾗﾌｧｴﾙ･ｺﾞﾝｻﾞﾚｽ ｺﾛﾅｽ ﾃﾞ ﾛﾝｽﾞﾃﾞｰﾙ,ラファエルゴンザレスコロナスデロンズデール,127mm 1本,1,本,ｷｭｰﾊﾞ,4950,,,https://www.mof.go.jp/policy/tab_salt/topics/20240328_kouriteika.pdf,1,高
0f688faab7b5102d,2024-03-27,令和6年3月27日,変更認可,葉巻たばこ,Family x Loyalty Hati Robusto,FAMILYXLOYALTYHATIROBUSTO,129mm 1本,1,本,ﾆｶﾗｸﾞｱ,3130,,,https://www.mof.go.jp/policy/tab_salt/topics/20240327_kouriteika.pdf,1,高
eea864b0dbc79020,2024-03-27,令和6年3月27日,変更認可,葉巻たばこ,Family x Loyalty Skoll Robusto,FAMILYXLOYALTYSKOLLROBUSTO,129mm 1本,1,本,ﾆｶﾗｸﾞｱ,3130,,,https://www.mof.go.jp/policy/tab_salt/topics/20240327_kouriteika.pdf,1,高
8fed043f7233fe3a,2024-03-27,令和6年3月27日,変更認可,葉巻たばこ,Leaf by Oscar Cigars Robusto Corojo,LEAFBYOSCARCIGARSROBUSTOCOROJO,127mm 1本,1,本,ﾎﾝｼﾞｭﾗｽ,2690,,,https://www.mof.go.jp/policy/tab_salt/topics/20240327_kouriteika.pdf,1,高
57aa245cc719831b,2024-03-27,令和6年3月27日,変更認可,葉巻たばこ,Leaf by Oscar Cigars Robusto Maduro,LEAFBYOSCARCIGARSROBUSTOMADURO,127mm 1本,1,本,ﾎﾝｼﾞｭﾗｽ,2690,,,https://www.mof.go.jp/policy/tab_salt/topics/20240327_kouriteika.pdf,1,高
c8c53e86af4213f1,2024-03-27,令和6年3月27日,変更認可,葉巻たばこ,Leaf by Oscar Cigars RobustoConnecticut,LEAFBYOSCARCIGARSROBUSTOCONNECTICUT,127mm 1本,1,本,ﾎﾝｼﾞｭﾗｽ,2690,,,https://www.mof.go.jp/policy/tab_salt/topics/20240327_kouriteika.pdf,1,高
96f5ead531a5a0d8,2024-03-27,令和6年3月27日,変更認可,葉巻たばこ,Leaf by Oscar Cigars RobustoSumatra,LEAFBYOSCARCIGARSROBUSTOSUMATRA,127mm 1本,1,本,ﾎﾝｼﾞｭﾗｽ,2690,,,https://www.mof.go.jp/policy/tab_salt/topics/20240327_kouriteika.pdf,1,高
bbce4aab44ca5c17,2024-03-27,令和6年3月27日,変更認可,葉巻たばこ,Rojas Street Tacos BarbacoaRobusto,ROJASSTREETTACOSBARBACOAROBUSTO,126mm 1本,1,本,ﾆｶﾗｸﾞｱ,2570,,,https://www.mof.go.jp/policy/tab_salt/topics/20240327_kouriteika.pdf,1,高
83aab92c138fb7be,2024-03-27,令和6年3月27日,変更認可,葉巻たばこ,Rojas Street Tacos CarnitasRobusto,ROJASSTREETTACOSCARNITASROBUSTO,126mm 1本,1,本,ﾆｶﾗｸﾞｱ,2570,,,https://www.mof.go.jp/policy/tab_salt/topics/20240327_kouriteika.pdf,1,高
d8ed9392832f859d,2024-03-27,令和6年3月27日,変更認可,葉巻たばこ,ﾄﾞﾝ･ﾃﾞｨｴｺﾞ･ｻﾛﾓﾝ･ｶｽｸｷｭｱｰﾄﾞ･ｽﾍﾟｼｬﾙｴﾃﾞｨｼｮﾝ,ドンディエゴサロモンカスクキュアードスペシャルエディション,146mm 1本,1,本,ﾎﾝｼﾞｭﾗｽ,2000,,,https://www.mof.go.jp/policy/tab_salt/topics/20240327_kouriteika.pdf,1,高
ca433068c1139564,2024-03-26,令和6年3月26日,変更認可,パイプたばこ,JENT Alcohol ABSINTHE,JENTALCOHOLABSINTHE,40.0g箱,40,g,ﾛｼｱ,1790,,,https://www.mof.go.jp/policy/tab_salt/topics/20240326_kouriteika_1.pdf,1,高
3b9dc3bd0145f288,2024-03-26,令和6年3月26日,変更認可,パイプたばこ,JENT Alcohol APEROL SPRITS,JENTALCOHOLAPEROLSPRITS,40.0g箱,40,g,ﾛｼｱ,1790,,,https://www.mof.go.jp/policy/tab_salt/topics/20240326_kouriteika_1.pdf,1,高
eb0a21c6f8f7e7e9,2024-03-26,令和6年3月26日,変更認可,パイプたばこ,JENT Alcohol BOURBON WHISKEY,JENTALCOHOLBOURBONWHISKEY,40.0g箱,40,g,ﾛｼｱ,1790,,,https://www.mof.go.jp/policy/tab_salt/topics/20240326_kouriteika_1.pdf,1,高
c4a5f6f4a887ce55,2024-03-26,令和6年3月26日,変更認可,パイプたばこ,JENT Alcohol GIN AIR,JENTALCOHOLGINAIR,40.0g箱,40,g,ﾛｼｱ,1790,,,https://www.mof.go.jp/policy/tab_salt/topics/20240326_kouriteika_1.pdf,1,高
668f68119733644b,2024-03-26,令和6年3月26日,変更認可,パイプたばこ,JENT Alcohol JAEGERMEISTER,JENTALCOHOLJAEGERMEISTER,40.0g箱,40,g,ﾛｼｱ,1790,,,https://www.mof.go.jp/policy/tab_salt/topics/20240326_kouriteika_1.pdf,1,高
e9295d145a6ee99c,2024-03-26,令和6年3月26日,変更認可,パイプたばこ,JENT Alcohol KAHLUA MILK,JENTALCOHOLKAHLUAMILK,40.0g箱,40,g,ﾛｼｱ,1790,,,https://www.mof.go.jp/policy/tab_salt/topics/20240326_kouriteika_1.pdf,1,高
4bac84dae70cdd2b,2024-03-26,令和6年3月26日,変更認可,パイプたばこ,JENT Alcohol LIQUOR CHOCOLATE,JENTALCOHOLLIQUORCHOCOLATE,40.0g箱,40,g,ﾛｼｱ,1790,,,https://www.mof.go.jp/policy/tab_salt/topics/20240326_kouriteika_1.pdf,1,高
c43255283ca008bc,2024-03-26,令和6年3月26日,変更認可,パイプたばこ,JENT Alcohol MOJITO,JENTALCOHOLMOJITO,40.0g箱,40,g,ﾛｼｱ,1790,,,https://www.mof.go.jp/policy/tab_salt/topics/20240326_kouriteika_1.pdf,1,高
ab689ac084d6bd94,2024-03-26,令和6年3月26日,変更認可,パイプたばこ,JENT Alcohol PINA COLADA,JENTALCOHOLPINACOLADA,40.0g箱,40,g,ﾛｼｱ,1790,,,https://www.mof.go.jp/policy/tab_salt/topics/20240326_kouriteika_1.pdf,1,高
3f37d0746deb5b06,2024-03-26,令和6年3月26日,変更認可,パイプたばこ,JENT Alcohol RUM,JENTALCOHOLRUM,40.0g箱,40,g,ﾛｼｱ,1790,,,https://www.mof.go.jp/policy/tab_salt/topics/20240326_kouriteika_1.pdf,1,高
5cb2516cb61d3cc6,2024-03-26,令和6年3月26日,変更認可,パイプたばこ,JENT Alcohol TEQUILA,JENTALCOHOLTEQUILA,40.0g箱,40,g,ﾛｼｱ,1790,,,https://www.mof.go.jp/policy/tab_salt/topics/20240326_kouriteika_1.pdf,1,高
9e089143c2c2aeba,2024-03-26,令和6年3月26日,変更認可,パイプたばこ,SEBERO Arctic Mix Caramel Glass,SEBEROARCTICMIXCARAMELGLASS,40.0g箱,40,g,ﾛｼｱ,1700,,,https://www.mof.go.jp/policy/tab_salt/topics/20240326_kouriteika_1.pdf,1,高
2c9f831b08aab9f6,2024-03-26,令和6年3月26日,変更認可,パイプたばこ,SEBERO Arctic Mix Caramel Glass,SEBEROARCTICMIXCARAMELGLASS,100.0g箱,100,g,ﾓﾙﾄﾞﾊﾞ,4200,,,https://www.mof.go.jp/policy/tab_salt/topics/20240326_kouriteika_1.pdf,1,高
c6ae99e8c5ab2544,2024-03-26,令和6年3月26日,変更認可,パイプたばこ,SEBERO Arctic Mix Peanut Latte,SEBEROARCTICMIXPEANUTLATTE,40.0g箱,40,g,ﾛｼｱ,1700,,,https://www.mof.go.jp/policy/tab_salt/topics/20240326_kouriteika_1.pdf,1,高
7c16b7f8f3cf72a5,2024-03-26,令和6年3月26日,変更認可,パイプたばこ,SEBERO Arctic Mix Peanut Latte,SEBEROARCTICMIXPEANUTLATTE,100.0g箱,100,g,ﾓﾙﾄﾞﾊﾞ,4200,,,https://www.mof.go.jp/policy/tab_salt/topics/20240326_kouriteika_1.pdf,1,高
16c470c7ca5c83df,2024-03-26,令和6年3月26日,変更認可,パイプたばこ,SEBERO Black Bilberry,SEBEROBLACKBILBERRY,40.0g箱,40,g,ﾛｼｱ,1790,,,https://www.mof.go.jp/policy/tab_salt/topics/20240326_kouriteika_1.pdf,1,高
ebb8358c13aef8ee,2024-03-26,令和6年3月26日,変更認可,パイプたばこ,SEBERO Black Kiwi,SEBEROBLACKKIWI,40.0g箱,40,g,ﾛｼｱ,1790,,,https://www.mof.go.jp/policy/tab_salt/topics/20240326_kouriteika_1.pdf,1,高
9382fb6b67911a0d,2024-03-26,令和6年3月26日,変更認可,パイプたばこ,SEBERO Black Lemon Bomb,SEBEROBLACKLEMONBOMB,40.0g箱,40,g,ﾛｼｱ,1790,,,https://www.mof.go.jp/policy/tab_salt/topics/20240326_kouriteika_1.pdf,1,高
cd22b561e0bceecb,2024-03-26,令和6年3月26日,変更認可,パイプたばこ,SEBERO Black Lemon Waffle,SEBEROBLACKLEMONWAFFLE,40.0g箱,40,g,ﾛｼｱ,1790,,,https://www.mof.go.jp/policy/tab_salt/topics/20240326_kouriteika_1.pdf,1,高
5fdafc6cc7435917,2024-03-26,令和6年3月26日,変更認可,パイプたばこ,SEBERO Black Mint,SEBEROBLACKMINT,40.0g箱,40,g,ﾛｼｱ,1790,,,https://www.mof.go.jp/policy/tab_salt/topics/20240326_kouriteika_1.pdf,1,高
f7095e7200705e29,2024-03-26,令和6年3月26日,変更認可,パイプたばこ,SEBERO Black Nitro,SEBEROBLACKNITRO,40.0g箱,40,g,ﾛｼｱ,1790,,,https://www.mof.go.jp/policy/tab_salt/topics/20240326_kouriteika_1.pdf,1,高
74adea1e183dd280,2024-03-26,令和6年3月26日,変更認可,パイプたばこ,SEBERO Black Raspberry,SEBEROBLACKRASPBERRY,40.0g箱,40,g,ﾛｼｱ,1790,,,https://www.mof.go.jp/policy/tab_salt/topics/20240326_kouriteika_1.pdf,1,高
97175948a59858fd,2024-03-26,令和6年3月26日,変更認可,パイプたばこ,SEBERO Black Sourness,SEBEROBLACKSOURNESS,40.0g箱,40,g,ﾛｼｱ,1790,,,https://www.mof.go.jp/policy/tab_salt/topics/20240326_kouriteika_1.pdf,1,高
8b684b61c24cfa06,2024-03-26,令和6年3月26日,変更認可,パイプたばこ,SEBERO Classic Honey Candy Chill,SEBEROCLASSICHONEYCANDYCHILL,40.0g箱,40,g,ﾛｼｱ,1700,,,https://www.mof.go.jp/policy/tab_salt/topics/20240326_kouriteika_1.pdf,1,高
11d2a244924a5fa4,2024-03-26,令和6年3月26日,変更認可,パイプたばこ,SEBERO Classic Honey Candy Chill,SEBEROCLASSICHONEYCANDYCHILL,100.0g箱,100,g,ﾓﾙﾄﾞﾊﾞ,4200,,,https://www.mof.go.jp/policy/tab_salt/topics/20240326_kouriteika_1.pdf,1,高
93bf1b2e9d302dd6,2024-03-26,令和6年3月26日,変更認可,パイプたばこ,SEBERO Classic Tropic Rose,SEBEROCLASSICTROPICROSE,40.0g箱,40,g,ﾛｼｱ,1700,,,https://www.mof.go.jp/policy/tab_salt/topics/20240326_kouriteika_1.pdf,1,高
924e1e6a71b7c9e6,2024-03-26,令和6年3月26日,変更認可,パイプたばこ,SEBERO Classic Tropic Rose,SEBEROCLASSICTROPICROSE,100.0g箱,100,g,ﾓﾙﾄﾞﾊﾞ,4200,,,https://www.mof.go.jp/policy/tab_salt/topics/20240326_kouriteika_1.pdf,1,高
a06adbda275c1b2f,2024-03-26,令和6年3月26日,変更認可,パイプたばこ,JENT Classic MANGO ROSE,JENTCLASSICMANGOROSE,40.0g箱,40,g,ﾛｼｱ,1790,,,https://www.mof.go.jp/policy/tab_salt/topics/20240326_kouriteika_1.pdf,2,高
1d6e6a8f8ecd8667,2024-03-26,令和6年3月26日,変更認可,パイプたばこ,JENT Classic PEACH STATION,JENTCLASSICPEACHSTATION,40.0g箱,40,g,ﾛｼｱ,1790,,,https://www.mof.go.jp/policy/tab_salt/topics/20240326_kouriteika_1.pdf,2,高
902d5b013aba4e3a,2024-03-26,令和6年3月26日,変更認可,パイプたばこ,JENT Classic SUPER LEMON,JENTCLASSICSUPERLEMON,40.0g箱,40,g,ﾛｼｱ,1790,,,https://www.mof.go.jp/policy/tab_salt/topics/20240326_kouriteika_1.pdf,2,高
9e9a79a2b84929ce,2024-03-26,令和6年3月26日,変更認可,パイプたばこ,JENT Classic SWEET CIGAR,JENTCLASSICSWEETCIGAR,40.0g箱,40,g,ﾛｼｱ,1790,,,https://www.mof.go.jp/policy/tab_salt/topics/20240326_kouriteika_1.pdf,2,高
5b14ce5da21e277a,2024-03-26,令和6年3月26日,変更認可,パイプたばこ,JENT Herbal JASMINE OOLONG,JENTHERBALJASMINEOOLONG,40.0g箱,40,g,ﾛｼｱ,1790,,,https://www.mof.go.jp/policy/tab_salt/topics/20240326_kouriteika_1.pdf,2,高
2d826b630fb0124d,2024-03-26,令和6年3月26日,変更認可,パイプたばこ,JENT Herbal LABRADOR TEA,JENTHERBALLABRADORTEA,40.0g箱,40,g,ﾛｼｱ,1790,,,https://www.mof.go.jp/policy/tab_salt/topics/20240326_kouriteika_1.pdf,2,高
5ad240c4ecaaba48,2024-03-26,令和6年3月26日,変更認可,パイプたばこ,JENT Herbal LINDEN BLOSSOM,JENTHERBALLINDENBLOSSOM,40.0g箱,40,g,ﾛｼｱ,1790,,,https://www.mof.go.jp/policy/tab_salt/topics/20240326_kouriteika_1.pdf,2,高
93c72b315f527e27,2024-03-26,令和6年3月26日,変更認可,パイプたばこ,JENT Herbal MARIJUANA,JENTHERBALMARIJUANA,40.0g箱,40,g,ﾛｼｱ,1790,,,https://www.mof.go.jp/policy/tab_salt/topics/20240326_kouriteika_1.pdf,2,高
8466ff307e5a2d11,2024-03-26,令和6年3月26日,変更認可,パイプたばこ,JENT Herbal OLD SAGE,JENTHERBALOLDSAGE,40.0g箱,40,g,ﾛｼｱ,1790,,,https://www.mof.go.jp/policy/tab_salt/topics/20240326_kouriteika_1.pdf,2,高
39c4a61a38a76fde,2024-03-26,令和6年3月26日,変更認可,パイプたばこ,JENT Herbal SWEET CLOVER,JENTHERBALSWEETCLOVER,40.0g箱,40,g,ﾛｼｱ,1790,,,https://www.mof.go.jp/policy/tab_salt/topics/20240326_kouriteika_1.pdf,2,高
aaa2a2f46e453d78,2024-03-26,令和6年3月26日,変更認可,パイプたばこ,JENT Herbal THYME,JENTHERBALTHYME,40.0g箱,40,g,ﾛｼｱ,1790,,,https://www.mof.go.jp/policy/tab_salt/topics/20240326_kouriteika_1.pdf,2,高
3a7a29b2c2627e2b,2024-03-26,令和6年3月26日,変更認可,加熱式たばこ,ｹﾝﾄ･ﾈｵｽﾃｨｯｸ･ﾄｩﾙｰ･ｽﾑｰｽ･ﾀﾊﾞｺ･glo hyper用,ケントネオスティックトゥルースムースタバコGLOHYPER用,ﾌｨﾙﾀｰ付 20本ﾊｰﾄﾞﾊﾟｯｸ,20,本,大韓民国,450,,,https://www.mof.go.jp/policy/tab_salt/topics/20240326_kouriteika_2.pdf,1,高
910074c87dd9e9b0,2024-03-26,令和6年3月26日,変更認可,加熱式たばこ,ﾈｵ･ｸﾗｼｯｸ･ﾀﾊﾞｺ･glo hyper用,ネオクラシックタバコGLOHYPER用,ﾌｨﾙﾀｰ付 20本ﾊｰﾄﾞﾊﾟｯｸ,20,本,大韓民国,500,,,https://www.mof.go.jp/policy/tab_salt/topics/20240326_kouriteika_2.pdf,1,高
469ae203f722066d,2024-03-26,令和6年3月26日,変更認可,加熱式たばこ,ﾈｵ･ｽﾑｰｽ･ﾀﾊﾞｺ･glo hyper用,ネオスムースタバコGLOHYPER用,ﾌｨﾙﾀｰ付 20本ﾊｰﾄﾞﾊﾟｯｸ,20,本,大韓民国,500,,,https://www.mof.go.jp/policy/tab_salt/topics/20240326_kouriteika_2.pdf,1,高
9e9f3ea32fa0097d,2024-03-26,令和6年3月26日,変更認可,加熱式たばこ,ﾈｵ･ﾏｲﾙﾄﾞ･ﾀﾊﾞｺ･glo hyper用,ネオマイルドタバコGLOHYPER用,ﾌｨﾙﾀｰ付 20本ﾊｰﾄﾞﾊﾟｯｸ,20,本,大韓民国,500,,,https://www.mof.go.jp/policy/tab_salt/topics/20240326_kouriteika_2.pdf,1,高
ae0a55a6461fd549,2024-03-19,令和6年3月19日,変更認可,パイプたばこ,BLACK BURN Asian Lychee,BLACKBURNASIANLYCHEE,100.0g箱,100,g,ﾛｼｱ,4500,,,https://www.mof.go.jp/policy/tab_salt/topics/20240319_kouriteika.pdf,1,高
1e43141d5fc52d49,2024-03-19,令和6年3月19日,変更認可,パイプたばこ,BLACK BURN Black Honey,BLACKBURNBLACKHONEY,ﾌﾟﾗｽﾁｯｸｹｰｽ100.0g,100,g,ﾛｼｱ,4500,,,https://www.mof.go.jp/policy/tab_salt/topics/20240319_kouriteika.pdf,1,高
34991f1176d3006b,2024-03-19,令和6年3月19日,変更認可,パイプたばこ,BLACK BURN Green Tea,BLACKBURNGREENTEA,ﾌﾟﾗｽﾁｯｸｹｰｽ100.0g,100,g,ﾛｼｱ,4500,,,https://www.mof.go.jp/policy/tab_salt/topics/20240319_kouriteika.pdf,1,高
9cc69fe1cdcf140a,2024-03-19,令和6年3月19日,変更認可,パイプたばこ,BLACK BURN Kiwi Stoner,BLACKBURNKIWISTONER,100.0g箱,100,g,ﾛｼｱ,4500,,,https://www.mof.go.jp/policy/tab_salt/topics/20240319_kouriteika.pdf,1,高
a4c1f77947190c8b,2024-03-19,令和6年3月19日,変更認可,パイプたばこ,BLACK BURN Lemon Sweets,BLACKBURNLEMONSWEETS,ﾌﾟﾗｽﾁｯｸｹｰｽ100.0g,100,g,ﾛｼｱ,4500,,,https://www.mof.go.jp/policy/tab_salt/topics/20240319_kouriteika.pdf,1,高
7874ad61e3ab1601,2024-03-19,令和6年3月19日,変更認可,パイプたばこ,Darkside Basil Blast,DARKSIDEBASILBLAST,100.0g箱,100,g,ﾛｼｱ,4900,,,https://www.mof.go.jp/policy/tab_salt/topics/20240319_kouriteika.pdf,1,高
76740ba9dad60849,2024-03-19,令和6年3月19日,変更認可,パイプたばこ,Darkside Killer Milk,DARKSIDEKILLERMILK,100.0g箱,100,g,ﾛｼｱ,4900,,,https://www.mof.go.jp/policy/tab_salt/topics/20240319_kouriteika.pdf,1,高
66ae94b87cb1a09a,2024-03-19,令和6年3月19日,変更認可,パイプたばこ,Darkside Mango Lassi,DARKSIDEMANGOLASSI,100.0g箱,100,g,ﾛｼｱ,4900,,,https://www.mof.go.jp/policy/tab_salt/topics/20240319_kouriteika.pdf,1,高
09848e56680d0191,2024-03-19,令和6年3月19日,変更認可,パイプたばこ,Darkside Raf In The Jungle,DARKSIDERAFINTHEJUNGLE,100.0g箱,100,g,ﾛｼｱ,4900,,,https://www.mof.go.jp/policy/tab_salt/topics/20240319_kouriteika.pdf,1,高
b86010f290728623,2024-03-19,令和6年3月19日,変更認可,パイプたばこ,Darkside Red Tea,DARKSIDEREDTEA,100.0g箱,100,g,ﾛｼｱ,4900,,,https://www.mof.go.jp/policy/tab_salt/topics/20240319_kouriteika.pdf,1,高
e65416b2974b5bd8,2024-03-19,令和6年3月19日,変更認可,パイプたばこ,Element Fir,ELEMENTFIR,ﾌﾟﾗｽﾁｯｸｹｰｽ200.0g,200,g,ﾛｼｱ,8300,,,https://www.mof.go.jp/policy/tab_salt/topics/20240319_kouriteika.pdf,1,高
978fa45a7ea6b71e,2024-03-19,令和6年3月19日,変更認可,パイプたばこ,Element Grapefruit & Pomelo,ELEMENTGRAPEFRUIT&POMELO,ﾌﾟﾗｽﾁｯｸｹｰｽ200.0g,200,g,ﾛｼｱ,8300,,,https://www.mof.go.jp/policy/tab_salt/topics/20240319_kouriteika.pdf,1,高
abb276aefd0fac6f,2024-03-19,令和6年3月19日,変更認可,パイプたばこ,Element Lychee,ELEMENTLYCHEE,ﾌﾟﾗｽﾁｯｸｹｰｽ200.0g,200,g,ﾛｼｱ,8300,,,https://www.mof.go.jp/policy/tab_salt/topics/20240319_kouriteika.pdf,1,高
4bb71c41c40e5a01,2024-03-19,令和6年3月19日,変更認可,パイプたばこ,Element Moroz,ELEMENTMOROZ,ﾌﾟﾗｽﾁｯｸｹｰｽ200.0g,200,g,ﾛｼｱ,8300,,,https://www.mof.go.jp/policy/tab_salt/topics/20240319_kouriteika.pdf,1,高
a257f045adc0a5ed,2024-03-19,令和6年3月19日,変更認可,パイプたばこ,Element Pineapple,ELEMENTPINEAPPLE,ﾌﾟﾗｽﾁｯｸｹｰｽ200.0g,200,g,ﾛｼｱ,8300,,,https://www.mof.go.jp/policy/tab_salt/topics/20240319_kouriteika.pdf,1,高
729e823fc8a4d115,2024-03-19,令和6年3月19日,変更認可,パイプたばこ,Must Have Kiwi Smoothie,MUSTHAVEKIWISMOOTHIE,ﾌﾟﾗｽﾁｯｸｹｰｽ125.0g,125,g,ﾛｼｱ,5000,,,https://www.mof.go.jp/policy/tab_salt/topics/20240319_kouriteika.pdf,1,高
f9d17641d5aaa332,2024-03-19,令和6年3月19日,変更認可,パイプたばこ,Must Have Milky Rice,MUSTHAVEMILKYRICE,ﾌﾟﾗｽﾁｯｸｹｰｽ125.0g,125,g,ﾛｼｱ,5000,,,https://www.mof.go.jp/policy/tab_salt/topics/20240319_kouriteika.pdf,1,高
3ff993b8dfce4012,2024-03-19,令和6年3月19日,変更認可,パイプたばこ,Must Have Red Bomb,MUSTHAVEREDBOMB,ﾌﾟﾗｽﾁｯｸｹｰｽ125.0g,125,g,ﾛｼｱ,5000,,,https://www.mof.go.jp/policy/tab_salt/topics/20240319_kouriteika.pdf,1,高
fe7e4ade8a722500,2024-03-19,令和6年3月19日,変更認可,パイプたばこ,Must Have Tropic Juice,MUSTHAVETROPICJUICE,ﾌﾟﾗｽﾁｯｸｹｰｽ125.0g,125,g,ﾛｼｱ,5000,,,https://www.mof.go.jp/policy/tab_salt/topics/20240319_kouriteika.pdf,1,高
974675e01a3fcbd9,2024-03-15,令和6年3月15日,変更認可,葉巻たばこ,ﾋﾞｼﾞｬ･ﾋﾞｴﾊ ｼｮｰﾄ,ビジャビエハショート,114mm 1本,1,本,ﾆｶﾗｸﾞｱ,1650,,,https://www.mof.go.jp/policy/tab_salt/topics/20240315_kouriteika.pdf,1,高
eb95238ed46d8570,2024-03-15,令和6年3月15日,変更認可,葉巻たばこ,ﾋﾞｼﾞｬ･ﾋﾞｴﾊ ﾄﾛ,ビジャビエハトロ,152mm 1本,1,本,ﾆｶﾗｸﾞｱ,2600,,,https://www.mof.go.jp/policy/tab_salt/topics/20240315_kouriteika.pdf,1,高
02583b016472330d,2024-03-15,令和6年3月15日,変更認可,葉巻たばこ,ﾋﾞｼﾞｬ･ﾋﾞｴﾊ ﾛﾌﾞｽﾄ,ビジャビエハロブスト,127mm 1本,1,本,ﾆｶﾗｸﾞｱ,2200,,,https://www.mof.go.jp/policy/tab_salt/topics/20240315_kouriteika.pdf,1,高
c777780a45bfb9c8,2024-03-15,令和6年3月15日,変更認可,葉巻たばこ,ﾏｽﾄﾛ ﾄﾙﾅﾌﾞｫｰﾆ ｱﾌｨﾅｯﾄ,マストロトルナブォーニアフィナット,155mm 1本,1,本,ｲﾀﾘｱ,1450,,,https://www.mof.go.jp/policy/tab_salt/topics/20240315_kouriteika.pdf,1,高
a9c7eb1e8d584b5b,2024-03-15,令和6年3月15日,変更認可,葉巻たばこ,ﾏｽﾄﾛ ﾄﾙﾅﾌﾞｫｰﾆ ｽｰﾊﾟｰﾀｽｶﾝ,マストロトルナブォーニスーパータスカン,180mm 1本,1,本,ｲﾀﾘｱ,6000,,,https://www.mof.go.jp/policy/tab_salt/topics/20240315_kouriteika.pdf,1,高
65cb592c6bed6120,2024-03-15,令和6年3月15日,変更認可,葉巻たばこ,ﾏｽﾄﾛ ﾄﾙﾅﾌﾞｫｰﾆ ｽｺﾙﾁｬｰﾄ,マストロトルナブォーニスコルチャート,75mm 1本,1,本,ｲﾀﾘｱ,680,,,https://www.mof.go.jp/policy/tab_salt/topics/20240315_kouriteika.pdf,1,高
c53b73a032f81b2b,2024-03-15,令和6年3月15日,変更認可,葉巻たばこ,ﾏｽﾄﾛ ﾄﾙﾅﾌﾞｫｰﾆ ｽｺﾙﾁｬｰﾄ ﾘｾﾙｳﾞｧ,マストロトルナブォーニスコルチャートリセルヴァ,75mm 1本,1,本,ｲﾀﾘｱ,720,,,https://www.mof.go.jp/policy/tab_salt/topics/20240315_kouriteika.pdf,1,高
31dab1827c80ab6a,2024-03-15,令和6年3月15日,変更認可,葉巻たばこ,ﾏｽﾄﾛ ﾄﾙﾅﾌﾞｫｰﾆ ﾛﾝｸﾞ,マストロトルナブォーニロング,155mm 1本,1,本,ｲﾀﾘｱ,1450,,,https://www.mof.go.jp/policy/tab_salt/topics/20240315_kouriteika.pdf,1,高
2005029ded3cb277,2024-03-12,令和6年3月12日,変更認可,加熱式たばこ,ﾗｯｷｰ･ｽﾄﾗｲｸ･ｽﾑｰｽ･ﾀﾊﾞｺ･glo hyper用,ラッキーストライクスムースタバコGLOHYPER用,ﾌｨﾙﾀｰ付 20本ﾊｰﾄﾞﾊﾟｯｸ,20,本,大韓民国,430,400,2024-04-01,https://www.mof.go.jp/policy/tab_salt/topics/20240312_kouriteikahenkou.pdf,1,高
c2a72750a1005b55,2024-03-12,令和6年3月12日,変更認可,加熱式たばこ,ﾗｯｷｰ･ｽﾄﾗｲｸ･ﾀﾞｰｸ･ｲｴﾛｰ･ﾒﾝｿｰﾙ･glohyper用,ラッキーストライクダークイエローメンソールGLOHYPER用,ﾌｨﾙﾀｰ付 20本ﾊｰﾄﾞﾊﾟｯｸ,20,本,大韓民国,430,400,2024-04-01,https://www.mof.go.jp/policy/tab_salt/topics/20240312_kouriteikahenkou.pdf,1,高
41295dc8c2e623ee,2024-03-12,令和6年3月12日,変更認可,加熱式たばこ,ﾗｯｷｰ･ｽﾄﾗｲｸ･ﾀﾞｰｸ･ﾀﾊﾞｺ･glo hyper用,ラッキーストライクダークタバコGLOHYPER用,ﾌｨﾙﾀｰ付 20本ﾊｰﾄﾞﾊﾟｯｸ,20,本,大韓民国,430,400,2024-04-01,https://www.mof.go.jp/policy/tab_salt/topics/20240312_kouriteikahenkou.pdf,1,高
75f8cb54f58d65fd,2024-03-12,令和6年3月12日,変更認可,加熱式たばこ,ﾗｯｷｰ･ｽﾄﾗｲｸ･ﾀﾞｰｸ･ﾒﾝｿｰﾙ･glo hyper用,ラッキーストライクダークメンソールGLOHYPER用,ﾌｨﾙﾀｰ付 20本ﾊｰﾄﾞﾊﾟｯｸ,20,本,大韓民国,430,400,2024-04-01,https://www.mof.go.jp/policy/tab_salt/topics/20240312_kouriteikahenkou.pdf,1,高
af820bccbb44c0ea,2024-03-12,令和6年3月12日,変更認可,加熱式たばこ,ﾗｯｷｰ･ｽﾄﾗｲｸ･ﾄﾛﾋﾟｶﾙ･ﾌﾞｰｽﾄ･glohyper用,ラッキーストライクトロピカルブーストGLOHYPER用,ﾌｨﾙﾀｰ付 20本ﾊｰﾄﾞﾊﾟｯｸ,20,本,大韓民国,430,400,2024-04-01,https://www.mof.go.jp/policy/tab_salt/topics/20240312_kouriteikahenkou.pdf,1,高
78a95e631d2c00e7,2024-03-12,令和6年3月12日,変更認可,加熱式たばこ,ﾗｯｷｰ･ｽﾄﾗｲｸ･ﾍﾞﾘｰ･ﾌﾞｰｽﾄ･glo hyper用,ラッキーストライクベリーブーストGLOHYPER用,ﾌｨﾙﾀｰ付 20本ﾊｰﾄﾞﾊﾟｯｸ,20,本,大韓民国,430,400,2024-04-01,https://www.mof.go.jp/policy/tab_salt/topics/20240312_kouriteikahenkou.pdf,1,高
5c305c51ebb86216,2024-03-12,令和6年3月12日,変更認可,加熱式たばこ,ﾗｯｷｰ･ｽﾄﾗｲｸ･ﾍﾞﾘｰ･ﾒﾝｿｰﾙ･glo hyper用,ラッキーストライクベリーメンソールGLOHYPER用,ﾌｨﾙﾀｰ付 20本ﾊｰﾄﾞﾊﾟｯｸ,20,本,大韓民国,430,400,2024-04-01,https://www.mof.go.jp/policy/tab_salt/topics/20240312_kouriteikahenkou.pdf,1,高
b838dd30ad78ee09,2024-03-12,令和6年3月12日,変更認可,加熱式たばこ,ﾗｯｷｰ･ｽﾄﾗｲｸ･ﾒﾝｿｰﾙ･glo hyper用,ラッキーストライクメンソールGLOHYPER用,ﾌｨﾙﾀｰ付 20本ﾊｰﾄﾞﾊﾟｯｸ,20,本,大韓民国,430,400,2024-04-01,https://www.mof.go.jp/policy/tab_salt/topics/20240312_kouriteikahenkou.pdf,1,高
68469e2bfa8aeb63,2024-03-12,令和6年3月12日,変更認可,加熱式たばこ,ﾗｯｷｰ･ｽﾄﾗｲｸ･ﾘｯﾁ･ﾀﾊﾞｺ･glo hyper用,ラッキーストライクリッチタバコGLOHYPER用,ﾌｨﾙﾀｰ付 20本ﾊｰﾄﾞﾊﾟｯｸ,20,本,大韓民国,430,400,2024-04-01,https://www.mof.go.jp/policy/tab_salt/topics/20240312_kouriteikahenkou.pdf,1,高
837456c479ad2fad,2024-03-08,令和6年3月8日,変更認可,葉巻たばこ,Dapper Cigar Cubata Cru ShadeBucko,DAPPERCIGARCUBATACRUSHADEBUCKO,150mm 1本,1,本,ﾆｶﾗｸﾞｱ,2750,,,https://www.mof.go.jp/policy/tab_salt/topics/20240308_kouriteika.pdf,1,高
8ee638d17ced1a9e,2024-03-08,令和6年3月8日,変更認可,葉巻たばこ,Dapper Cigar Desvalido DislaLonsdale,DAPPERCIGARDESVALIDODISLALONSDALE,165mm 1本,1,本,ﾆｶﾗｸﾞｱ,3970,,,https://www.mof.go.jp/policy/tab_salt/topics/20240308_kouriteika.pdf,1,高
83ac7a0715b5319e,2024-03-08,令和6年3月8日,変更認可,葉巻たばこ,Dapper Cigar Holy Smoke Genesis,DAPPERCIGARHOLYSMOKEGENESIS,160mm 1本,1,本,ﾆｶﾗｸﾞｱ,4000,,,https://www.mof.go.jp/policy/tab_salt/topics/20240308_kouriteika.pdf,1,高
a2325f32dd5f7b13,2024-03-08,令和6年3月8日,変更認可,葉巻たばこ,ﾀﾞﾋﾞﾄﾞﾌ ﾏﾃﾞｭｰﾛ LT2024 ｼｮｰﾄｺﾛﾅ,ダビドフマデューロLT2024ショートコロナ,87mm 1本,1,本,ﾆｶﾗｸﾞｱ,9500,,,https://www.mof.go.jp/policy/tab_salt/topics/20240308_kouriteika.pdf,1,高
c925a6d0f3f0e691,2024-03-08,令和6年3月8日,変更認可,葉巻たばこ,ﾀﾞﾋﾞﾄﾞﾌ ﾏﾃﾞｭｰﾛ LT2024 ﾄﾛ,ダビドフマデューロLT2024トロ,152mm 1本,1,本,ﾆｶﾗｸﾞｱ,13000,,,https://www.mof.go.jp/policy/tab_salt/topics/20240308_kouriteika.pdf,1,高
442ff6cd9f3b3ff1,2024-03-08,令和6年3月8日,変更認可,葉巻たばこ,ﾀﾞﾋﾞﾄﾞﾌ ﾏﾃﾞｭｰﾛ LT2024 ﾛﾌﾞｽﾄ,ダビドフマデューロLT2024ロブスト,127mm 1本,1,本,ﾆｶﾗｸﾞｱ,11000,,,https://www.mof.go.jp/policy/tab_salt/topics/20240308_kouriteika.pdf,1,高
0ef6a314401262b7,2024-02-27,令和6年2月27日,変更認可,葉巻たばこ,EP CARRILLO ALLEGIANCE CONFIDANT,EPCARRILLOALLEGIANCECONFIDANT,152mm1本,1,本,ﾆｶﾗｸﾞｱ,5500,,,https://www.mof.go.jp/policy/tab_salt/topics/20240227_kouriteika_1.pdf,1,高
04da5139a3b8a796,2024-02-27,令和6年2月27日,変更認可,葉巻たばこ,EP CARRILLO ALLEGIANCE SIDEKICK,EPCARRILLOALLEGIANCESIDEKICK,127mm1本,1,本,ﾆｶﾗｸﾞｱ,4800,,,https://www.mof.go.jp/policy/tab_salt/topics/20240227_kouriteika_1.pdf,1,高
63aa2a90d27fd076,2024-02-27,令和6年2月27日,変更認可,葉巻たばこ,EP CARRILLO ENCORE EL FUTURO,EPCARRILLOENCOREELFUTURO,127mm1本,1,本,ﾆｶﾗｸﾞｱ,4400,,,https://www.mof.go.jp/policy/tab_salt/topics/20240227_kouriteika_1.pdf,1,高
641e60f7c5a92849,2024-02-27,令和6年2月27日,変更認可,葉巻たばこ,EP CARRILLO INCH NO.60 MADURO,EPCARRILLOINCHNO.60MADURO,149mm1本,1,本,ﾆｶﾗｸﾞｱ,4200,,,https://www.mof.go.jp/policy/tab_salt/topics/20240227_kouriteika_1.pdf,1,高
7b3a493df215f602,2024-02-27,令和6年2月27日,変更認可,葉巻たばこ,EP CARRILLO INCH NO.60 NATURAL,EPCARRILLOINCHNO.60NATURAL,149mm1本,1,本,ﾆｶﾗｸﾞｱ,3900,,,https://www.mof.go.jp/policy/tab_salt/topics/20240227_kouriteika_1.pdf,1,高
78624192dc10b56f,2024-02-27,令和6年2月27日,変更認可,葉巻たばこ,EP CARRILLO INCH NO.60 NICARAGUA,EPCARRILLOINCHNO.60NICARAGUA,149mm1本,1,本,ﾆｶﾗｸﾞｱ,4300,,,https://www.mof.go.jp/policy/tab_salt/topics/20240227_kouriteika_1.pdf,1,高
5be73b4dc3072667,2024-02-27,令和6年2月27日,変更認可,葉巻たばこ,EP CARRILLO INCH NO.62 MADURO,EPCARRILLOINCHNO.62MADURO,127mm1本,1,本,ﾆｶﾗｸﾞｱ,3800,,,https://www.mof.go.jp/policy/tab_salt/topics/20240227_kouriteika_1.pdf,1,高
e5ddde0e8045b96b,2024-02-27,令和6年2月27日,変更認可,葉巻たばこ,EP CARRILLO INCH NO.62 NATURAL,EPCARRILLOINCHNO.62NATURAL,127mm1本,1,本,ﾆｶﾗｸﾞｱ,3600,,,https://www.mof.go.jp/policy/tab_salt/topics/20240227_kouriteika_1.pdf,1,高
55370a9ea8aae8ba,2024-02-27,令和6年2月27日,変更認可,葉巻たばこ,EP CARRILLO INCH NO.62 NICARAGUA,EPCARRILLOINCHNO.62NICARAGUA,127mm1本,1,本,ﾆｶﾗｸﾞｱ,4000,,,https://www.mof.go.jp/policy/tab_salt/topics/20240227_kouriteika_1.pdf,1,高
84d489c61b37b55c,2024-02-27,令和6年2月27日,変更認可,葉巻たばこ,EP CARRILLO INCH NO.64 MADURO,EPCARRILLOINCHNO.64MADURO,155mm1本,1,本,ﾆｶﾗｸﾞｱ,5000,,,https://www.mof.go.jp/policy/tab_salt/topics/20240227_kouriteika_1.pdf,1,高
56f7a3b99d45440e,2024-02-27,令和6年2月27日,変更認可,葉巻たばこ,EP CARRILLO INCH NO.64 NATURAL,EPCARRILLOINCHNO.64NATURAL,155mm1本,1,本,ﾆｶﾗｸﾞｱ,4700,,,https://www.mof.go.jp/policy/tab_salt/topics/20240227_kouriteika_1.pdf,1,高
27f479f31ba3afde,2024-02-27,令和6年2月27日,変更認可,葉巻たばこ,EP CARRILLO INCH NO.64 NICARAGUA,EPCARRILLOINCHNO.64NICARAGUA,155mm1本,1,本,ﾆｶﾗｸﾞｱ,5200,,,https://www.mof.go.jp/policy/tab_salt/topics/20240227_kouriteika_1.pdf,1,高
64c72dc1b86c9aa5,2024-02-27,令和6年2月27日,変更認可,葉巻たばこ,EP CARRILLO INCH NO.70 MADURO,EPCARRILLOINCHNO.70MADURO,177mm1本,1,本,ﾆｶﾗｸﾞｱ,6100,,,https://www.mof.go.jp/policy/tab_salt/topics/20240227_kouriteika_1.pdf,1,高
248c02704969fc68,2024-02-27,令和6年2月27日,変更認可,葉巻たばこ,EP CARRILLO INCH NO.70 NATURAL,EPCARRILLOINCHNO.70NATURAL,177mm1本,1,本,ﾆｶﾗｸﾞｱ,5900,,,https://www.mof.go.jp/policy/tab_salt/topics/20240227_kouriteika_1.pdf,1,高
d41799a1bb83da9c,2024-02-27,令和6年2月27日,変更認可,葉巻たばこ,EP CARRILLO NEW WAVE CONNECTICUTBRILANTES,EPCARRILLONEWWAVECONNECTICUTBRILANTES,127mm1本,1,本,ﾆｶﾗｸﾞｱ,2700,,,https://www.mof.go.jp/policy/tab_salt/topics/20240227_kouriteika_1.pdf,1,高
261c1ccda965efa0,2024-02-27,令和6年2月27日,変更認可,葉巻たばこ,EP CARRILLO NEW WAVE CONNECTICUTDIVINOS,EPCARRILLONEWWAVECONNECTICUTDIVINOS,152mm1本,1,本,ﾆｶﾗｸﾞｱ,3200,,,https://www.mof.go.jp/policy/tab_salt/topics/20240227_kouriteika_1.pdf,1,高
cc4888106d518fad,2024-02-27,令和6年2月27日,変更認可,葉巻たばこ,EP CARRILLO NEW WAVE CONNECTICUTEL DECANO,EPCARRILLONEWWAVECONNECTICUTELDECANO,152mm1本,1,本,ﾆｶﾗｸﾞｱ,4100,,,https://www.mof.go.jp/policy/tab_salt/topics/20240227_kouriteika_1.pdf,1,高
1691de3c546815a8,2024-02-27,令和6年2月27日,変更認可,葉巻たばこ,EP CARRILLO NEW WAVE CONNECTICUTSTELLAS,EPCARRILLONEWWAVECONNECTICUTSTELLAS,130mm1本,1,本,ﾆｶﾗｸﾞｱ,2100,,,https://www.mof.go.jp/policy/tab_salt/topics/20240227_kouriteika_1.pdf,1,高
45cb8385a2bad1e3,2024-02-27,令和6年2月27日,変更認可,葉巻たばこ,EP CARRILLO NEW WAVE RESERVA TORO,EPCARRILLONEWWAVERESERVATORO,152mm1本,1,本,ﾆｶﾗｸﾞｱ,3400,,,https://www.mof.go.jp/policy/tab_salt/topics/20240227_kouriteika_1.pdf,1,高
6905506f07896ebf,2024-02-27,令和6年2月27日,変更認可,葉巻たばこ,EP CARRILLO NEW WAVE RESERVABELICOSOS D'ORO,EPCARRILLONEWWAVERESERVABELICOSOSD'ORO,146mm1本,1,本,ﾆｶﾗｸﾞｱ,3800,,,https://www.mof.go.jp/policy/tab_salt/topics/20240227_kouriteika_1.pdf,1,高
a35374c434a8b76f,2024-02-27,令和6年2月27日,変更認可,葉巻たばこ,EP CARRILLO NEW WAVE RESERVAINMENSOS,EPCARRILLONEWWAVERESERVAINMENSOS,152mm1本,1,本,ﾆｶﾗｸﾞｱ,4300,,,https://www.mof.go.jp/policy/tab_salt/topics/20240227_kouriteika_1.pdf,1,高
ba1d363fc47de329,2024-02-27,令和6年2月27日,変更認可,葉巻たばこ,EP CARRILLO NEW WAVE RESERVAROBUSTO,EPCARRILLONEWWAVERESERVAROBUSTO,127mm1本,1,本,ﾆｶﾗｸﾞｱ,3100,,,https://www.mof.go.jp/policy/tab_salt/topics/20240227_kouriteika_1.pdf,1,高
02a44e3611c47b13,2024-02-27,令和6年2月27日,変更認可,葉巻たばこ,EP CARRILLO PLEDGE APOGEE,EPCARRILLOPLEDGEAPOGEE,158mm1本,1,本,ﾆｶﾗｸﾞｱ,6000,,,https://www.mof.go.jp/policy/tab_salt/topics/20240227_kouriteika_1.pdf,1,高
5db06b56776ac8af,2024-02-27,令和6年2月27日,変更認可,葉巻たばこ,EP CARRILLO SELECCION OSCURO SMALLCHURCHILL,EPCARRILLOSELECCIONOSCUROSMALLCHURCHILL,139mm1本,1,本,ﾆｶﾗｸﾞｱ,3300,,,https://www.mof.go.jp/policy/tab_salt/topics/20240227_kouriteika_1.pdf,1,高
6c8ebf8f268d40a2,2024-02-27,令和6年2月27日,変更認可,葉巻たばこ,EP CARRILLO SELECCION OSCUROPIRAMIDES ROYAL,EPCARRILLOSELECCIONOSCUROPIRAMIDESROYAL,152mm1本,1,本,ﾆｶﾗｸﾞｱ,3700,,,https://www.mof.go.jp/policy/tab_salt/topics/20240227_kouriteika_1.pdf,1,高
dd9194bf0a02aca7,2024-02-27,令和6年2月27日,変更認可,葉巻たばこ,EP CARRILLO TRIUMPH ASSORTED,EPCARRILLOTRIUMPHASSORTED,136mm155mm,,,ﾆｶﾗｸﾞｱ,14500,,,https://www.mof.go.jp/policy/tab_salt/topics/20240227_kouriteika_1.pdf,1,高
08999feefa75c604,2024-02-27,令和6年2月27日,変更認可,葉巻たばこ,EP CARRILLO ALLEGIANCE CHAPERONE,EPCARRILLOALLEGIANCECHAPERONE,158mm1本,1,本,ﾆｶﾗｸﾞｱ,6100,,,https://www.mof.go.jp/policy/tab_salt/topics/20240227_kouriteika_1.pdf,2,高
1b8c35a11101139e,2024-02-27,令和6年2月27日,変更認可,葉巻たばこ,EP CARRILLO ALLEGIANCE WINGMAN,EPCARRILLOALLEGIANCEWINGMAN,174mm1本,1,本,ﾆｶﾗｸﾞｱ,5800,,,https://www.mof.go.jp/policy/tab_salt/topics/20240227_kouriteika_1.pdf,2,高
dc5d6d92f7178855,2024-02-27,令和6年2月27日,変更認可,葉巻たばこ,INCA Secret Blend Bombazo Maduro,INCASECRETBLENDBOMBAZOMADURO,100mm 1本,1,本,ﾍﾟﾙｰ,2000,,,https://www.mof.go.jp/policy/tab_salt/topics/20240227_kouriteika_2.pdf,1,高
50ba614c98523ecd,2024-02-27,令和6年2月27日,変更認可,葉巻たばこ,INCA Secret Blend Corona,INCASECRETBLENDCORONA,142mm 1本,1,本,ﾍﾟﾙｰ,1200,,,https://www.mof.go.jp/policy/tab_salt/topics/20240227_kouriteika_2.pdf,1,高
90d401f0c506f5f7,2024-02-27,令和6年2月27日,変更認可,葉巻たばこ,INCA Secret Blend Imperio,INCASECRETBLENDIMPERIO,150mm 1本,1,本,ﾍﾟﾙｰ,2300,,,https://www.mof.go.jp/policy/tab_salt/topics/20240227_kouriteika_2.pdf,1,高
b47d99235f736bad,2024-02-27,令和6年2月27日,変更認可,葉巻たばこ,INCA Secret Blend Maduro 1,INCASECRETBLENDMADURO1,150mm 1本,1,本,ﾍﾟﾙｰ,1800,,,https://www.mof.go.jp/policy/tab_salt/topics/20240227_kouriteika_2.pdf,1,高
4679d63dfb33835c,2024-02-27,令和6年2月27日,変更認可,葉巻たばこ,INCA Secret Blend Maduro 2,INCASECRETBLENDMADURO2,130mm 1本,1,本,ﾍﾟﾙｰ,1900,,,https://www.mof.go.jp/policy/tab_salt/topics/20240227_kouriteika_2.pdf,1,高
88adeb652e9fed31,2024-02-27,令和6年2月27日,変更認可,葉巻たばこ,INCA Secret Blend Monumento,INCASECRETBLENDMONUMENTO,157mm 1本,1,本,ﾍﾟﾙｰ,2000,,,https://www.mof.go.jp/policy/tab_salt/topics/20240227_kouriteika_2.pdf,1,高
495403d8e91b96ff,2024-02-27,令和6年2月27日,変更認可,葉巻たばこ,INCA Secret Blend Panatela,INCASECRETBLENDPANATELA,115mm 1本,1,本,ﾍﾟﾙｰ,800,,,https://www.mof.go.jp/policy/tab_salt/topics/20240227_kouriteika_2.pdf,1,高
73a1fa9c429e9f1d,2024-02-27,令和6年2月27日,変更認可,葉巻たばこ,INCA Secret Blend Robusto,INCASECRETBLENDROBUSTO,130mm 1本,1,本,ﾍﾟﾙｰ,1500,,,https://www.mof.go.jp/policy/tab_salt/topics/20240227_kouriteika_2.pdf,1,高
19490ba72dd737dd,2024-02-27,令和6年2月27日,変更認可,葉巻たばこ,INCA Secret Blend Short Robusto,INCASECRETBLENDSHORTROBUSTO,112mm 1本,1,本,ﾍﾟﾙｰ,1200,,,https://www.mof.go.jp/policy/tab_salt/topics/20240227_kouriteika_2.pdf,1,高
a617cc99e365604d,2024-02-27,令和6年2月27日,変更認可,葉巻たばこ,ｱﾙﾄｳｰﾛ ﾌｴﾝﾃ ｵｰﾊﾟｽX AS ﾊﾟｰﾌｪｸｼｮﾝX,アルトウーロフエンテオーパスXASパーフェクションX,159mm 1本,1,本,ﾍﾟﾙｰ,7850,,,https://www.mof.go.jp/policy/tab_salt/topics/20240227_kouriteika_2.pdf,1,高
591c07dc7b98d0ab,2024-02-27,令和6年2月27日,変更認可,葉巻たばこ,ｱﾙﾄｳｰﾛ ﾌｴﾝﾃ ｵｰﾊﾟｽX ﾀﾞﾌﾞﾙﾛﾌﾞｽﾄ,アルトウーロフエンテオーパスXダブルロブスト,146mm 1本,1,本,ﾍﾟﾙｰ,8000,,,https://www.mof.go.jp/policy/tab_salt/topics/20240227_kouriteika_2.pdf,1,高
eb37e853f5518f85,2024-02-27,令和6年2月27日,変更認可,葉巻たばこ,ｱﾙﾄｳｰﾛ ﾌｴﾝﾃ ｵｰﾊﾟｽX ﾊﾟｰﾌｪｸｼｮﾝ 888,アルトウーロフエンテオーパスXパーフェクション888,175mm 1本,1,本,ﾍﾟﾙｰ,8800,,,https://www.mof.go.jp/policy/tab_salt/topics/20240227_kouriteika_2.pdf,1,高
5edfc8d42dd46e97,2024-02-20,令和6年2月20日,変更認可,葉巻たばこ,ｺﾋﾟ ｸﾘｰﾐｰ ｽﾘﾑﾊﾟﾅﾃﾗ,コピクリーミースリムパナテラ,177mm1本,1,本,ｲﾝﾄﾞﾈｼｱ,300,,,https://www.mof.go.jp/policy/tab_salt/topics/20240220_kouriteika_1.pdf,1,高
d5a6a6598724e92d,2024-02-20,令和6年2月20日,変更認可,葉巻たばこ,ｺﾋﾟ ｸﾘｰﾐｰ ｽﾘﾑﾊﾟﾅﾃﾗ,コピクリーミースリムパナテラ,177mm5本,5,本,ｲﾝﾄﾞﾈｼｱ,1500,,,https://www.mof.go.jp/policy/tab_salt/topics/20240220_kouriteika_1.pdf,1,高
c36b8ff1e83b7aab,2024-02-20,令和6年2月20日,変更認可,パイプたばこ,"Tokyo Shisha, Gold Line CherryCoke","TOKYOSHISHA,GOLDLINECHERRYCOKE",100.0gﾊﾟｳﾁ,100,g,ｳﾙｸﾞｱｲ,3500,,,https://www.mof.go.jp/policy/tab_salt/topics/20240220_kouriteika_2.pdf,1,高
7f673e4a1ad1e686,2024-02-20,令和6年2月20日,変更認可,パイプたばこ,"Tokyo Shisha, Gold Line GreenApple","TOKYOSHISHA,GOLDLINEGREENAPPLE",100.0gﾊﾟｳﾁ,100,g,ｳﾙｸﾞｱｲ,3500,,,https://www.mof.go.jp/policy/tab_salt/topics/20240220_kouriteika_2.pdf,1,高
e3675a32c2c4f37e,2024-02-20,令和6年2月20日,変更認可,パイプたばこ,"Tokyo Shisha, Gold Line Ice Pear","TOKYOSHISHA,GOLDLINEICEPEAR",100.0gﾊﾟｳﾁ,100,g,ｳﾙｸﾞｱｲ,3500,,,https://www.mof.go.jp/policy/tab_salt/topics/20240220_kouriteika_2.pdf,1,高
8ba86f64ed852b83,2024-02-20,令和6年2月20日,変更認可,パイプたばこ,"Tokyo Shisha, Gold Line Jasmine","TOKYOSHISHA,GOLDLINEJASMINE",100.0gﾊﾟｳﾁ,100,g,ｳﾙｸﾞｱｲ,3500,,,https://www.mof.go.jp/policy/tab_salt/topics/20240220_kouriteika_2.pdf,1,高
c78e2516d42c9f08,2024-02-20,令和6年2月20日,変更認可,パイプたばこ,"Tokyo Shisha, Gold Line Mangosteen","TOKYOSHISHA,GOLDLINEMANGOSTEEN",100.0gﾊﾟｳﾁ,100,g,ｳﾙｸﾞｱｲ,3500,,,https://www.mof.go.jp/policy/tab_salt/topics/20240220_kouriteika_2.pdf,1,高
518882a098dbcffe,2024-02-20,令和6年2月20日,変更認可,パイプたばこ,"Tokyo Shisha, Gold Line New GrapeMint","TOKYOSHISHA,GOLDLINENEWGRAPEMINT",100.0gﾊﾟｳﾁ,100,g,ｳﾙｸﾞｱｲ,3500,,,https://www.mof.go.jp/policy/tab_salt/topics/20240220_kouriteika_2.pdf,1,高
6df9d9385ca47049,2024-02-20,令和6年2月20日,変更認可,パイプたばこ,"Tokyo Shisha, Gold Line OrangeCrush","TOKYOSHISHA,GOLDLINEORANGECRUSH",100.0gﾊﾟｳﾁ,100,g,ｳﾙｸﾞｱｲ,3500,,,https://www.mof.go.jp/policy/tab_salt/topics/20240220_kouriteika_2.pdf,1,高
027798e78b22f294,2024-02-20,令和6年2月20日,変更認可,パイプたばこ,"Tokyo Shisha, Gold Line PineappleExpress","TOKYOSHISHA,GOLDLINEPINEAPPLEEXPRESS",100.0gﾊﾟｳﾁ,100,g,ｳﾙｸﾞｱｲ,3500,,,https://www.mof.go.jp/policy/tab_salt/topics/20240220_kouriteika_2.pdf,1,高
4683a6111fa7bf48,2024-02-20,令和6年2月20日,変更認可,パイプたばこ,"Tokyo Shisha, Gold Line Plumberry","TOKYOSHISHA,GOLDLINEPLUMBERRY",100.0gﾊﾟｳﾁ,100,g,ｳﾙｸﾞｱｲ,3500,,,https://www.mof.go.jp/policy/tab_salt/topics/20240220_kouriteika_2.pdf,1,高
efea0bb89d9b4091,2024-02-20,令和6年2月20日,変更認可,パイプたばこ,"Tokyo Shisha, Gold Line Sour","TOKYOSHISHA,GOLDLINESOUR",100.0gﾊﾟｳﾁ,100,g,ｳﾙｸﾞｱｲ,3500,,,https://www.mof.go.jp/policy/tab_salt/topics/20240220_kouriteika_2.pdf,1,高
5f3da06c79d386da,2024-02-20,令和6年2月20日,変更認可,パイプたばこ,"Tokyo Shisha, Gold Line StrongLychee","TOKYOSHISHA,GOLDLINESTRONGLYCHEE",100.0gﾊﾟｳﾁ,100,g,ｳﾙｸﾞｱｲ,3500,,,https://www.mof.go.jp/policy/tab_salt/topics/20240220_kouriteika_2.pdf,1,高
74143b215fbd4cbe,2024-02-20,令和6年2月20日,変更認可,パイプたばこ,"Tokyo Shisha, Gold Line Whisky","TOKYOSHISHA,GOLDLINEWHISKY",100.0gﾊﾟｳﾁ,100,g,ｳﾙｸﾞｱｲ,3500,,,https://www.mof.go.jp/policy/tab_salt/topics/20240220_kouriteika_2.pdf,1,高
cf8c12528247eb8d,2024-02-20,令和6年2月20日,変更認可,パイプたばこ,ｱｰｸﾛｰﾔﾙ･ﾍﾞﾘｰﾐｯｸｽｱｲｽ･ｼｬｸﾞ,アークローヤルベリーミックスアイスシャグ,30.0gﾊﾟｳﾁ,30,g,ｳﾙｸﾞｱｲ,840,,,https://www.mof.go.jp/policy/tab_salt/topics/20240220_kouriteika_2.pdf,1,高
1e518e0659ac9de7,2024-02-20,令和6年2月20日,変更認可,パイプたばこ,ｱｰｸﾛｰﾔﾙ･ﾍﾞﾘｰﾛｾﾞｱｲｽﾃｨｰ･ｼｬｸﾞ,アークローヤルベリーロゼアイスティーシャグ,30.0gﾊﾟｳﾁ,30,g,ｳﾙｸﾞｱｲ,840,,,https://www.mof.go.jp/policy/tab_salt/topics/20240220_kouriteika_2.pdf,1,高
5f1121a264a5c2b9,2024-02-15,令和6年2月15日,変更認可,紙巻たばこ,ｷｬﾒﾙ･ｸﾗﾌﾄ･ﾒﾝｿｰﾙ･ﾍﾟｱｰｶﾌﾟｾﾙ･5･ﾎﾞｯｸｽ,キャメルクラフトメンソールペアーカプセル5ボックス,ﾊｰﾄﾞﾊﾟｯｸFK 20本,20,本,日本,430,,,https://www.mof.go.jp/policy/tab_salt/topics/20240215_kouriteika.pdf,1,高
58b66e940f0bbffa,2024-02-15,令和6年2月15日,変更認可,紙巻たばこ,ｷｬﾒﾙ･ｸﾗﾌﾄ･ﾒﾝｿｰﾙ･ﾍﾟｱｰｶﾌﾟｾﾙ･8･ﾎﾞｯｸｽ,キャメルクラフトメンソールペアーカプセル8ボックス,ﾊｰﾄﾞﾊﾟｯｸFK 20本,20,本,日本,430,,,https://www.mof.go.jp/policy/tab_salt/topics/20240215_kouriteika.pdf,1,高
308e1b22ee0a6011,2024-02-14,令和6年2月14日,変更認可,かぎたばこ,ﾍﾞﾛ･ﾎﾟｰﾗｰ･ﾐﾝﾄ･ｴｯｸｽｲﾝﾃﾝｽ･ﾅﾉ,ベロポーラーミントエックスインテンスナノ,15個缶,15,個,ﾊﾝｶﾞﾘｰ,300,,,https://www.mof.go.jp/policy/tab_salt/topics/20240214_kouriteika.pdf,1,高
0c5a2a52b459de36,2024-02-14,令和6年2月14日,変更認可,かぎたばこ,ﾍﾞﾛ･ﾙﾋﾞｰ･ﾍﾞﾘｰ･ｴｯｸｽｲﾝﾃﾝｽ･ﾅﾉ,ベロルビーベリーエックスインテンスナノ,15個缶,15,個,ﾊﾝｶﾞﾘｰ,300,,,https://www.mof.go.jp/policy/tab_salt/topics/20240214_kouriteika.pdf,1,高
bcd0bc98ba3fc5b0,2024-02-08,令和6年2月8日,変更認可,加熱式たばこ,ﾒﾋﾞｳｽ･ﾍﾞｲｽﾞ･ｵﾌﾟｼｮﾝ･ﾌﾟﾙｰﾑ･ｴｯｸｽ用,メビウスベイズオプションプルームエックス用,4.7g20本,4.7,g,日本,500,,,https://www.mof.go.jp/policy/tab_salt/topics/20240208_kouriteika.pdf,1,高
69faeb1c710d3f03,2024-01-31,令和6年1月31日,変更認可,葉巻たばこ,BOLERO Doble Corona,BOLERODOBLECORONA,156mm 1本,1,本,ﾆｶﾗｸﾞｱ,3890,,,https://www.mof.go.jp/policy/tab_salt/topics/20240131_kouriteika.pdf,1,高
5affb5be818f38bf,2024-01-31,令和6年1月31日,変更認可,葉巻たばこ,Jaime Garcia Reserva EspecialRobusto,JAIMEGARCIARESERVAESPECIALROBUSTO,133mm 1本,1,本,ﾆｶﾗｸﾞｱ,2200,,,https://www.mof.go.jp/policy/tab_salt/topics/20240131_kouriteika.pdf,1,高
7c02feea3f3f3e3b,2024-01-31,令和6年1月31日,変更認可,葉巻たばこ,L'Atelier La Mission 1959,L'ATELIERLAMISSION1959,120mm 1本,1,本,ﾆｶﾗｸﾞｱ,2100,,,https://www.mof.go.jp/policy/tab_salt/topics/20240131_kouriteika.pdf,1,高
03e5aa769ff93ac8,2024-01-31,令和6年1月31日,変更認可,葉巻たばこ,L'Atelier LAT52,L'ATELIERLAT52,120mm 1本,1,本,ﾆｶﾗｸﾞｱ,2100,,,https://www.mof.go.jp/policy/tab_salt/topics/20240131_kouriteika.pdf,1,高
07729b1ef624c1d4,2024-01-31,令和6年1月31日,変更認可,パイプたばこ,LIRRA KASHMIR,LIRRAKASHMIR,50.0g箱,50,g,ﾄﾙｺ,1650,,,https://www.mof.go.jp/policy/tab_salt/topics/20240131_kouriteika.pdf,1,高
568acb6f252c94ac,2024-01-31,令和6年1月31日,変更認可,パイプたばこ,LIRRA ROSE,LIRRAROSE,50.0g箱,50,g,ﾄﾙｺ,1650,,,https://www.mof.go.jp/policy/tab_salt/topics/20240131_kouriteika.pdf,1,高
ac9b29d1d26df625,2024-01-31,令和6年1月31日,変更認可,パイプたばこ,Malaki Gum Mastic,MALAKIGUMMASTIC,50.0g箱,50,g,ﾆｶﾗｸﾞｱ,1850,,,https://www.mof.go.jp/policy/tab_salt/topics/20240131_kouriteika.pdf,1,高
ac939fd08fac785c,2024-01-31,令和6年1月31日,変更認可,パイプたばこ,Malaki Kiwi,MALAKIKIWI,50.0g箱,50,g,ﾆｶﾗｸﾞｱ,1850,,,https://www.mof.go.jp/policy/tab_salt/topics/20240131_kouriteika.pdf,1,高
63cb03974f15059a,2024-01-31,令和6年1月31日,変更認可,パイプたばこ,Malaki Strawberry,MALAKISTRAWBERRY,50.0g箱,50,g,ﾆｶﾗｸﾞｱ,1850,,,https://www.mof.go.jp/policy/tab_salt/topics/20240131_kouriteika.pdf,1,高
8288f172b69fdafb,2024-01-31,令和6年1月31日,変更認可,パイプたばこ,Malaki Vanilla,MALAKIVANILLA,50.0g箱,50,g,ﾆｶﾗｸﾞｱ,1850,,,https://www.mof.go.jp/policy/tab_salt/topics/20240131_kouriteika.pdf,1,高
c501dadce0a41e3e,2024-01-31,令和6年1月31日,変更認可,葉巻たばこ,My Father La Promesa Corona Gorda,MYFATHERLAPROMESACORONAGORDA,140mm 1本,1,本,ﾆｶﾗｸﾞｱ,2300,,,https://www.mof.go.jp/policy/tab_salt/topics/20240131_kouriteika.pdf,1,高
47449b3c4b23a7bb,2024-01-31,令和6年1月31日,変更認可,葉巻たばこ,My Father La Promesa Lancero,MYFATHERLAPROMESALANCERO,190mm 1本,1,本,ﾆｶﾗｸﾞｱ,2600,,,https://www.mof.go.jp/policy/tab_salt/topics/20240131_kouriteika.pdf,1,高
dda8fba05c81f8ff,2024-01-31,令和6年1月31日,変更認可,葉巻たばこ,Tabacos Baez Serie SF Corona,TABACOSBAEZSERIESFCORONA,152mm 1本,1,本,ﾆｶﾗｸﾞｱ,1100,,,https://www.mof.go.jp/policy/tab_salt/topics/20240131_kouriteika.pdf,1,高
a890a810c4bb034d,2024-01-31,令和6年1月31日,変更認可,葉巻たばこ,Tabacos Baez Serie SF Robusto,TABACOSBAEZSERIESFROBUSTO,127mm 1本,1,本,ﾆｶﾗｸﾞｱ,1100,,,https://www.mof.go.jp/policy/tab_salt/topics/20240131_kouriteika.pdf,1,高
2e25323a139ac00f,2024-01-31,令和6年1月31日,変更認可,葉巻たばこ,Tabacos Baez Serie SF Toro,TABACOSBAEZSERIESFTORO,152mm 1本,1,本,ﾆｶﾗｸﾞｱ,1150,,,https://www.mof.go.jp/policy/tab_salt/topics/20240131_kouriteika.pdf,1,高
25ba822bef82960d,2024-01-31,令和6年1月31日,変更認可,葉巻たばこ,Tatuaje Mexican Experiment ME Belicoso,TATUAJEMEXICANEXPERIMENTMEBELICOSO,127mm 1本,1,本,ﾆｶﾗｸﾞｱ,2300,,,https://www.mof.go.jp/policy/tab_salt/topics/20240131_kouriteika.pdf,1,高
7a5c552c3c809271,2024-01-31,令和6年1月31日,変更認可,葉巻たばこ,ｱﾙﾄｳｰﾛ ﾌｴﾝﾃ ｵｰﾊﾟｽX ﾌﾟｯｼｰｷｬｯﾄ,アルトウーロフエンテオーパスXプッシーキャット,120mm 1本,1,本,ﾆｶﾗｸﾞｱ,5000,,,https://www.mof.go.jp/policy/tab_salt/topics/20240131_kouriteika.pdf,1,高
a1bef717557a068e,2024-01-31,令和6年1月31日,変更認可,葉巻たばこ,ｱﾙﾄｳｰﾛ ﾌｴﾝﾃ ｵｰﾊﾟｽX ﾏｸﾞﾅﾑO,アルトウーロフエンテオーパスXマグナムO,114mm 1本,1,本,ﾆｶﾗｸﾞｱ,7700,,,https://www.mof.go.jp/policy/tab_salt/topics/20240131_kouriteika.pdf,1,高
fd804a4533ae115e,2024-01-31,令和6年1月31日,変更認可,葉巻たばこ,ｱﾙﾄｳｰﾛ ﾌｴﾝﾃ ﾄﾞﾝｶﾙﾛｽ THE MAN,アルトウーロフエンテドンカルロスTHEMAN,133mm 1本,1,本,ﾆｶﾗｸﾞｱ,7700,,,https://www.mof.go.jp/policy/tab_salt/topics/20240131_kouriteika.pdf,1,高
2dda1ae94cbed562,2024-01-31,令和6年1月31日,変更認可,葉巻たばこ,ｱﾙﾄｳｰﾛ ﾌｴﾝﾃ ﾄﾞﾝｶﾙﾛｽ ｱｲｵﾌﾞｻﾌﾞﾙ,アルトウーロフエンテドンカルロスアイオブサブル,158mm 1本,1,本,ﾆｶﾗｸﾞｱ,5000,,,https://www.mof.go.jp/policy/tab_salt/topics/20240131_kouriteika.pdf,1,高
3cbb33032fd92b26,2024-01-31,令和6年1月31日,変更認可,葉巻たばこ,ｱﾙﾄｳｰﾛ ﾌｴﾝﾃ ﾛｻﾄﾞｻﾝｸﾞﾛｳﾝ 8-5-8,アルトウーロフエンテロサドサングロウン8-5-8,88mm 1本,1,本,ﾆｶﾗｸﾞｱ,3000,,,https://www.mof.go.jp/policy/tab_salt/topics/20240131_kouriteika.pdf,1,高
3cc8ea8e44e56e36,2024-01-22,令和6年1月22日,変更認可,葉巻たばこ,Aladino Cameroon Queens Perfecto,ALADINOCAMEROONQUEENSPERFECTO,135mm 1本,1,本,ﾎﾝｼﾞｭﾗｽ,3250,,,https://www.mof.go.jp/policy/tab_salt/topics/20240122_kouriteika.pdf,1,高
27cc637b6a77ba57,2024-01-22,令和6年1月22日,変更認可,葉巻たばこ,Aladino Classic Corona,ALADINOCLASSICCORONA,125mm 1本,1,本,ﾎﾝｼﾞｭﾗｽ,2990,,,https://www.mof.go.jp/policy/tab_salt/topics/20240122_kouriteika.pdf,1,高
2f58be0fe430fbab,2024-01-22,令和6年1月22日,変更認可,葉巻たばこ,Aladino Classic Toro,ALADINOCLASSICTORO,150mm 1本,1,本,ﾎﾝｼﾞｭﾗｽ,3750,,,https://www.mof.go.jp/policy/tab_salt/topics/20240122_kouriteika.pdf,1,高
456dac41ab474e75,2024-01-22,令和6年1月22日,変更認可,葉巻たばこ,Aladino Connecticut Robusto,ALADINOCONNECTICUTROBUSTO,125mm 1本,1,本,ﾎﾝｼﾞｭﾗｽ,2990,,,https://www.mof.go.jp/policy/tab_salt/topics/20240122_kouriteika.pdf,1,高
9595e0c7c86d37eb,2024-01-22,令和6年1月22日,変更認可,葉巻たばこ,Aladino Corojo Rothschild,ALADINOCOROJOROTHSCHILD,115mm 1本,1,本,ﾎﾝｼﾞｭﾗｽ,3200,,,https://www.mof.go.jp/policy/tab_salt/topics/20240122_kouriteika.pdf,1,高
830f0a629e20a65e,2024-01-22,令和6年1月22日,変更認可,葉巻たばこ,Aladino Corojo Santi,ALADINOCOROJOSANTI,140mm 1本,1,本,ﾎﾝｼﾞｭﾗｽ,1995,,,https://www.mof.go.jp/policy/tab_salt/topics/20240122_kouriteika.pdf,1,高
d771a548f6a2af8c,2024-01-22,令和6年1月22日,変更認可,葉巻たばこ,Aladino Corojo Toro,ALADINOCOROJOTORO,150mm 1本,1,本,ﾎﾝｼﾞｭﾗｽ,3800,,,https://www.mof.go.jp/policy/tab_salt/topics/20240122_kouriteika.pdf,1,高
0d5cfb841820681e,2024-01-22,令和6年1月22日,変更認可,葉巻たばこ,Aladino Reserva Corojo Toro,ALADINORESERVACOROJOTORO,150mm 1本,1,本,ﾎﾝｼﾞｭﾗｽ,4700,,,https://www.mof.go.jp/policy/tab_salt/topics/20240122_kouriteika.pdf,1,高
4a2c04d656eda803,2024-01-22,令和6年1月22日,変更認可,葉巻たばこ,Casdagli Cigars Basilica #1,CASDAGLICIGARSBASILICA#1,150mm 1本,1,本,ﾎﾝｼﾞｭﾗｽ,3990,,,https://www.mof.go.jp/policy/tab_salt/topics/20240122_kouriteika.pdf,1,高
514ca0679101619f,2024-01-22,令和6年1月22日,変更認可,葉巻たばこ,Casdagli Cigars Brothers of theSabre Brave Robusto,CASDAGLICIGARSBROTHERSOFTHESABREBRAVEROBUSTO,125mm 1本,1,本,ｺｽﾀﾘｶ,3800,,,https://www.mof.go.jp/policy/tab_salt/topics/20240122_kouriteika.pdf,1,高
ef8147f188950244,2024-01-22,令和6年1月22日,変更認可,葉巻たばこ,Casdagli Cigars Brothers of theSabre Forrader Robusto,CASDAGLICIGARSBROTHERSOFTHESABREFORRADERROBUSTO,125mm 1本,1,本,ｺｽﾀﾘｶ,3800,,,https://www.mof.go.jp/policy/tab_salt/topics/20240122_kouriteika.pdf,1,高
5e8804f497b80055,2024-01-22,令和6年1月22日,変更認可,葉巻たばこ,Casdagli Cigars Cabinet SelectionRomano,CASDAGLICIGARSCABINETSELECTIONROMANO,130mm 1本,1,本,ｺｽﾀﾘｶ,2500,,,https://www.mof.go.jp/policy/tab_salt/topics/20240122_kouriteika.pdf,1,高
65a74f45cfd7639a,2024-01-22,令和6年1月22日,変更認可,葉巻たばこ,Casdagli Cigars Cypher 3311Boniface,CASDAGLICIGARSCYPHER3311BONIFACE,125mm 1本,1,本,ｺｽﾀﾘｶ,5500,,,https://www.mof.go.jp/policy/tab_salt/topics/20240122_kouriteika.pdf,1,高
faf3f67afaf01ec6,2024-01-22,令和6年1月22日,変更認可,葉巻たばこ,Casdagli Cigars Daughters of theWind Calico,CASDAGLICIGARSDAUGHTERSOFTHEWINDCALICO,155mm 1本,1,本,ｺｽﾀﾘｶ,4690,,,https://www.mof.go.jp/policy/tab_salt/topics/20240122_kouriteika.pdf,1,高
cb1dc471d0a709bd,2024-01-22,令和6年1月22日,変更認可,葉巻たばこ,Casdagli Cigars Gran Mareva Gold,CASDAGLICIGARSGRANMAREVAGOLD,155mm 1本,1,本,ﾎﾝｼﾞｭﾗｽ,3050,,,https://www.mof.go.jp/policy/tab_salt/topics/20240122_kouriteika.pdf,1,高
f29ba63163a54527,2024-01-22,令和6年1月22日,変更認可,葉巻たばこ,Casdagli Cigars Mareva Especiales,CASDAGLICIGARSMAREVAESPECIALES,140mm 1本,1,本,ｺｽﾀﾘｶ,3200,,,https://www.mof.go.jp/policy/tab_salt/topics/20240122_kouriteika.pdf,1,高
fa8d14ce7d934ffc,2024-01-22,令和6年1月22日,変更認可,葉巻たばこ,Smoking Jacket Favorito,SMOKINGJACKETFAVORITO,150mm 1本,1,本,ｺｽﾀﾘｶ,3350,,,https://www.mof.go.jp/policy/tab_salt/topics/20240122_kouriteika.pdf,1,高
bb453435923cf7fa,2024-01-22,令和6年1月22日,変更認可,葉巻たばこ,Smoking Jacket Henkie,SMOKINGJACKETHENKIE,150mm 1本,1,本,ｺｽﾀﾘｶ,3500,,,https://www.mof.go.jp/policy/tab_salt/topics/20240122_kouriteika.pdf,1,高
8cca686efb2a6c4a,2024-01-22,令和6年1月22日,変更認可,葉巻たばこ,Smoking Jacket LE Gran Toro,SMOKINGJACKETLEGRANTORO,150mm 1本,1,本,ｺｽﾀﾘｶ,4100,,,https://www.mof.go.jp/policy/tab_salt/topics/20240122_kouriteika.pdf,1,高
271c2a7783c50d99,2024-01-18,令和6年1月18日,変更認可,葉巻たばこ,Acid Blondie,ACIDBLONDIE,100.6mm 1本,1,本,ﾆｶﾗｸﾞｱ,1800,1550,2024-02-01,https://www.mof.go.jp/policy/tab_salt/topics/20240118_kouriteikahenkou_1.pdf,1,高
deed534f4648dc22,2024-01-18,令和6年1月18日,変更認可,葉巻たばこ,Bolivar Cofradia Palmita,BOLIVARCOFRADIAPALMITA,127mm 1本,1,本,ﾎﾝｼﾞｭﾗｽ,1600,1300,2024-02-01,https://www.mof.go.jp/policy/tab_salt/topics/20240118_kouriteikahenkou_1.pdf,1,高
75677e898006a190,2024-01-18,令和6年1月18日,変更認可,葉巻たばこ,CAO bella vanilla petit corona,CAOBELLAVANILLAPETITCORONA,101.6mm 1本,1,本,ﾄﾞﾐﾆｶ共和国,1900,1480,2024-02-01,https://www.mof.go.jp/policy/tab_salt/topics/20240118_kouriteikahenkou_1.pdf,1,高
d9afc8ddd05fc585,2024-01-18,令和6年1月18日,変更認可,葉巻たばこ,CAO cherrybomb petit corona,CAOCHERRYBOMBPETITCORONA,101.6mm 1本,1,本,ﾄﾞﾐﾆｶ共和国,1900,1480,2024-02-01,https://www.mof.go.jp/policy/tab_salt/topics/20240118_kouriteikahenkou_1.pdf,1,高
2a0da6e51e6b0e0a,2024-01-18,令和6年1月18日,変更認可,葉巻たばこ,CAO earth nectar petit corona,CAOEARTHNECTARPETITCORONA,101.6mm 1本,1,本,ﾄﾞﾐﾆｶ共和国,1900,1480,2024-02-01,https://www.mof.go.jp/policy/tab_salt/topics/20240118_kouriteikahenkou_1.pdf,1,高
4e0615fbe7c6ccbb,2024-01-18,令和6年1月18日,変更認可,葉巻たばこ,CAO eileen's dream petit corona,CAOEILEEN'SDREAMPETITCORONA,101.6mm 1本,1,本,ﾄﾞﾐﾆｶ共和国,1900,1480,2024-02-01,https://www.mof.go.jp/policy/tab_salt/topics/20240118_kouriteikahenkou_1.pdf,1,高
c327b410986d5bf0,2024-01-18,令和6年1月18日,変更認可,葉巻たばこ,CAO gold honey petit corona,CAOGOLDHONEYPETITCORONA,101.6mm 1本,1,本,ﾄﾞﾐﾆｶ共和国,1900,1480,2024-02-01,https://www.mof.go.jp/policy/tab_salt/topics/20240118_kouriteikahenkou_1.pdf,1,高
598d473a76da1108,2024-01-18,令和6年1月18日,変更認可,葉巻たばこ,CAO moontrance petit corona,CAOMOONTRANCEPETITCORONA,101.6mm 1本,1,本,ﾄﾞﾐﾆｶ共和国,1900,1480,2024-02-01,https://www.mof.go.jp/policy/tab_salt/topics/20240118_kouriteikahenkou_1.pdf,1,高
3445fe64299a24c8,2024-01-18,令和6年1月18日,変更認可,葉巻たばこ,Cohiba Black Corona,COHIBABLACKCORONA,139.7mm 1本,1,本,ﾄﾞﾐﾆｶ共和国,4200,3400,2024-02-01,https://www.mof.go.jp/policy/tab_salt/topics/20240118_kouriteikahenkou_1.pdf,1,高
13cb61eabd2a42a8,2024-01-18,令和6年1月18日,変更認可,葉巻たばこ,Cohiba Corona,COHIBACORONA,130.2mm 1本,1,本,ﾄﾞﾐﾆｶ共和国,4000,3230,2024-02-01,https://www.mof.go.jp/policy/tab_salt/topics/20240118_kouriteikahenkou_1.pdf,1,高
198310072b35c367,2024-01-18,令和6年1月18日,変更認可,葉巻たばこ,Cohiba Pequeno Tin,COHIBAPEQUENOTIN,106.4mm 1本,1,本,ﾄﾞﾐﾆｶ共和国,1300,1160,2024-02-01,https://www.mof.go.jp/policy/tab_salt/topics/20240118_kouriteikahenkou_1.pdf,1,高
e092cef1755a1bdc,2024-01-18,令和6年1月18日,変更認可,葉巻たばこ,Cohiba Robusto,COHIBAROBUSTO,127mm 1本,1,本,ﾄﾞﾐﾆｶ共和国,4800,3820,2024-02-01,https://www.mof.go.jp/policy/tab_salt/topics/20240118_kouriteikahenkou_1.pdf,1,高
c212465d3c1abbd2,2024-01-18,令和6年1月18日,変更認可,葉巻たばこ,Cuba Libre Club Corona,CUBALIBRECLUBCORONA,139.7mm 1本,1,本,ﾎﾝｼﾞｭﾗｽ,1700,1380,2024-02-01,https://www.mof.go.jp/policy/tab_salt/topics/20240118_kouriteikahenkou_1.pdf,1,高
b49d9d3b9622e74d,2024-01-18,令和6年1月18日,変更認可,葉巻たばこ,La Gloria Cubana Gloria PetiteTin,LAGLORIACUBANAGLORIAPETITETIN,111.1mm 1本,1,本,ﾄﾞﾐﾆｶ共和国,750,630,2024-02-01,https://www.mof.go.jp/policy/tab_salt/topics/20240118_kouriteikahenkou_1.pdf,1,高
1bc501ee6beb723b,2024-01-18,令和6年1月18日,変更認可,葉巻たばこ,La Gloria Cubana maduro CoronaGorda,LAGLORIACUBANAMADUROCORONAGORDA,152.4mm 1本,1,本,ﾄﾞﾐﾆｶ共和国,2800,2330,2024-02-01,https://www.mof.go.jp/policy/tab_salt/topics/20240118_kouriteikahenkou_1.pdf,1,高
5e8586576d901882,2024-01-18,令和6年1月18日,変更認可,葉巻たばこ,La Gloria Cubana natural CoronaGorda,LAGLORIACUBANANATURALCORONAGORDA,152.4mm 1本,1,本,ﾄﾞﾐﾆｶ共和国,2800,2330,2024-02-01,https://www.mof.go.jp/policy/tab_salt/topics/20240118_kouriteikahenkou_1.pdf,1,高
d3d9472532ce5ae3,2024-01-18,令和6年1月18日,変更認可,葉巻たばこ,La Gloria Cubana natural Gloria,LAGLORIACUBANANATURALGLORIA,139.7mm 1本,1,本,ﾄﾞﾐﾆｶ共和国,2500,2010,2024-02-01,https://www.mof.go.jp/policy/tab_salt/topics/20240118_kouriteikahenkou_1.pdf,1,高
595e935b8c14854c,2024-01-18,令和6年1月18日,変更認可,葉巻たばこ,Montecristo Afrique Kilimanjaro,MONTECRISTOAFRIQUEKILIMANJARO,177.8mm 1本,1,本,ﾄﾞﾐﾆｶ共和国,3500,3000,2024-02-01,https://www.mof.go.jp/policy/tab_salt/topics/20240118_kouriteikahenkou_1.pdf,1,高
121275d67310b958,2024-01-18,令和6年1月18日,変更認可,葉巻たばこ,Montecristo Memories,MONTECRISTOMEMORIES,101.6mm 1本,1,本,ﾄﾞﾐﾆｶ共和国,750,640,2024-02-01,https://www.mof.go.jp/policy/tab_salt/topics/20240118_kouriteikahenkou_1.pdf,1,高
6a9cb5ac0533c715,2024-01-18,令和6年1月18日,変更認可,葉巻たばこ,Montecristo Platinum Robusto,MONTECRISTOPLATINUMROBUSTO,127mm 1本,1,本,ﾄﾞﾐﾆｶ共和国,4100,3400,2024-02-01,https://www.mof.go.jp/policy/tab_salt/topics/20240118_kouriteikahenkou_1.pdf,1,高
76285b0f1861a144,2024-01-18,令和6年1月18日,変更認可,葉巻たばこ,Montecristo White MontecristoCourt,MONTECRISTOWHITEMONTECRISTOCOURT,139.7mm 1本,1,本,ﾄﾞﾐﾆｶ共和国,3900,3200,2024-02-01,https://www.mof.go.jp/policy/tab_salt/topics/20240118_kouriteikahenkou_1.pdf,1,高
173a6ccb997a00e5,2024-01-18,令和6年1月18日,変更認可,葉巻たばこ,Oliva master blends 3 Liga Maestra Robusto,OLIVAMASTERBLENDS3LIGAMAESTRAROBUSTO,127mm 1本,1,本,ﾆｶﾗｸﾞｱ,4000,3800,2024-02-01,https://www.mof.go.jp/policy/tab_salt/topics/20240118_kouriteikahenkou_1.pdf,1,高
61ffeb3987fdcc2a,2024-01-18,令和6年1月18日,変更認可,葉巻たばこ,Oliva Serie G Maduro Robusto,OLIVASERIEGMADUROROBUSTO,114.3mm 1本,1,本,ﾆｶﾗｸﾞｱ,2400,2290,2024-02-01,https://www.mof.go.jp/policy/tab_salt/topics/20240118_kouriteikahenkou_1.pdf,1,高
b0d015a86036bdde,2024-01-18,令和6年1月18日,変更認可,葉巻たばこ,Oliva Serie G Robusto,OLIVASERIEGROBUSTO,114.3mm 1本,1,本,ﾆｶﾗｸﾞｱ,2400,2290,2024-02-01,https://www.mof.go.jp/policy/tab_salt/topics/20240118_kouriteikahenkou_1.pdf,1,高
549f93652e49bf09,2024-01-18,令和6年1月18日,変更認可,葉巻たばこ,Oliva Serie O maduro Robusto,OLIVASERIEOMADUROROBUSTO,127mm 1本,1,本,ﾆｶﾗｸﾞｱ,2600,2500,2024-02-01,https://www.mof.go.jp/policy/tab_salt/topics/20240118_kouriteikahenkou_1.pdf,1,高
3a116baaa0f87bf1,2024-01-18,令和6年1月18日,変更認可,葉巻たばこ,Oliva Serie O natural Robusto,OLIVASERIEONATURALROBUSTO,127mm 1本,1,本,ﾆｶﾗｸﾞｱ,2600,2400,2024-02-01,https://www.mof.go.jp/policy/tab_salt/topics/20240118_kouriteikahenkou_1.pdf,1,高
0cdb95a2f34901a2,2024-01-18,令和6年1月18日,変更認可,葉巻たばこ,Oliva Serie O No.4,OLIVASERIEONO.4,127mm 1本,1,本,ﾆｶﾗｸﾞｱ,2200,2100,2024-02-01,https://www.mof.go.jp/policy/tab_salt/topics/20240118_kouriteikahenkou_1.pdf,1,高
8c0a27466d0494f9,2024-01-18,令和6年1月18日,変更認可,葉巻たばこ,Oliva Serie V Double Robusto,OLIVASERIEVDOUBLEROBUSTO,127mm 1本,1,本,ﾆｶﾗｸﾞｱ,3200,3100,2024-02-01,https://www.mof.go.jp/policy/tab_salt/topics/20240118_kouriteikahenkou_1.pdf,1,高
c5d1bc12b268a395,2024-01-18,令和6年1月18日,変更認可,葉巻たばこ,Partagas Black Classic,PARTAGASBLACKCLASSIC,133.3mm 1本,1,本,ﾄﾞﾐﾆｶ共和国,3100,2400,2024-02-01,https://www.mof.go.jp/policy/tab_salt/topics/20240118_kouriteikahenkou_1.pdf,1,高
07753cb1e9622cce,2024-01-18,令和6年1月18日,変更認可,葉巻たばこ,Perdomo ESV 1991 Regente Maduro,PERDOMOESV1991REGENTEMADURO,127mm 1本,1,本,ﾆｶﾗｸﾞｱ,2500,2180,2024-02-01,https://www.mof.go.jp/policy/tab_salt/topics/20240118_kouriteikahenkou_1.pdf,1,高
61b0f35a57e3d534,2024-01-18,令和6年1月18日,変更認可,葉巻たばこ,Perdomo ESV 1991 Regente Natural,PERDOMOESV1991REGENTENATURAL,127mm 1本,1,本,ﾆｶﾗｸﾞｱ,2500,2180,2024-02-01,https://www.mof.go.jp/policy/tab_salt/topics/20240118_kouriteikahenkou_1.pdf,1,高
ee9bb95d31f79308,2024-01-18,令和6年1月18日,変更認可,葉巻たばこ,Punch Maduro London Club,PUNCHMADUROLONDONCLUB,127mm 1本,1,本,ﾎﾝｼﾞｭﾗｽ,1400,1180,2024-02-01,https://www.mof.go.jp/policy/tab_salt/topics/20240118_kouriteikahenkou_1.pdf,1,高
cdba454385adf1cf,2024-01-18,令和6年1月18日,変更認可,葉巻たばこ,Punch Maduro Pita,PUNCHMADUROPITA,155.6mm 1本,1,本,ﾎﾝｼﾞｭﾗｽ,2700,2260,2024-02-01,https://www.mof.go.jp/policy/tab_salt/topics/20240118_kouriteikahenkou_1.pdf,1,高
d15647a6d9b41f05,2024-01-18,令和6年1月18日,変更認可,葉巻たばこ,Punch Natural London Club,PUNCHNATURALLONDONCLUB,127mm 1本,1,本,ﾎﾝｼﾞｭﾗｽ,1400,1180,2024-02-01,https://www.mof.go.jp/policy/tab_salt/topics/20240118_kouriteikahenkou_1.pdf,1,高
0d102302d002de73,2024-01-18,令和6年1月18日,変更認可,葉巻たばこ,Bolivar Robusto Crystal,BOLIVARROBUSTOCRYSTAL,150mm 1本,1,本,ﾄﾞﾐﾆｶ共和国,2800,2560,2024-02-01,https://www.mof.go.jp/policy/tab_salt/topics/20240118_kouriteikahenkou_1.pdf,2,高
ad23d896e9f66543,2024-01-18,令和6年1月18日,変更認可,葉巻たばこ,CAO bella vanilla,CAOBELLAVANILLA,100mm 1本,1,本,ﾄﾞﾐﾆｶ共和国,800,700,2024-02-01,https://www.mof.go.jp/policy/tab_salt/topics/20240118_kouriteikahenkou_1.pdf,2,高
976926a61910746b,2024-01-18,令和6年1月18日,変更認可,葉巻たばこ,CAO Cameroon Robusto,CAOCAMEROONROBUSTO,127mm 1本,1,本,ﾆｶﾗｸﾞｱ,3100,2790,2024-02-01,https://www.mof.go.jp/policy/tab_salt/topics/20240118_kouriteikahenkou_1.pdf,2,高
c7bce3862d02df8f,2024-01-18,令和6年1月18日,変更認可,葉巻たばこ,Cohiba Black Robustos Crystal,COHIBABLACKROBUSTOSCRYSTAL,139.7mm 1本,1,本,ﾄﾞﾐﾆｶ共和国,4900,4280,2024-02-01,https://www.mof.go.jp/policy/tab_salt/topics/20240118_kouriteikahenkou_1.pdf,2,高
e12cdb32b4b1e90e,2024-01-18,令和6年1月18日,変更認可,葉巻たばこ,Cohiba miniture,COHIBAMINITURE,95mm 1本,1,本,ﾄﾞﾐﾆｶ共和国,570,470,2024-02-01,https://www.mof.go.jp/policy/tab_salt/topics/20240118_kouriteikahenkou_1.pdf,2,高
97e3d88f214d85f7,2024-01-18,令和6年1月18日,変更認可,葉巻たばこ,Cohiba Pequeno Tin Maduro,COHIBAPEQUENOTINMADURO,102mm 1本,1,本,ﾄﾞﾐﾆｶ共和国,1300,1160,2024-02-01,https://www.mof.go.jp/policy/tab_salt/topics/20240118_kouriteikahenkou_1.pdf,2,高
52bb26e203cf9627,2024-01-18,令和6年1月18日,変更認可,葉巻たばこ,Fonseca Corona 8-9-8,FONSECACORONA8-9-8,150mm 1本,1,本,ﾄﾞﾐﾆｶ共和国,2400,2150,2024-02-01,https://www.mof.go.jp/policy/tab_salt/topics/20240118_kouriteikahenkou_1.pdf,2,高
98de7f05ada37dde,2024-01-18,令和6年1月18日,変更認可,葉巻たばこ,H.Upmann 1844 Reserve Aperitif,H.UPMANN1844RESERVEAPERITIF,100mm 1本,1,本,ﾄﾞﾐﾆｶ共和国,790,710,2024-02-01,https://www.mof.go.jp/policy/tab_salt/topics/20240118_kouriteikahenkou_1.pdf,2,高
fe3a297a2215a51a,2024-01-18,令和6年1月18日,変更認可,葉巻たばこ,H.Upmann Vintage Cameroon Corona,H.UPMANNVINTAGECAMEROONCORONA,135mm 1本,1,本,ﾄﾞﾐﾆｶ共和国,2300,2100,2024-02-01,https://www.mof.go.jp/policy/tab_salt/topics/20240118_kouriteikahenkou_1.pdf,2,高
33ffca8415ea5ed9,2024-01-18,令和6年1月18日,変更認可,葉巻たばこ,La Gloria Cubana Gloria Petite Maduro Tin,LAGLORIACUBANAGLORIAPETITEMADUROTIN,102mm 1本,1,本,ﾄﾞﾐﾆｶ共和国,750,630,2024-02-01,https://www.mof.go.jp/policy/tab_salt/topics/20240118_kouriteikahenkou_1.pdf,2,高
5d599d1abeed32b3,2024-01-18,令和6年1月18日,変更認可,葉巻たばこ,La Gloria Cubana Gloria Serie R Pequenos,LAGLORIACUBANAGLORIASERIERPEQUENOS,103mm 1本,1,本,ﾄﾞﾐﾆｶ共和国,1200,1020,2024-02-01,https://www.mof.go.jp/policy/tab_salt/topics/20240118_kouriteikahenkou_1.pdf,2,高
4248de9552b021f2,2024-01-18,令和6年1月18日,変更認可,葉巻たばこ,Montecristo Dark No.444,MONTECRISTODARKNO.444,105mm 1本,1,本,ﾄﾞﾐﾆｶ共和国,2200,2000,2024-02-01,https://www.mof.go.jp/policy/tab_salt/topics/20240118_kouriteikahenkou_1.pdf,2,高
8800219ec95c28fc,2024-01-18,令和6年1月18日,変更認可,葉巻たばこ,Montecristo No.2 (Dominican),MONTECRISTONO.2(DOMINICAN),150mm 1本,1,本,ﾄﾞﾐﾆｶ共和国,3800,3100,2024-02-01,https://www.mof.go.jp/policy/tab_salt/topics/20240118_kouriteikahenkou_1.pdf,2,高
fcc804cec4f05f48,2024-01-18,令和6年1月18日,変更認可,葉巻たばこ,Montecristo No.4 Box-Pressed,MONTECRISTONO.4BOX-PRESSED,100mm 1本,1,本,ﾄﾞﾐﾆｶ共和国,2100,1880,2024-02-01,https://www.mof.go.jp/policy/tab_salt/topics/20240118_kouriteikahenkou_1.pdf,2,高
6eb7a360466ef7c3,2024-01-18,令和6年1月18日,変更認可,葉巻たばこ,Montecristo White Prontos Petites,MONTECRISTOWHITEPRONTOSPETITES,101.6mm 1本,1,本,ﾄﾞﾐﾆｶ共和国,860,780,2024-02-01,https://www.mof.go.jp/policy/tab_salt/topics/20240118_kouriteikahenkou_1.pdf,2,高
8e157c6ce085cce7,2024-01-18,令和6年1月18日,変更認可,葉巻たばこ,My Father Le Bijou 1922 Torpedo,MYFATHERLEBIJOU1922TORPEDO,150mm 1本,1,本,ﾆｶﾗｸﾞｱ,4700,4270,2024-02-01,https://www.mof.go.jp/policy/tab_salt/topics/20240118_kouriteikahenkou_1.pdf,2,高
0a781c358f242c3e,2024-01-18,令和6年1月18日,変更認可,葉巻たばこ,Oliva Serie O Tin,OLIVASERIEOTIN,100.2mm 1本,1,本,ﾆｶﾗｸﾞｱ,1400,1300,2024-02-01,https://www.mof.go.jp/policy/tab_salt/topics/20240118_kouriteikahenkou_1.pdf,2,高
d1ed1e8dae43c412,2024-01-18,令和6年1月18日,変更認可,葉巻たばこ,Partagas Puritos Tin,PARTAGASPURITOSTIN,107.9mm 1本,1,本,ﾄﾞﾐﾆｶ共和国,800,650,2024-02-01,https://www.mof.go.jp/policy/tab_salt/topics/20240118_kouriteikahenkou_1.pdf,2,高
ec1b4b8a985aa63e,2024-01-18,令和6年1月18日,変更認可,葉巻たばこ,Punch Natural Pita,PUNCHNATURALPITA,155.6mm 1本,1,本,ﾎﾝｼﾞｭﾗｽ,2700,2260,2024-02-01,https://www.mof.go.jp/policy/tab_salt/topics/20240118_kouriteikahenkou_1.pdf,2,高
c8cea1c305d3fe69,2024-01-18,令和6年1月18日,変更認可,葉巻たばこ,Punch Slim Panatellas Tin,PUNCHSLIMPANATELLASTIN,117.5mm 1本,1,本,ﾎﾝｼﾞｭﾗｽ,600,530,2024-02-01,https://www.mof.go.jp/policy/tab_salt/topics/20240118_kouriteikahenkou_1.pdf,2,高
e5a30d35f557117f,2024-01-18,令和6年1月18日,変更認可,葉巻たばこ,Rocky Patel Sun Grown Petit Corona,ROCKYPATELSUNGROWNPETITCORONA,114.3mm 1本,1,本,ﾎﾝｼﾞｭﾗｽ,1650,1600,2024-02-01,https://www.mof.go.jp/policy/tab_salt/topics/20240118_kouriteikahenkou_1.pdf,2,高
241f5ea7208c53a4,2024-01-18,令和6年1月18日,変更認可,葉巻たばこ,Rocky Patel Sun Grown Robusto,ROCKYPATELSUNGROWNROBUSTO,139.7mm 1本,1,本,ﾎﾝｼﾞｭﾗｽ,2200,2180,2024-02-01,https://www.mof.go.jp/policy/tab_salt/topics/20240118_kouriteikahenkou_1.pdf,2,高
2ec45dbbeb9e7f1a,2024-01-18,令和6年1月18日,変更認可,葉巻たばこ,Rocky Patel Vintage 1990 Petit Corona,ROCKYPATELVINTAGE1990PETITCORONA,114.3mm 1本,1,本,ﾎﾝｼﾞｭﾗｽ,2150,2100,2024-02-01,https://www.mof.go.jp/policy/tab_salt/topics/20240118_kouriteikahenkou_1.pdf,2,高
f97fddb380901c52,2024-01-18,令和6年1月18日,変更認可,葉巻たばこ,Rocky Patel Vintage 1990 Toro,ROCKYPATELVINTAGE1990TORO,165.1mm 1本,1,本,ﾎﾝｼﾞｭﾗｽ,3150,3100,2024-02-01,https://www.mof.go.jp/policy/tab_salt/topics/20240118_kouriteikahenkou_1.pdf,2,高
f6fb05060f1de20d,2024-01-18,令和6年1月18日,変更認可,葉巻たばこ,Rocky Patel Vintage 1992 Petit Corona,ROCKYPATELVINTAGE1992PETITCORONA,114.3mm 1本,1,本,ﾎﾝｼﾞｭﾗｽ,2150,2100,2024-02-01,https://www.mof.go.jp/policy/tab_salt/topics/20240118_kouriteikahenkou_1.pdf,2,高
f34cda5d5642ba66,2024-01-18,令和6年1月18日,変更認可,葉巻たばこ,Rocky Patel Vintage 1992 Toro,ROCKYPATELVINTAGE1992TORO,165.1mm 1本,1,本,ﾎﾝｼﾞｭﾗｽ,3150,3100,2024-02-01,https://www.mof.go.jp/policy/tab_salt/topics/20240118_kouriteikahenkou_1.pdf,2,高
8fa776e65eac1e8f,2024-01-18,令和6年1月18日,変更認可,葉巻たばこ,Romeo y Julieta 1875 Bully,ROMEOYJULIETA1875BULLY,127mm 1本,1,本,ﾄﾞﾐﾆｶ共和国,2500,2150,2024-02-01,https://www.mof.go.jp/policy/tab_salt/topics/20240118_kouriteikahenkou_1.pdf,2,高
6a1c3a8a780458af,2024-01-18,令和6年1月18日,変更認可,葉巻たばこ,Romeo y Julieta 1875 Cedro Deluxe #2,ROMEOYJULIETA1875CEDRODELUXE#2,139.7mm 1本,1,本,ﾄﾞﾐﾆｶ共和国,2500,2150,2024-02-01,https://www.mof.go.jp/policy/tab_salt/topics/20240118_kouriteikahenkou_1.pdf,2,高
b4d2ae2002b42b80,2024-01-18,令和6年1月18日,変更認可,葉巻たばこ,Romeo y Julieta 1875 Julietas,ROMEOYJULIETA1875JULIETAS,123.8mm 1本,1,本,ﾄﾞﾐﾆｶ共和国,800,690,2024-02-01,https://www.mof.go.jp/policy/tab_salt/topics/20240118_kouriteikahenkou_1.pdf,2,高
73db7a7c20d8813e,2024-01-18,令和6年1月18日,変更認可,葉巻たばこ,Romeo y Julieta 1875 Romeos,ROMEOYJULIETA1875ROMEOS,102mm 1本,1,本,ﾄﾞﾐﾆｶ共和国,720,620,2024-02-01,https://www.mof.go.jp/policy/tab_salt/topics/20240118_kouriteikahenkou_1.pdf,2,高
8ddd83e9fe4dcfed,2024-01-18,令和6年1月18日,変更認可,葉巻たばこ,Romeo y Julieta Res. Maduro #4,ROMEOYJULIETARES.MADURO#4,127mm 1本,1,本,ﾄﾞﾐﾆｶ共和国,2500,2150,2024-02-01,https://www.mof.go.jp/policy/tab_salt/topics/20240118_kouriteikahenkou_1.pdf,2,高
77467c117dfcc88a,2024-01-18,令和6年1月18日,変更認可,葉巻たばこ,Romeo y Julieta Reserva real,ROMEOYJULIETARESERVAREAL,102mm 1本,1,本,ﾄﾞﾐﾆｶ共和国,720,620,2024-02-01,https://www.mof.go.jp/policy/tab_salt/topics/20240118_kouriteikahenkou_1.pdf,2,高
3ed3cc21b01ffe04,2024-01-18,令和6年1月18日,変更認可,葉巻たばこ,Romeo y Julieta Viejo,ROMEOYJULIETAVIEJO,127mm 1本,1,本,ﾄﾞﾐﾆｶ共和国,2600,2300,2024-02-01,https://www.mof.go.jp/policy/tab_salt/topics/20240118_kouriteikahenkou_1.pdf,2,高
1c6465224bde4bb6,2024-01-18,令和6年1月18日,変更認可,葉巻たばこ,Romeo y Julieta Vintage Corona,ROMEOYJULIETAVINTAGECORONA,139.7mm 1本,1,本,ﾄﾞﾐﾆｶ共和国,3200,2800,2024-02-01,https://www.mof.go.jp/policy/tab_salt/topics/20240118_kouriteikahenkou_1.pdf,2,高
0a04fb610918b687,2024-01-18,令和6年1月18日,変更認可,葉巻たばこ,Oliva Serie V Melanio Figurado,OLIVASERIEVMELANIOFIGURADO,167mm 1本,1,本,ﾆｶﾗｸﾞｱ,4200,4100,2024-02-01,https://www.mof.go.jp/policy/tab_salt/topics/20240118_kouriteikahenkou_1.pdf,3,高
7780288b20cce3ed,2024-01-18,令和6年1月18日,変更認可,葉巻たばこ,Partagas Black Label Prontos,PARTAGASBLACKLABELPRONTOS,102mm 1本,1,本,ﾄﾞﾐﾆｶ共和国,1400,1160,2024-02-01,https://www.mof.go.jp/policy/tab_salt/topics/20240118_kouriteikahenkou_1.pdf,3,高
1765c4aa56089519,2024-01-18,令和6年1月18日,変更認可,葉巻たばこ,Punch Bolos,PUNCHBOLOS,106.4mm 1本,1,本,ﾎﾝｼﾞｭﾗｽ,1100,860,2024-02-01,https://www.mof.go.jp/policy/tab_salt/topics/20240118_kouriteikahenkou_1.pdf,3,高
425f91821cdceaf3,2024-01-18,令和6年1月18日,変更認可,葉巻たばこ,Saint Luis Rey Reserva Especial Toro,SAINTLUISREYRESERVAESPECIALTORO,150mm 1本,1,本,ﾎﾝｼﾞｭﾗｽ,3700,2860,2024-02-01,https://www.mof.go.jp/policy/tab_salt/topics/20240118_kouriteikahenkou_1.pdf,3,高
a5be532dc8b8753a,2024-01-18,令和6年1月18日,変更認可,葉巻たばこ,ｱﾙﾄｳｰﾛ ﾌｴﾝﾃ ｵｰﾊﾟｽX ﾊﾟｰﾌｪｸｼｮﾝNo.2,アルトウーロフエンテオーパスXパーフェクションNO.2,162mm 1本,1,本,ﾄﾞﾐﾆｶ共和国,8850,4400,2024-02-01,https://www.mof.go.jp/policy/tab_salt/topics/20240118_kouriteikahenkou_2.pdf,1,高
b9d41fea88b9d169,2024-01-15,令和6年1月15日,変更認可,パイプたばこ,Bang Bang All You Need,BANGBANGALLYOUNEED,50.0g箱,50,g,ﾖﾙﾀﾞﾝ,1780,,,https://www.mof.go.jp/policy/tab_salt/topics/20240115_kouriteika.pdf,1,高
33d35d624114e22c,2024-01-15,令和6年1月15日,変更認可,パイプたばこ,Bang Bang Billionaire,BANGBANGBILLIONAIRE,50.0g箱,50,g,ﾖﾙﾀﾞﾝ,1780,,,https://www.mof.go.jp/policy/tab_salt/topics/20240115_kouriteika.pdf,1,高
3177e9080dc0c03c,2024-01-15,令和6年1月15日,変更認可,パイプたばこ,Bang Bang Black Grape,BANGBANGBLACKGRAPE,50.0g箱,50,g,ﾖﾙﾀﾞﾝ,1780,,,https://www.mof.go.jp/policy/tab_salt/topics/20240115_kouriteika.pdf,1,高
ca198a638c64ba63,2024-01-15,令和6年1月15日,変更認可,パイプたばこ,Bang Bang Cappuccino,BANGBANGCAPPUCCINO,50.0g箱,50,g,ﾖﾙﾀﾞﾝ,1780,,,https://www.mof.go.jp/policy/tab_salt/topics/20240115_kouriteika.pdf,1,高
414fb448bc714bc3,2024-01-15,令和6年1月15日,変更認可,パイプたばこ,Bang Bang Cinnamon Gum,BANGBANGCINNAMONGUM,50.0g箱,50,g,ﾖﾙﾀﾞﾝ,1780,,,https://www.mof.go.jp/policy/tab_salt/topics/20240115_kouriteika.pdf,1,高
0dbe7759cf110684,2024-01-15,令和6年1月15日,変更認可,パイプたばこ,Bang Bang Gum,BANGBANGGUM,50.0g箱,50,g,ﾖﾙﾀﾞﾝ,1780,,,https://www.mof.go.jp/policy/tab_salt/topics/20240115_kouriteika.pdf,1,高
94f0b7551698acf5,2024-01-15,令和6年1月15日,変更認可,パイプたばこ,Bang Bang Kiss Me,BANGBANGKISSME,50.0g箱,50,g,ﾖﾙﾀﾞﾝ,1780,,,https://www.mof.go.jp/policy/tab_salt/topics/20240115_kouriteika.pdf,1,高
b825d0ef1e5672b5,2024-01-15,令和6年1月15日,変更認可,パイプたばこ,Bang Bang Kiwi,BANGBANGKIWI,50.0g箱,50,g,ﾖﾙﾀﾞﾝ,1780,,,https://www.mof.go.jp/policy/tab_salt/topics/20240115_kouriteika.pdf,1,高
8432e39c3c978058,2024-01-15,令和6年1月15日,変更認可,パイプたばこ,Bang Bang Lemon,BANGBANGLEMON,50.0g箱,50,g,ﾖﾙﾀﾞﾝ,1780,,,https://www.mof.go.jp/policy/tab_salt/topics/20240115_kouriteika.pdf,1,高
43a79eecaeeb3113,2024-01-15,令和6年1月15日,変更認可,パイプたばこ,Bang Bang Lime,BANGBANGLIME,50.0g箱,50,g,ﾖﾙﾀﾞﾝ,1780,,,https://www.mof.go.jp/policy/tab_salt/topics/20240115_kouriteika.pdf,1,高
a1dff742cb7afbdd,2024-01-15,令和6年1月15日,変更認可,パイプたばこ,Bang Bang Melon,BANGBANGMELON,50.0g箱,50,g,ﾖﾙﾀﾞﾝ,1780,,,https://www.mof.go.jp/policy/tab_salt/topics/20240115_kouriteika.pdf,1,高
fac893fe8a966366,2024-01-15,令和6年1月15日,変更認可,パイプたばこ,Bang Bang Melon Milk,BANGBANGMELONMILK,50.0g箱,50,g,ﾖﾙﾀﾞﾝ,1780,,,https://www.mof.go.jp/policy/tab_salt/topics/20240115_kouriteika.pdf,1,高
24dc7e9dc8697c8e,2024-01-15,令和6年1月15日,変更認可,パイプたばこ,Bang Bang Moscow Nights,BANGBANGMOSCOWNIGHTS,50.0g箱,50,g,ﾖﾙﾀﾞﾝ,1780,,,https://www.mof.go.jp/policy/tab_salt/topics/20240115_kouriteika.pdf,1,高
512c6cc547e22328,2024-01-15,令和6年1月15日,変更認可,パイプたばこ,MAZAYA Babylon Mint,MAZAYABABYLONMINT,50.0g箱,50,g,ﾖﾙﾀﾞﾝ,1350,,,https://www.mof.go.jp/policy/tab_salt/topics/20240115_kouriteika.pdf,1,高
45f9b771bd16701d,2024-01-15,令和6年1月15日,変更認可,パイプたばこ,MAZAYA Green Lemon,MAZAYAGREENLEMON,50.0g箱,50,g,ﾖﾙﾀﾞﾝ,1350,,,https://www.mof.go.jp/policy/tab_salt/topics/20240115_kouriteika.pdf,1,高
567ae8f41c9e2acd,2024-01-15,令和6年1月15日,変更認可,葉巻たばこ,Prosperous Reserva Dalias,PROSPEROUSRESERVADALIAS,170mm 1本,1,本,ﾖﾙﾀﾞﾝ,6900,,,https://www.mof.go.jp/policy/tab_salt/topics/20240115_kouriteika.pdf,1,高
fb63f8123605a3c0,2023-12-22,令和5年12月22日,変更認可,パイプたばこ,JiBiAR Absolute Zero,JIBIARABSOLUTEZERO,50.0g箱,50,g,ﾄﾙｺ,1750,,,https://www.mof.go.jp/policy/tab_salt/topics/20231222_kouriteika.pdf,1,高
32048950dca559b1,2023-12-22,令和5年12月22日,変更認可,パイプたばこ,JiBiAR Baked Peach,JIBIARBAKEDPEACH,50.0g箱,50,g,ﾄﾙｺ,1750,,,https://www.mof.go.jp/policy/tab_salt/topics/20231222_kouriteika.pdf,1,高
51df22c96d1f9ee5,2023-12-22,令和5年12月22日,変更認可,パイプたばこ,JiBiAR Berries Choco,JIBIARBERRIESCHOCO,50.0g箱,50,g,ﾄﾙｺ,1750,,,https://www.mof.go.jp/policy/tab_salt/topics/20231222_kouriteika.pdf,1,高
bcd79b09e6c2c20c,2023-12-22,令和5年12月22日,変更認可,パイプたばこ,JiBiAR Green Mix,JIBIARGREENMIX,50.0g箱,50,g,ﾄﾙｺ,1750,,,https://www.mof.go.jp/policy/tab_salt/topics/20231222_kouriteika.pdf,1,高
71a40caf3e77c7ca,2023-12-22,令和5年12月22日,変更認可,パイプたばこ,JiBiAR Gum Dejavu,JIBIARGUMDEJAVU,50.0g箱,50,g,ﾄﾙｺ,1750,,,https://www.mof.go.jp/policy/tab_salt/topics/20231222_kouriteika.pdf,1,高
6dba6493a5822fff,2023-12-22,令和5年12月22日,変更認可,パイプたばこ,JiBiAR Jasmine,JIBIARJASMINE,50.0g箱,50,g,ﾄﾙｺ,1750,,,https://www.mof.go.jp/policy/tab_salt/topics/20231222_kouriteika.pdf,1,高
87eb6573e868bee4,2023-12-22,令和5年12月22日,変更認可,パイプたばこ,JiBiAR Likorice,JIBIARLIKORICE,50.0g箱,50,g,ﾄﾙｺ,1750,,,https://www.mof.go.jp/policy/tab_salt/topics/20231222_kouriteika.pdf,1,高
05052f058dd35811,2023-12-22,令和5年12月22日,変更認可,パイプたばこ,JiBiAR Master Mix,JIBIARMASTERMIX,50.0g箱,50,g,ﾄﾙｺ,1750,,,https://www.mof.go.jp/policy/tab_salt/topics/20231222_kouriteika.pdf,1,高
f3fb91aa96471e69,2023-12-22,令和5年12月22日,変更認可,パイプたばこ,JiBiAR Vanilla Latte,JIBIARVANILLALATTE,50.0g箱,50,g,ﾄﾙｺ,1750,,,https://www.mof.go.jp/policy/tab_salt/topics/20231222_kouriteika.pdf,1,高
c48e91e82f4d91d8,2023-12-22,令和5年12月22日,変更認可,パイプたばこ,TUMBAKI ABRA CADABRA,TUMBAKIABRACADABRA,50.0g箱,50,g,ﾄﾙｺ,1800,,,https://www.mof.go.jp/policy/tab_salt/topics/20231222_kouriteika.pdf,1,高
da57074ee688f32e,2023-12-22,令和5年12月22日,変更認可,パイプたばこ,TUMBAKI BUBBLE BALLS,TUMBAKIBUBBLEBALLS,50.0g箱,50,g,ﾄﾙｺ,1800,,,https://www.mof.go.jp/policy/tab_salt/topics/20231222_kouriteika.pdf,1,高
b1e4f8b6f6520267,2023-12-22,令和5年12月22日,変更認可,パイプたばこ,TUMBAKI DEJA WOOW,TUMBAKIDEJAWOOW,50.0g箱,50,g,ﾄﾙｺ,1800,,,https://www.mof.go.jp/policy/tab_salt/topics/20231222_kouriteika.pdf,1,高
26d505fbc85636e5,2023-12-22,令和5年12月22日,変更認可,パイプたばこ,TUMBAKI DOUBLE APPLE,TUMBAKIDOUBLEAPPLE,50.0g箱,50,g,ﾄﾙｺ,1800,,,https://www.mof.go.jp/policy/tab_salt/topics/20231222_kouriteika.pdf,1,高
dc355ca090a64244,2023-12-22,令和5年12月22日,変更認可,パイプたばこ,TUMBAKI GOLDEN PISTACHIO,TUMBAKIGOLDENPISTACHIO,50.0g箱,50,g,ﾄﾙｺ,1800,,,https://www.mof.go.jp/policy/tab_salt/topics/20231222_kouriteika.pdf,1,高
9c64772a2a2d44ef,2023-12-22,令和5年12月22日,変更認可,パイプたばこ,TUMBAKI JAMY STRAWBERRY,TUMBAKIJAMYSTRAWBERRY,50.0g箱,50,g,ﾄﾙｺ,1800,,,https://www.mof.go.jp/policy/tab_salt/topics/20231222_kouriteika.pdf,1,高
4b3cb34cd7e77f7d,2023-12-22,令和5年12月22日,変更認可,パイプたばこ,TUMBAKI KOOKA,TUMBAKIKOOKA,50.0g箱,50,g,ﾄﾙｺ,1800,,,https://www.mof.go.jp/policy/tab_salt/topics/20231222_kouriteika.pdf,1,高
4f6844c1ea6ae125,2023-12-22,令和5年12月22日,変更認可,パイプたばこ,TUMBAKI MAUI DREAM,TUMBAKIMAUIDREAM,50.0g箱,50,g,ﾄﾙｺ,1800,,,https://www.mof.go.jp/policy/tab_salt/topics/20231222_kouriteika.pdf,1,高
7a6b4ad65ac769ef,2023-12-22,令和5年12月22日,変更認可,パイプたばこ,TUMBAKI PASSIONATE,TUMBAKIPASSIONATE,50.0g箱,50,g,ﾄﾙｺ,1800,,,https://www.mof.go.jp/policy/tab_salt/topics/20231222_kouriteika.pdf,1,高
7be8aae23d388f9e,2023-12-22,令和5年12月22日,変更認可,パイプたばこ,TUMBAKI PLOMBIERES,TUMBAKIPLOMBIERES,50.0g箱,50,g,ﾄﾙｺ,1800,,,https://www.mof.go.jp/policy/tab_salt/topics/20231222_kouriteika.pdf,1,高
7cd2b49bac6f97d4,2023-12-22,令和5年12月22日,変更認可,パイプたばこ,TUMBAKI UNIX,TUMBAKIUNIX,50.0g箱,50,g,ﾄﾙｺ,1800,,,https://www.mof.go.jp/policy/tab_salt/topics/20231222_kouriteika.pdf,1,高
414383a6d42f7547,2023-12-22,令和5年12月22日,変更認可,パイプたばこ,TUMBAKI WAIKIKI WATERMELON,TUMBAKIWAIKIKIWATERMELON,50.0g箱,50,g,ﾄﾙｺ,1800,,,https://www.mof.go.jp/policy/tab_salt/topics/20231222_kouriteika.pdf,1,高
ff545d477945b649,2023-12-22,令和5年12月22日,変更認可,パイプたばこ,TUMBAKI YELLOW XPLOSION,TUMBAKIYELLOWXPLOSION,50.0g箱,50,g,ﾄﾙｺ,1800,,,https://www.mof.go.jp/policy/tab_salt/topics/20231222_kouriteika.pdf,1,高
ea8b2003b5eb63ce,2023-12-21,令和5年12月21日,変更認可,加熱式たばこ,ﾒﾋﾞｳｽ･ｺﾞｰﾙﾄﾞ･ﾊﾟｰﾌﾟﾙ･ﾐﾝﾄ･ｳｨｽﾞ用,メビウスゴールドパープルミントウィズ用,3.0g5本,3,g,日本,580,,,https://www.mof.go.jp/policy/tab_salt/topics/20231221_kouriteika_2.pdf,1,高
4596e12e6ba4bf82,2023-12-21,令和5年12月21日,変更認可,葉巻たばこ,ｼｶﾞﾛｰﾈ･ﾀﾄｩ-･ﾁｪﾘｰ,シガローネタトゥ-チェリー,F84mm 20本,20,本,ｱﾙﾒﾆｱ,800,,,https://www.mof.go.jp/policy/tab_salt/topics/20231221_kouriteika.pdf,1,高
4f6cfa524ade0bd1,2023-12-21,令和5年12月21日,変更認可,葉巻たばこ,ｼｶﾞﾛｰﾈ･ﾀﾄｩ-･ﾁｮｺﾚｰﾄ,シガローネタトゥ-チョコレート,F84mm 20本,20,本,ｱﾙﾒﾆｱ,800,,,https://www.mof.go.jp/policy/tab_salt/topics/20231221_kouriteika.pdf,1,高
c0c7c58d26347449,2023-12-21,令和5年12月21日,変更認可,葉巻たばこ,ｼｶﾞﾛｰﾈ･ﾀﾄｩ-･ﾊﾞﾆﾗ,シガローネタトゥ-バニラ,F84mm 20本,20,本,ｱﾙﾒﾆｱ,800,,,https://www.mof.go.jp/policy/tab_salt/topics/20231221_kouriteika.pdf,1,高
ad8de08f65d0140e,2023-12-21,令和5年12月21日,変更認可,加熱式たばこ,ﾈｵ･ﾌﾚｯｼｭ･ﾒﾝｿｰﾙ･glo hyper用,ネオフレッシュメンソールGLOHYPER用,ﾌｨﾙﾀｰ付 20本ﾊｰﾄﾞﾊﾟｯｸ,20,本,大韓民国,500,,,https://www.mof.go.jp/policy/tab_salt/topics/20231221_kouriteika.pdf,1,高
dadaa94ef3edcdde,2023-12-21,令和5年12月21日,変更認可,加熱式たばこ,ﾈｵ･ﾏｯｸｽ･ﾒﾝｿｰﾙ･glo hyper用,ネオマックスメンソールGLOHYPER用,ﾌｨﾙﾀｰ付 20本ﾊｰﾄﾞﾊﾟｯｸ,20,本,大韓民国,500,,,https://www.mof.go.jp/policy/tab_salt/topics/20231221_kouriteika.pdf,1,高
ed32e384100e28cb,2023-12-21,令和5年12月21日,変更認可,加熱式たばこ,ﾗｯｷｰ･ｽﾄﾗｲｸ･ｽﾑｰｽ･ﾀﾊﾞｺ･glo hyper用,ラッキーストライクスムースタバコGLOHYPER用,ﾌｨﾙﾀｰ付 20本ﾊｰﾄﾞﾊﾟｯｸ,20,本,大韓民国,400,,,https://www.mof.go.jp/policy/tab_salt/topics/20231221_kouriteika.pdf,1,高
6678dbf4051ee5e9,2023-12-20,令和5年12月20日,変更認可,パイプたばこ,AFZAL Hookah Molasses Aftershock,AFZALHOOKAHMOLASSESAFTERSHOCK,50.0g箱,50,g,ｲﾝﾄﾞ,1750,,,https://www.mof.go.jp/policy/tab_salt/topics/20231220_kouriteika.pdf,1,高
0f4f5939996e319c,2023-12-20,令和5年12月20日,変更認可,パイプたばこ,AFZAL Hookah Molasses ChiefCommissioner,AFZALHOOKAHMOLASSESCHIEFCOMMISSIONER,50.0g箱,50,g,ｲﾝﾄﾞ,1750,,,https://www.mof.go.jp/policy/tab_salt/topics/20231220_kouriteika.pdf,1,高
a2c059e235d001a3,2023-12-20,令和5年12月20日,変更認可,パイプたばこ,AFZAL Hookah Molasses ChocoCrackle,AFZALHOOKAHMOLASSESCHOCOCRACKLE,50.0g箱,50,g,ｲﾝﾄﾞ,1750,,,https://www.mof.go.jp/policy/tab_salt/topics/20231220_kouriteika.pdf,1,高
996d8c48797583f1,2023-12-20,令和5年12月20日,変更認可,パイプたばこ,AFZAL Hookah Molasses Creme Milk,AFZALHOOKAHMOLASSESCREMEMILK,50.0g箱,50,g,ｲﾝﾄﾞ,1750,,,https://www.mof.go.jp/policy/tab_salt/topics/20231220_kouriteika.pdf,1,高
24c44b24b4aca56f,2023-12-20,令和5年12月20日,変更認可,パイプたばこ,AFZAL Hookah Molasses Fennel Seed,AFZALHOOKAHMOLASSESFENNELSEED,50.0g箱,50,g,ｲﾝﾄﾞ,1750,,,https://www.mof.go.jp/policy/tab_salt/topics/20231220_kouriteika.pdf,1,高
36b6b20ed8337d06,2023-12-20,令和5年12月20日,変更認可,パイプたばこ,AFZAL Hookah Molasses Gum Mastic,AFZALHOOKAHMOLASSESGUMMASTIC,50.0g箱,50,g,ｲﾝﾄﾞ,1750,,,https://www.mof.go.jp/policy/tab_salt/topics/20231220_kouriteika.pdf,1,高
acafd36152a52f32,2023-12-20,令和5年12月20日,変更認可,パイプたばこ,AFZAL Hookah Molasses Honey,AFZALHOOKAHMOLASSESHONEY,50.0g箱,50,g,ｲﾝﾄﾞ,1750,,,https://www.mof.go.jp/policy/tab_salt/topics/20231220_kouriteika.pdf,1,高
3a15a0c08ff43a69,2023-12-20,令和5年12月20日,変更認可,パイプたばこ,AFZAL Hookah Molasses Jasmine,AFZALHOOKAHMOLASSESJASMINE,50.0g箱,50,g,ｲﾝﾄﾞ,1750,,,https://www.mof.go.jp/policy/tab_salt/topics/20231220_kouriteika.pdf,1,高
eec08bec82ff40f3,2023-12-20,令和5年12月20日,変更認可,パイプたばこ,AFZAL Hookah Molasses LebaneseBombshell,AFZALHOOKAHMOLASSESLEBANESEBOMBSHELL,50.0g箱,50,g,ｲﾝﾄﾞ,1750,,,https://www.mof.go.jp/policy/tab_salt/topics/20231220_kouriteika.pdf,1,高
99e2b52cc778daa9,2023-12-20,令和5年12月20日,変更認可,パイプたばこ,AFZAL Hookah Molasses Lemon Grass,AFZALHOOKAHMOLASSESLEMONGRASS,50.0g箱,50,g,ｲﾝﾄﾞ,1750,,,https://www.mof.go.jp/policy/tab_salt/topics/20231220_kouriteika.pdf,1,高
20c20efc993d8909,2023-12-20,令和5年12月20日,変更認可,パイプたばこ,AFZAL Hookah Molasses Lime-Lemon,AFZALHOOKAHMOLASSESLIME-LEMON,50.0g箱,50,g,ｲﾝﾄﾞ,1750,,,https://www.mof.go.jp/policy/tab_salt/topics/20231220_kouriteika.pdf,1,高
723fc1099ce5e5e0,2023-12-20,令和5年12月20日,変更認可,パイプたばこ,AFZAL Hookah Molasses Love 77,AFZALHOOKAHMOLASSESLOVE77,50.0g箱,50,g,ｲﾝﾄﾞ,1750,,,https://www.mof.go.jp/policy/tab_salt/topics/20231220_kouriteika.pdf,1,高
a7d17bcf9b92dffc,2023-12-20,令和5年12月20日,変更認可,パイプたばこ,AFZAL Hookah Molasses NaturalColonel Cigar,AFZALHOOKAHMOLASSESNATURALCOLONELCIGAR,50.0g箱,50,g,ｲﾝﾄﾞ,1750,,,https://www.mof.go.jp/policy/tab_salt/topics/20231220_kouriteika.pdf,1,高
6eae4bb82ea7bdb6,2023-12-20,令和5年12月20日,変更認可,パイプたばこ,AFZAL Hookah Molasses NaturalSpring Water,AFZALHOOKAHMOLASSESNATURALSPRINGWATER,50.0g箱,50,g,ｲﾝﾄﾞ,1750,,,https://www.mof.go.jp/policy/tab_salt/topics/20231220_kouriteika.pdf,1,高
b64cf6cd6feb345b,2023-12-20,令和5年12月20日,変更認可,パイプたばこ,AFZAL Hookah Molasses Pan MasalaSupreme,AFZALHOOKAHMOLASSESPANMASALASUPREME,50.0g箱,50,g,ｲﾝﾄﾞ,1750,,,https://www.mof.go.jp/policy/tab_salt/topics/20231220_kouriteika.pdf,1,高
bef772945698bd20,2023-12-20,令和5年12月20日,変更認可,パイプたばこ,AFZAL Hookah Molasses PassionFruit,AFZALHOOKAHMOLASSESPASSIONFRUIT,50.0g箱,50,g,ｲﾝﾄﾞ,1750,,,https://www.mof.go.jp/policy/tab_salt/topics/20231220_kouriteika.pdf,1,高
b0ba8543cad0fdf2,2023-12-20,令和5年12月20日,変更認可,パイプたばこ,AFZAL Hookah Molasses Plum,AFZALHOOKAHMOLASSESPLUM,50.0g箱,50,g,ｲﾝﾄﾞ,1750,,,https://www.mof.go.jp/policy/tab_salt/topics/20231220_kouriteika.pdf,1,高
e98d388892d833e2,2023-12-20,令和5年12月20日,変更認可,パイプたばこ,AFZAL Hookah Molasses Russian Kick,AFZALHOOKAHMOLASSESRUSSIANKICK,50.0g箱,50,g,ｲﾝﾄﾞ,1750,,,https://www.mof.go.jp/policy/tab_salt/topics/20231220_kouriteika.pdf,1,高
b59fd9d3707413e1,2023-12-20,令和5年12月20日,変更認可,パイプたばこ,AFZAL Hookah Molasses Sweet BananaMilk,AFZALHOOKAHMOLASSESSWEETBANANAMILK,50.0g箱,50,g,ｲﾝﾄﾞ,1750,,,https://www.mof.go.jp/policy/tab_salt/topics/20231220_kouriteika.pdf,1,高
3e4d0fb3c43345a7,2023-12-07,令和5年12月7日,変更認可,パイプたばこ,ｺﾙﾂ FC 100%ﾅﾁｭﾗﾙ,コルツFC100%ナチュラル,30.0gﾊﾟｳﾁ,30,g,ﾃﾞﾝﾏｰｸ,850,,,https://www.mof.go.jp/policy/tab_salt/topics/20231207_kouriteika.pdf,1,高
5ba313a724ef2d15,2023-12-07,令和5年12月7日,変更認可,パイプたばこ,ｺﾙﾂ FC ｸﾞﾘｰﾝﾃｨｰ,コルツFCグリーンティー,30.0gﾊﾟｳﾁ,30,g,ﾃﾞﾝﾏｰｸ,850,,,https://www.mof.go.jp/policy/tab_salt/topics/20231207_kouriteika.pdf,1,高
048f2408473899c6,2023-12-07,令和5年12月7日,変更認可,パイプたばこ,ｺﾙﾂ FC ｽﾑｰｽﾞﾃｲｽﾄ,コルツFCスムーズテイスト,30.0gﾊﾟｳﾁ,30,g,ﾃﾞﾝﾏｰｸ,850,,,https://www.mof.go.jp/policy/tab_salt/topics/20231207_kouriteika.pdf,1,高
c1ad68390e1be7a3,2023-12-06,令和5年12月6日,変更認可,パイプたばこ,AL AMASI Golden Kiwi,ALAMASIGOLDENKIWI,ﾌﾟﾗｽﾁｯｸｹｰｽ50.0g,50,g,ﾄﾙｺ,1650,,,https://www.mof.go.jp/policy/tab_salt/topics/20231206_kouriteika.pdf,1,高
76507d1c1935f7c2,2023-12-06,令和5年12月6日,変更認可,パイプたばこ,ﾀﾞﾋﾞﾄﾞﾌ ﾊﾟｲﾌﾟﾀﾊﾞｺ ｲﾔｰ ｵﾌﾞ ｻﾞ ﾄﾞﾗｺﾞﾝ,ダビドフパイプタバコイヤーオブザドラゴン,100.0g缶,100,g,ﾄﾞｲﾂ,18000,,,https://www.mof.go.jp/policy/tab_salt/topics/20231206_kouriteika.pdf,1,高
643b936789434c4c,2023-12-06,令和5年12月6日,変更認可,葉巻たばこ,H.Upmann Epicure,H.UPMANNEPICURE,110mm 1本,1,本,ｷｭｰﾊﾞ,1400,880,2023-12-15,https://www.mof.go.jp/policy/tab_salt/topics/20231206_kouriteikahenkou.pdf,1,高
eb90986bc88b7618,2023-12-06,令和5年12月6日,変更認可,葉巻たばこ,H.Upmann Regalias,H.UPMANNREGALIAS,129mm 1本,1,本,ｷｭｰﾊﾞ,2800,1300,2023-12-15,https://www.mof.go.jp/policy/tab_salt/topics/20231206_kouriteikahenkou.pdf,1,高
a0ab89c20838be02,2023-12-06,令和5年12月6日,変更認可,葉巻たばこ,Hoyo de Monterrey Palmas Extra,HOYODEMONTERREYPALMASEXTRA,140mm 1本,1,本,ｷｭｰﾊﾞ,1600,1100,2023-12-15,https://www.mof.go.jp/policy/tab_salt/topics/20231206_kouriteikahenkou.pdf,1,高
e2141bb81b8f1053,2023-12-06,令和5年12月6日,変更認可,葉巻たばこ,Partagas Habaneros,PARTAGASHABANEROS,125mm 1本,1,本,ｷｭｰﾊﾞ,2000,950,2023-12-15,https://www.mof.go.jp/policy/tab_salt/topics/20231206_kouriteikahenkou.pdf,1,高
c5abc47b0a194c9e,2023-12-06,令和5年12月6日,変更認可,葉巻たばこ,Partagas Petit CoronasEspeciales,PARTAGASPETITCORONASESPECIALES,132mm 1本,1,本,ｷｭｰﾊﾞ,2300,1100,2023-12-15,https://www.mof.go.jp/policy/tab_salt/topics/20231206_kouriteikahenkou.pdf,1,高
72ebc850bb53001a,2023-12-06,令和5年12月6日,変更認可,葉巻たばこ,Por Larranaga Montecarlos,PORLARRANAGAMONTECARLOS,159mm 1本,1,本,ｷｭｰﾊﾞ,1800,1100,2023-12-15,https://www.mof.go.jp/policy/tab_salt/topics/20231206_kouriteikahenkou.pdf,1,高
44a03787e8c5b145,2023-12-06,令和5年12月6日,変更認可,葉巻たばこ,Quintero Bravas,QUINTEROBRAVAS,140mm 1本,1,本,ｷｭｰﾊﾞ,900,680,2023-12-15,https://www.mof.go.jp/policy/tab_salt/topics/20231206_kouriteikahenkou.pdf,1,高
22d425f98524af11,2023-12-06,令和5年12月6日,変更認可,葉巻たばこ,Quintero Petit Quintero,QUINTEROPETITQUINTERO,105mm 1本,1,本,ｷｭｰﾊﾞ,750,550,2023-12-15,https://www.mof.go.jp/policy/tab_salt/topics/20231206_kouriteikahenkou.pdf,1,高
158881935cec9f68,2023-12-06,令和5年12月6日,変更認可,葉巻たばこ,Rafael Gonzales Panetelas Extra,RAFAELGONZALESPANETELASEXTRA,127mm 1本,1,本,ｷｭｰﾊﾞ,850,680,2023-12-15,https://www.mof.go.jp/policy/tab_salt/topics/20231206_kouriteikahenkou.pdf,1,高
ebc8ef2be9cb5040,2023-12-06,令和5年12月6日,変更認可,葉巻たばこ,Rafael Gonzales Perlas,RAFAELGONZALESPERLAS,102mm 1本,1,本,ｷｭｰﾊﾞ,1250,1000,2023-12-15,https://www.mof.go.jp/policy/tab_salt/topics/20231206_kouriteikahenkou.pdf,1,高
263af69afd7cc640,2023-12-06,令和5年12月6日,変更認可,葉巻たばこ,Romeo y Julieta Coronitas enCedro,ROMEOYJULIETACORONITASENCEDRO,129mm 1本,1,本,ｷｭｰﾊﾞ,2200,1100,2023-12-15,https://www.mof.go.jp/policy/tab_salt/topics/20231206_kouriteikahenkou.pdf,1,高
1afedf5e5045e882,2023-12-06,令和5年12月6日,変更認可,葉巻たばこ,Romeo y Julieta Sport Largos,ROMEOYJULIETASPORTLARGOS,117mm 1本,1,本,ｷｭｰﾊﾞ,1600,950,2023-12-15,https://www.mof.go.jp/policy/tab_salt/topics/20231206_kouriteikahenkou.pdf,1,高
9d4137aad8a09efb,2023-12-06,令和5年12月6日,変更認可,葉巻たばこ,VEGUEROS CENTROFINOS,VEGUEROSCENTROFINOS,130mm 1本,1,本,ｷｭｰﾊﾞ,2600,2100,2023-12-15,https://www.mof.go.jp/policy/tab_salt/topics/20231206_kouriteikahenkou.pdf,1,高
2f64f6b00d620e7e,2023-12-06,令和5年12月6日,変更認可,葉巻たばこ,ﾊﾟﾝﾁ ﾍﾟﾃｨｺﾛﾈｰｼｮﾝｽﾞ,パンチペティコロネーションズ,117mm 1本,1,本,ｷｭｰﾊﾞ,2200,1000,2023-12-15,https://www.mof.go.jp/policy/tab_salt/topics/20231206_kouriteikahenkou.pdf,1,高
db1575872eee7b5f,2023-12-06,令和5年12月6日,変更認可,葉巻たばこ,ﾌｫﾝｾｶ ｺｻｺｽ,フォンセカコサコス,135mm 1本,1,本,ｷｭｰﾊﾞ,2000,1500,2023-12-15,https://www.mof.go.jp/policy/tab_salt/topics/20231206_kouriteikahenkou.pdf,1,高
6106ed9b1c621591,2023-12-06,令和5年12月6日,変更認可,葉巻たばこ,ﾎｾ L ﾋﾟｴﾄﾞﾗ ｸﾚﾏｽ,ホセLピエドラクレマス,136mm 1本,1,本,ｷｭｰﾊﾞ,800,580,2023-12-15,https://www.mof.go.jp/policy/tab_salt/topics/20231206_kouriteikahenkou.pdf,1,高
ede8a330ac0bbf46,2023-12-06,令和5年12月6日,変更認可,葉巻たばこ,ﾎｾ L ﾋﾟｴﾄﾞﾗ ﾍﾟﾃｨｾﾄﾛ,ホセLピエドラペティセトロ,127mm 1本,1,本,ｷｭｰﾊﾞ,750,570,2023-12-15,https://www.mof.go.jp/policy/tab_salt/topics/20231206_kouriteikahenkou.pdf,1,高
46d5746ffead1d9d,2023-12-06,令和5年12月6日,変更認可,葉巻たばこ,ﾎｾ･L･ﾋﾟｴﾄﾞﾗ ﾍﾟﾃｨ･ｶｻﾄﾞﾚｽ,ホセLピエドラペティカサドレス,105mm 1本,1,本,ｷｭｰﾊﾞ,700,460,2023-12-15,https://www.mof.go.jp/policy/tab_salt/topics/20231206_kouriteikahenkou.pdf,1,高
66582a63e7cc5475,2023-12-05,令和5年12月5日,変更認可,パイプたばこ,DOZAJ ALMOND,DOZAJALMOND,50.0gﾊﾟｯｸ,50,g,ﾄﾙｺ,1650,,,https://www.mof.go.jp/policy/tab_salt/topics/20231205_kouriteika.pdf,1,高
703dec0c57f2eab6,2023-12-05,令和5年12月5日,変更認可,パイプたばこ,DOZAJ BISCUIT,DOZAJBISCUIT,50.0gﾊﾟｯｸ,50,g,ﾄﾙｺ,1650,,,https://www.mof.go.jp/policy/tab_salt/topics/20231205_kouriteika.pdf,1,高
2d58bd3996cb6ef0,2023-12-05,令和5年12月5日,変更認可,パイプたばこ,DOZAJ BLACK CASH PEACH,DOZAJBLACKCASHPEACH,ﾌﾟﾗｽﾁｯｸｹｰｽ100.0g,100,g,ﾄﾙｺ,4000,,,https://www.mof.go.jp/policy/tab_salt/topics/20231205_kouriteika.pdf,1,高
9f39ad1fe3bbbb9b,2023-12-05,令和5年12月5日,変更認可,パイプたばこ,DOZAJ BLACK DULCE DE LECHE,DOZAJBLACKDULCEDELECHE,ﾌﾟﾗｽﾁｯｸｹｰｽ100.0g,100,g,ﾄﾙｺ,4000,,,https://www.mof.go.jp/policy/tab_salt/topics/20231205_kouriteika.pdf,1,高
a975be94fcc3045a,2023-12-05,令和5年12月5日,変更認可,パイプたばこ,DOZAJ BLACK EARL GREY,DOZAJBLACKEARLGREY,ﾌﾟﾗｽﾁｯｸｹｰｽ100.0g,100,g,ﾄﾙｺ,4000,,,https://www.mof.go.jp/policy/tab_salt/topics/20231205_kouriteika.pdf,1,高
d36d018cf6cab723,2023-12-05,令和5年12月5日,変更認可,パイプたばこ,DOZAJ BLACK ICE COLA,DOZAJBLACKICECOLA,ﾌﾟﾗｽﾁｯｸｹｰｽ100.0g,100,g,ﾄﾙｺ,4000,,,https://www.mof.go.jp/policy/tab_salt/topics/20231205_kouriteika.pdf,1,高
df8023e153282607,2023-12-05,令和5年12月5日,変更認可,パイプたばこ,DOZAJ BLACK ILLEGAL,DOZAJBLACKILLEGAL,ﾌﾟﾗｽﾁｯｸｹｰｽ100.0g,100,g,ﾄﾙｺ,4000,,,https://www.mof.go.jp/policy/tab_salt/topics/20231205_kouriteika.pdf,1,高
e79d493ef0640668,2023-12-05,令和5年12月5日,変更認可,パイプたばこ,DOZAJ BLACK JAMAICAN RUM,DOZAJBLACKJAMAICANRUM,ﾌﾟﾗｽﾁｯｸｹｰｽ100.0g,100,g,ﾄﾙｺ,4000,,,https://www.mof.go.jp/policy/tab_salt/topics/20231205_kouriteika.pdf,1,高
e2247f6fd9cc86d2,2023-12-05,令和5年12月5日,変更認可,パイプたばこ,DOZAJ BLUEBERRY,DOZAJBLUEBERRY,50.0gﾊﾟｯｸ,50,g,ﾄﾙｺ,1650,,,https://www.mof.go.jp/policy/tab_salt/topics/20231205_kouriteika.pdf,1,高
f4c207bbe0a88750,2023-12-05,令和5年12月5日,変更認可,パイプたばこ,DOZAJ BUTTER,DOZAJBUTTER,50.0gﾊﾟｯｸ,50,g,ﾄﾙｺ,1650,,,https://www.mof.go.jp/policy/tab_salt/topics/20231205_kouriteika.pdf,1,高
1e2595c36e9ba999,2023-12-05,令和5年12月5日,変更認可,パイプたばこ,DOZAJ CARDAMON,DOZAJCARDAMON,50.0gﾊﾟｯｸ,50,g,ﾄﾙｺ,1650,,,https://www.mof.go.jp/policy/tab_salt/topics/20231205_kouriteika.pdf,1,高
22fb1e2031730762,2023-12-05,令和5年12月5日,変更認可,パイプたばこ,DOZAJ COKE,DOZAJCOKE,50.0gﾊﾟｯｸ,50,g,ﾄﾙｺ,1650,,,https://www.mof.go.jp/policy/tab_salt/topics/20231205_kouriteika.pdf,1,高
74cae427a91443e3,2023-12-05,令和5年12月5日,変更認可,パイプたばこ,DOZAJ GREEN TEA,DOZAJGREENTEA,50.0gﾊﾟｯｸ,50,g,ﾄﾙｺ,1650,,,https://www.mof.go.jp/policy/tab_salt/topics/20231205_kouriteika.pdf,1,高
85ebc3cc34679192,2023-12-05,令和5年12月5日,変更認可,パイプたばこ,DOZAJ GUM MASTIC,DOZAJGUMMASTIC,50.0gﾊﾟｯｸ,50,g,ﾄﾙｺ,1650,,,https://www.mof.go.jp/policy/tab_salt/topics/20231205_kouriteika.pdf,1,高
a14c4a92a9272ca9,2023-12-05,令和5年12月5日,変更認可,パイプたばこ,DOZAJ KIWI,DOZAJKIWI,50.0gﾊﾟｯｸ,50,g,ﾄﾙｺ,1650,,,https://www.mof.go.jp/policy/tab_salt/topics/20231205_kouriteika.pdf,1,高
f935a7885188d9d4,2023-12-05,令和5年12月5日,変更認可,パイプたばこ,DOZAJ MANGO,DOZAJMANGO,50.0gﾊﾟｯｸ,50,g,ﾄﾙｺ,1650,,,https://www.mof.go.jp/policy/tab_salt/topics/20231205_kouriteika.pdf,1,高
364966a0c361a9b4,2023-12-05,令和5年12月5日,変更認可,パイプたばこ,DOZAJ ORANGE,DOZAJORANGE,50.0gﾊﾟｯｸ,50,g,ﾄﾙｺ,1650,,,https://www.mof.go.jp/policy/tab_salt/topics/20231205_kouriteika.pdf,1,高
fc893bb479452498,2023-12-05,令和5年12月5日,変更認可,パイプたばこ,DOZAJ PANCAKE,DOZAJPANCAKE,50.0gﾊﾟｯｸ,50,g,ﾄﾙｺ,1650,,,https://www.mof.go.jp/policy/tab_salt/topics/20231205_kouriteika.pdf,1,高
48858badb90e7f74,2023-12-05,令和5年12月5日,変更認可,パイプたばこ,DOZAJ PEACH,DOZAJPEACH,50.0gﾊﾟｯｸ,50,g,ﾄﾙｺ,1650,,,https://www.mof.go.jp/policy/tab_salt/topics/20231205_kouriteika.pdf,1,高
338e06c6fbcb3566,2023-12-05,令和5年12月5日,変更認可,パイプたばこ,DOZAJ PISTACHIO,DOZAJPISTACHIO,50.0gﾊﾟｯｸ,50,g,ﾄﾙｺ,1650,,,https://www.mof.go.jp/policy/tab_salt/topics/20231205_kouriteika.pdf,1,高
ca4dd645be97b39f,2023-12-05,令和5年12月5日,変更認可,パイプたばこ,DOZAJ POMEGRANATE,DOZAJPOMEGRANATE,50.0gﾊﾟｯｸ,50,g,ﾄﾙｺ,1650,,,https://www.mof.go.jp/policy/tab_salt/topics/20231205_kouriteika.pdf,1,高
f1c01c8ffa1cf661,2023-12-05,令和5年12月5日,変更認可,パイプたばこ,DOZAJ POPCORN,DOZAJPOPCORN,50.0gﾊﾟｯｸ,50,g,ﾄﾙｺ,1650,,,https://www.mof.go.jp/policy/tab_salt/topics/20231205_kouriteika.pdf,1,高
802248f75ec1c296,2023-12-05,令和5年12月5日,変更認可,パイプたばこ,DOZAJ PROBIS,DOZAJPROBIS,50.0gﾊﾟｯｸ,50,g,ﾄﾙｺ,1650,,,https://www.mof.go.jp/policy/tab_salt/topics/20231205_kouriteika.pdf,1,高
32889df283129c35,2023-12-05,令和5年12月5日,変更認可,パイプたばこ,DOZAJ SESAME,DOZAJSESAME,50.0gﾊﾟｯｸ,50,g,ﾄﾙｺ,1650,,,https://www.mof.go.jp/policy/tab_salt/topics/20231205_kouriteika.pdf,1,高
a2b94d96c90920dd,2023-12-05,令和5年12月5日,変更認可,パイプたばこ,DOZAJ WATERMELON,DOZAJWATERMELON,50.0gﾊﾟｯｸ,50,g,ﾄﾙｺ,1650,,,https://www.mof.go.jp/policy/tab_salt/topics/20231205_kouriteika.pdf,1,高
da48863ad7a4013b,2023-12-05,令和5年12月5日,変更認可,パイプたばこ,DOZAJ YOGURT,DOZAJYOGURT,50.0gﾊﾟｯｸ,50,g,ﾄﾙｺ,1650,,,https://www.mof.go.jp/policy/tab_salt/topics/20231205_kouriteika.pdf,1,高
359614a2171acdd6,2023-12-05,令和5年12月5日,変更認可,パイプたばこ,DOZAJ YUZU,DOZAJYUZU,50.0gﾊﾟｯｸ,50,g,ﾄﾙｺ,1650,,,https://www.mof.go.jp/policy/tab_salt/topics/20231205_kouriteika.pdf,1,高
1b9b44b8e83cd398,2023-12-05,令和5年12月5日,変更認可,パイプたばこ,DOZAJ BLACK PINEAPPLE SMOOTHIE,DOZAJBLACKPINEAPPLESMOOTHIE,ﾌﾟﾗｽﾁｯｸｹｰｽ100.0g,100,g,ﾄﾙｺ,4000,,,https://www.mof.go.jp/policy/tab_salt/topics/20231205_kouriteika.pdf,2,高
05b36f1797d814d8,2023-12-05,令和5年12月5日,変更認可,パイプたばこ,DOZAJ BLACK POMEGRANATE JUICE,DOZAJBLACKPOMEGRANATEJUICE,ﾌﾟﾗｽﾁｯｸｹｰｽ100.0g,100,g,ﾄﾙｺ,4000,,,https://www.mof.go.jp/policy/tab_salt/topics/20231205_kouriteika.pdf,2,高
dc0bd8987264c391,2023-12-05,令和5年12月5日,変更認可,パイプたばこ,DOZAJ BLACK SMOOTHIE,DOZAJBLACKSMOOTHIE,ﾌﾟﾗｽﾁｯｸｹｰｽ100.0g,100,g,ﾄﾙｺ,4000,,,https://www.mof.go.jp/policy/tab_salt/topics/20231205_kouriteika.pdf,2,高
878250bf0aad7eb2,2023-12-05,令和5年12月5日,変更認可,パイプたばこ,DOZAJ BLACK TIRAMISU,DOZAJBLACKTIRAMISU,ﾌﾟﾗｽﾁｯｸｹｰｽ100.0g,100,g,ﾄﾙｺ,4000,,,https://www.mof.go.jp/policy/tab_salt/topics/20231205_kouriteika.pdf,2,高
f5c4c5446720b5d1,2023-12-05,令和5年12月5日,変更認可,パイプたばこ,DOZAJ BLACK WALNUT TREE,DOZAJBLACKWALNUTTREE,ﾌﾟﾗｽﾁｯｸｹｰｽ100.0g,100,g,ﾄﾙｺ,4000,,,https://www.mof.go.jp/policy/tab_salt/topics/20231205_kouriteika.pdf,2,高
43e4adb98e408f5e,2023-12-05,令和5年12月5日,変更認可,パイプたばこ,DOZAJ BLACK YELLOW CRUMBLE,DOZAJBLACKYELLOWCRUMBLE,ﾌﾟﾗｽﾁｯｸｹｰｽ100.0g,100,g,ﾄﾙｺ,4000,,,https://www.mof.go.jp/policy/tab_salt/topics/20231205_kouriteika.pdf,2,高
2fadbff1e951edb9,2023-11-21,令和5年11月21日,変更認可,葉巻たばこ,Don Pepin Garcia Original 20thToro,DONPEPINGARCIAORIGINAL20THTORO,152mm 1本,1,本,ﾆｶﾗｸﾞｱ,10000,,,https://www.mof.go.jp/policy/tab_salt/topics/20231121_kouriteika.pdf,1,高
d43705dd51f046e6,2023-11-21,令和5年11月21日,変更認可,パイプたばこ,Hookafina Blueberry Lemonade,HOOKAFINABLUEBERRYLEMONADE,100.0gﾊﾟｳﾁ,100,g,ｱﾒﾘｶ合衆国,3500,,,https://www.mof.go.jp/policy/tab_salt/topics/20231121_kouriteika.pdf,1,高
b9ad7753c4f975f8,2023-11-21,令和5年11月21日,変更認可,パイプたばこ,Hookafina Deja Blü,HOOKAFINADEJABLÜ,100.0gﾊﾟｳﾁ,100,g,ｱﾒﾘｶ合衆国,3500,,,https://www.mof.go.jp/policy/tab_salt/topics/20231121_kouriteika.pdf,1,高
8ac7b1b8c98b6464,2023-11-21,令和5年11月21日,変更認可,パイプたばこ,Hookafina Double Melon Blast,HOOKAFINADOUBLEMELONBLAST,100.0gﾊﾟｳﾁ,100,g,ｱﾒﾘｶ合衆国,3500,,,https://www.mof.go.jp/policy/tab_salt/topics/20231121_kouriteika.pdf,1,高
e6eb5dab850c4751,2023-11-21,令和5年11月21日,変更認可,パイプたばこ,Hookafina Limeade,HOOKAFINALIMEADE,100.0gﾊﾟｳﾁ,100,g,ｱﾒﾘｶ合衆国,3500,,,https://www.mof.go.jp/policy/tab_salt/topics/20231121_kouriteika.pdf,1,高
27d41f30d67b5eb9,2023-11-21,令和5年11月21日,変更認可,パイプたばこ,Hookafina Mangolade,HOOKAFINAMANGOLADE,100.0gﾊﾟｳﾁ,100,g,ｱﾒﾘｶ合衆国,3500,,,https://www.mof.go.jp/policy/tab_salt/topics/20231121_kouriteika.pdf,1,高
49d8095cec3de44d,2023-11-21,令和5年11月21日,変更認可,パイプたばこ,Hookafina Melon Pop,HOOKAFINAMELONPOP,100.0gﾊﾟｳﾁ,100,g,ｱﾒﾘｶ合衆国,3500,,,https://www.mof.go.jp/policy/tab_salt/topics/20231121_kouriteika.pdf,1,高
976bff7d3cce43b1,2023-11-21,令和5年11月21日,変更認可,パイプたばこ,Hookafina Mint Knockout,HOOKAFINAMINTKNOCKOUT,100.0gﾊﾟｳﾁ,100,g,ｱﾒﾘｶ合衆国,3500,,,https://www.mof.go.jp/policy/tab_salt/topics/20231121_kouriteika.pdf,1,高
c8731de4f0d522b3,2023-11-21,令和5年11月21日,変更認可,パイプたばこ,Hookafina Salted Caramel Waffle,HOOKAFINASALTEDCARAMELWAFFLE,100.0gﾊﾟｳﾁ,100,g,ｱﾒﾘｶ合衆国,3500,,,https://www.mof.go.jp/policy/tab_salt/topics/20231121_kouriteika.pdf,1,高
1a7cd37207e1d19d,2023-11-21,令和5年11月21日,変更認可,パイプたばこ,Hookafina Tutti Fruiti,HOOKAFINATUTTIFRUITI,100.0gﾊﾟｳﾁ,100,g,ｱﾒﾘｶ合衆国,3500,,,https://www.mof.go.jp/policy/tab_salt/topics/20231121_kouriteika.pdf,1,高
e3970530e4c6d5f7,2023-11-21,令和5年11月21日,変更認可,パイプたばこ,Hookafina Vanilla Shake,HOOKAFINAVANILLASHAKE,100.0gﾊﾟｳﾁ,100,g,ｱﾒﾘｶ合衆国,3500,,,https://www.mof.go.jp/policy/tab_salt/topics/20231121_kouriteika.pdf,1,高
f5e619f5dd51e3f7,2023-11-21,令和5年11月21日,変更認可,パイプたばこ,Hookafina Watermelon Mint,HOOKAFINAWATERMELONMINT,100.0gﾊﾟｳﾁ,100,g,ｱﾒﾘｶ合衆国,3500,,,https://www.mof.go.jp/policy/tab_salt/topics/20231121_kouriteika.pdf,1,高
587553121be1d44a,2023-11-21,令和5年11月21日,変更認可,葉巻たばこ,Humidor Selection Club CigarillosBox 10's,HUMIDORSELECTIONCLUBCIGARILLOSBOX10'S,85mm 1本,1,本,ﾌｨﾘﾋﾟﾝ,210,,,https://www.mof.go.jp/policy/tab_salt/topics/20231121_kouriteika.pdf,1,高
060313454d0c8c9b,2023-11-21,令和5年11月21日,変更認可,パイプたばこ,LIRRA PEANUTS,LIRRAPEANUTS,50.0g箱,50,g,ﾄﾙｺ,1650,,,https://www.mof.go.jp/policy/tab_salt/topics/20231121_kouriteika.pdf,1,高
d4a5733ff5bec0e3,2023-11-21,令和5年11月21日,変更認可,パイプたばこ,LIRRA ROSEMARY,LIRRAROSEMARY,50.0g箱,50,g,ﾄﾙｺ,1650,,,https://www.mof.go.jp/policy/tab_salt/topics/20231121_kouriteika.pdf,1,高
6d5d4b1616c7d6dc,2023-11-21,令和5年11月21日,変更認可,パイプたばこ,ROYAL SMOKIN HONEY,ROYALSMOKINHONEY,50.0g箱,50,g,ｲﾝﾄﾞ,1750,,,https://www.mof.go.jp/policy/tab_salt/topics/20231121_kouriteika.pdf,1,高
6148df46ad76c212,2023-11-21,令和5年11月21日,変更認可,パイプたばこ,ROYAL SMOKIN LEMON GINGER,ROYALSMOKINLEMONGINGER,50.0g箱,50,g,ｲﾝﾄﾞ,1750,,,https://www.mof.go.jp/policy/tab_salt/topics/20231121_kouriteika.pdf,1,高
2e1b17cf87945ce8,2023-11-21,令和5年11月21日,変更認可,パイプたばこ,ROYAL SMOKIN MARBELLA,ROYALSMOKINMARBELLA,50.0g箱,50,g,ｲﾝﾄﾞ,1750,,,https://www.mof.go.jp/policy/tab_salt/topics/20231121_kouriteika.pdf,1,高
74c053da1bbbc608,2023-11-21,令和5年11月21日,変更認可,葉巻たばこ,ﾌﾛｰﾙ･ﾃﾞ･ｺﾊﾟﾝ ｸﾞﾗﾝﾚｾﾞﾙﾊﾞ20 2023ﾘﾐﾃｯﾄﾞｴﾃﾞｨｼｮﾝ,フロールデコパングランレゼルバ202023リミテッドエディション,157mm 1本,1,本,ﾎﾝｼﾞｭﾗｽ,2000,,,https://www.mof.go.jp/policy/tab_salt/topics/20231121_kouriteika.pdf,1,高
5d26d0062a824214,2023-11-21,令和5年11月21日,変更認可,葉巻たばこ,Diesel Whiskey Row Robusto,DIESELWHISKEYROWROBUSTO,140mm 1本,1,本,ﾆｶﾗｸﾞｱ,2500,2200,2023-11-27,https://www.mof.go.jp/policy/tab_salt/topics/20231121_kouriteikahenkou.pdf,1,高
9bfc1a7dad303604,2023-11-09,令和5年11月9日,変更認可,葉巻たばこ,ｷﾞﾙﾊﾞｰﾄ･ﾄﾞ･ﾓﾝｻﾙﾊﾞｰﾄ ｱﾆﾊﾞｻﾘ,ギルバートドモンサルバートアニバサリ,146mm 1本,1,本,ﾄﾞﾐﾆｶ共和国,3650,2050,2023-11-10,https://www.mof.go.jp/policy/tab_salt/topics/20231109_kouriteikahenkou.pdf,1,高
765a95111b2e3076,2023-11-09,令和5年11月9日,変更認可,葉巻たばこ,ｷﾞﾙﾊﾞｰﾄ･ﾄﾞ･ﾓﾝｻﾙﾊﾞｰﾄ ｸﾗｼｯｸ ﾁｬﾝｷｰ,ギルバートドモンサルバートクラシックチャンキー,102mm 1本,1,本,ﾆｶﾗｸﾞｱ,2100,1600,2023-11-10,https://www.mof.go.jp/policy/tab_salt/topics/20231109_kouriteikahenkou.pdf,1,高
fd3cf4d5f72cc3bb,2023-11-09,令和5年11月9日,変更認可,葉巻たばこ,ｷﾞﾙﾊﾞｰﾄ･ﾄﾞ･ﾓﾝｻﾙﾊﾞｰﾄ ｸﾗｼｯｸ ﾍﾟﾙﾗ,ギルバートドモンサルバートクラシックペルラ,102mm 1本,1,本,ﾆｶﾗｸﾞｱ,1200,950,2023-11-10,https://www.mof.go.jp/policy/tab_salt/topics/20231109_kouriteikahenkou.pdf,1,高
82826f0bc1c7a1bf,2023-11-09,令和5年11月9日,変更認可,葉巻たばこ,ｷﾞﾙﾊﾞｰﾄ･ﾄﾞ･ﾓﾝｻﾙﾊﾞｰﾄ ｸﾗｼｯｸ ﾛﾌﾞｽﾄ,ギルバートドモンサルバートクラシックロブスト,127mm 1本,1,本,ﾆｶﾗｸﾞｱ,1950,1400,2023-11-10,https://www.mof.go.jp/policy/tab_salt/topics/20231109_kouriteikahenkou.pdf,1,高
9abbb7ba34c9d905,2023-11-09,令和5年11月9日,変更認可,葉巻たばこ,ｷﾞﾙﾊﾞｰﾄ･ﾄﾞ･ﾓﾝｻﾙﾊﾞｰﾄ ﾚﾎﾞﾘｭｰｼｮﾝ ﾛﾌﾞｽﾄ,ギルバートドモンサルバートレボリューションロブスト,127mm 1本,1,本,ﾄﾞﾐﾆｶ共和国,2400,1600,2023-11-10,https://www.mof.go.jp/policy/tab_salt/topics/20231109_kouriteikahenkou.pdf,1,高
ff51315b545dd9d2,2023-11-09,令和5年11月9日,変更認可,葉巻たばこ,ｷﾞﾙﾊﾞｰﾄ･ﾄﾞ･ﾓﾝｻﾙﾊﾞｰﾄ ﾚﾎﾞﾘｭｰｼｮﾝﾍﾟﾙﾗ,ギルバートドモンサルバートレボリューションペルラ,102mm 1本,1,本,ﾄﾞﾐﾆｶ共和国,1500,1100,2023-11-10,https://www.mof.go.jp/policy/tab_salt/topics/20231109_kouriteikahenkou.pdf,1,高
2e83b73255a152fc,2023-11-09,令和5年11月9日,変更認可,葉巻たばこ,ﾌﾟﾗｾﾝｼｱ ｺｾﾁｬ146ｻﾝ･ｱｸﾞｽﾃｨﾝ,プラセンシアコセチャ146サンアグスティン,146mm 1本,1,本,ﾆｶﾗｸﾞｱ,3000,2150,2023-11-10,https://www.mof.go.jp/policy/tab_salt/topics/20231109_kouriteikahenkou.pdf,1,高
cbf2ef0c1f017415,2023-11-09,令和5年11月9日,変更認可,葉巻たばこ,ﾌﾟﾗｾﾝｼｱ ｺｾﾁｬ146ｻﾝ･ﾙｲ,プラセンシアコセチャ146サンルイ,159mm 1本,1,本,ﾆｶﾗｸﾞｱ,3000,2150,2023-11-10,https://www.mof.go.jp/policy/tab_salt/topics/20231109_kouriteikahenkou.pdf,1,高
2fed0c4034e36441,2023-11-09,令和5年11月9日,変更認可,葉巻たばこ,ﾌﾟﾗｾﾝｼｱ ｺｾﾁｬ146ﾓﾝﾃ･ｶﾙﾛ,プラセンシアコセチャ146モンテカルロ,152mm 1本,1,本,ﾆｶﾗｸﾞｱ,3200,2350,2023-11-10,https://www.mof.go.jp/policy/tab_salt/topics/20231109_kouriteikahenkou.pdf,1,高
26904a9e47859406,2023-11-09,令和5年11月9日,変更認可,葉巻たばこ,ﾌﾟﾗｾﾝｼｱ ｺｾﾁｬ146ﾗ･ﾍﾟｶﾞ,プラセンシアコセチャ146ラペガ,134mm 1本,1,本,ﾆｶﾗｸﾞｱ,2650,1950,2023-11-10,https://www.mof.go.jp/policy/tab_salt/topics/20231109_kouriteikahenkou.pdf,1,高
611685c3a8e4b3a4,2023-11-09,令和5年11月9日,変更認可,葉巻たばこ,ﾌﾟﾗｾﾝｼｱ ｺｾﾁｬ146ﾗ･ﾑｼﾞｶ,プラセンシアコセチャ146ラムジカ,127mm 1本,1,本,ﾆｶﾗｸﾞｱ,2450,1700,2023-11-10,https://www.mof.go.jp/policy/tab_salt/topics/20231109_kouriteikahenkou.pdf,1,高
a0a8835d873ebd33,2023-11-09,令和5年11月9日,変更認可,葉巻たばこ,ﾜｰﾌﾟﾄ ｸﾗｳﾄﾞﾎｯﾊﾟｰ 485,ワープトクラウドホッパー485,127mm 1本,1,本,ﾆｶﾗｸﾞｱ,2400,1820,2023-11-10,https://www.mof.go.jp/policy/tab_salt/topics/20231109_kouriteikahenkou.pdf,1,高
cada025c75d7a65a,2023-11-09,令和5年11月9日,変更認可,葉巻たばこ,ﾜｰﾌﾟﾄ ｺﾙﾄ X46,ワープトコルトX46,114mm 1本,1,本,ﾆｶﾗｸﾞｱ,2700,2060,2023-11-10,https://www.mof.go.jp/policy/tab_salt/topics/20231109_kouriteikahenkou.pdf,1,高
5faf3b811916b6c4,2023-11-09,令和5年11月9日,変更認可,葉巻たばこ,ﾜｰﾌﾟﾄ ｺﾝﾊﾟﾆｵﾝ ﾛｽﾁｬｲﾙﾄﾞ,ワープトコンパニオンロスチャイルド,114mm 1本,1,本,ﾄﾞﾐﾆｶ共和国,3350,2720,2023-11-10,https://www.mof.go.jp/policy/tab_salt/topics/20231109_kouriteikahenkou.pdf,1,高
6c3a4590df6be953,2023-11-09,令和5年11月9日,変更認可,葉巻たばこ,ﾜｰﾌﾟﾄ ﾁﾝﾁｬﾚ,ワープトチンチャレ,127mm 1本,1,本,ﾄﾞﾐﾆｶ共和国,3500,2840,2023-11-10,https://www.mof.go.jp/policy/tab_salt/topics/20231109_kouriteikahenkou.pdf,1,高
6dc9f675fdb440ab,2023-11-09,令和5年11月9日,変更認可,葉巻たばこ,ﾜｰﾌﾟﾄ ﾄﾞﾝ ﾚｲﾅﾙﾄﾞ ﾚｶﾞﾛｽ,ワープトドンレイナルドレガロス,127mm 1本,1,本,ｱﾒﾘｶ合衆国,4700,3640,2023-11-10,https://www.mof.go.jp/policy/tab_salt/topics/20231109_kouriteikahenkou.pdf,1,高
84ca5f10b1846257,2023-11-09,令和5年11月9日,変更認可,葉巻たばこ,ﾜｰﾌﾟﾄ ﾆｺﾃｨｰﾅ,ワープトニコティーナ,140mm 1本,1,本,ﾆｶﾗｸﾞｱ,3400,2600,2023-11-10,https://www.mof.go.jp/policy/tab_salt/topics/20231109_kouriteikahenkou.pdf,1,高
3c0259c7ef2a4813,2023-11-09,令和5年11月9日,変更認可,葉巻たばこ,ﾜｰﾌﾟﾄ ﾌﾛｰﾙ ﾃﾞﾙ ｳﾞｧﾚ ｸﾘｽﾀﾚｽ,ワープトフロールデルヴァレクリスタレス,152mm 1本,1,本,ﾆｶﾗｸﾞｱ,3300,2480,2023-11-10,https://www.mof.go.jp/policy/tab_salt/topics/20231109_kouriteikahenkou.pdf,1,高
ccb4d10bdd77b61d,2023-11-09,令和5年11月9日,変更認可,葉巻たばこ,ﾜｰﾌﾟﾄ ﾏｴｽﾄﾛ ﾃﾞﾙ ﾃｨｴﾝﾎﾟ 5205,ワープトマエストロデルティエンポ5205,162mm 1本,1,本,ﾆｶﾗｸﾞｱ,3150,2360,2023-11-10,https://www.mof.go.jp/policy/tab_salt/topics/20231109_kouriteikahenkou.pdf,1,高
9715d7316f9428cc,2023-11-09,令和5年11月9日,変更認可,葉巻たばこ,ﾜｰﾌﾟﾄ ﾏｴｽﾄﾛ ﾃﾞﾙ ﾃｨｴﾝﾎﾟ 5712,ワープトマエストロデルティエンポ5712,114mm 1本,1,本,ﾆｶﾗｸﾞｱ,3200,2420,2023-11-10,https://www.mof.go.jp/policy/tab_salt/topics/20231109_kouriteikahenkou.pdf,1,高
f2e8cfc33951cb94,2023-11-09,令和5年11月9日,変更認可,葉巻たばこ,ﾜｰﾌﾟﾄ ﾗ ｱｼｴﾝﾀﾞ ｸﾞﾗﾝﾛﾌﾞｽﾄ,ワープトラアシエンダグランロブスト,140mm 1本,1,本,ﾆｶﾗｸﾞｱ,3000,2280,2023-11-10,https://www.mof.go.jp/policy/tab_salt/topics/20231109_kouriteikahenkou.pdf,1,高
41f883ea36daef17,2023-11-09,令和5年11月9日,変更認可,葉巻たばこ,ﾜｰﾌﾟﾄ ﾗ ｱｼｴﾝﾀﾞ ｽﾍﾟﾘｵﾚｽ,ワープトラアシエンダスペリオレス,143mm 1本,1,本,ﾆｶﾗｸﾞｱ,2750,2080,2023-11-10,https://www.mof.go.jp/policy/tab_salt/topics/20231109_kouriteikahenkou.pdf,1,高
ccc5574bb88cd368,2023-11-09,令和5年11月9日,変更認可,葉巻たばこ,ﾜｰﾌﾟﾄ ﾗ ｱｼｴﾝﾀﾞ ﾌｧｰｽﾄ ｸﾞﾛｳｽ,ワープトラアシエンダファーストグロウス,102mm 1本,1,本,ﾆｶﾗｸﾞｱ,2850,2120,2023-11-10,https://www.mof.go.jp/policy/tab_salt/topics/20231109_kouriteikahenkou.pdf,1,高
b655a89782de8635,2023-11-09,令和5年11月9日,変更認可,葉巻たばこ,ﾜｰﾌﾟﾄ ﾗ ｺﾙﾒﾅ No.44,ワープトラコルメナNO.44,140mm 1本,1,本,ｱﾒﾘｶ合衆国,5000,3680,2023-11-10,https://www.mof.go.jp/policy/tab_salt/topics/20231109_kouriteikahenkou.pdf,1,高
275727b3513dbe24,2023-11-02,令和5年11月2日,変更認可,葉巻たばこ,Roque,ROQUE,170mm 1本,1,本,ｷｭｰﾊﾞ,15000,,,https://www.mof.go.jp/policy/tab_salt/topics/20231102_kouriteika.pdf,1,高
2feb9aa07500e6da,2023-11-02,令和5年11月2日,変更認可,葉巻たばこ,ｱｳﾞｫ ｼｰｽﾞﾝｽﾞ ﾘﾐﾃｯﾄﾞｴﾃﾞｨｼｮﾝ 2023 ｳｨﾝﾀｰ,アヴォシーズンズリミテッドエディション2023ウィンター,168mm 1本,1,本,ｷｭｰﾊﾞ,6600,,,https://www.mof.go.jp/policy/tab_salt/topics/20231102_kouriteika.pdf,1,高
da6b87628881f822,2023-11-02,令和5年11月2日,変更認可,葉巻たばこ,ｱｳﾞｫ ｼｰｽﾞﾝｽﾞ ﾘﾐﾃｯﾄﾞｴﾃﾞｨｼｮﾝ 2023ﾌｫｰﾙ,アヴォシーズンズリミテッドエディション2023フォール,168mm 1本,1,本,ｷｭｰﾊﾞ,6600,,,https://www.mof.go.jp/policy/tab_salt/topics/20231102_kouriteika.pdf,1,高
ab6c9d451bbbabbb,2023-11-02,令和5年11月2日,変更認可,パイプたばこ,ｱﾑｽﾃﾙﾀﾞﾏｰ XXX ｵﾈｽﾄ,アムステルダマーXXXオネスト,25.0gﾊﾟｳﾁ,25,g,ﾃﾞﾝﾏｰｸ,700,,,https://www.mof.go.jp/policy/tab_salt/topics/20231102_kouriteika.pdf,1,高
63a7919855f7f2ff,2023-11-02,令和5年11月2日,変更認可,パイプたばこ,ｱﾑｽﾃﾙﾀﾞﾏｰ XXX ﾌﾟﾚｰﾝ,アムステルダマーXXXプレーン,25.0gﾊﾟｳﾁ,25,g,ﾃﾞﾝﾏｰｸ,700,,,https://www.mof.go.jp/policy/tab_salt/topics/20231102_kouriteika.pdf,1,高
72ea7d28eaf04b78,2023-11-02,令和5年11月2日,変更認可,葉巻たばこ,ﾀﾞﾋﾞﾄﾞﾌ ｲﾔｰ ｵﾌﾞ ｻﾞ ﾄﾞﾗｺﾞﾝ 2024,ダビドフイヤーオブザドラゴン2024,220mm 1本,1,本,ﾃﾞﾝﾏｰｸ,16000,,,https://www.mof.go.jp/policy/tab_salt/topics/20231102_kouriteika.pdf,1,高
5c02d53f435c8af6,2023-11-02,令和5年11月2日,変更認可,葉巻たばこ,ﾀﾞﾋﾞﾄﾞﾌ ｲﾔｰ ｵﾌﾞ ｻﾞ ﾄﾞﾗｺﾞﾝ ﾌﾗｯｸﾞｼｯﾌﾟ 2024,ダビドフイヤーオブザドラゴンフラッグシップ2024,102mm 1本,1,本,ﾃﾞﾝﾏｰｸ,20000,,,https://www.mof.go.jp/policy/tab_salt/topics/20231102_kouriteika.pdf,1,高
d664ff83b5d6c716,2023-10-30,令和5年10月30日,変更認可,加熱式たばこ,ﾒﾋﾞｳｽ･ﾌﾞﾗｯｸ･ｺｰﾙﾄﾞ･ﾒﾝｿｰﾙ･ﾌﾟﾙｰﾑ･ｴｯｸｽ用,メビウスブラックコールドメンソールプルームエックス用,4.7g20本,4.7,g,日本,500,,,https://www.mof.go.jp/policy/tab_salt/topics/20231030_kouriteika.pdf,1,高
5a77cdffcb22ac31,2023-10-27,令和5年10月27日,変更認可,加熱式たばこ,ｷｬﾒﾙ･ﾒﾝｿｰﾙ･ｺｰﾙﾄﾞ･ﾌﾟﾙｰﾑ･ｴｯｸｽ･ﾌﾟﾙｰﾑ･ｴｽ用,キャメルメンソールコールドプルームエックスプルームエス用,5.3g20本,5.3,g,ﾎﾟｰﾗﾝﾄﾞ,500,,,https://www.mof.go.jp/policy/tab_salt/topics/20231027_kouriteika.pdf,1,高
d206d00b604d7023,2023-10-19,令和5年10月19日,変更認可,葉巻たばこ,Aganorsa Leaf Aniversario CorojoLancero,AGANORSALEAFANIVERSARIOCOROJOLANCERO,130mm 1本,1,本,ﾆｶﾗｸﾞｱ,3300,,,https://www.mof.go.jp/policy/tab_salt/topics/20231019_kouriteika.pdf,1,高
dbbe3cfdfcafd10c,2023-10-19,令和5年10月19日,変更認可,葉巻たばこ,Aganorsa Leaf Aniversario CorojoToro,AGANORSALEAFANIVERSARIOCOROJOTORO,160mm 1本,1,本,ﾆｶﾗｸﾞｱ,3800,,,https://www.mof.go.jp/policy/tab_salt/topics/20231019_kouriteika.pdf,1,高
8995f5f644311535,2023-10-19,令和5年10月19日,変更認可,葉巻たばこ,Aganorsa Leaf Aniversario ToroMaduro,AGANORSALEAFANIVERSARIOTOROMADURO,160mm 1本,1,本,ﾆｶﾗｸﾞｱ,3900,,,https://www.mof.go.jp/policy/tab_salt/topics/20231019_kouriteika.pdf,1,高
b51727f612d0a964,2023-10-19,令和5年10月19日,変更認可,葉巻たばこ,Aganorsa Leaf La Validacion ToroConnecticut,AGANORSALEAFLAVALIDACIONTOROCONNECTICUT,160mm 1本,1,本,ﾆｶﾗｸﾞｱ,3300,,,https://www.mof.go.jp/policy/tab_salt/topics/20231019_kouriteika.pdf,1,高
42a0aa67158f0494,2023-10-19,令和5年10月19日,変更認可,葉巻たばこ,Aganorsa Leaf La Validacion ToroCorojo,AGANORSALEAFLAVALIDACIONTOROCOROJO,160mm 1本,1,本,ﾆｶﾗｸﾞｱ,3300,,,https://www.mof.go.jp/policy/tab_salt/topics/20231019_kouriteika.pdf,1,高
d052ab37ec54b0a3,2023-10-19,令和5年10月19日,変更認可,葉巻たばこ,Aganorsa Leaf La Validacion ToroHabano,AGANORSALEAFLAVALIDACIONTOROHABANO,160mm 1本,1,本,ﾆｶﾗｸﾞｱ,3300,,,https://www.mof.go.jp/policy/tab_salt/topics/20231019_kouriteika.pdf,1,高
2ee214aa5bbf8f3c,2023-10-19,令和5年10月19日,変更認可,葉巻たばこ,Buena Cosecha Torpedo,BUENACOSECHATORPEDO,160mm 1本,1,本,ﾆｶﾗｸﾞｱ,3350,,,https://www.mof.go.jp/policy/tab_salt/topics/20231019_kouriteika.pdf,1,高
68595dd32648b848,2023-10-19,令和5年10月19日,変更認可,葉巻たばこ,Guardian Of The Farm Cerberus Toro,GUARDIANOFTHEFARMCERBERUSTORO,160mm 1本,1,本,ﾆｶﾗｸﾞｱ,3450,,,https://www.mof.go.jp/policy/tab_salt/topics/20231019_kouriteika.pdf,1,高
e99d3c9f8ada4704,2023-10-19,令和5年10月19日,変更認可,葉巻たばこ,Guardian Of The Farm CerberusLonsdale,GUARDIANOFTHEFARMCERBERUSLONSDALE,150mm 1本,1,本,ﾆｶﾗｸﾞｱ,2850,,,https://www.mof.go.jp/policy/tab_salt/topics/20231019_kouriteika.pdf,1,高
d96421c1d333ec37,2023-10-19,令和5年10月19日,変更認可,葉巻たばこ,Guardian Of The Farm Night WatchJJ Maduro,GUARDIANOFTHEFARMNIGHTWATCHJJMADURO,135mm 1本,1,本,ﾆｶﾗｸﾞｱ,3150,,,https://www.mof.go.jp/policy/tab_salt/topics/20231019_kouriteika.pdf,1,高
c520ce11c6533047,2023-10-19,令和5年10月19日,変更認可,葉巻たばこ,Guardian Of The Farm Rambo,GUARDIANOFTHEFARMRAMBO,115mm 1本,1,本,ﾆｶﾗｸﾞｱ,2790,,,https://www.mof.go.jp/policy/tab_salt/topics/20231019_kouriteika.pdf,1,高
05527c0bf945b08b,2023-10-19,令和5年10月19日,変更認可,葉巻たばこ,JFR Corojo Super Toro,JFRCOROJOSUPERTORO,165mm 1本,1,本,ﾆｶﾗｸﾞｱ,3100,,,https://www.mof.go.jp/policy/tab_salt/topics/20231019_kouriteika.pdf,1,高
f65cb8fd2cea46c4,2023-10-19,令和5年10月19日,変更認可,葉巻たばこ,JFR El Loquito Perfecto Maduro,JFRELLOQUITOPERFECTOMADURO,120mm 1本,1,本,ﾆｶﾗｸﾞｱ,2650,,,https://www.mof.go.jp/policy/tab_salt/topics/20231019_kouriteika.pdf,1,高
d24ad1cc0d924d3c,2023-10-19,令和5年10月19日,変更認可,葉巻たばこ,JFR Lunatic Jackhammer Maduro,JFRLUNATICJACKHAMMERMADURO,200mm 1本,1,本,ﾆｶﾗｸﾞｱ,3600,,,https://www.mof.go.jp/policy/tab_salt/topics/20231019_kouriteika.pdf,1,高
0482c9bd222c5335,2023-10-19,令和5年10月19日,変更認可,葉巻たばこ,JFR Lunatic Short Robusto Habano,JFRLUNATICSHORTROBUSTOHABANO,120mm 1本,1,本,ﾆｶﾗｸﾞｱ,2800,,,https://www.mof.go.jp/policy/tab_salt/topics/20231019_kouriteika.pdf,1,高
105f1932faa6ab02,2023-10-19,令和5年10月19日,変更認可,葉巻たばこ,JFR Lunatic Torch Imagines,JFRLUNATICTORCHIMAGINES,140mm 1本,1,本,ﾆｶﾗｸﾞｱ,3000,,,https://www.mof.go.jp/policy/tab_salt/topics/20231019_kouriteika.pdf,1,高
27c62e9b7215d438,2023-10-19,令和5年10月19日,変更認可,葉巻たばこ,JFR Lunatic Torch Madfolk Corojo,JFRLUNATICTORCHMADFOLKCOROJO,120mm 1本,1,本,ﾆｶﾗｸﾞｱ,3500,,,https://www.mof.go.jp/policy/tab_salt/topics/20231019_kouriteika.pdf,1,高
22493e5bc660f0d6,2023-10-19,令和5年10月19日,変更認可,葉巻たばこ,JFR Lunatic Torch VisionariesCorojo,JFRLUNATICTORCHVISIONARIESCOROJO,165mm 1本,1,本,ﾆｶﾗｸﾞｱ,3400,,,https://www.mof.go.jp/policy/tab_salt/topics/20231019_kouriteika.pdf,1,高
55d5f4ae37f6a8c5,2023-10-19,令和5年10月19日,変更認可,葉巻たばこ,JFR Perfecto Gran Loco Maduro,JFRPERFECTOGRANLOCOMADURO,140mm 1本,1,本,ﾆｶﾗｸﾞｱ,3450,,,https://www.mof.go.jp/policy/tab_salt/topics/20231019_kouriteika.pdf,1,高
d7a937c743f3e4b2,2023-10-19,令和5年10月19日,変更認可,葉巻たばこ,JFR Robusto Connecticut,JFRROBUSTOCONNECTICUT,140mm 1本,1,本,ﾆｶﾗｸﾞｱ,2800,,,https://www.mof.go.jp/policy/tab_salt/topics/20231019_kouriteika.pdf,1,高
d1e64751a8cb3ecf,2023-10-19,令和5年10月19日,変更認可,葉巻たばこ,JFR Robusto Maduro,JFRROBUSTOMADURO,140mm 1本,1,本,ﾆｶﾗｸﾞｱ,2800,,,https://www.mof.go.jp/policy/tab_salt/topics/20231019_kouriteika.pdf,1,高
030c82593110999f,2023-10-19,令和5年10月19日,変更認可,葉巻たばこ,New Cuba Churchill Corojo,NEWCUBACHURCHILLCOROJO,175mm 1本,1,本,ﾆｶﾗｸﾞｱ,1900,,,https://www.mof.go.jp/policy/tab_salt/topics/20231019_kouriteika.pdf,1,高
cd9d36c511801bd3,2023-10-19,令和5年10月19日,変更認可,葉巻たばこ,New Cuba Churchill Maduro,NEWCUBACHURCHILLMADURO,175mm 1本,1,本,ﾆｶﾗｸﾞｱ,1990,,,https://www.mof.go.jp/policy/tab_salt/topics/20231019_kouriteika.pdf,1,高
c9d0ec876295973d,2023-10-19,令和5年10月19日,変更認可,葉巻たばこ,New Cuba Presidente Corojo,NEWCUBAPRESIDENTECOROJO,190mm 1本,1,本,ﾆｶﾗｸﾞｱ,2500,,,https://www.mof.go.jp/policy/tab_salt/topics/20231019_kouriteika.pdf,1,高
2c1fccac49e4e64a,2023-10-19,令和5年10月19日,変更認可,葉巻たばこ,New Cuba Robusto Connecticut,NEWCUBAROBUSTOCONNECTICUT,125mm 1本,1,本,ﾆｶﾗｸﾞｱ,1700,,,https://www.mof.go.jp/policy/tab_salt/topics/20231019_kouriteika.pdf,1,高
cccdb7d33ca525d0,2023-10-19,令和5年10月19日,変更認可,葉巻たばこ,New Cuba Robusto Corojo,NEWCUBAROBUSTOCOROJO,125mm 1本,1,本,ﾆｶﾗｸﾞｱ,1650,,,https://www.mof.go.jp/policy/tab_salt/topics/20231019_kouriteika.pdf,1,高
d39758d5f1b2cfce,2023-10-19,令和5年10月19日,変更認可,葉巻たばこ,New Cuba Robusto Maduro,NEWCUBAROBUSTOMADURO,125mm 1本,1,本,ﾆｶﾗｸﾞｱ,1700,,,https://www.mof.go.jp/policy/tab_salt/topics/20231019_kouriteika.pdf,1,高
0338050f8c4051c8,2023-10-19,令和5年10月19日,変更認可,葉巻たばこ,Aganorsa Supreme Leaf Corona GordaCorojo,AGANORSASUPREMELEAFCORONAGORDACOROJO,155mm 1本,1,本,ﾆｶﾗｸﾞｱ,3600,,,https://www.mof.go.jp/policy/tab_salt/topics/20231019_kouriteika.pdf,2,高
f96de92d65365853,2023-10-19,令和5年10月19日,変更認可,葉巻たばこ,Aganorsa Supreme Leaf RobustoCorojo,AGANORSASUPREMELEAFROBUSTOCOROJO,130mm 1本,1,本,ﾆｶﾗｸﾞｱ,3400,,,https://www.mof.go.jp/policy/tab_salt/topics/20231019_kouriteika.pdf,2,高
6f315493f0853180,2023-10-19,令和5年10月19日,変更認可,葉巻たばこ,Casa Fernandez Reserva Maduro Toro,CASAFERNANDEZRESERVAMADUROTORO,155mm 1本,1,本,ﾆｶﾗｸﾞｱ,3500,,,https://www.mof.go.jp/policy/tab_salt/topics/20231019_kouriteika.pdf,2,高
2abbe5d3e11315f3,2023-10-19,令和5年10月19日,変更認可,葉巻たばこ,Casa Fernandez Reserva Robusto,CASAFERNANDEZRESERVAROBUSTO,135mm 1本,1,本,ﾆｶﾗｸﾞｱ,3200,,,https://www.mof.go.jp/policy/tab_salt/topics/20231019_kouriteika.pdf,2,高
d60a56e3627e9623,2023-10-19,令和5年10月19日,変更認可,葉巻たばこ,CIGAR SYNDICATE COAGULA,CIGARSYNDICATECOAGULA,150mm 1本,1,本,ﾆｶﾗｸﾞｱ,3300,,,https://www.mof.go.jp/policy/tab_salt/topics/20231019_kouriteika.pdf,2,高
1d5c750a0a9d70de,2023-10-19,令和5年10月19日,変更認可,葉巻たばこ,CIGAR SYNDICATE SOLVE,CIGARSYNDICATESOLVE,127mm 1本,1,本,ﾆｶﾗｸﾞｱ,2200,,,https://www.mof.go.jp/policy/tab_salt/topics/20231019_kouriteika.pdf,2,高
0d2f2a2d0776c9e6,2023-10-19,令和5年10月19日,変更認可,葉巻たばこ,Illusione Allegria Lonsdale,ILLUSIONEALLEGRIALONSDALE,160mm 1本,1,本,ﾆｶﾗｸﾞｱ,3000,,,https://www.mof.go.jp/policy/tab_salt/topics/20231019_kouriteika.pdf,2,高
f75870c1370f1c20,2023-10-19,令和5年10月19日,変更認可,葉巻たばこ,Illusione CG-4 Candela,ILLUSIONECG-4CANDELA,140mm 1本,1,本,ﾆｶﾗｸﾞｱ,3500,,,https://www.mof.go.jp/policy/tab_salt/topics/20231019_kouriteika.pdf,2,高
242a54fd9d25afd8,2023-10-19,令和5年10月19日,変更認可,葉巻たばこ,Illusione Cigares Prive RobustoRedondo Corojo,ILLUSIONECIGARESPRIVEROBUSTOREDONDOCOROJO,125mm 1本,1,本,ﾆｶﾗｸﾞｱ,3000,,,https://www.mof.go.jp/policy/tab_salt/topics/20231019_kouriteika.pdf,2,高
de567af59b8c03d5,2023-10-19,令和5年10月19日,変更認可,葉巻たばこ,Illusione Dark Prince No.1,ILLUSIONEDARKPRINCENO.1,230mm 1本,1,本,ﾆｶﾗｸﾞｱ,6000,,,https://www.mof.go.jp/policy/tab_salt/topics/20231019_kouriteika.pdf,2,高
411d080360044d16,2023-10-19,令和5年10月19日,変更認可,葉巻たばこ,Illusione Fuerte Fume D'AmourViejos,ILLUSIONEFUERTEFUMED'AMOURVIEJOS,130mm 1本,1,本,ﾆｶﾗｸﾞｱ,3050,,,https://www.mof.go.jp/policy/tab_salt/topics/20231019_kouriteika.pdf,2,高
f35bc2666df3b324,2023-10-19,令和5年10月19日,変更認可,葉巻たばこ,Illusione H-L Holy Lance Lancero,ILLUSIONEH-LHOLYLANCELANCERO,190mm 1本,1,本,ﾆｶﾗｸﾞｱ,3300,,,https://www.mof.go.jp/policy/tab_salt/topics/20231019_kouriteika.pdf,2,高
eba69486f1829f0d,2023-10-19,令和5年10月19日,変更認可,葉巻たばこ,Illusione H-L Holy Lance LanceroMaduro,ILLUSIONEH-LHOLYLANCELANCEROMADURO,190mm 1本,1,本,ﾆｶﾗｸﾞｱ,3550,,,https://www.mof.go.jp/policy/tab_salt/topics/20231019_kouriteika.pdf,2,高
a9af6ea97239cbc1,2023-10-19,令和5年10月19日,変更認可,葉巻たばこ,Illusione Haut-10 Robusto Extra,ILLUSIONEHAUT-10ROBUSTOEXTRA,140mm 1本,1,本,ﾆｶﾗｸﾞｱ,4500,,,https://www.mof.go.jp/policy/tab_salt/topics/20231019_kouriteika.pdf,2,高
08d0d8592eba5a6d,2023-10-19,令和5年10月19日,変更認可,葉巻たばこ,Illusione Maduro White Horse CG-4,ILLUSIONEMADUROWHITEHORSECG-4,140mm 1本,1,本,ﾆｶﾗｸﾞｱ,3200,,,https://www.mof.go.jp/policy/tab_salt/topics/20231019_kouriteika.pdf,2,高
6fc9ed23bd9d16a3,2023-10-19,令和5年10月19日,変更認可,葉巻たばこ,Illusione One Off +53 SuperRobusto,ILLUSIONEONEOFF+53SUPERROBUSTO,150mm 1本,1,本,ﾆｶﾗｸﾞｱ,6300,,,https://www.mof.go.jp/policy/tab_salt/topics/20231019_kouriteika.pdf,2,高
cb989f17b3806c70,2023-10-19,令和5年10月19日,変更認可,葉巻たばこ,Illusione One Off Cartuchos,ILLUSIONEONEOFFCARTUCHOS,100mm 1本,1,本,ﾆｶﾗｸﾞｱ,3200,,,https://www.mof.go.jp/policy/tab_salt/topics/20231019_kouriteika.pdf,2,高
0294d34b2635b9b3,2023-10-19,令和5年10月19日,変更認可,葉巻たばこ,Illusione Original Documents ToroCorojo,ILLUSIONEORIGINALDOCUMENTSTOROCOROJO,150mm 1本,1,本,ﾆｶﾗｸﾞｱ,3500,,,https://www.mof.go.jp/policy/tab_salt/topics/20231019_kouriteika.pdf,2,高
18158b55ea31d68a,2023-10-19,令和5年10月19日,変更認可,葉巻たばこ,Illusione Original DocumentsCorona Minor Corojo,ILLUSIONEORIGINALDOCUMENTSCORONAMINORCOROJO,105mm 1本,1,本,ﾆｶﾗｸﾞｱ,2800,,,https://www.mof.go.jp/policy/tab_salt/topics/20231019_kouriteika.pdf,2,高
45babc7bb8f06342,2023-10-19,令和5年10月19日,変更認可,葉巻たばこ,Illusione Rothchildes Connecticut,ILLUSIONEROTHCHILDESCONNECTICUT,115mm 1本,1,本,ﾆｶﾗｸﾞｱ,2700,,,https://www.mof.go.jp/policy/tab_salt/topics/20231019_kouriteika.pdf,2,高
806ac27f1632693a,2023-10-19,令和5年10月19日,変更認可,葉巻たばこ,Illusione Ultra MK Corojo,ILLUSIONEULTRAMKCOROJO,130mm 1本,1,本,ﾆｶﾗｸﾞｱ,3200,,,https://www.mof.go.jp/policy/tab_salt/topics/20231019_kouriteika.pdf,2,高
abcd40e96b692428,2023-10-19,令和5年10月19日,変更認可,葉巻たばこ,Illusione Ultra OP No.3 Robusto,ILLUSIONEULTRAOPNO.3ROBUSTO,110mm 1本,1,本,ﾆｶﾗｸﾞｱ,3000,,,https://www.mof.go.jp/policy/tab_salt/topics/20231019_kouriteika.pdf,2,高
8d8c568665702ae2,2023-10-19,令和5年10月19日,変更認可,葉巻たばこ,New Cuba Torpedo Connecticut,NEWCUBATORPEDOCONNECTICUT,150mm 1本,1,本,ﾆｶﾗｸﾞｱ,2000,,,https://www.mof.go.jp/policy/tab_salt/topics/20231019_kouriteika.pdf,2,高
e7cc8c071e79505a,2023-10-18,令和5年10月18日,変更認可,紙巻たばこ,ﾒﾋﾞｳｽ･ﾘﾐﾃｯﾄﾞ ｴﾃﾞｨｼｮﾝ,メビウスリミテッドエディション,ﾊｰﾄﾞﾊﾟｯｸFK 20本,20,本,日本,600,,,https://www.mof.go.jp/policy/tab_salt/topics/20231018_kouriteika.pdf,1,高
d5bc54825897d402,2023-10-16,令和5年10月16日,変更認可,パイプたばこ,Al Fakher Blueberry,ALFAKHERBLUEBERRY,20.0g箱,20,g,ｱﾗﾌﾞ首長国連邦,3600,,,https://www.mof.go.jp/policy/tab_salt/topics/20231016_kouriteika.pdf,1,高
957592e4fbaa5324,2023-10-16,令和5年10月16日,変更認可,パイプたばこ,Al Fakher Grape Mint,ALFAKHERGRAPEMINT,20.0g箱,20,g,ｱﾗﾌﾞ首長国連邦,3600,,,https://www.mof.go.jp/policy/tab_salt/topics/20231016_kouriteika.pdf,1,高
d2613205591c23bb,2023-10-16,令和5年10月16日,変更認可,パイプたばこ,Al Fakher Gum Mint,ALFAKHERGUMMINT,20.0g箱,20,g,ｱﾗﾌﾞ首長国連邦,3600,,,https://www.mof.go.jp/policy/tab_salt/topics/20231016_kouriteika.pdf,1,高
2fa720c5a3e10793,2023-10-16,令和5年10月16日,変更認可,パイプたばこ,Al Fakher Lemon Mint,ALFAKHERLEMONMINT,20.0g箱,20,g,ｱﾗﾌﾞ首長国連邦,3600,,,https://www.mof.go.jp/policy/tab_salt/topics/20231016_kouriteika.pdf,1,高
f23e9452dcce9f06,2023-10-16,令和5年10月16日,変更認可,パイプたばこ,Al Fakher Magic Love,ALFAKHERMAGICLOVE,20.0g箱,20,g,ｱﾗﾌﾞ首長国連邦,3600,,,https://www.mof.go.jp/policy/tab_salt/topics/20231016_kouriteika.pdf,1,高
c942904cd10ad6ab,2023-10-16,令和5年10月16日,変更認可,パイプたばこ,Al Fakher Two Apples,ALFAKHERTWOAPPLES,20.0g箱,20,g,ｱﾗﾌﾞ首長国連邦,3600,,,https://www.mof.go.jp/policy/tab_salt/topics/20231016_kouriteika.pdf,1,高
af64f38af4ef4cf9,2023-10-16,令和5年10月16日,変更認可,パイプたばこ,"Azure hookah tobacco, Gold LinePassion Fruit","AZUREHOOKAHTOBACCO,GOLDLINEPASSIONFRUIT",100.0gﾊﾟｳﾁ,100,g,ｱﾒﾘｶ合衆国,3500,,,https://www.mof.go.jp/policy/tab_salt/topics/20231016_kouriteika.pdf,1,高
d6ac5cabcd08ab34,2023-10-16,令和5年10月16日,変更認可,パイプたばこ,"Azure hookah tobacco, Gold LineWinter Peach","AZUREHOOKAHTOBACCO,GOLDLINEWINTERPEACH",100.0gﾊﾟｳﾁ,100,g,ｱﾒﾘｶ合衆国,3500,,,https://www.mof.go.jp/policy/tab_salt/topics/20231016_kouriteika.pdf,1,高
6a225511bfe95ed2,2023-10-16,令和5年10月16日,変更認可,パイプたばこ,FUMARI Caramel Kiss,FUMARICARAMELKISS,100.0gﾊﾟｳﾁ,100,g,ｱﾒﾘｶ合衆国,3400,,,https://www.mof.go.jp/policy/tab_salt/topics/20231016_kouriteika.pdf,1,高
4b452b637fb26c9b,2023-10-16,令和5年10月16日,変更認可,パイプたばこ,FUMARI Razzberry Bliss,FUMARIRAZZBERRYBLISS,100.0gﾊﾟｳﾁ,100,g,ｱﾒﾘｶ合衆国,3400,,,https://www.mof.go.jp/policy/tab_salt/topics/20231016_kouriteika.pdf,1,高
64aa3e19f88d62cd,2023-10-16,令和5年10月16日,変更認可,パイプたばこ,MAZAYA Bahraini Two Apples,MAZAYABAHRAINITWOAPPLES,50.0g箱,50,g,ｱﾒﾘｶ合衆国,1350,,,https://www.mof.go.jp/policy/tab_salt/topics/20231016_kouriteika.pdf,1,高
27d937264b73cc43,2023-10-16,令和5年10月16日,変更認可,パイプたばこ,Shisha Kartel Macho Maniac,SHISHAKARTELMACHOMANIAC,20.0g箱,20,g,ｱﾗﾌﾞ首長国連邦,3600,,,https://www.mof.go.jp/policy/tab_salt/topics/20231016_kouriteika.pdf,1,高
29c13408ce6e82a5,2023-10-16,令和5年10月16日,変更認可,パイプたばこ,Shisha Kartel Silly Scientist,SHISHAKARTELSILLYSCIENTIST,20.0g箱,20,g,ｱﾗﾌﾞ首長国連邦,3600,,,https://www.mof.go.jp/policy/tab_salt/topics/20231016_kouriteika.pdf,1,高
466f46874e5ad469,2023-10-16,令和5年10月16日,変更認可,パイプたばこ,Tangiers 2005 Blueberry,TANGIERS2005BLUEBERRY,250.0g箱,250,g,ｱﾒﾘｶ合衆国,8500,,,https://www.mof.go.jp/policy/tab_salt/topics/20231016_kouriteika.pdf,1,高
0672792e9821eaf6,2023-10-16,令和5年10月16日,変更認可,パイプたばこ,Tangiers Melon Blend,TANGIERSMELONBLEND,250.0g箱,250,g,ｱﾒﾘｶ合衆国,8500,,,https://www.mof.go.jp/policy/tab_salt/topics/20231016_kouriteika.pdf,1,高
e4fbc3ddf0ad6ce5,2023-10-16,令和5年10月16日,変更認可,パイプたばこ,Tangiers Orange Soda,TANGIERSORANGESODA,250.0g箱,250,g,ｱﾒﾘｶ合衆国,8500,,,https://www.mof.go.jp/policy/tab_salt/topics/20231016_kouriteika.pdf,1,高
f15d5a8b5b4eba79,2023-10-16,令和5年10月16日,変更認可,パイプたばこ,Tangiers Papaya Sorbet,TANGIERSPAPAYASORBET,250.0g箱,250,g,ｱﾒﾘｶ合衆国,8500,,,https://www.mof.go.jp/policy/tab_salt/topics/20231016_kouriteika.pdf,1,高
04821c056f2780ce,2023-10-16,令和5年10月16日,変更認可,パイプたばこ,Tangiers Summer Resort,TANGIERSSUMMERRESORT,250.0g箱,250,g,ｱﾒﾘｶ合衆国,8500,,,https://www.mof.go.jp/policy/tab_salt/topics/20231016_kouriteika.pdf,1,高
d0110eb626491786,2023-10-16,令和5年10月16日,変更認可,パイプたばこ,Zodiac Aurora,ZODIACAURORA,20.0g箱,20,g,ｱﾗﾌﾞ首長国連邦,3600,,,https://www.mof.go.jp/policy/tab_salt/topics/20231016_kouriteika.pdf,1,高
235c367595ad3020,2023-10-16,令和5年10月16日,変更認可,パイプたばこ,Zodiac Perseus,ZODIACPERSEUS,20.0g箱,20,g,ｱﾗﾌﾞ首長国連邦,3600,,,https://www.mof.go.jp/policy/tab_salt/topics/20231016_kouriteika.pdf,1,高
b49d27aa520a0c1e,2023-10-10,令和5年10月10日,変更認可,加熱式たばこ,ｱｸｼｱ･ｸﾘｱ･ﾀﾊﾞｺ,アクシアクリアタバコ,F45 20ｽﾃｨｯｸﾊｰﾄﾞﾊﾟｯｸ,20,スティック,"ﾙｰﾏﾆｱ,大韓民国",480,,,https://www.mof.go.jp/policy/tab_salt/20231010_kouriteika.pdf,1,高
4baec00a7d2cea27,2023-10-10,令和5年10月10日,変更認可,加熱式たばこ,ｱｸｼｱ･ｽﾑｰｽ･ﾀﾊﾞｺ,アクシアスムースタバコ,F45 20ｽﾃｨｯｸﾊｰﾄﾞﾊﾟｯｸ,20,スティック,"ﾙｰﾏﾆｱ,大韓民国",480,,,https://www.mof.go.jp/policy/tab_salt/20231010_kouriteika.pdf,1,高
112820be1532a940,2023-10-10,令和5年10月10日,変更認可,加熱式たばこ,ｱｸｼｱ･ﾀﾞｰｸ･ｸﾞﾘｰﾝ,アクシアダークグリーン,F45 20ｽﾃｨｯｸﾊｰﾄﾞﾊﾟｯｸ,20,スティック,"ﾙｰﾏﾆｱ,大韓民国",480,,,https://www.mof.go.jp/policy/tab_salt/20231010_kouriteika.pdf,1,高
e6a25ea3674ae8a5,2023-10-10,令和5年10月10日,変更認可,加熱式たばこ,ｱｸｼｱ･ﾊﾟｰﾌﾟﾙ･ｱﾛﾏ,アクシアパープルアロマ,F45 20ｽﾃｨｯｸﾊｰﾄﾞﾊﾟｯｸ,20,スティック,"ﾙｰﾏﾆｱ,大韓民国",480,,,https://www.mof.go.jp/policy/tab_salt/20231010_kouriteika.pdf,1,高
92397f565df093c6,2023-10-10,令和5年10月10日,変更認可,加熱式たばこ,ｱｸｼｱ･ﾘｯﾁ･ﾀﾊﾞｺ,アクシアリッチタバコ,F45 20ｽﾃｨｯｸﾊｰﾄﾞﾊﾟｯｸ,20,スティック,"ﾙｰﾏﾆｱ,大韓民国",480,,,https://www.mof.go.jp/policy/tab_salt/20231010_kouriteika.pdf,1,高
c9b523c9c04f0ecd,2023-10-06,令和5年10月6日,変更認可,かぎたばこ,ﾍﾞﾛ･ｸﾘｰﾐｰ･ｺｰﾋｰ･ｲﾝﾃﾝｽ･ﾅﾉ,ベロクリーミーコーヒーインテンスナノ,15個缶,15,個,ﾊﾝｶﾞﾘｰ,300,,,https://www.mof.go.jp/policy/tab_salt/topics/20231006_kouriteika.pdf,1,高
76f52b01bbd67125,2023-10-02,令和5年10月2日,変更認可,加熱式たばこ,ｾﾝﾃｨｱ･ﾊﾞﾗﾝｽﾄﾞ･ｺﾞｰﾙﾄﾞ,センティアバランスドゴールド,F45 20ｽﾃｨｯｸﾊｰﾄﾞﾊﾟｯｸ,20,スティック,ｷﾞﾘｼｬ、ｲﾀﾘｱ、ﾙｰﾏﾆｱ,530,,,https://www.mof.go.jp/policy/tab_salt/topics/20231002_kouriteika.pdf,1,高
3931d73f4ea991b6,2023-09-29,令和5年9月29日,変更認可,パイプたばこ,ｺﾞｰﾙﾃﾞﾝｸﾛｰﾊﾞｰ,ゴールデンクローバー,100.0g缶,100,g,ﾗｵｽ,4600,,,https://www.mof.go.jp/policy/tab_salt/topics/20230929_kouriteika.pdf,1,高
0b8f26a37dae923f,2023-09-29,令和5年9月29日,変更認可,パイプたばこ,ｺﾞｰﾙﾃﾞﾝｸﾛｰﾊﾞｰ･ｴﾃﾞｨｼｮﾝ,ゴールデンクローバーエディション,100.0g缶,100,g,ﾗｵｽ,4600,,,https://www.mof.go.jp/policy/tab_salt/topics/20230929_kouriteika.pdf,1,高
cdb37e11126ab338,2023-09-29,令和5年9月29日,変更認可,葉巻たばこ,ﾀﾞﾋﾞﾄﾞﾌ ｱﾆﾍﾞﾙｻﾘｵ No.1 LE 2023,ダビドフアニベルサリオNO.1LE2023,220mm 1本,1,本,ｷｭｰﾊﾞ,18500,,,https://www.mof.go.jp/policy/tab_salt/topics/20230929_kouriteika.pdf,1,高
011c65c834915aeb,2023-09-29,令和5年9月29日,変更認可,葉巻たばこ,ﾀﾞﾋﾞﾄﾞﾌ ｳｨﾝｽﾄﾝﾁｬｰﾁﾙ ﾚｲﾄｱﾜｰ ﾍﾟﾃｨﾊﾟﾅﾃﾗ,ダビドフウィンストンチャーチルレイトアワーペティパナテラ,102mm 1本,1,本,ﾄﾞｲﾂ,3500,,,https://www.mof.go.jp/policy/tab_salt/topics/20230929_kouriteika.pdf,1,高
0f83e58c87664a32,2023-09-29,令和5年9月29日,変更認可,葉巻たばこ,ﾄﾘﾆﾀﾞｯﾄﾞ･50 ｱﾆﾍﾞﾙｻﾘｵ,トリニダッド50アニベルサリオ,155mm 1本,1,本,ｷｭｰﾊﾞ,1000000,,,https://www.mof.go.jp/policy/tab_salt/topics/20230929_kouriteika.pdf,1,高
5e9bd5205c9c14b4,2023-09-29,令和5年9月29日,変更認可,葉巻たばこ,ﾊﾝﾃﾞﾙｽｺﾞｰﾙﾄﾞ･ﾍﾞﾘｰ,ハンデルスゴールドベリー,97mm 1本,1,本,ﾄﾞｲﾂ,120,,,https://www.mof.go.jp/policy/tab_salt/topics/20230929_kouriteika.pdf,1,高
f49f90d6ff3f33d0,2023-09-15,令和5年9月15日,変更認可,葉巻たばこ,Cañonazo,CAÑONAZO,150mm 1本,1,本,ｷｭｰﾊﾞ,10000,,,https://www.mof.go.jp/policy/tab_salt/topics/20230915_kouriteika.pdf,1,高
ec88739a4b1ade37,2023-09-15,令和5年9月15日,変更認可,葉巻たばこ,ｷﾞﾙﾊﾞｰﾄ･ﾄﾞ･ﾓﾝｻﾙﾊﾞｰﾄ ｱﾆﾊﾞｻﾘ ｸﾞﾗﾝﾛﾌﾞｽﾄ,ギルバートドモンサルバートアニバサリグランロブスト,140mm 1本,1,本,ﾄﾞﾐﾆｶ共和国,3400,,,https://www.mof.go.jp/policy/tab_salt/topics/20230915_kouriteika.pdf,1,高
e502868c5854c7a9,2023-09-15,令和5年9月15日,変更認可,パイプたばこ,ｺｰﾈﾙﾃﾞｨｰﾙ･ｻﾝﾃﾞｰﾋﾟｸﾆｯｸ,コーネルディールサンデーピクニック,57.0g缶,57,g,ｱﾒﾘｶ合衆国,3150,,,https://www.mof.go.jp/policy/tab_salt/topics/20230915_kouriteika.pdf,1,高
28b6b83ec2aae85f,2023-09-15,令和5年9月15日,変更認可,パイプたばこ,ｺｰﾈﾙﾃﾞｨｰﾙ･ﾊﾟｲﾚｲﾄｹｰｸ2oz,コーネルディールパイレイトケーク2OZ,57.0g缶,57,g,ｱﾒﾘｶ合衆国,3150,,,https://www.mof.go.jp/policy/tab_salt/topics/20230915_kouriteika.pdf,1,高
40fd28a2fc27ca19,2023-09-15,令和5年9月15日,変更認可,パイプたばこ,ｼﾞｰｴﾙ･ﾋﾟｰｽ･ｳｴｽﾄﾐﾝｽﾀｰ,ジーエルピースウエストミンスター,57.0g缶,57,g,ｱﾒﾘｶ合衆国,3350,,,https://www.mof.go.jp/policy/tab_salt/topics/20230915_kouriteika.pdf,1,高
545b8f5b8d184439,2023-09-15,令和5年9月15日,変更認可,パイプたばこ,ｼﾞｰｴﾙ･ﾋﾟｰｽ･ｶｲﾛ,ジーエルピースカイロ,57.0g缶,57,g,ｱﾒﾘｶ合衆国,3350,,,https://www.mof.go.jp/policy/tab_salt/topics/20230915_kouriteika.pdf,1,高
99ecf5ee19dd42a7,2023-09-15,令和5年9月15日,変更認可,紙巻たばこ,ﾁｪ･ﾚｯﾄﾞ ﾘﾐﾃｯﾄﾞｴﾃﾞｨｼｮﾝ,チェレッドリミテッドエディション,F85mm 20本ﾊｰﾄﾞﾊﾟｯｸ,20,本,ﾙｸｾﾝﾌﾞﾙｸ,530,,,https://www.mof.go.jp/policy/tab_salt/topics/20230915_kouriteika.pdf,1,高
55a3a7f3a218f705,2023-09-15,令和5年9月15日,変更認可,葉巻たばこ,ﾌﾞﾘｯｸﾊｳｽ･ﾄﾛ,ブリックハウストロ,152mm 1本,1,本,ﾆｶﾗｸﾞｱ,1200,,,https://www.mof.go.jp/policy/tab_salt/topics/20230915_kouriteika.pdf,1,高
3d83b5ce2b3c3a79,2023-09-15,令和5年9月15日,変更認可,葉巻たばこ,ﾌﾞﾘｯｸﾊｳｽ･ﾄﾛ･ﾏﾃﾞｭｰﾛ,ブリックハウストロマデューロ,152mm 1本,1,本,ﾆｶﾗｸﾞｱ,1200,,,https://www.mof.go.jp/policy/tab_salt/topics/20230915_kouriteika.pdf,1,高
70ff65d69eb346c1,2023-09-15,令和5年9月15日,変更認可,葉巻たばこ,ﾌﾞﾘｯｸﾊｳｽ･ﾏｲﾃｨﾏｲﾃｨ･ﾏﾃﾞｭｰﾛ,ブリックハウスマイティマイティマデューロ,159mm 1本,1,本,ﾆｶﾗｸﾞｱ,1560,,,https://www.mof.go.jp/policy/tab_salt/topics/20230915_kouriteika.pdf,1,高
fdf520bbfdf79302,2023-09-15,令和5年9月15日,変更認可,パイプたばこ,ﾚｯﾄﾞﾌｨｰﾙﾄﾞ･ﾊﾆｰ,レッドフィールドハニー,20.0gﾊﾟｳﾁ,20,g,ﾍﾞﾙｷﾞｰ,530,,,https://www.mof.go.jp/policy/tab_salt/topics/20230915_kouriteika.pdf,1,高
8948ca89b8c6e95b,2023-09-15,令和5年9月15日,変更認可,パイプたばこ,ﾚｯﾄﾞﾌｨｰﾙﾄﾞ･ﾊﾞﾆﾗｷｬﾗﾒﾙ,レッドフィールドバニラキャラメル,20.0gﾊﾟｳﾁ,20,g,ﾍﾞﾙｷﾞｰ,530,,,https://www.mof.go.jp/policy/tab_salt/topics/20230915_kouriteika.pdf,1,高
8633c943ddd688da,2023-09-08,令和5年9月8日,変更認可,葉巻たばこ,ｼﾞﾉ ﾆｶﾗｸﾞｱ ﾊｰﾌｺﾛﾅ,ジノニカラグアハーフコロナ,102mm 1本,1,本,ﾆｶﾗｸﾞｱ,1800,,,https://www.mof.go.jp/policy/tab_salt/topics/20230908_kouriteika.pdf,1,高
77c8b0486e94f76b,2023-09-08,令和5年9月8日,変更認可,葉巻たばこ,ﾌｪﾘｵ ﾃｺﾞ ﾀｲﾑﾚｽ ｼｭﾌﾟﾘｰﾑ 554,フェリオテゴタイムレスシュプリーム554,127mm 1本,1,本,ﾆｶﾗｸﾞｱ,3700,,,https://www.mof.go.jp/policy/tab_salt/topics/20230908_kouriteika.pdf,1,高
4d7c5ba4e892cf74,2023-09-08,令和5年9月8日,変更認可,葉巻たばこ,ﾌｪﾘｵ ﾃｺﾞ ﾀｲﾑﾚｽ ｼｭﾌﾟﾘｰﾑ 652T,フェリオテゴタイムレスシュプリーム652T,152mm 1本,1,本,ﾆｶﾗｸﾞｱ,3700,,,https://www.mof.go.jp/policy/tab_salt/topics/20230908_kouriteika.pdf,1,高
ce0da3874bb3a85b,2023-09-08,令和5年9月8日,変更認可,葉巻たばこ,ﾌｪﾘｵ ﾃｺﾞ ﾀｲﾑﾚｽ ｼｭﾌﾟﾘｰﾑ 660,フェリオテゴタイムレスシュプリーム660,152mm 1本,1,本,ﾆｶﾗｸﾞｱ,5000,,,https://www.mof.go.jp/policy/tab_salt/topics/20230908_kouriteika.pdf,1,高
94d32e65a2471122,2023-09-08,令和5年9月8日,変更認可,葉巻たばこ,ﾌｪﾘｵ ﾃｺﾞ ﾀｲﾑﾚｽ ｼｭﾌﾟﾘｰﾑ 749,フェリオテゴタイムレスシュプリーム749,177mm 1本,1,本,ﾆｶﾗｸﾞｱ,4400,,,https://www.mof.go.jp/policy/tab_salt/topics/20230908_kouriteika.pdf,1,高
bd9f0720f67e759b,2023-09-08,令和5年9月8日,変更認可,葉巻たばこ,ﾌｪﾘｵ ﾃｺﾞ ﾀｲﾑﾚｽ ｽﾀｰﾘﾝｸﾞ ｺﾛﾅｺﾞﾙﾀﾞ,フェリオテゴタイムレススターリングコロナゴルダ,146mm 1本,1,本,ﾆｶﾗｸﾞｱ,3700,,,https://www.mof.go.jp/policy/tab_salt/topics/20230908_kouriteika.pdf,1,高
14f7367b8506e526,2023-09-08,令和5年9月8日,変更認可,葉巻たばこ,ﾌｪﾘｵ ﾃｺﾞ ﾀｲﾑﾚｽ ｽﾀｰﾘﾝｸﾞ ﾀﾞﾘｱｽ,フェリオテゴタイムレススターリングダリアス,165mm 1本,1,本,ﾆｶﾗｸﾞｱ,3400,,,https://www.mof.go.jp/policy/tab_salt/topics/20230908_kouriteika.pdf,1,高
3353e671255c06b9,2023-09-08,令和5年9月8日,変更認可,葉巻たばこ,ﾌｪﾘｵ ﾃｺﾞ ﾀｲﾑﾚｽ ｽﾀｰﾘﾝｸﾞ ﾁｬｰﾁﾙ,フェリオテゴタイムレススターリングチャーチル,177mm 1本,1,本,ﾆｶﾗｸﾞｱ,4400,,,https://www.mof.go.jp/policy/tab_salt/topics/20230908_kouriteika.pdf,1,高
a41852ec3859d04c,2023-09-08,令和5年9月8日,変更認可,葉巻たばこ,ﾌｪﾘｵ ﾃｺﾞ ﾀｲﾑﾚｽ ｽﾀｰﾘﾝｸﾞ ﾏﾚｳﾞｧｽ,フェリオテゴタイムレススターリングマレヴァス,139mm 1本,1,本,ﾆｶﾗｸﾞｱ,3100,,,https://www.mof.go.jp/policy/tab_salt/topics/20230908_kouriteika.pdf,1,高
62aac55cef70eb89,2023-09-08,令和5年9月8日,変更認可,葉巻たばこ,ﾌｪﾘｵ ﾃｺﾞ ﾀｲﾑﾚｽ ｽﾀｰﾘﾝｸﾞ ﾛﾌﾞｽﾄ,フェリオテゴタイムレススターリングロブスト,120mm 1本,1,本,ﾆｶﾗｸﾞｱ,3800,,,https://www.mof.go.jp/policy/tab_salt/topics/20230908_kouriteika.pdf,1,高
9f6ad967c4fddd96,2023-09-08,令和5年9月8日,変更認可,葉巻たばこ,ﾌｪﾘｵ ﾃｺﾞ ﾀｲﾑﾚｽ ﾊﾟﾅﾒﾘｶｰﾅ ｴﾋﾟｷｭｱ,フェリオテゴタイムレスパナメリカーナエピキュア,127mm 1本,1,本,ﾆｶﾗｸﾞｱ,4000,,,https://www.mof.go.jp/policy/tab_salt/topics/20230908_kouriteika.pdf,1,高
f8a6df9bfc84c647,2023-09-08,令和5年9月8日,変更認可,葉巻たばこ,ﾌｪﾘｵ ﾃｺﾞ ﾀｲﾑﾚｽ ﾊﾟﾅﾒﾘｶｰﾅ ｺﾞﾙﾄﾞ,フェリオテゴタイムレスパナメリカーナゴルド,152mm 1本,1,本,ﾆｶﾗｸﾞｱ,5800,,,https://www.mof.go.jp/policy/tab_salt/topics/20230908_kouriteika.pdf,1,高
023681a7aa19771f,2023-09-08,令和5年9月8日,変更認可,葉巻たばこ,ﾌｪﾘｵ ﾃｺﾞ ﾀｲﾑﾚｽ ﾊﾟﾅﾒﾘｶｰﾅ ｼﾞｭﾘｴｯﾀ,フェリオテゴタイムレスパナメリカーナジュリエッタ,177mm 1本,1,本,ﾆｶﾗｸﾞｱ,4800,,,https://www.mof.go.jp/policy/tab_salt/topics/20230908_kouriteika.pdf,1,高
43d51df7900493cb,2023-09-08,令和5年9月8日,変更認可,葉巻たばこ,ﾌｪﾘｵ ﾃｺﾞ ﾀｲﾑﾚｽ ﾊﾟﾅﾒﾘｶｰﾅ ﾍﾞﾘｺｿｽﾌｨﾉ,フェリオテゴタイムレスパナメリカーナベリコソスフィノ,139mm 1本,1,本,ﾆｶﾗｸﾞｱ,4400,,,https://www.mof.go.jp/policy/tab_salt/topics/20230908_kouriteika.pdf,1,高
f69b2282058e711f,2023-09-08,令和5年9月8日,変更認可,葉巻たばこ,ﾌｪﾘｵ ﾃｺﾞ ﾀｲﾑﾚｽ ﾌﾟﾚｽﾃｰｼﾞ No.2 ﾄﾙﾍﾟﾄﾞ,フェリオテゴタイムレスプレステージNO.2トルペド,158mm 1本,1,本,ﾆｶﾗｸﾞｱ,4100,,,https://www.mof.go.jp/policy/tab_salt/topics/20230908_kouriteika.pdf,1,高
ee0294e63117de46,2023-09-08,令和5年9月8日,変更認可,葉巻たばこ,ﾌｪﾘｵ ﾃｺﾞ ﾀｲﾑﾚｽ ﾌﾟﾚｽﾃｰｼﾞ ｴﾙﾓｿ,フェリオテゴタイムレスプレステージエルモソ,139mm 1本,1,本,ﾆｶﾗｸﾞｱ,4000,,,https://www.mof.go.jp/policy/tab_salt/topics/20230908_kouriteika.pdf,1,高
b4d3aa8dd1ca0dc0,2023-09-08,令和5年9月8日,変更認可,葉巻たばこ,ﾌｪﾘｵ ﾃｺﾞ ﾀｲﾑﾚｽ ﾌﾟﾚｽﾃｰｼﾞ ｺﾞﾙﾄﾞ,フェリオテゴタイムレスプレステージゴルド,152mm 1本,1,本,ﾆｶﾗｸﾞｱ,5700,,,https://www.mof.go.jp/policy/tab_salt/topics/20230908_kouriteika.pdf,1,高
0f41118884c7d629,2023-09-08,令和5年9月8日,変更認可,葉巻たばこ,ﾌｪﾘｵ ﾃｺﾞ ﾀｲﾑﾚｽ ﾌﾟﾚｽﾃｰｼﾞ ﾁｬｰﾁﾙ,フェリオテゴタイムレスプレステージチャーチル,177mm 1本,1,本,ﾆｶﾗｸﾞｱ,4100,,,https://www.mof.go.jp/policy/tab_salt/topics/20230908_kouriteika.pdf,1,高
bd8faa4c379edf9c,2023-09-08,令和5年9月8日,変更認可,葉巻たばこ,ﾌｪﾘｵ ﾃｺﾞ ﾀｲﾑﾚｽ ﾌﾟﾚｽﾃｰｼﾞ ﾛﾌﾞｽﾄ,フェリオテゴタイムレスプレステージロブスト,120mm 1本,1,本,ﾆｶﾗｸﾞｱ,3300,,,https://www.mof.go.jp/policy/tab_salt/topics/20230908_kouriteika.pdf,1,高
3eb586258a8e7f80,2023-09-08,令和5年9月8日,変更認可,葉巻たばこ,ｸﾞｱﾝﾀﾅﾒﾗ ｸﾘｽﾀﾚｽ,グアンタナメラクリスタレス,150mm 1本,1,本,ｷｭｰﾊﾞ,880,760,2023-10-01,https://www.mof.go.jp/policy/tab_salt/topics/20230908_kouriteikahenkou.pdf,1,高
27c32b2dd60168a4,2023-09-08,令和5年9月8日,変更認可,葉巻たばこ,ｸﾞｱﾝﾀﾅﾒﾗ ﾃﾞｼﾓｽ,グアンタナメラデシモス,134mm 1本,1,本,ｷｭｰﾊﾞ,580,500,2023-10-01,https://www.mof.go.jp/policy/tab_salt/topics/20230908_kouriteikahenkou.pdf,1,高
26cbc6a6208f41af,2023-09-08,令和5年9月8日,変更認可,葉巻たばこ,ｸﾞｱﾝﾀﾅﾒﾗ ﾌﾟﾘﾄｽ,グアンタナメラプリトス,106mm 1本,1,本,ｷｭｰﾊﾞ,380,330,2023-10-01,https://www.mof.go.jp/policy/tab_salt/topics/20230908_kouriteikahenkou.pdf,1,高
8361e9ccdcd13acb,2023-09-08,令和5年9月8日,変更認可,葉巻たばこ,ｸﾞｱﾝﾀﾅﾒﾗ･ﾐﾆｼｶﾞﾘﾛ,グアンタナメラミニシガリロ,81mm 20本,20,本,ｷｭｰﾊﾞ,1700,1500,2023-10-01,https://www.mof.go.jp/policy/tab_salt/topics/20230908_kouriteikahenkou.pdf,1,高
96ab9603ddc0eb58,2023-09-08,令和5年9月8日,変更認可,葉巻たばこ,ｺｲｰﾊﾞ･ｸﾗﾌﾞ,コイーバクラブ,96.5mm 20本,20,本,ｷｭｰﾊﾞ,4600,3800,2023-10-01,https://www.mof.go.jp/policy/tab_salt/topics/20230908_kouriteikahenkou.pdf,1,高
48e3148c5fd89543,2023-09-08,令和5年9月8日,変更認可,葉巻たばこ,ｺｲｰﾊﾞ･ｸﾗﾌﾞ 10's,コイーバクラブ10'S,96.5mm 10本,10,本,ｷｭｰﾊﾞ,2300,1900,2023-10-01,https://www.mof.go.jp/policy/tab_salt/topics/20230908_kouriteikahenkou.pdf,1,高
98423a25ba52a27d,2023-09-08,令和5年9月8日,変更認可,葉巻たばこ,ｺｲｰﾊﾞ･ｸﾗﾌﾞ ﾎﾜｲﾄ,コイーバクラブホワイト,96.5mm 20本,20,本,ｷｭｰﾊﾞ,4600,3800,2023-10-01,https://www.mof.go.jp/policy/tab_salt/topics/20230908_kouriteikahenkou.pdf,1,高
545aa02314d95c5b,2023-09-08,令和5年9月8日,変更認可,葉巻たばこ,ｺｲｰﾊﾞ･ｸﾗﾌﾞ ﾎﾜｲﾄ10,コイーバクラブホワイト10,96.5mm 10本,10,本,ｷｭｰﾊﾞ,2300,1900,2023-10-01,https://www.mof.go.jp/policy/tab_salt/topics/20230908_kouriteikahenkou.pdf,1,高
e01098fe022bb77f,2023-09-08,令和5年9月8日,変更認可,葉巻たばこ,ｺｲｰﾊﾞ･ｼｮｰﾄ,コイーバショート,82mm 1本,1,本,ｷｭｰﾊﾞ,340,280,2023-10-01,https://www.mof.go.jp/policy/tab_salt/topics/20230908_kouriteikahenkou.pdf,1,高
2e04381cfc03800d,2023-09-08,令和5年9月8日,変更認可,葉巻たばこ,ｺｲｰﾊﾞ･ﾐﾆｼｶﾞﾘﾛ,コイーバミニシガリロ,83mm 20本,20,本,ｷｭｰﾊﾞ,3800,3200,2023-10-01,https://www.mof.go.jp/policy/tab_salt/topics/20230908_kouriteikahenkou.pdf,1,高
290ebabe6d7c8900,2023-09-08,令和5年9月8日,変更認可,葉巻たばこ,ｺｲｰﾊﾞ･ﾐﾆｼｶﾞﾘﾛ ﾎﾜｲﾄ,コイーバミニシガリロホワイト,87mm 20本,20,本,ｷｭｰﾊﾞ,3800,3200,2023-10-01,https://www.mof.go.jp/policy/tab_salt/topics/20230908_kouriteikahenkou.pdf,1,高
7068e0aed1b8b763,2023-09-08,令和5年9月8日,変更認可,葉巻たばこ,ｺｲｰﾊﾞ･ﾐﾆｼｶﾞﾘﾛ ﾎﾜｲﾄ10,コイーバミニシガリロホワイト10,87mm 10本,10,本,ｷｭｰﾊﾞ,1900,1600,2023-10-01,https://www.mof.go.jp/policy/tab_salt/topics/20230908_kouriteikahenkou.pdf,1,高
a31526ad86fb9c4e,2023-09-08,令和5年9月8日,変更認可,葉巻たばこ,ｺｲｰﾊﾞ･ﾐﾆｼｶﾞﾘﾛ10's,コイーバミニシガリロ10'S,87mm 10本,10,本,ｷｭｰﾊﾞ,1900,1600,2023-10-01,https://www.mof.go.jp/policy/tab_salt/topics/20230908_kouriteikahenkou.pdf,1,高
d41f20283098f4df,2023-09-08,令和5年9月8日,変更認可,葉巻たばこ,ﾄﾘﾆﾀﾞｯﾄﾞ･ｼｮｰﾄ,トリニダッドショート,82mm 1本,1,本,ｷｭｰﾊﾞ,320,270,2023-10-01,https://www.mof.go.jp/policy/tab_salt/topics/20230908_kouriteikahenkou.pdf,1,高
34b4b2808aa23164,2023-09-08,令和5年9月8日,変更認可,葉巻たばこ,ﾊﾟﾙﾀｶﾞｽ･ｸﾗﾌﾞ,パルタガスクラブ,97mm,,,ｷｭｰﾊﾞ,163,140,2023-10-01,https://www.mof.go.jp/policy/tab_salt/topics/20230908_kouriteikahenkou.pdf,1,高
b61914f2eac6f94c,2023-09-08,令和5年9月8日,変更認可,葉巻たばこ,ﾊﾟﾙﾀｶﾞｽ･ｾﾘｰ ﾐﾆｼｶﾞﾘﾛ,パルタガスセリーミニシガリロ,83mm 20本,20,本,ｷｭｰﾊﾞ,2900,2500,2023-10-01,https://www.mof.go.jp/policy/tab_salt/topics/20230908_kouriteikahenkou.pdf,1,高
d0ee787c8852cdd5,2023-09-08,令和5年9月8日,変更認可,葉巻たばこ,ﾊﾟﾙﾀｶﾞｽ･ｾﾘｰ ﾐﾆｼｶﾞﾘﾛ 10's,パルタガスセリーミニシガリロ10'S,83mm 10本,10,本,ｷｭｰﾊﾞ,1450,1250,2023-10-01,https://www.mof.go.jp/policy/tab_salt/topics/20230908_kouriteikahenkou.pdf,1,高
e85de86fb2c6ca77,2023-09-08,令和5年9月8日,変更認可,葉巻たばこ,ﾊﾟﾙﾀｶﾞｽ･ｾﾘｰｸﾗﾌﾞ,パルタガスセリークラブ,97mm 20本,20,本,ｷｭｰﾊﾞ,3400,2900,2023-10-01,https://www.mof.go.jp/policy/tab_salt/topics/20230908_kouriteikahenkou.pdf,1,高
77ea944388b11749,2023-09-08,令和5年9月8日,変更認可,葉巻たばこ,ﾊﾟﾙﾀｶﾞｽ･ｾﾘｰｸﾗﾌﾞ10's,パルタガスセリークラブ10'S,97mm 10本,10,本,ｷｭｰﾊﾞ,1700,1450,2023-10-01,https://www.mof.go.jp/policy/tab_salt/topics/20230908_kouriteikahenkou.pdf,1,高
be6c38b035837743,2023-09-08,令和5年9月8日,変更認可,葉巻たばこ,ﾊﾟﾙﾀｶﾞｽ･ﾁｺ,パルタガスチコ,106mm 1本,1,本,ｷｭｰﾊﾞ,400,350,2023-10-01,https://www.mof.go.jp/policy/tab_salt/topics/20230908_kouriteikahenkou.pdf,1,高
ef8c1d04f6e982ed,2023-09-08,令和5年9月8日,変更認可,葉巻たばこ,ﾊﾟﾙﾀｶﾞｽ･ﾐﾆｼｶﾞﾘﾛ,パルタガスミニシガリロ,83mm 20本,20,本,ｷｭｰﾊﾞ,2650,2300,2023-10-01,https://www.mof.go.jp/policy/tab_salt/topics/20230908_kouriteikahenkou.pdf,1,高
d20db113591b30ac,2023-09-08,令和5年9月8日,変更認可,葉巻たばこ,ﾎｾ･L･ﾋﾟｴﾄﾞﾗ･ﾐﾆｼｶﾞﾘﾛ,ホセLピエドラミニシガリロ,78mm 20本,20,本,ｷｭｰﾊﾞ,2000,1800,2023-10-01,https://www.mof.go.jp/policy/tab_salt/topics/20230908_kouriteikahenkou.pdf,1,高
9fb91e1ab6e11055,2023-09-08,令和5年9月8日,変更認可,葉巻たばこ,ﾓﾝﾃｸﾘｽﾄ･ｵｰﾌﾟﾝ ﾐﾆｼｶﾞﾘﾛ10's,モンテクリストオープンミニシガリロ10'S,83mm 10本,10,本,ｷｭｰﾊﾞ,1550,1350,2023-10-01,https://www.mof.go.jp/policy/tab_salt/topics/20230908_kouriteikahenkou.pdf,1,高
b45a8cdebc512af3,2023-09-08,令和5年9月8日,変更認可,葉巻たばこ,ﾓﾝﾃｸﾘｽﾄ･ｵｰﾌﾟﾝ ﾐﾆｼｶﾞﾘﾛ20's,モンテクリストオープンミニシガリロ20'S,83mm 20本,20,本,ｷｭｰﾊﾞ,3100,2700,2023-10-01,https://www.mof.go.jp/policy/tab_salt/topics/20230908_kouriteikahenkou.pdf,1,高
837a02131f6faec7,2023-09-08,令和5年9月8日,変更認可,葉巻たばこ,ﾓﾝﾃｸﾘｽﾄ･ｵｰﾌﾟﾝｸﾗﾌﾞ 10's,モンテクリストオープンクラブ10'S,97mm 10本,10,本,ｷｭｰﾊﾞ,1850,1600,2023-10-01,https://www.mof.go.jp/policy/tab_salt/topics/20230908_kouriteikahenkou.pdf,1,高
49625825768e82ee,2023-09-08,令和5年9月8日,変更認可,葉巻たばこ,ﾓﾝﾃｸﾘｽﾄ･ｵｰﾌﾟﾝｸﾗﾌﾞ 20's,モンテクリストオープンクラブ20'S,97mm 20本,20,本,ｷｭｰﾊﾞ,3700,3200,2023-10-01,https://www.mof.go.jp/policy/tab_salt/topics/20230908_kouriteikahenkou.pdf,1,高
d8c5258bcbe577ac,2023-09-08,令和5年9月8日,変更認可,葉巻たばこ,ﾓﾝﾃｸﾘｽﾄ･ｸﾗﾌﾞ,モンテクリストクラブ,97mm 20本,20,本,ｷｭｰﾊﾞ,3700,3200,2023-10-01,https://www.mof.go.jp/policy/tab_salt/topics/20230908_kouriteikahenkou.pdf,1,高
e1b2e8f17cf1d5d2,2023-09-08,令和5年9月8日,変更認可,葉巻たばこ,ﾓﾝﾃｸﾘｽﾄ･ｸﾗﾌﾞ 10's,モンテクリストクラブ10'S,97mm 10本,10,本,ｷｭｰﾊﾞ,1850,1600,2023-10-01,https://www.mof.go.jp/policy/tab_salt/topics/20230908_kouriteikahenkou.pdf,1,高
f8c4bb67260d1bf5,2023-09-08,令和5年9月8日,変更認可,葉巻たばこ,ﾓﾝﾃｸﾘｽﾄ･ｼｮｰﾄ,モンテクリストショート,83mm 1本,1,本,ｷｭｰﾊﾞ,280,240,2023-10-01,https://www.mof.go.jp/policy/tab_salt/topics/20230908_kouriteikahenkou.pdf,1,高
e8545c67dca0f028,2023-09-08,令和5年9月8日,変更認可,葉巻たばこ,ﾓﾝﾃｸﾘｽﾄ･ﾐﾆｼｶﾞﾘﾛ,モンテクリストミニシガリロ,83mm 20本,20,本,ｷｭｰﾊﾞ,3100,2700,2023-10-01,https://www.mof.go.jp/policy/tab_salt/topics/20230908_kouriteikahenkou.pdf,1,高
4917c7dd56dbb574,2023-09-08,令和5年9月8日,変更認可,葉巻たばこ,ﾓﾝﾃｸﾘｽﾄ･ﾐﾆｼｶﾞﾘﾛ10's,モンテクリストミニシガリロ10'S,83mm 10本,10,本,ｷｭｰﾊﾞ,1550,1350,2023-10-01,https://www.mof.go.jp/policy/tab_salt/topics/20230908_kouriteikahenkou.pdf,1,高
3af06c34ee26d492,2023-09-08,令和5年9月8日,変更認可,葉巻たばこ,ﾓﾝﾃｸﾘｽﾄ･ﾐﾆｼｶﾞﾘﾛ50's,モンテクリストミニシガリロ50'S,82mm 1本,1,本,ｷｭｰﾊﾞ,162,140,2023-10-01,https://www.mof.go.jp/policy/tab_salt/topics/20230908_kouriteikahenkou.pdf,1,高
624f9f7051279d8a,2023-09-08,令和5年9月8日,変更認可,葉巻たばこ,ﾛﾒｵ･Y･ｼﾞｭﾘｴｯﾀ･ｸﾗﾌﾞ,ロメオYジュリエッタクラブ,97mm 20本,20,本,ｷｭｰﾊﾞ,3500,3000,2023-10-01,https://www.mof.go.jp/policy/tab_salt/topics/20230908_kouriteikahenkou.pdf,1,高
9b9b0c9dbc7cf085,2023-09-08,令和5年9月8日,変更認可,葉巻たばこ,ﾛﾒｵ･Y･ｼﾞｭﾘｴｯﾀ･ｽﾓｰﾙｼｶﾞﾘﾛ,ロメオYジュリエッタスモールシガリロ,83mm 20本,20,本,ｷｭｰﾊﾞ,3000,2600,2023-10-01,https://www.mof.go.jp/policy/tab_salt/topics/20230908_kouriteikahenkou.pdf,1,高
d5ec52d401ece60f,2023-09-08,令和5年9月8日,変更認可,葉巻たばこ,ﾛﾒｵ･Y･ｼﾞｭﾘｴｯﾀ･ｽﾓｰﾙｼｶﾞﾘﾛ50's,ロメオYジュリエッタスモールシガリロ50'S,83mm 50本,50,本,ｷｭｰﾊﾞ,7800,6750,2023-10-01,https://www.mof.go.jp/policy/tab_salt/topics/20230908_kouriteikahenkou.pdf,1,高
915041725ebab579,2023-09-08,令和5年9月8日,変更認可,葉巻たばこ,ﾛﾒｵ･Y･ｼﾞｭﾘｴｯﾀ･ﾌﾟﾘﾄｽ,ロメオYジュリエッタプリトス,107mm 1本,1,本,ｷｭｰﾊﾞ,420,360,2023-10-01,https://www.mof.go.jp/policy/tab_salt/topics/20230908_kouriteikahenkou.pdf,1,高
94c1e510c7958abc,2023-09-08,令和5年9月8日,変更認可,葉巻たばこ,ﾛﾒｵ･Y･ｼﾞｭﾘｴｯﾀ･ﾐﾆｼｶﾞﾘﾛ10's,ロメオYジュリエッタミニシガリロ10'S,83mm 10本,10,本,ｷｭｰﾊﾞ,1500,1300,2023-10-01,https://www.mof.go.jp/policy/tab_salt/topics/20230908_kouriteikahenkou.pdf,1,高
631a2eba62aa6fa4,2023-09-05,令和5年9月5日,変更認可,葉巻たばこ,CAPITOL CASINO,CAPITOLCASINO,140mm 1本,1,本,ﾆｶﾗｸﾞｱ,3000,,,https://www.mof.go.jp/policy/tab_salt/topics/20230905_kouriteika.pdf,1,高
b00d869f03874ea6,2023-09-05,令和5年9月5日,変更認可,葉巻たばこ,CAPITOL GALA,CAPITOLGALA,160mm 1本,1,本,ﾆｶﾗｸﾞｱ,3200,,,https://www.mof.go.jp/policy/tab_salt/topics/20230905_kouriteika.pdf,1,高
7928842606eff4a8,2023-09-05,令和5年9月5日,変更認可,葉巻たばこ,CAPITOL JACK,CAPITOLJACK,125mm 1本,1,本,ﾆｶﾗｸﾞｱ,2800,,,https://www.mof.go.jp/policy/tab_salt/topics/20230905_kouriteika.pdf,1,高
4f885ba20203259d,2023-09-05,令和5年9月5日,変更認可,パイプたばこ,JiBiAR Blue Orange,JIBIARBLUEORANGE,50.0g箱,50,g,ﾄﾙｺ,1750,,,https://www.mof.go.jp/policy/tab_salt/topics/20230905_kouriteika.pdf,1,高
44e913044d6b4de7,2023-09-05,令和5年9月5日,変更認可,パイプたばこ,JiBiAR Cardamom,JIBIARCARDAMOM,50.0g箱,50,g,ﾄﾙｺ,1750,,,https://www.mof.go.jp/policy/tab_salt/topics/20230905_kouriteika.pdf,1,高
3ee990c6370da685,2023-09-05,令和5年9月5日,変更認可,パイプたばこ,JiBiAR Choco Ice,JIBIARCHOCOICE,50.0g箱,50,g,ﾄﾙｺ,1750,,,https://www.mof.go.jp/policy/tab_salt/topics/20230905_kouriteika.pdf,1,高
eac590e1aec14745,2023-09-05,令和5年9月5日,変更認可,パイプたばこ,JiBiAR Coconut,JIBIARCOCONUT,50.0g箱,50,g,ﾄﾙｺ,1750,,,https://www.mof.go.jp/policy/tab_salt/topics/20230905_kouriteika.pdf,1,高
3051828bef3fb8d7,2023-09-05,令和5年9月5日,変更認可,パイプたばこ,JiBiAR Golden Rose,JIBIARGOLDENROSE,50.0g箱,50,g,ﾄﾙｺ,1750,,,https://www.mof.go.jp/policy/tab_salt/topics/20230905_kouriteika.pdf,1,高
23dfd941641a3c57,2023-09-05,令和5年9月5日,変更認可,パイプたばこ,JiBiAR Happy Mango,JIBIARHAPPYMANGO,50.0g箱,50,g,ﾄﾙｺ,1750,,,https://www.mof.go.jp/policy/tab_salt/topics/20230905_kouriteika.pdf,1,高
2f62009d5a54b744,2023-09-05,令和5年9月5日,変更認可,パイプたばこ,JiBiAR Ice,JIBIARICE,50.0g箱,50,g,ﾄﾙｺ,1750,,,https://www.mof.go.jp/policy/tab_salt/topics/20230905_kouriteika.pdf,1,高
035acd83ef45af65,2023-09-05,令和5年9月5日,変更認可,パイプたばこ,JiBiAR Ice Bonbon,JIBIARICEBONBON,50.0g箱,50,g,ﾄﾙｺ,1750,,,https://www.mof.go.jp/policy/tab_salt/topics/20230905_kouriteika.pdf,1,高
9604e709665275f2,2023-09-05,令和5年9月5日,変更認可,パイプたばこ,JiBiAR Ice Cola,JIBIARICECOLA,50.0g箱,50,g,ﾄﾙｺ,1750,,,https://www.mof.go.jp/policy/tab_salt/topics/20230905_kouriteika.pdf,1,高
2b47a691ae52a893,2023-09-05,令和5年9月5日,変更認可,パイプたばこ,JiBiAR Lemon,JIBIARLEMON,50.0g箱,50,g,ﾄﾙｺ,1750,,,https://www.mof.go.jp/policy/tab_salt/topics/20230905_kouriteika.pdf,1,高
b30b92a2f720e259,2023-09-05,令和5年9月5日,変更認可,パイプたばこ,JiBiAR Lemon Cake,JIBIARLEMONCAKE,50.0g箱,50,g,ﾄﾙｺ,1750,,,https://www.mof.go.jp/policy/tab_salt/topics/20230905_kouriteika.pdf,1,高
0a6f8485083abc16,2023-09-05,令和5年9月5日,変更認可,パイプたばこ,JiBiAR Milk,JIBIARMILK,50.0g箱,50,g,ﾄﾙｺ,1750,,,https://www.mof.go.jp/policy/tab_salt/topics/20230905_kouriteika.pdf,1,高
894082e2e9acf024,2023-09-05,令和5年9月5日,変更認可,パイプたばこ,JiBiAR Mint,JIBIARMINT,50.0g箱,50,g,ﾄﾙｺ,1750,,,https://www.mof.go.jp/policy/tab_salt/topics/20230905_kouriteika.pdf,1,高
bd7542e7e71319ce,2023-09-05,令和5年9月5日,変更認可,パイプたばこ,JiBiAR Pineapple,JIBIARPINEAPPLE,50.0g箱,50,g,ﾄﾙｺ,1750,,,https://www.mof.go.jp/policy/tab_salt/topics/20230905_kouriteika.pdf,1,高
8d744ad42894bb6d,2023-09-05,令和5年9月5日,変更認可,パイプたばこ,JiBiAR Pistachio Breeze,JIBIARPISTACHIOBREEZE,50.0g箱,50,g,ﾄﾙｺ,1750,,,https://www.mof.go.jp/policy/tab_salt/topics/20230905_kouriteika.pdf,1,高
35213aedab7d0151,2023-09-05,令和5年9月5日,変更認可,パイプたばこ,JiBiAR Power Drink,JIBIARPOWERDRINK,50.0g箱,50,g,ﾄﾙｺ,1750,,,https://www.mof.go.jp/policy/tab_salt/topics/20230905_kouriteika.pdf,1,高
1636430721d72b5e,2023-09-05,令和5年9月5日,変更認可,パイプたばこ,JiBiAR Two Apples Gold,JIBIARTWOAPPLESGOLD,50.0g箱,50,g,ﾄﾙｺ,1750,,,https://www.mof.go.jp/policy/tab_salt/topics/20230905_kouriteika.pdf,1,高
1918218e84e72a5e,2023-09-05,令和5年9月5日,変更認可,パイプたばこ,JiBiAR Vanilla,JIBIARVANILLA,50.0g箱,50,g,ﾄﾙｺ,1750,,,https://www.mof.go.jp/policy/tab_salt/topics/20230905_kouriteika.pdf,1,高
7e6c57f9972431a3,2023-09-05,令和5年9月5日,変更認可,パイプたばこ,JiBiAR White Chocolate,JIBIARWHITECHOCOLATE,50.0g箱,50,g,ﾄﾙｺ,1750,,,https://www.mof.go.jp/policy/tab_salt/topics/20230905_kouriteika.pdf,1,高
9d9574a7867afda9,2023-09-05,令和5年9月5日,変更認可,葉巻たばこ,ﾍﾞｶﾞﾌｨﾅ･F2･ﾄﾞｰﾌﾞﾙ ｶﾎﾟﾃ,ベガフィナF2ドーブルカポテ,149mm 1本,1,本,ﾆｶﾗｸﾞｱ,2400,,,https://www.mof.go.jp/policy/tab_salt/topics/20230905_kouriteika.pdf,1,高
4f91708342b78ac5,2023-09-05,令和5年9月5日,変更認可,葉巻たばこ,ﾍﾞｶﾞﾌｨﾅ･ｲﾔｰ ｵﾌﾞ ｻﾞ ﾗﾋﾞｯﾄ,ベガフィナイヤーオブザラビット,152mm 1本,1,本,ﾄﾙｺ,3400,,,https://www.mof.go.jp/policy/tab_salt/topics/20230905_kouriteika.pdf,1,高
b63fe699e150c429,2023-09-05,令和5年9月5日,変更認可,葉巻たばこ,ﾍﾞｶﾞﾌｨﾅ･ﾄﾘﾋﾞｭｰﾄ,ベガフィナトリビュート,120mm 1本,1,本,ﾆｶﾗｸﾞｱ,2000,,,https://www.mof.go.jp/policy/tab_salt/topics/20230905_kouriteika.pdf,1,高
3577d56f06cb2ecc,2023-09-05,令和5年9月5日,変更認可,葉巻たばこ,ﾍﾞｶﾞﾌｨﾅ･ﾆｶﾗｸﾞｱ ｸﾞﾗﾝ ﾌﾞﾙｶﾉ,ベガフィナニカラグアグランブルカノ,137mm 1本,1,本,ﾄﾙｺ,2000,,,https://www.mof.go.jp/policy/tab_salt/topics/20230905_kouriteika.pdf,1,高
eff3532b251fb77a,2023-09-05,令和5年9月5日,変更認可,葉巻たばこ,ﾍﾞｶﾞﾌｨﾅ･ﾆｶﾗｸﾞｱ ﾚｾﾞﾙﾊﾞ,ベガフィナニカラグアレゼルバ,152mm 1本,1,本,ﾄﾙｺ,2800,,,https://www.mof.go.jp/policy/tab_salt/topics/20230905_kouriteika.pdf,1,高
b51907002bc0aef1,2023-09-05,令和5年9月5日,変更認可,パイプたばこ,JiBiAR Blue Mist,JIBIARBLUEMIST,50.0g箱,50,g,ﾄﾙｺ,1750,,,https://www.mof.go.jp/policy/tab_salt/topics/20230905_kouriteika.pdf,2,高
e4d54a0962fa994b,2023-09-05,令和5年9月5日,変更認可,パイプたばこ,JiBiAR Blueberry,JIBIARBLUEBERRY,50.0g箱,50,g,ﾄﾙｺ,1750,,,https://www.mof.go.jp/policy/tab_salt/topics/20230905_kouriteika.pdf,2,高
499486be603a2470,2023-09-05,令和5年9月5日,変更認可,パイプたばこ,JiBiAR Chai Lemon,JIBIARCHAILEMON,50.0g箱,50,g,ﾄﾙｺ,1750,,,https://www.mof.go.jp/policy/tab_salt/topics/20230905_kouriteika.pdf,2,高
4fd6a7dd9dfa33ec,2023-09-05,令和5年9月5日,変更認可,パイプたばこ,JiBiAR Chocolate Chill,JIBIARCHOCOLATECHILL,50.0g箱,50,g,ﾄﾙｺ,1750,,,https://www.mof.go.jp/policy/tab_salt/topics/20230905_kouriteika.pdf,2,高
6c97a5962f5adc6e,2023-09-05,令和5年9月5日,変更認可,パイプたばこ,JiBiAR Cigar,JIBIARCIGAR,50.0g箱,50,g,ﾄﾙｺ,1750,,,https://www.mof.go.jp/policy/tab_salt/topics/20230905_kouriteika.pdf,2,高
edad4b1f97205cf2,2023-09-05,令和5年9月5日,変更認可,パイプたばこ,JiBiAR Cinnamon Gum,JIBIARCINNAMONGUM,50.0g箱,50,g,ﾄﾙｺ,1750,,,https://www.mof.go.jp/policy/tab_salt/topics/20230905_kouriteika.pdf,2,高
6c95e6020870ad94,2023-09-05,令和5年9月5日,変更認可,パイプたばこ,JiBiAR Dejavu,JIBIARDEJAVU,50.0g箱,50,g,ﾄﾙｺ,1750,,,https://www.mof.go.jp/policy/tab_salt/topics/20230905_kouriteika.pdf,2,高
c1f1ea1d0519dffd,2023-09-05,令和5年9月5日,変更認可,パイプたばこ,JiBiAR Ice Cactus,JIBIARICECACTUS,50.0g箱,50,g,ﾄﾙｺ,1750,,,https://www.mof.go.jp/policy/tab_salt/topics/20230905_kouriteika.pdf,2,高
a0ff8c255ab177ae,2023-09-05,令和5年9月5日,変更認可,パイプたばこ,JiBiAR Ice Green Apple,JIBIARICEGREENAPPLE,50.0g箱,50,g,ﾄﾙｺ,1750,,,https://www.mof.go.jp/policy/tab_salt/topics/20230905_kouriteika.pdf,2,高
2add0edd4d187dc1,2023-09-05,令和5年9月5日,変更認可,パイプたばこ,JiBiAR Ice Pineapple,JIBIARICEPINEAPPLE,50.0g箱,50,g,ﾄﾙｺ,1750,,,https://www.mof.go.jp/policy/tab_salt/topics/20230905_kouriteika.pdf,2,高
58ce36f61696f41c,2023-09-05,令和5年9月5日,変更認可,パイプたばこ,JiBiAR Lavender,JIBIARLAVENDER,50.0g箱,50,g,ﾄﾙｺ,1750,,,https://www.mof.go.jp/policy/tab_salt/topics/20230905_kouriteika.pdf,2,高
4db8c257e2f660b2,2023-09-05,令和5年9月5日,変更認可,パイプたばこ,JiBiAR Lychee,JIBIARLYCHEE,50.0g箱,50,g,ﾄﾙｺ,1750,,,https://www.mof.go.jp/policy/tab_salt/topics/20230905_kouriteika.pdf,2,高
24fdfb322268c8cb,2023-09-05,令和5年9月5日,変更認可,パイプたばこ,JiBiAR Mango Passion,JIBIARMANGOPASSION,50.0g箱,50,g,ﾄﾙｺ,1750,,,https://www.mof.go.jp/policy/tab_salt/topics/20230905_kouriteika.pdf,2,高
49789d4612074086,2023-09-05,令和5年9月5日,変更認可,パイプたばこ,JiBiAR Paan Raas,JIBIARPAANRAAS,50.0g箱,50,g,ﾄﾙｺ,1750,,,https://www.mof.go.jp/policy/tab_salt/topics/20230905_kouriteika.pdf,2,高
ed0d37d9f54f38c3,2023-09-05,令和5年9月5日,変更認可,パイプたばこ,JiBiAR Paradise Island,JIBIARPARADISEISLAND,50.0g箱,50,g,ﾄﾙｺ,1750,,,https://www.mof.go.jp/policy/tab_salt/topics/20230905_kouriteika.pdf,2,高
c459803d2ecb43bd,2023-09-05,令和5年9月5日,変更認可,パイプたばこ,JiBiAR Taiga,JIBIARTAIGA,50.0g箱,50,g,ﾄﾙｺ,1750,,,https://www.mof.go.jp/policy/tab_salt/topics/20230905_kouriteika.pdf,2,高
6e5a165b3d178476,2023-09-05,令和5年9月5日,変更認可,パイプたばこ,JiBiAR Tiramisu,JIBIARTIRAMISU,50.0g箱,50,g,ﾄﾙｺ,1750,,,https://www.mof.go.jp/policy/tab_salt/topics/20230905_kouriteika.pdf,2,高
cce71d3c9465c241,2023-09-05,令和5年9月5日,変更認可,パイプたばこ,JiBiAR Two Apples,JIBIARTWOAPPLES,50.0g箱,50,g,ﾄﾙｺ,1750,,,https://www.mof.go.jp/policy/tab_salt/topics/20230905_kouriteika.pdf,2,高
3a752f74e6a8db5b,2023-09-01,令和5年9月1日,変更認可,加熱式たばこ,ﾗｯｷｰ･ｽﾄﾗｲｸ･ﾄﾛﾋﾟｶﾙ･ﾌﾞｰｽﾄ･glo hyper用,ラッキーストライクトロピカルブーストGLOHYPER用,ﾌｨﾙﾀｰ付 20本ﾊｰﾄﾞﾊﾟｯｸ,20,本,大韓民国,400,,,https://www.mof.go.jp/policy/tab_salt/topics/20230901_kouriteika1.pdf,1,高
4c19e97ee4ab5fdf,2023-09-01,令和5年9月1日,変更認可,加熱式たばこ,ﾗｯｷｰ･ｽﾄﾗｲｸ･ﾍﾞﾘｰ･ﾌﾞｰｽﾄ･glo hyper用,ラッキーストライクベリーブーストGLOHYPER用,ﾌｨﾙﾀｰ付 20本ﾊｰﾄﾞﾊﾟｯｸ,20,本,大韓民国,400,,,https://www.mof.go.jp/policy/tab_salt/topics/20230901_kouriteika1.pdf,1,高
1cb2241f9227503e,2023-09-01,令和5年9月1日,変更認可,パイプたばこ,Al Fakher Diamond Dust,ALFAKHERDIAMONDDUST,50.0g箱,50,g,ﾄﾞｲﾂ,1350,,,https://www.mof.go.jp/policy/tab_salt/topics/20230901_kouriteika2.pdf,1,高
56f85a931a4efbc2,2023-09-01,令和5年9月1日,変更認可,パイプたばこ,Al Fakher Dream Scape,ALFAKHERDREAMSCAPE,50.0g箱,50,g,ﾄﾞｲﾂ,1350,,,https://www.mof.go.jp/policy/tab_salt/topics/20230901_kouriteika2.pdf,1,高
49a63c4832cc8915,2023-09-01,令和5年9月1日,変更認可,パイプたばこ,Al Fakher Harvest Moon,ALFAKHERHARVESTMOON,50.0g箱,50,g,ﾄﾙｺ,1350,,,https://www.mof.go.jp/policy/tab_salt/topics/20230901_kouriteika2.pdf,1,高
444386019d8d2c0c,2023-09-01,令和5年9月1日,変更認可,パイプたばこ,Azure Lemon Sage Gold Line,AZURELEMONSAGEGOLDLINE,100.0gﾊﾟｳﾁ,100,g,ﾄﾙｺ,3500,,,https://www.mof.go.jp/policy/tab_salt/topics/20230901_kouriteika2.pdf,1,高
9acf87a425a0b2f1,2023-09-01,令和5年9月1日,変更認可,パイプたばこ,DEBAJ CARDAMON,DEBAJCARDAMON,1000.0g箱,1000,g,ﾄﾙｺ,33000,,,https://www.mof.go.jp/policy/tab_salt/topics/20230901_kouriteika2.pdf,1,高
f3ee91e4d95a9240,2023-09-01,令和5年9月1日,変更認可,パイプたばこ,DEBAJ GUAVA,DEBAJGUAVA,1000.0g箱,1000,g,ﾄﾙｺ,33000,,,https://www.mof.go.jp/policy/tab_salt/topics/20230901_kouriteika2.pdf,1,高
0e838866d82bef61,2023-09-01,令和5年9月1日,変更認可,パイプたばこ,DEBAJ ICE SPICY COLA,DEBAJICESPICYCOLA,1000.0g箱,1000,g,ﾄﾙｺ,33000,,,https://www.mof.go.jp/policy/tab_salt/topics/20230901_kouriteika2.pdf,1,高
c7730a2adc935ffb,2023-09-01,令和5年9月1日,変更認可,パイプたばこ,DEBAJ MILK,DEBAJMILK,1000.0g箱,1000,g,ﾄﾙｺ,33000,,,https://www.mof.go.jp/policy/tab_salt/topics/20230901_kouriteika2.pdf,1,高
9d631b08738c1891,2023-09-01,令和5年9月1日,変更認可,パイプたばこ,DEBAJ PAN RASNA,DEBAJPANRASNA,1000.0g箱,1000,g,ﾄﾙｺ,33000,,,https://www.mof.go.jp/policy/tab_salt/topics/20230901_kouriteika2.pdf,1,高
47a6731813bd5f28,2023-09-01,令和5年9月1日,変更認可,パイプたばこ,DEBAJ SEA MINT,DEBAJSEAMINT,1000.0g箱,1000,g,ﾄﾙｺ,33000,,,https://www.mof.go.jp/policy/tab_salt/topics/20230901_kouriteika2.pdf,1,高
8c6e277206d7c7aa,2023-09-01,令和5年9月1日,変更認可,パイプたばこ,LIRRA ROYAL TEA,LIRRAROYALTEA,50.0g箱,50,g,ﾄﾙｺ,1650,,,https://www.mof.go.jp/policy/tab_salt/topics/20230901_kouriteika2.pdf,1,高
79864abfb0898baf,2023-09-01,令和5年9月1日,変更認可,パイプたばこ,Shisha Kartel Bullets or Benjamins,SHISHAKARTELBULLETSORBENJAMINS,50.0g箱,50,g,ﾄﾙｺ,1600,,,https://www.mof.go.jp/policy/tab_salt/topics/20230901_kouriteika2.pdf,1,高
2743d87aa36cf10d,2023-09-01,令和5年9月1日,変更認可,パイプたばこ,Shisha Kartel Capo Dei Capi,SHISHAKARTELCAPODEICAPI,50.0g箱,50,g,ﾄﾙｺ,1600,,,https://www.mof.go.jp/policy/tab_salt/topics/20230901_kouriteika2.pdf,1,高
038b25d0f832f8d0,2023-09-01,令和5年9月1日,変更認可,パイプたばこ,Shisha Kartel Guilty Gang,SHISHAKARTELGUILTYGANG,50.0g箱,50,g,ﾄﾙｺ,1600,,,https://www.mof.go.jp/policy/tab_salt/topics/20230901_kouriteika2.pdf,1,高
99e97adc4689c654,2023-09-01,令和5年9月1日,変更認可,パイプたばこ,Shisha Kartel Krazee Kombo,SHISHAKARTELKRAZEEKOMBO,50.0g箱,50,g,ﾄﾙｺ,1600,,,https://www.mof.go.jp/policy/tab_salt/topics/20230901_kouriteika2.pdf,1,高
140e406be45febe6,2023-09-01,令和5年9月1日,変更認可,パイプたばこ,Shisha Kartel Money Madness,SHISHAKARTELMONEYMADNESS,50.0g箱,50,g,ﾄﾙｺ,1600,,,https://www.mof.go.jp/policy/tab_salt/topics/20230901_kouriteika2.pdf,1,高
82aef712f5ee1efa,2023-09-01,令和5年9月1日,変更認可,パイプたばこ,Shisha Kartel Sexy Sheba,SHISHAKARTELSEXYSHEBA,50.0g箱,50,g,ﾄﾙｺ,1600,,,https://www.mof.go.jp/policy/tab_salt/topics/20230901_kouriteika2.pdf,1,高
4c79f54bd644d1d4,2023-09-01,令和5年9月1日,変更認可,パイプたばこ,Trifecta Dark Pineapple,TRIFECTADARKPINEAPPLE,250.0gﾌﾟﾗｹｰｽ,250,g,ﾄﾙｺ,8250,,,https://www.mof.go.jp/policy/tab_salt/topics/20230901_kouriteika2.pdf,1,高
c3b52e56c6fdf0e5,2023-09-01,令和5年9月1日,変更認可,葉巻たばこ,ｱｳﾞｫ ｼｰｽﾞﾝｽﾞ ﾘﾐﾃｯﾄﾞｴﾃﾞｨｼｮﾝ 2023 ｻﾏｰ,アヴォシーズンズリミテッドエディション2023サマー,168mm 1本,1,本,ﾄﾞｲﾂ,6600,,,https://www.mof.go.jp/policy/tab_salt/topics/20230901_kouriteika2.pdf,1,高
7868d82303b6d3aa,2023-09-01,令和5年9月1日,変更認可,葉巻たばこ,ｸﾗﾌﾞﾏｽﾀｰ ｽｰﾍﾟﾘｱ･ｽﾏﾄﾗ,クラブマスタースーペリアスマトラ,75mm 20本缶,20,本,ﾄﾞｲﾂ,1300,,,https://www.mof.go.jp/policy/tab_salt/topics/20230901_kouriteika2.pdf,1,高
976435069cbd79f8,2023-09-01,令和5年9月1日,変更認可,葉巻たばこ,ｸﾗﾌﾞﾏｽﾀｰ ｽｰﾍﾟﾘｱ･ﾌﾞﾗｼﾞﾙ,クラブマスタースーペリアブラジル,75mm 20本缶,20,本,ﾄﾞｲﾂ,1300,,,https://www.mof.go.jp/policy/tab_salt/topics/20230901_kouriteika2.pdf,1,高
73a2d77cbef9fbbb,2023-09-01,令和5年9月1日,変更認可,葉巻たばこ,ﾀﾞﾋﾞﾄﾞﾌ ｴｽｸﾘｵ ﾍﾟﾃｨﾛﾌﾞｽﾄ ｱﾝｶｯﾄ LE2023,ダビドフエスクリオペティロブストアンカットLE2023,108mm 1本,1,本,ﾄﾞｲﾂ,4700,,,https://www.mof.go.jp/policy/tab_salt/topics/20230901_kouriteika2.pdf,1,高
c39bc2d4948ffb14,2023-09-01,令和5年9月1日,変更認可,葉巻たばこ,ﾀﾞﾋﾞﾄﾞﾌ ﾆｶﾗｸﾞｱ ﾄﾛ ｱﾝｶｯﾄ LE 2023,ダビドフニカラグアトロアンカットLE2023,165mm 1本,1,本,ﾄﾞｲﾂ,5800,,,https://www.mof.go.jp/policy/tab_salt/topics/20230901_kouriteika2.pdf,1,高
2c0f762133845494,2023-09-01,令和5年9月1日,変更認可,葉巻たばこ,ﾀﾞﾋﾞﾄﾞﾌ ﾆｶﾗｸﾞｱ ﾛﾌﾞｽﾄ ｱﾝｶｯﾄ LE 2023,ダビドフニカラグアロブストアンカットLE2023,127mm 1本,1,本,ﾄﾞｲﾂ,4500,,,https://www.mof.go.jp/policy/tab_salt/topics/20230901_kouriteika2.pdf,1,高
8361a79954515d6b,2023-09-01,令和5年9月1日,変更認可,葉巻たばこ,ﾀﾞﾋﾞﾄﾞﾌ ﾔﾏｻ ﾍﾟﾃｨﾁｬｰﾁﾙ ｱﾝｶｯﾄ LE2023,ダビドフヤマサペティチャーチルアンカットLE2023,130mm 1本,1,本,ﾄﾞｲﾂ,3900,,,https://www.mof.go.jp/policy/tab_salt/topics/20230901_kouriteika2.pdf,1,高
b715ac5988a91c0b,2023-09-01,令和5年9月1日,変更認可,葉巻たばこ,ﾀﾞﾋﾞﾄﾞﾌ ﾔﾏｻ ﾛﾌﾞｽﾄ ｱﾝｶｯﾄ LE 2023,ダビドフヤマサロブストアンカットLE2023,152mm 1本,1,本,ﾄﾞｲﾂ,6400,,,https://www.mof.go.jp/policy/tab_salt/topics/20230901_kouriteika2.pdf,1,高
9dbb2605306d4133,2023-09-01,令和5年9月1日,変更認可,紙巻たばこ,ﾌﾞﾗｯｸﾃﾞﾋﾞﾙ ﾋﾟﾝｸﾊﾞﾆﾗ,ブラックデビルピンクバニラ,F85mm 20本ﾊｰﾄﾞﾊﾟｯｸ,20,本,ｵﾗﾝﾀﾞ,560,,,https://www.mof.go.jp/policy/tab_salt/topics/20230901_kouriteika2.pdf,1,高
5539b6dd66e5139d,2023-09-01,令和5年9月1日,変更認可,パイプたばこ,DEBAJ BRAZILIANA,DEBAJBRAZILIANA,1000.0g箱,1000,g,ﾛｼｱ,33000,,,https://www.mof.go.jp/policy/tab_salt/topics/20230901_kouriteika2.pdf,2,高
ccfcbfddcf0a9253,2023-09-01,令和5年9月1日,変更認可,パイプたばこ,DEBAJ CARDAMON MILK,DEBAJCARDAMONMILK,1000.0g箱,1000,g,ﾛｼｱ,33000,,,https://www.mof.go.jp/policy/tab_salt/topics/20230901_kouriteika2.pdf,2,高
79c3961d04d0b760,2023-09-01,令和5年9月1日,変更認可,パイプたばこ,DEBAJ TWO LEMON,DEBAJTWOLEMON,1000.0g箱,1000,g,ﾛｼｱ,33000,,,https://www.mof.go.jp/policy/tab_salt/topics/20230901_kouriteika2.pdf,2,高
aea179d4ac371e9d,2023-09-01,令和5年9月1日,変更認可,パイプたばこ,SEBERO Apricot,SEBEROAPRICOT,40.0g箱,40,g,ﾛｼｱ,1700,,,https://www.mof.go.jp/policy/tab_salt/topics/20230901_kouriteika2.pdf,2,高
886e23e95df9506f,2023-09-01,令和5年9月1日,変更認可,パイプたばこ,SEBERO Arctic,SEBEROARCTIC,40.0g箱,40,g,ﾛｼｱ,1700,,,https://www.mof.go.jp/policy/tab_salt/topics/20230901_kouriteika2.pdf,2,高
f8a0a0648d7eb15e,2023-09-01,令和5年9月1日,変更認可,パイプたばこ,SEBERO Banana,SEBEROBANANA,40.0g箱,40,g,ﾛｼｱ,1700,,,https://www.mof.go.jp/policy/tab_salt/topics/20230901_kouriteika2.pdf,2,高
eab86dbcea012e5c,2023-09-01,令和5年9月1日,変更認可,パイプたばこ,SEBERO Banana Chocolate,SEBEROBANANACHOCOLATE,40.0g箱,40,g,ﾛｼｱ,1700,,,https://www.mof.go.jp/policy/tab_salt/topics/20230901_kouriteika2.pdf,2,高
49bfce7056db8d77,2023-09-01,令和5年9月1日,変更認可,パイプたばこ,SEBERO Banana Strawberry,SEBEROBANANASTRAWBERRY,40.0g箱,40,g,ﾛｼｱ,1700,,,https://www.mof.go.jp/policy/tab_salt/topics/20230901_kouriteika2.pdf,2,高
2769ba24097bdcad,2023-09-01,令和5年9月1日,変更認可,パイプたばこ,SEBERO Barberry,SEBEROBARBERRY,40.0g箱,40,g,ﾛｼｱ,1700,,,https://www.mof.go.jp/policy/tab_salt/topics/20230901_kouriteika2.pdf,2,高
63a1e075547a2550,2023-09-01,令和5年9月1日,変更認可,パイプたばこ,SEBERO Berry Black,SEBEROBERRYBLACK,40.0g箱,40,g,ﾛｼｱ,1700,,,https://www.mof.go.jp/policy/tab_salt/topics/20230901_kouriteika2.pdf,2,高
5d4382a6fa103227,2023-09-01,令和5年9月1日,変更認可,パイプたばこ,SEBERO Bubble Gum,SEBEROBUBBLEGUM,40.0g箱,40,g,ﾛｼｱ,1700,,,https://www.mof.go.jp/policy/tab_salt/topics/20230901_kouriteika2.pdf,2,高
7063b8dbee8e89d0,2023-09-01,令和5年9月1日,変更認可,パイプたばこ,SEBERO Chocolate,SEBEROCHOCOLATE,40.0g箱,40,g,ﾛｼｱ,1700,,,https://www.mof.go.jp/policy/tab_salt/topics/20230901_kouriteika2.pdf,2,高
b158a1711d4c2b40,2023-09-01,令和5年9月1日,変更認可,パイプたばこ,SEBERO Citrus Fizz,SEBEROCITRUSFIZZ,40.0g箱,40,g,ﾛｼｱ,1700,,,https://www.mof.go.jp/policy/tab_salt/topics/20230901_kouriteika2.pdf,2,高
c7ac42d92aa0fa89,2023-09-01,令和5年9月1日,変更認可,パイプたばこ,SEBERO Citrus Fizz,SEBEROCITRUSFIZZ,100.0g箱,100,g,ﾛｼｱ,4200,,,https://www.mof.go.jp/policy/tab_salt/topics/20230901_kouriteika2.pdf,2,高
d8f8aec5f18e6dd3,2023-09-01,令和5年9月1日,変更認可,パイプたばこ,SEBERO Feijoa,SEBEROFEIJOA,40.0g箱,40,g,ﾛｼｱ,1700,,,https://www.mof.go.jp/policy/tab_salt/topics/20230901_kouriteika2.pdf,2,高
c746ebc620765c3c,2023-09-01,令和5年9月1日,変更認可,パイプたばこ,SEBERO Feijoa,SEBEROFEIJOA,100.0g箱,100,g,ﾛｼｱ,4200,,,https://www.mof.go.jp/policy/tab_salt/topics/20230901_kouriteika2.pdf,2,高
605a1bf9efe58169,2023-09-01,令和5年9月1日,変更認可,パイプたばこ,SEBERO Garnet Cherry,SEBEROGARNETCHERRY,40.0g箱,40,g,ﾛｼｱ,1700,,,https://www.mof.go.jp/policy/tab_salt/topics/20230901_kouriteika2.pdf,2,高
85f16c8f488420f9,2023-09-01,令和5年9月1日,変更認可,パイプたばこ,SEBERO Grapes,SEBEROGRAPES,40.0g箱,40,g,ﾛｼｱ,1700,,,https://www.mof.go.jp/policy/tab_salt/topics/20230901_kouriteika2.pdf,2,高
d2b1b120755abaed,2023-09-01,令和5年9月1日,変更認可,パイプたばこ,SEBERO Kivi Fresh,SEBEROKIVIFRESH,40.0g箱,40,g,ﾛｼｱ,1700,,,https://www.mof.go.jp/policy/tab_salt/topics/20230901_kouriteika2.pdf,2,高
1156f43a67f2582b,2023-09-01,令和5年9月1日,変更認可,パイプたばこ,SEBERO Mint,SEBEROMINT,40.0g箱,40,g,ﾛｼｱ,1700,,,https://www.mof.go.jp/policy/tab_salt/topics/20230901_kouriteika2.pdf,2,高
502d349e2d543bf8,2023-09-01,令和5年9月1日,変更認可,パイプたばこ,SEBERO Orange,SEBEROORANGE,40.0g箱,40,g,ﾛｼｱ,1700,,,https://www.mof.go.jp/policy/tab_salt/topics/20230901_kouriteika2.pdf,2,高
f0f3b1eb23034cf6,2023-09-01,令和5年9月1日,変更認可,パイプたばこ,SEBERO Orange Chocolate,SEBEROORANGECHOCOLATE,40.0g箱,40,g,ﾛｼｱ,1700,,,https://www.mof.go.jp/policy/tab_salt/topics/20230901_kouriteika2.pdf,2,高
b45da484e185aba1,2023-09-01,令和5年9月1日,変更認可,パイプたばこ,SEBERO Pineapple,SEBEROPINEAPPLE,40.0g箱,40,g,ﾛｼｱ,1700,,,https://www.mof.go.jp/policy/tab_salt/topics/20230901_kouriteika2.pdf,2,高
0d71ed60d4a7c776,2023-09-01,令和5年9月1日,変更認可,パイプたばこ,SEBERO Raspberries,SEBERORASPBERRIES,40.0g箱,40,g,ﾛｼｱ,1700,,,https://www.mof.go.jp/policy/tab_salt/topics/20230901_kouriteika2.pdf,2,高
6acc845d48441a39,2023-09-01,令和5年9月1日,変更認可,パイプたばこ,SEBERO Strawberry,SEBEROSTRAWBERRY,40.0g箱,40,g,ﾛｼｱ,1700,,,https://www.mof.go.jp/policy/tab_salt/topics/20230901_kouriteika2.pdf,2,高
1bcf02b8dbd69b5a,2023-09-01,令和5年9月1日,変更認可,パイプたばこ,SEBERO Thai,SEBEROTHAI,40.0g箱,40,g,ﾛｼｱ,1700,,,https://www.mof.go.jp/policy/tab_salt/topics/20230901_kouriteika2.pdf,2,高
4e867e248c7c6a2b,2023-09-01,令和5年9月1日,変更認可,パイプたばこ,SEBERO Vanilla,SEBEROVANILLA,40.0g箱,40,g,ﾛｼｱ,1700,,,https://www.mof.go.jp/policy/tab_salt/topics/20230901_kouriteika2.pdf,2,高
a6c6037bd7804944,2023-09-01,令和5年9月1日,変更認可,パイプたばこ,SEBERO Waffle,SEBEROWAFFLE,40.0g箱,40,g,ﾛｼｱ,1700,,,https://www.mof.go.jp/policy/tab_salt/topics/20230901_kouriteika2.pdf,2,高
26421e29d1b10f0b,2023-09-01,令和5年9月1日,変更認可,パイプたばこ,SEBERO Berry Black,SEBEROBERRYBLACK,100.0g箱,100,g,ﾛｼｱ,4200,,,https://www.mof.go.jp/policy/tab_salt/topics/20230901_kouriteika2.pdf,3,高
eea90fe41126abb9,2023-09-01,令和5年9月1日,変更認可,パイプたばこ,SEBERO Kivi Fresh,SEBEROKIVIFRESH,100.0g箱,100,g,ﾛｼｱ,4200,,,https://www.mof.go.jp/policy/tab_salt/topics/20230901_kouriteika2.pdf,3,高
8fff10bf91fa9662,2023-09-01,令和5年9月1日,変更認可,パイプたばこ,SEBERO Raspberries,SEBERORASPBERRIES,100.0g箱,100,g,ﾛｼｱ,4200,,,https://www.mof.go.jp/policy/tab_salt/topics/20230901_kouriteika2.pdf,3,高
4ab5d8527c46812f,2023-09-01,令和5年9月1日,変更認可,加熱式たばこ,ｹﾝﾄ･ﾈｵｽﾃｨｯｸ･ｲﾝﾃﾝｽﾘｰ･ﾌﾚｯｼｭJ,ケントネオスティックインテンスリーフレッシュJ,ﾌｨﾙﾀｰ付 20本ﾊｰﾄﾞﾊﾟｯｸ,20,本,大韓民国,550,530,2023-10-01,https://www.mof.go.jp/policy/tab_salt/topics/20230901_kouriteikahenkou.pdf,1,高
53ccb4fbcfb008c0,2023-09-01,令和5年9月1日,変更認可,加熱式たばこ,ｹﾝﾄ･ﾈｵｽﾃｨｯｸ･ｼﾄﾗｽ･ﾌﾚｯｼｭ･J,ケントネオスティックシトラスフレッシュJ,ﾌｨﾙﾀｰ付 20本ﾊｰﾄﾞﾊﾟｯｸ,20,本,大韓民国,550,530,2023-10-01,https://www.mof.go.jp/policy/tab_salt/topics/20230901_kouriteikahenkou.pdf,1,高
9420f36d6f14df37,2023-09-01,令和5年9月1日,変更認可,加熱式たばこ,ｹﾝﾄ･ﾈｵｽﾃｨｯｸ･ｽﾑｰｽ･ﾌﾚｯｼｭ･J,ケントネオスティックスムースフレッシュJ,ﾌｨﾙﾀｰ付 20本ﾊｰﾄﾞﾊﾟｯｸ,20,本,大韓民国,550,530,2023-10-01,https://www.mof.go.jp/policy/tab_salt/topics/20230901_kouriteikahenkou.pdf,1,高
037be5c5f15649c5,2023-09-01,令和5年9月1日,変更認可,加熱式たばこ,ｹﾝﾄ･ﾈｵｽﾃｨｯｸ･ﾀﾞｰｸ･ﾌﾚｯｼｭ･J,ケントネオスティックダークフレッシュJ,ﾌｨﾙﾀｰ付 20本ﾊｰﾄﾞﾊﾟｯｸ,20,本,大韓民国,550,530,2023-10-01,https://www.mof.go.jp/policy/tab_salt/topics/20230901_kouriteikahenkou.pdf,1,高
a4780357f671d263,2023-09-01,令和5年9月1日,変更認可,加熱式たばこ,ｹﾝﾄ･ﾈｵｽﾃｨｯｸ･ﾌﾞﾗｲﾄ･ﾀﾊﾞｺ･J,ケントネオスティックブライトタバコJ,ﾌｨﾙﾀｰ付 20本ﾊｰﾄﾞﾊﾟｯｸ,20,本,大韓民国,550,530,2023-10-01,https://www.mof.go.jp/policy/tab_salt/topics/20230901_kouriteikahenkou.pdf,1,高
4653ef50e3836a7c,2023-09-01,令和5年9月1日,変更認可,加熱式たばこ,ｹﾝﾄ･ﾈｵｽﾃｨｯｸ･ﾍﾞﾘｰ･ﾌﾞｰｽﾄ･J,ケントネオスティックベリーブーストJ,ﾌｨﾙﾀｰ付 20本ﾊｰﾄﾞﾊﾟｯｸ,20,本,大韓民国,550,530,2023-10-01,https://www.mof.go.jp/policy/tab_salt/topics/20230901_kouriteikahenkou.pdf,1,高
20e30974377dd739,2023-09-01,令和5年9月1日,変更認可,加熱式たばこ,ｹﾝﾄ･ﾈｵｽﾃｨｯｸ･ﾐﾝﾄ･ﾌﾞｰｽﾄ･ｴｯｸｽ,ケントネオスティックミントブーストエックス,ﾌｨﾙﾀｰ付 20本ﾊｰﾄﾞﾊﾟｯｸ,20,本,大韓民国,550,530,2023-10-01,https://www.mof.go.jp/policy/tab_salt/topics/20230901_kouriteikahenkou.pdf,1,高
835ae2f9f590ab49,2023-09-01,令和5年9月1日,変更認可,加熱式たばこ,ｹﾝﾄ･ﾈｵｽﾃｨｯｸ･ﾘｯﾁ･ﾀﾊﾞｺ･ｴｯｸｽ,ケントネオスティックリッチタバコエックス,ﾌｨﾙﾀｰ付 20本ﾊｰﾄﾞﾊﾟｯｸ,20,本,大韓民国,550,530,2023-10-01,https://www.mof.go.jp/policy/tab_salt/topics/20230901_kouriteikahenkou.pdf,1,高
62b8652bd17bd2ae,2023-09-01,令和5年9月1日,変更認可,加熱式たばこ,ﾗｯｷｰ･ｽﾄﾗｲｸ･ﾀﾞｰｸ･ｲｴﾛｰ･ﾒﾝｿｰﾙ･glohyper用,ラッキーストライクダークイエローメンソールGLOHYPER用,ﾌｨﾙﾀｰ付 20本ﾊｰﾄﾞﾊﾟｯｸ,20,本,大韓民国,400,450,2023-10-01,https://www.mof.go.jp/policy/tab_salt/topics/20230901_kouriteikahenkou.pdf,1,高
c766151a2e01e74e,2023-09-01,令和5年9月1日,変更認可,加熱式たばこ,ﾗｯｷｰ･ｽﾄﾗｲｸ･ﾀﾞｰｸ･ﾀﾊﾞｺ･glo hyper用,ラッキーストライクダークタバコGLOHYPER用,ﾌｨﾙﾀｰ付 20本ﾊｰﾄﾞﾊﾟｯｸ,20,本,大韓民国,400,450,2023-10-01,https://www.mof.go.jp/policy/tab_salt/topics/20230901_kouriteikahenkou.pdf,1,高
775d09ca1411a3b3,2023-09-01,令和5年9月1日,変更認可,加熱式たばこ,ﾗｯｷｰ･ｽﾄﾗｲｸ･ﾀﾞｰｸ･ﾒﾝｿｰﾙ･glo hyper用,ラッキーストライクダークメンソールGLOHYPER用,ﾌｨﾙﾀｰ付 20本ﾊｰﾄﾞﾊﾟｯｸ,20,本,大韓民国,400,450,2023-10-01,https://www.mof.go.jp/policy/tab_salt/topics/20230901_kouriteikahenkou.pdf,1,高
d7ae7ba34bcecf4d,2023-09-01,令和5年9月1日,変更認可,加熱式たばこ,ﾗｯｷｰ･ｽﾄﾗｲｸ･ﾍﾞﾘｰ･ﾒﾝｿｰﾙ･glo hyper用,ラッキーストライクベリーメンソールGLOHYPER用,ﾌｨﾙﾀｰ付 20本ﾊｰﾄﾞﾊﾟｯｸ,20,本,大韓民国,400,450,2023-10-01,https://www.mof.go.jp/policy/tab_salt/topics/20230901_kouriteikahenkou.pdf,1,高
33c40f308376657b,2023-09-01,令和5年9月1日,変更認可,加熱式たばこ,ﾗｯｷｰ･ｽﾄﾗｲｸ･ﾒﾝｿｰﾙ･glo hyper用,ラッキーストライクメンソールGLOHYPER用,ﾌｨﾙﾀｰ付 20本ﾊｰﾄﾞﾊﾟｯｸ,20,本,大韓民国,400,450,2023-10-01,https://www.mof.go.jp/policy/tab_salt/topics/20230901_kouriteikahenkou.pdf,1,高
371eb6e97fc084c0,2023-09-01,令和5年9月1日,変更認可,加熱式たばこ,ﾗｯｷｰ･ｽﾄﾗｲｸ･ﾘｯﾁ･ﾀﾊﾞｺ･glo hyper用,ラッキーストライクリッチタバコGLOHYPER用,ﾌｨﾙﾀｰ付 20本ﾊｰﾄﾞﾊﾟｯｸ,20,本,大韓民国,400,450,2023-10-01,https://www.mof.go.jp/policy/tab_salt/topics/20230901_kouriteikahenkou.pdf,1,高
02a1c543a59af4c2,2023-08-24,令和5年8月24日,変更認可,葉巻たばこ,AJF ﾆｭｰﾜｰﾙﾄﾞ ﾄﾞﾗﾄﾞ ｺﾞﾙﾃﾞｨｰﾄ,AJFニューワールドドラドゴルディート,140mm 1本,1,本,ﾆｶﾗｸﾞｱ,3200,,,https://www.mof.go.jp/policy/tab_salt/topics/20230824_kouriteika.pdf,1,高
ff2dc15d048703b7,2023-08-24,令和5年8月24日,変更認可,葉巻たばこ,AJF ﾆｭｰﾜｰﾙﾄﾞ ﾄﾞﾗﾄﾞ ﾄﾛ,AJFニューワールドドラドトロ,152mm 1本,1,本,ﾆｶﾗｸﾞｱ,2900,,,https://www.mof.go.jp/policy/tab_salt/topics/20230824_kouriteika.pdf,1,高
b1a196c7252f2155,2023-08-24,令和5年8月24日,変更認可,葉巻たばこ,AJF ﾆｭｰﾜｰﾙﾄﾞ ﾄﾞﾗﾄﾞ ﾌｨｷﾞｭﾗﾄﾞ,AJFニューワールドドラドフィギュラド,152mm 1本,1,本,ﾆｶﾗｸﾞｱ,3200,,,https://www.mof.go.jp/policy/tab_salt/topics/20230824_kouriteika.pdf,1,高
57fefc64e69fe8bd,2023-08-24,令和5年8月24日,変更認可,葉巻たばこ,AJF ﾆｭｰﾜｰﾙﾄﾞ ﾄﾞﾗﾄﾞ ﾛﾌﾞｽﾄ,AJFニューワールドドラドロブスト,140mm 1本,1,本,ﾆｶﾗｸﾞｱ,2800,,,https://www.mof.go.jp/policy/tab_salt/topics/20230824_kouriteika.pdf,1,高
1c1461a6574a709d,2023-08-23,令和5年8月23日,変更認可,紙巻たばこ,ﾒﾋﾞｳｽ･ｲｰｼﾘｰｽﾞ･ﾒﾝｿｰﾙ･ｻﾆｰｺﾞｰﾙﾄﾞ･5,メビウスイーシリーズメンソールサニーゴールド5,ﾊｰﾄﾞﾊﾟｯｸFK 20本,20,本,日本,500,,,https://www.mof.go.jp/policy/tab_salt/topics/20230823_kouriteika.pdf,1,高
2114a29d0c4a219c,2023-08-23,令和5年8月23日,変更認可,紙巻たばこ,ﾒﾋﾞｳｽ･ｲｰｼﾘｰｽﾞ･ﾒﾝｿｰﾙ･ｻﾆｰｺﾞｰﾙﾄﾞ･8,メビウスイーシリーズメンソールサニーゴールド8,ﾊｰﾄﾞﾊﾟｯｸFK 20本,20,本,日本,500,,,https://www.mof.go.jp/policy/tab_salt/topics/20230823_kouriteika.pdf,1,高
490c73b6830d8cb0,2023-08-22,令和5年8月22日,変更認可,加熱式たばこ,ﾒﾋﾞｳｽ･ｱﾛﾏﾘｯﾁ･ﾚｷﾞｭﾗｰ･ﾌﾟﾙｰﾑ･ｴｯｸｽ用,メビウスアロマリッチレギュラープルームエックス用,5.0g20本,5,g,日本,500,,,https://www.mof.go.jp/policy/tab_salt/topics/20230822_kouriteika.pdf,1,高
1321dae3deaea894,2023-08-21,令和5年8月21日,変更認可,紙巻たばこ,ﾏｰﾙﾎﾞﾛ･ﾄﾛﾋﾟｶﾙ･ｽﾌﾟﾗｯｼｭ･8･ﾎﾞｯｸｽ,マールボロトロピカルスプラッシュ8ボックス,ﾊｰﾄﾞﾊﾟｯｸFK 20本,20,本,ｲﾝﾄﾞﾈｼｱ,600,,,https://www.mof.go.jp/policy/tab_salt/topics/20230821_kouriteika.pdf,1,高
550620bb8a7563fc,2023-08-21,令和5年8月21日,変更認可,加熱式たばこ,ﾐｯｸｽ･ﾍﾞﾙﾍﾞｯﾄ,ミックスベルベット,F45 20ｽﾃｨｯｸﾊｰﾄﾞﾊﾟｯｸ,20,スティック,大韓民国,510,,,https://www.mof.go.jp/policy/tab_salt/topics/20230821_kouriteika.pdf,1,高
59cfc7417496de39,2023-08-09,令和5年8月9日,変更認可,葉巻たばこ,ｽｳｨｯｼｬｰｽｲｰﾄ･ﾌｫｲﾙﾊﾟｳﾁ ﾋﾟｰﾁ,スウィッシャースイートフォイルパウチピーチ,109mm 2本,2,本,ﾄﾞﾐﾆｶ共和国,290,,,https://www.mof.go.jp/policy/tab_salt/topics/20230809_kouriteika.pdf,1,高
121f806c5e6ad14e,2023-08-09,令和5年8月9日,変更認可,葉巻たばこ,ｽｳｨｯｼｬｰｽｲｰﾄ･ﾌｫｲﾙﾊﾟｳﾁ ﾎﾜｲﾄｸﾞﾚｰﾌﾟ,スウィッシャースイートフォイルパウチホワイトグレープ,109mm 2本,2,本,ﾄﾞﾐﾆｶ共和国,290,,,https://www.mof.go.jp/policy/tab_salt/topics/20230809_kouriteika.pdf,1,高
2886286947f88a93,2023-08-09,令和5年8月9日,変更認可,葉巻たばこ,ｽｳｨｯｼｬｰｽｲｰﾄ･ﾌｫｲﾙﾊﾟｳﾁ ﾏﾝｺﾞｰ,スウィッシャースイートフォイルパウチマンゴー,109mm 2本,2,本,ﾄﾞﾐﾆｶ共和国,290,,,https://www.mof.go.jp/policy/tab_salt/topics/20230809_kouriteika.pdf,1,高
cc0e40cfefecc05e,2023-08-01,令和5年8月1日,変更認可,葉巻たばこ,ｱﾙﾄｳｰﾛ ﾌｴﾝﾃ ｱﾈﾎ No.77 ｼｬｰｸ,アルトウーロフエンテアネホNO.77シャーク,149mm 1本,1,本,ﾆｶﾗｸﾞｱ,6200,,,https://www.mof.go.jp/policy/tab_salt/topics/20230801_kouriteika.pdf,1,高
af2d0536bffd3acc,2023-08-01,令和5年8月1日,変更認可,葉巻たばこ,ｱﾙﾄｳｰﾛ ﾌｴﾝﾃ ｱﾝﾈｰﾑﾄﾞﾘｻﾞｰﾌﾞ 2021,アルトウーロフエンテアンネームドリザーブ2021,144mm 1本,1,本,ﾆｶﾗｸﾞｱ,4150,,,https://www.mof.go.jp/policy/tab_salt/topics/20230801_kouriteika.pdf,1,高
e3d6f3b0f3b7ed32,2023-08-01,令和5年8月1日,変更認可,葉巻たばこ,ｱﾙﾄｳｰﾛ ﾌｴﾝﾃ ｴｸｽｷｼｰﾄｽ,アルトウーロフエンテエクスキシートス,115mm 1本,1,本,ﾆｶﾗｸﾞｱ,950,,,https://www.mof.go.jp/policy/tab_salt/topics/20230801_kouriteika.pdf,1,高
0d6a4532049be157,2023-08-01,令和5年8月1日,変更認可,葉巻たばこ,ｱﾙﾄｳｰﾛ ﾌｴﾝﾃ ｴﾝﾍﾟﾗﾄﾞｰﾙ,アルトウーロフエンテエンペラドール,172mm 1本,1,本,ﾆｶﾗｸﾞｱ,2500,,,https://www.mof.go.jp/policy/tab_salt/topics/20230801_kouriteika.pdf,1,高
d12840d30287f7a0,2023-08-01,令和5年8月1日,変更認可,葉巻たばこ,ｱﾙﾄｳｰﾛ ﾌｴﾝﾃ ｵｰﾊﾟｽX 20th GSW,アルトウーロフエンテオーパスX20THGSW,165mm 1本,1,本,ﾆｶﾗｸﾞｱ,11200,,,https://www.mof.go.jp/policy/tab_salt/topics/20230801_kouriteika.pdf,1,高
a4596e58ac8d79e7,2023-08-01,令和5年8月1日,変更認可,葉巻たばこ,ｱﾙﾄｳｰﾛ ﾌｴﾝﾃ ｵｰﾊﾟｽX AS ﾚｾﾞﾙﾊﾞｼｬﾄｰ,アルトウーロフエンテオーパスXASレゼルバシャトー,178mm 1本,1,本,ﾆｶﾗｸﾞｱ,8450,,,https://www.mof.go.jp/policy/tab_salt/topics/20230801_kouriteika.pdf,1,高
0b6f28dd76f5e5a0,2023-08-01,令和5年8月1日,変更認可,葉巻たばこ,ｱﾙﾄｳｰﾛ ﾌｴﾝﾃ ｵｰﾊﾟｽX ｵｸｿ ｵｽｸｰﾛ ｵﾛ ﾌｴﾝﾃﾌｴﾝﾃ,アルトウーロフエンテオーパスXオクソオスクーロオロフエンテフエンテ,143mm 1本,1,本,ﾆｶﾗｸﾞｱ,6650,,,https://www.mof.go.jp/policy/tab_salt/topics/20230801_kouriteika.pdf,1,高
445bab93a60deeca,2023-08-01,令和5年8月1日,変更認可,葉巻たばこ,ｱﾙﾄｳｰﾛ ﾌｴﾝﾃ ｵｰﾊﾟｽX ｵｸｿ ｵｽｸｰﾛ ｵﾛ ﾛﾌﾞｽﾄ,アルトウーロフエンテオーパスXオクソオスクーロオロロブスト,133mm 1本,1,本,ﾆｶﾗｸﾞｱ,7700,,,https://www.mof.go.jp/policy/tab_salt/topics/20230801_kouriteika.pdf,1,高
1e7bde0808224e4d,2023-08-01,令和5年8月1日,変更認可,葉巻たばこ,ｱﾙﾄｳｰﾛ ﾌｴﾝﾃ ｵｰﾊﾟｽX ｼｬｰｸ 77,アルトウーロフエンテオーパスXシャーク77,140mm 1本,1,本,ﾆｶﾗｸﾞｱ,8300,,,https://www.mof.go.jp/policy/tab_salt/topics/20230801_kouriteika.pdf,1,高
a18f4cd08105fc87,2023-08-01,令和5年8月1日,変更認可,葉巻たばこ,ｱﾙﾄｳｰﾛ ﾌｴﾝﾃ ｵｰﾊﾟｽX ｽｰﾊﾟｰﾍﾞﾘｺｿ,アルトウーロフエンテオーパスXスーパーベリコソ,140mm 1本,1,本,ﾆｶﾗｸﾞｱ,7650,,,https://www.mof.go.jp/policy/tab_salt/topics/20230801_kouriteika.pdf,1,高
ee1efdf8a821d553,2023-08-01,令和5年8月1日,変更認可,葉巻たばこ,ｱﾙﾄｳｰﾛ ﾌｴﾝﾃ ｵｰﾊﾟｽX ﾊﾟｰﾌｪｸｼｮﾝNo.4,アルトウーロフエンテオーパスXパーフェクションNO.4,149mm 1本,1,本,ﾆｶﾗｸﾞｱ,5550,,,https://www.mof.go.jp/policy/tab_salt/topics/20230801_kouriteika.pdf,1,高
a7ff97aadc1832d8,2023-08-01,令和5年8月1日,変更認可,葉巻たばこ,ｱﾙﾄｳｰﾛ ﾌｴﾝﾃ ｵｰﾊﾟｽX ﾗﾌﾞｱﾌｪｱｰ,アルトウーロフエンテオーパスXラブアフェアー,113mm 1本,1,本,ﾆｶﾗｸﾞｱ,6350,,,https://www.mof.go.jp/policy/tab_salt/topics/20230801_kouriteika.pdf,1,高
c48770d53f849075,2023-08-01,令和5年8月1日,変更認可,葉巻たばこ,ｱﾙﾄｳｰﾛ ﾌｴﾝﾃ ｶｰﾘｰﾍｯﾄﾞ ﾃﾞﾗｯｸｽ,アルトウーロフエンテカーリーヘッドデラックス,165mm 1本,1,本,ﾆｶﾗｸﾞｱ,1500,,,https://www.mof.go.jp/policy/tab_salt/topics/20230801_kouriteika.pdf,1,高
6f9af3356d02ccf4,2023-08-01,令和5年8月1日,変更認可,葉巻たばこ,ｱﾙﾄｳｰﾛ ﾌｴﾝﾃ ｶｰﾘｰﾍｯﾄﾞﾃﾞﾗｯｸｽ ﾏﾃﾞｭｰﾛ,アルトウーロフエンテカーリーヘッドデラックスマデューロ,165mm 1本,1,本,ﾆｶﾗｸﾞｱ,1500,,,https://www.mof.go.jp/policy/tab_salt/topics/20230801_kouriteika.pdf,1,高
1a557ed6acb5a445,2023-08-01,令和5年8月1日,変更認可,葉巻たばこ,ｱﾙﾄｳｰﾛ ﾌｴﾝﾃ ｶｻﾄﾞﾚｽ,アルトウーロフエンテカサドレス,153mm 1本,1,本,ﾆｶﾗｸﾞｱ,2100,,,https://www.mof.go.jp/policy/tab_salt/topics/20230801_kouriteika.pdf,1,高
bf5a28643e8fd7bb,2023-08-01,令和5年8月1日,変更認可,葉巻たばこ,ｱﾙﾄｳｰﾛ ﾌｴﾝﾃ ｸﾞﾗﾝﾚｾﾞﾙﾊﾞ 8-5-8 ﾏﾃﾞｭｰﾛ,アルトウーロフエンテグランレゼルバ8-5-8マデューロ,152mm 1本,1,本,ﾆｶﾗｸﾞｱ,2500,,,https://www.mof.go.jp/policy/tab_salt/topics/20230801_kouriteika.pdf,1,高
399e270ba59e9e22,2023-08-01,令和5年8月1日,変更認可,葉巻たばこ,ｱﾙﾄｳｰﾛ ﾌｴﾝﾃ ｸﾞﾗﾝﾚｾﾞﾙﾊﾞ ﾛｽﾁｬｲﾙﾄﾞ ﾏﾃﾞｭｰﾛ,アルトウーロフエンテグランレゼルバロスチャイルドマデューロ,114mm 1本,1,本,ﾆｶﾗｸﾞｱ,2350,,,https://www.mof.go.jp/policy/tab_salt/topics/20230801_kouriteika.pdf,1,高
4d01303fb582fa77,2023-08-01,令和5年8月1日,変更認可,葉巻たばこ,ｱﾙﾄｳｰﾛ ﾌｴﾝﾃ ｺﾝｷｽﾀﾄﾞﾚｽ,アルトウーロフエンテコンキスタドレス,136mm 1本,1,本,ﾆｶﾗｸﾞｱ,2600,,,https://www.mof.go.jp/policy/tab_salt/topics/20230801_kouriteika.pdf,1,高
7fc3edf164bb3b54,2023-08-01,令和5年8月1日,変更認可,葉巻たばこ,ｱﾙﾄｳｰﾛ ﾌｴﾝﾃ ｼｬﾄｰﾌｴﾝﾃ ｷﾝｸﾞ T ﾛｻﾄﾞ,アルトウーロフエンテシャトーフエンテキングTロサド,178mm 1本,1,本,ﾆｶﾗｸﾞｱ,4300,,,https://www.mof.go.jp/policy/tab_salt/topics/20230801_kouriteika.pdf,1,高
a8ed6772d432540f,2023-08-01,令和5年8月1日,変更認可,葉巻たばこ,ｱﾙﾄｳｰﾛ ﾌｴﾝﾃ ｼｬﾄｰﾌｴﾝﾃ ﾏﾃﾞｭｰﾛ,アルトウーロフエンテシャトーフエンテマデューロ,114mm 1本,1,本,ﾆｶﾗｸﾞｱ,2350,,,https://www.mof.go.jp/policy/tab_salt/topics/20230801_kouriteika.pdf,1,高
4b2a99047af569d5,2023-08-01,令和5年8月1日,変更認可,葉巻たばこ,ｱﾙﾄｳｰﾛ ﾌｴﾝﾃ ﾄﾞﾝｱﾙﾄｩｰﾛ DS ｱﾙｼｸﾞﾛ ｱﾐｽﾀｯﾄﾞ,アルトウーロフエンテドンアルトゥーロDSアルシグロアミスタッド,127mm 1本,1,本,ﾆｶﾗｸﾞｱ,7800,,,https://www.mof.go.jp/policy/tab_salt/topics/20230801_kouriteika.pdf,1,高
b303386bfb6ac02f,2023-08-01,令和5年8月1日,変更認可,葉巻たばこ,ｱﾙﾄｳｰﾛ ﾌｴﾝﾃ ﾄﾞﾝｶﾙﾛｽ 80th ﾊﾟｰｿﾅﾙﾘｻﾞｰﾌﾞ,アルトウーロフエンテドンカルロス80THパーソナルリザーブ,127mm 1本,1,本,ﾆｶﾗｸﾞｱ,7350,,,https://www.mof.go.jp/policy/tab_salt/topics/20230801_kouriteika.pdf,1,高
238caa24f622420b,2023-08-01,令和5年8月1日,変更認可,葉巻たばこ,ｱﾙﾄｳｰﾛ ﾌｴﾝﾃ ﾌﾞﾚﾊﾞﾛｲﾔﾙ,アルトウーロフエンテブレバロイヤル,135mm 1本,1,本,ﾆｶﾗｸﾞｱ,1200,,,https://www.mof.go.jp/policy/tab_salt/topics/20230801_kouriteika.pdf,1,高
6d72aa16ff6aee96,2023-08-01,令和5年8月1日,変更認可,葉巻たばこ,ｱﾙﾄｳｰﾛ ﾌｴﾝﾃ ﾚｲﾝﾌｫﾚｽﾄ ﾃﾞﾗｲﾄ,アルトウーロフエンテレインフォレストデライト,128mm 1本,1,本,ﾆｶﾗｸﾞｱ,1050,,,https://www.mof.go.jp/policy/tab_salt/topics/20230801_kouriteika.pdf,1,高
16869b0d2d108e19,2023-08-01,令和5年8月1日,変更認可,葉巻たばこ,ｱﾙﾄｳｰﾛ ﾌｴﾝﾃ ﾛｻﾄﾞｻﾝｸﾞﾛｳﾝ ｵﾛ ﾛｻﾄﾞ ﾏｸﾞﾅﾑ ｽｰﾊﾟｰ60,アルトウーロフエンテロサドサングロウンオロロサドマグナムスーパー60,153mm 1本,1,本,ﾆｶﾗｸﾞｱ,6050,,,https://www.mof.go.jp/policy/tab_salt/topics/20230801_kouriteika.pdf,1,高
c4e880a8eabb94f4,2023-08-01,令和5年8月1日,変更認可,葉巻たばこ,ﾍﾞﾝﾄﾚｰ･ﾊﾟﾅﾃﾗ,ベントレーパナテラ,124mm 1本,1,本,ﾆｶﾗｸﾞｱ,400,,,https://www.mof.go.jp/policy/tab_salt/topics/20230801_kouriteika.pdf,1,高
28dd26c537f969a2,2023-08-01,令和5年8月1日,変更認可,葉巻たばこ,ﾍﾞﾝﾄﾚｰ･ﾎﾜｲﾄ ｺﾛﾅ,ベントレーホワイトコロナ,140mm 1本,1,本,ﾆｶﾗｸﾞｱ,2100,,,https://www.mof.go.jp/policy/tab_salt/topics/20230801_kouriteika.pdf,1,高
f9a211d8fdef7dc1,2023-08-01,令和5年8月1日,変更認可,葉巻たばこ,Call To Arms Corona,CALLTOARMSCORONA,155mm 1本,1,本,ﾆｶﾗｸﾞｱ,3850,,,https://www.mof.go.jp/policy/tab_salt/topics/20230801_kouriteika.pdf,2,高
7173b426c4465c87,2023-08-01,令和5年8月1日,変更認可,葉巻たばこ,Call To Arms Robusto,CALLTOARMSROBUSTO,130mm 1本,1,本,ﾆｶﾗｸﾞｱ,3710,,,https://www.mof.go.jp/policy/tab_salt/topics/20230801_kouriteika.pdf,2,高
0a2f93470599b51b,2023-08-01,令和5年8月1日,変更認可,葉巻たばこ,Crook of the Crown Robusto,CROOKOFTHECROWNROBUSTO,130mm 1本,1,本,ﾆｶﾗｸﾞｱ,3950,,,https://www.mof.go.jp/policy/tab_salt/topics/20230801_kouriteika.pdf,2,高
4fda493c0f82a7dc,2023-08-01,令和5年8月1日,変更認可,葉巻たばこ,Crook of the Crown Toro,CROOKOFTHECROWNTORO,155mm 1本,1,本,ﾆｶﾗｸﾞｱ,3990,,,https://www.mof.go.jp/policy/tab_salt/topics/20230801_kouriteika.pdf,2,高
9ee3eaddd3ec21e9,2023-08-01,令和5年8月1日,変更認可,葉巻たばこ,Kingdoms Robusto,KINGDOMSROBUSTO,130mm 1本,1,本,ﾆｶﾗｸﾞｱ,3800,,,https://www.mof.go.jp/policy/tab_salt/topics/20230801_kouriteika.pdf,2,高
3a4d11346eb27656,2023-08-01,令和5年8月1日,変更認可,パイプたばこ,MOTTO CAPPUCCINO,MOTTOCAPPUCCINO,50.0g箱,50,g,ﾄﾙｺ,1800,,,https://www.mof.go.jp/policy/tab_salt/topics/20230801_kouriteika.pdf,2,高
b52988e0ebe31579,2023-08-01,令和5年8月1日,変更認可,パイプたばこ,MOTTO CHEESECAKE,MOTTOCHEESECAKE,50.0g箱,50,g,ﾄﾙｺ,1800,,,https://www.mof.go.jp/policy/tab_salt/topics/20230801_kouriteika.pdf,2,高
1db073b588d0d54c,2023-08-01,令和5年8月1日,変更認可,パイプたばこ,MOTTO CHERRY BISCUIT,MOTTOCHERRYBISCUIT,50.0g箱,50,g,ﾄﾙｺ,1800,,,https://www.mof.go.jp/policy/tab_salt/topics/20230801_kouriteika.pdf,2,高
5f5cb59d42504839,2023-08-01,令和5年8月1日,変更認可,パイプたばこ,MOTTO CIGAR,MOTTOCIGAR,50.0g箱,50,g,ﾄﾙｺ,1800,,,https://www.mof.go.jp/policy/tab_salt/topics/20230801_kouriteika.pdf,2,高
472120296ee5db8d,2023-08-01,令和5年8月1日,変更認可,パイプたばこ,MOTTO DEJA-LA,MOTTODEJA-LA,50.0g箱,50,g,ﾄﾙｺ,1800,,,https://www.mof.go.jp/policy/tab_salt/topics/20230801_kouriteika.pdf,2,高
c2140435854f4b97,2023-08-01,令和5年8月1日,変更認可,パイプたばこ,MOTTO ERAL GREY TEA,MOTTOERALGREYTEA,50.0g箱,50,g,ﾄﾙｺ,1800,,,https://www.mof.go.jp/policy/tab_salt/topics/20230801_kouriteika.pdf,2,高
e9d7b7e7a6e04de3,2023-08-01,令和5年8月1日,変更認可,パイプたばこ,MOTTO FIREBALL,MOTTOFIREBALL,50.0g箱,50,g,ﾄﾙｺ,1800,,,https://www.mof.go.jp/policy/tab_salt/topics/20230801_kouriteika.pdf,2,高
84c292f7c0dd11b3,2023-08-01,令和5年8月1日,変更認可,パイプたばこ,MOTTO GOSSIP,MOTTOGOSSIP,50.0g箱,50,g,ﾄﾙｺ,1800,,,https://www.mof.go.jp/policy/tab_salt/topics/20230801_kouriteika.pdf,2,高
30fc6e955febc909,2023-08-01,令和5年8月1日,変更認可,パイプたばこ,MOTTO ICE CREAM BOMB,MOTTOICECREAMBOMB,50.0g箱,50,g,ﾄﾙｺ,1800,,,https://www.mof.go.jp/policy/tab_salt/topics/20230801_kouriteika.pdf,2,高
6975a81ad311aa72,2023-08-01,令和5年8月1日,変更認可,パイプたばこ,MOTTO ORANGE CREAM,MOTTOORANGECREAM,50.0g箱,50,g,ﾄﾙｺ,1800,,,https://www.mof.go.jp/policy/tab_salt/topics/20230801_kouriteika.pdf,2,高
1c47188b9334a167,2023-08-01,令和5年8月1日,変更認可,パイプたばこ,MOTTO PULL POWER,MOTTOPULLPOWER,50.0g箱,50,g,ﾄﾙｺ,1800,,,https://www.mof.go.jp/policy/tab_salt/topics/20230801_kouriteika.pdf,2,高
11ef048b3260deab,2023-08-01,令和5年8月1日,変更認可,パイプたばこ,MOTTO RUSSIAN CAKE,MOTTORUSSIANCAKE,50.0g箱,50,g,ﾄﾙｺ,1800,,,https://www.mof.go.jp/policy/tab_salt/topics/20230801_kouriteika.pdf,2,高
58f856290cf5d8f4,2023-08-01,令和5年8月1日,変更認可,パイプたばこ,MOTTO TAKE-OFF,MOTTOTAKE-OFF,50.0g箱,50,g,ﾄﾙｺ,1800,,,https://www.mof.go.jp/policy/tab_salt/topics/20230801_kouriteika.pdf,2,高
7329832c8030936d,2023-08-01,令和5年8月1日,変更認可,パイプたばこ,MOTTO TIRAMISU,MOTTOTIRAMISU,50.0g箱,50,g,ﾄﾙｺ,1800,,,https://www.mof.go.jp/policy/tab_salt/topics/20230801_kouriteika.pdf,2,高
70798e6d380275d5,2023-08-01,令和5年8月1日,変更認可,葉巻たばこ,REGIUS BLACK LABEL Grandido,REGIUSBLACKLABELGRANDIDO,178mm 1本,1,本,ﾆｶﾗｸﾞｱ,3100,,,https://www.mof.go.jp/policy/tab_salt/topics/20230801_kouriteika.pdf,2,高
edaa50f7c7855d1f,2023-08-01,令和5年8月1日,変更認可,葉巻たばこ,REGIUS BLACK LABEL Lord Madsen,REGIUSBLACKLABELLORDMADSEN,152mm 1本,1,本,ﾆｶﾗｸﾞｱ,1900,,,https://www.mof.go.jp/policy/tab_salt/topics/20230801_kouriteika.pdf,2,高
587ad248f4ccd796,2023-08-01,令和5年8月1日,変更認可,葉巻たばこ,REGIUS BLACK LABEL Media Corona,REGIUSBLACKLABELMEDIACORONA,89mm 1本,1,本,ﾆｶﾗｸﾞｱ,1500,,,https://www.mof.go.jp/policy/tab_salt/topics/20230801_kouriteika.pdf,2,高
6d10c9ea6303d7f1,2023-08-01,令和5年8月1日,変更認可,葉巻たばこ,REGIUS BLACK LABEL Robusto,REGIUSBLACKLABELROBUSTO,124mm 1本,1,本,ﾆｶﾗｸﾞｱ,2500,,,https://www.mof.go.jp/policy/tab_salt/topics/20230801_kouriteika.pdf,2,高
b01f34f64342ca57,2023-08-01,令和5年8月1日,変更認可,葉巻たばこ,REGIUS CONNECTICUT Corona,REGIUSCONNECTICUTCORONA,130mm 1本,1,本,ﾆｶﾗｸﾞｱ,2500,,,https://www.mof.go.jp/policy/tab_salt/topics/20230801_kouriteika.pdf,2,高
d4e6c6776f9835a3,2023-08-01,令和5年8月1日,変更認可,葉巻たばこ,REGIUS CONNECTICUT Gran Toro,REGIUSCONNECTICUTGRANTORO,165mm 1本,1,本,ﾆｶﾗｸﾞｱ,3800,,,https://www.mof.go.jp/policy/tab_salt/topics/20230801_kouriteika.pdf,2,高
bfc223435f314cb8,2023-08-01,令和5年8月1日,変更認可,葉巻たばこ,REGIUS CONNECTICUT Robusto,REGIUSCONNECTICUTROBUSTO,124mm 1本,1,本,ﾆｶﾗｸﾞｱ,2800,,,https://www.mof.go.jp/policy/tab_salt/topics/20230801_kouriteika.pdf,2,高
dec09f1ceae4d1f6,2023-08-01,令和5年8月1日,変更認可,葉巻たばこ,ﾍﾞﾝﾄﾚｰ･B13 ｼｶﾞｰ,ベントレーB13シガー,140mm 1本,1,本,ﾆｶﾗｸﾞｱ,2050,,,https://www.mof.go.jp/policy/tab_salt/topics/20230801_kouriteika.pdf,2,高
c7c1cc8f13b3551e,2023-08-01,令和5年8月1日,変更認可,葉巻たばこ,ﾍﾞﾝﾄﾚｰ･B13 ｼｶﾞﾘﾛ,ベントレーB13シガリロ,92mm 1本,1,本,ﾄﾞｲﾂ,270,,,https://www.mof.go.jp/policy/tab_salt/topics/20230801_kouriteika.pdf,2,高
f4a02c2e69983b76,2023-08-01,令和5年8月1日,変更認可,パイプたばこ,MOTTO APRICOT,MOTTOAPRICOT,50.0g箱,50,g,ﾄﾙｺ,1800,,,https://www.mof.go.jp/policy/tab_salt/topics/20230801_kouriteika.pdf,3,高
bc2e3ce99d2c9d7a,2023-08-01,令和5年8月1日,変更認可,パイプたばこ,MOTTO BAKED APPLE FLAVOR,MOTTOBAKEDAPPLEFLAVOR,50.0g箱,50,g,ﾄﾙｺ,1800,,,https://www.mof.go.jp/policy/tab_salt/topics/20230801_kouriteika.pdf,3,高
dcf128dee91c0902,2023-08-01,令和5年8月1日,変更認可,パイプたばこ,MOTTO BASIL FLAVOR,MOTTOBASILFLAVOR,50.0g箱,50,g,ﾄﾙｺ,1800,,,https://www.mof.go.jp/policy/tab_salt/topics/20230801_kouriteika.pdf,3,高
ec3fad1bd9a24b84,2023-08-01,令和5年8月1日,変更認可,パイプたばこ,MOTTO BLUE JAVA BANANA FLAVOR,MOTTOBLUEJAVABANANAFLAVOR,50.0g箱,50,g,ﾄﾙｺ,1800,,,https://www.mof.go.jp/policy/tab_salt/topics/20230801_kouriteika.pdf,3,高
22d06af80503c913,2023-08-01,令和5年8月1日,変更認可,パイプたばこ,MOTTO CACTUS FLAVOR,MOTTOCACTUSFLAVOR,50.0g箱,50,g,ﾄﾙｺ,1800,,,https://www.mof.go.jp/policy/tab_salt/topics/20230801_kouriteika.pdf,3,高
88cc89f41332aa31,2023-08-01,令和5年8月1日,変更認可,パイプたばこ,MOTTO CENDOL FLAVOR,MOTTOCENDOLFLAVOR,50.0g箱,50,g,ﾄﾙｺ,1800,,,https://www.mof.go.jp/policy/tab_salt/topics/20230801_kouriteika.pdf,3,高
88167fe52cab0c40,2023-08-01,令和5年8月1日,変更認可,パイプたばこ,MOTTO COCONUT,MOTTOCOCONUT,50.0g箱,50,g,ﾄﾙｺ,1800,,,https://www.mof.go.jp/policy/tab_salt/topics/20230801_kouriteika.pdf,3,高
fd3ef4ce90f6c8cf,2023-08-01,令和5年8月1日,変更認可,パイプたばこ,MOTTO COLA,MOTTOCOLA,50.0g箱,50,g,ﾄﾙｺ,1800,,,https://www.mof.go.jp/policy/tab_salt/topics/20230801_kouriteika.pdf,3,高
9b45ad658ca6c1a9,2023-08-01,令和5年8月1日,変更認可,パイプたばこ,MOTTO DRAGON FRUITS,MOTTODRAGONFRUITS,50.0g箱,50,g,ﾄﾙｺ,1800,,,https://www.mof.go.jp/policy/tab_salt/topics/20230801_kouriteika.pdf,3,高
d31fc56daa864a24,2023-08-01,令和5年8月1日,変更認可,パイプたばこ,MOTTO ENERGY DRINK,MOTTOENERGYDRINK,50.0g箱,50,g,ﾄﾙｺ,1800,,,https://www.mof.go.jp/policy/tab_salt/topics/20230801_kouriteika.pdf,3,高
28a80af7cc02cc74,2023-08-01,令和5年8月1日,変更認可,パイプたばこ,MOTTO FEIJOA FLAVOR,MOTTOFEIJOAFLAVOR,50.0g箱,50,g,ﾄﾙｺ,1800,,,https://www.mof.go.jp/policy/tab_salt/topics/20230801_kouriteika.pdf,3,高
9f9f1eb43bd9dfed,2023-08-01,令和5年8月1日,変更認可,パイプたばこ,MOTTO GUMMY PANI,MOTTOGUMMYPANI,50.0g箱,50,g,ﾄﾙｺ,1800,,,https://www.mof.go.jp/policy/tab_salt/topics/20230801_kouriteika.pdf,3,高
dac480f16fe7abc1,2023-08-01,令和5年8月1日,変更認可,パイプたばこ,MOTTO JAPANESE YUZU FLAVOR,MOTTOJAPANESEYUZUFLAVOR,50.0g箱,50,g,ﾄﾙｺ,1800,,,https://www.mof.go.jp/policy/tab_salt/topics/20230801_kouriteika.pdf,3,高
d9811cdfd99411c4,2023-08-01,令和5年8月1日,変更認可,パイプたばこ,MOTTO JASMIN TEA,MOTTOJASMINTEA,50.0g箱,50,g,ﾄﾙｺ,1800,,,https://www.mof.go.jp/policy/tab_salt/topics/20230801_kouriteika.pdf,3,高
e2524ab70d5c4e12,2023-08-01,令和5年8月1日,変更認可,パイプたばこ,MOTTO LEMON GRASS,MOTTOLEMONGRASS,50.0g箱,50,g,ﾄﾙｺ,1800,,,https://www.mof.go.jp/policy/tab_salt/topics/20230801_kouriteika.pdf,3,高
bca6917cb2ed5cb0,2023-08-01,令和5年8月1日,変更認可,パイプたばこ,MOTTO LYCHEE,MOTTOLYCHEE,50.0g箱,50,g,ﾄﾙｺ,1800,,,https://www.mof.go.jp/policy/tab_salt/topics/20230801_kouriteika.pdf,3,高
47596e3fc96d91ba,2023-08-01,令和5年8月1日,変更認可,パイプたばこ,MOTTO MANGO,MOTTOMANGO,50.0g箱,50,g,ﾄﾙｺ,1800,,,https://www.mof.go.jp/policy/tab_salt/topics/20230801_kouriteika.pdf,3,高
576854b53d629827,2023-08-01,令和5年8月1日,変更認可,パイプたばこ,MOTTO NATSUDAI FLAVOR,MOTTONATSUDAIFLAVOR,50.0g箱,50,g,ﾄﾙｺ,1800,,,https://www.mof.go.jp/policy/tab_salt/topics/20230801_kouriteika.pdf,3,高
c258857a720c691a,2023-08-01,令和5年8月1日,変更認可,パイプたばこ,MOTTO PAN MASALA,MOTTOPANMASALA,50.0g箱,50,g,ﾄﾙｺ,1800,,,https://www.mof.go.jp/policy/tab_salt/topics/20230801_kouriteika.pdf,3,高
fd33831c1cfcac59,2023-08-01,令和5年8月1日,変更認可,パイプたばこ,MOTTO PAN RASS,MOTTOPANRASS,50.0g箱,50,g,ﾄﾙｺ,1800,,,https://www.mof.go.jp/policy/tab_salt/topics/20230801_kouriteika.pdf,3,高
84c6b541992009ac,2023-08-01,令和5年8月1日,変更認可,パイプたばこ,MOTTO PAN RASS ICE,MOTTOPANRASSICE,50.0g箱,50,g,ﾄﾙｺ,1800,,,https://www.mof.go.jp/policy/tab_salt/topics/20230801_kouriteika.pdf,3,高
e44eb028ea6b19a5,2023-08-01,令和5年8月1日,変更認可,パイプたばこ,MOTTO PINEAPPLE,MOTTOPINEAPPLE,50.0g箱,50,g,ﾄﾙｺ,1800,,,https://www.mof.go.jp/policy/tab_salt/topics/20230801_kouriteika.pdf,3,高
80b429fb63eb4760,2023-08-01,令和5年8月1日,変更認可,パイプたばこ,MOTTO POMEGRANATE,MOTTOPOMEGRANATE,50.0g箱,50,g,ﾄﾙｺ,1800,,,https://www.mof.go.jp/policy/tab_salt/topics/20230801_kouriteika.pdf,3,高
10eded176a4ccc57,2023-08-01,令和5年8月1日,変更認可,パイプたばこ,MOTTO POPCORN CARAMEL,MOTTOPOPCORNCARAMEL,50.0g箱,50,g,ﾄﾙｺ,1800,,,https://www.mof.go.jp/policy/tab_salt/topics/20230801_kouriteika.pdf,3,高
0ca7cfc97ba9b2e8,2023-08-01,令和5年8月1日,変更認可,パイプたばこ,MOTTO SAMBUCA FLAVOR,MOTTOSAMBUCAFLAVOR,50.0g箱,50,g,ﾄﾙｺ,1800,,,https://www.mof.go.jp/policy/tab_salt/topics/20230801_kouriteika.pdf,3,高
01b800da096b5add,2023-08-01,令和5年8月1日,変更認可,パイプたばこ,MOTTO STRONG MINT,MOTTOSTRONGMINT,50.0g箱,50,g,ﾄﾙｺ,1800,,,https://www.mof.go.jp/policy/tab_salt/topics/20230801_kouriteika.pdf,3,高
0663b5b5cea270cc,2023-08-01,令和5年8月1日,変更認可,パイプたばこ,MOTTO THYME FLAVOR,MOTTOTHYMEFLAVOR,50.0g箱,50,g,ﾄﾙｺ,1800,,,https://www.mof.go.jp/policy/tab_salt/topics/20230801_kouriteika.pdf,3,高
c61ececc77814b58,2023-08-01,令和5年8月1日,変更認可,パイプたばこ,MOTTO VANILIA,MOTTOVANILIA,50.0g箱,50,g,ﾄﾙｺ,1800,,,https://www.mof.go.jp/policy/tab_salt/topics/20230801_kouriteika.pdf,3,高
92f55ac5dc761096,2023-08-01,令和5年8月1日,変更認可,パイプたばこ,ALFAKHAMAH Champagne,ALFAKHAMAHCHAMPAGNE,50.0g箱,50,g,ﾗｵｽ,1800,,,https://www.mof.go.jp/policy/tab_salt/topics/20230801_kouriteika.pdf,4,高
7968bdf971ccd1de,2023-08-01,令和5年8月1日,変更認可,パイプたばこ,ALFAKHAMAH Exotic Lime,ALFAKHAMAHEXOTICLIME,50.0g箱,50,g,ﾗｵｽ,1800,,,https://www.mof.go.jp/policy/tab_salt/topics/20230801_kouriteika.pdf,4,高
d2c0fbc02b8a4130,2023-08-01,令和5年8月1日,変更認可,パイプたばこ,ALFAKHAMAH Lemon,ALFAKHAMAHLEMON,250.0g箱,250,g,ﾗｵｽ,8800,,,https://www.mof.go.jp/policy/tab_salt/topics/20230801_kouriteika.pdf,4,高
651794f17bcba63e,2023-08-01,令和5年8月1日,変更認可,パイプたばこ,ALFAKHAMAH Mystica,ALFAKHAMAHMYSTICA,250.0g箱,250,g,ﾗｵｽ,8800,,,https://www.mof.go.jp/policy/tab_salt/topics/20230801_kouriteika.pdf,4,高
78a42356bfe6712a,2023-08-01,令和5年8月1日,変更認可,パイプたばこ,ALFAKHAMAH Passion Fruit,ALFAKHAMAHPASSIONFRUIT,250.0g箱,250,g,ﾗｵｽ,8800,,,https://www.mof.go.jp/policy/tab_salt/topics/20230801_kouriteika.pdf,4,高
1c3841f7c1d6a753,2023-08-01,令和5年8月1日,変更認可,パイプたばこ,Bang Bang Blue Guava,BANGBANGBLUEGUAVA,50.0g箱,50,g,ﾗｵｽ,1780,,,https://www.mof.go.jp/policy/tab_salt/topics/20230801_kouriteika.pdf,4,高
1cda8e566f26bbc1,2023-08-01,令和5年8月1日,変更認可,パイプたばこ,Bang Bang Blueberry,BANGBANGBLUEBERRY,50.0g箱,50,g,ﾗｵｽ,1780,,,https://www.mof.go.jp/policy/tab_salt/topics/20230801_kouriteika.pdf,4,高
7ced767981dcb321,2023-08-01,令和5年8月1日,変更認可,パイプたばこ,Bang Bang Cherry,BANGBANGCHERRY,50.0g箱,50,g,ﾗｵｽ,1780,,,https://www.mof.go.jp/policy/tab_salt/topics/20230801_kouriteika.pdf,4,高
f6fac2188d1608b2,2023-08-01,令和5年8月1日,変更認可,パイプたばこ,Bang Bang Double Apple,BANGBANGDOUBLEAPPLE,50.0g箱,50,g,ﾗｵｽ,1780,,,https://www.mof.go.jp/policy/tab_salt/topics/20230801_kouriteika.pdf,4,高
53c011f124959a5c,2023-08-01,令和5年8月1日,変更認可,パイプたばこ,Bang Bang Ice Green Apple,BANGBANGICEGREENAPPLE,50.0g箱,50,g,ﾗｵｽ,1780,,,https://www.mof.go.jp/policy/tab_salt/topics/20230801_kouriteika.pdf,4,高
013ce7cc96f6d524,2023-08-01,令和5年8月1日,変更認可,パイプたばこ,Bang Bang Ice Plum,BANGBANGICEPLUM,50.0g箱,50,g,ﾗｵｽ,1780,,,https://www.mof.go.jp/policy/tab_salt/topics/20230801_kouriteika.pdf,4,高
f9e722d01d6d611e,2023-08-01,令和5年8月1日,変更認可,パイプたばこ,Bang Bang Lemon Mint,BANGBANGLEMONMINT,50.0g箱,50,g,ﾗｵｽ,1780,,,https://www.mof.go.jp/policy/tab_salt/topics/20230801_kouriteika.pdf,4,高
27259e636c9dba6e,2023-08-01,令和5年8月1日,変更認可,パイプたばこ,Bang Bang LOVE,BANGBANGLOVE,50.0g箱,50,g,ﾗｵｽ,1780,,,https://www.mof.go.jp/policy/tab_salt/topics/20230801_kouriteika.pdf,4,高
c29f2d00f42e45bd,2023-08-01,令和5年8月1日,変更認可,パイプたばこ,MOTTO ACAI FLAVOR,MOTTOACAIFLAVOR,50.0g箱,50,g,ﾄﾙｺ,1800,,,https://www.mof.go.jp/policy/tab_salt/topics/20230801_kouriteika.pdf,4,高
5fedad253c482ff7,2023-08-01,令和5年8月1日,変更認可,パイプたばこ,MOTTO CARAMEL SALTED FLAVOR,MOTTOCARAMELSALTEDFLAVOR,50.0g箱,50,g,ﾄﾙｺ,1800,,,https://www.mof.go.jp/policy/tab_salt/topics/20230801_kouriteika.pdf,4,高
3b464ce3b53fc912,2023-08-01,令和5年8月1日,変更認可,パイプたばこ,MOTTO CINNAMON-BLUEBERRY FLAVOR,MOTTOCINNAMON-BLUEBERRYFLAVOR,50.0g箱,50,g,ﾄﾙｺ,1800,,,https://www.mof.go.jp/policy/tab_salt/topics/20230801_kouriteika.pdf,4,高
10e534e381e4761c,2023-08-01,令和5年8月1日,変更認可,パイプたばこ,MOTTO DRIED FIG FLAVOR,MOTTODRIEDFIGFLAVOR,50.0g箱,50,g,ﾄﾙｺ,1800,,,https://www.mof.go.jp/policy/tab_salt/topics/20230801_kouriteika.pdf,4,高
566a5ae0a7963eb3,2023-08-01,令和5年8月1日,変更認可,パイプたばこ,MOTTO FIG-WALNUT FLAVOR,MOTTOFIG-WALNUTFLAVOR,50.0g箱,50,g,ﾄﾙｺ,1800,,,https://www.mof.go.jp/policy/tab_salt/topics/20230801_kouriteika.pdf,4,高
ab00a4530c1146aa,2023-08-01,令和5年8月1日,変更認可,パイプたばこ,MOTTO GINGER-TURMERIC FLAVOR,MOTTOGINGER-TURMERICFLAVOR,50.0g箱,50,g,ﾄﾙｺ,1800,,,https://www.mof.go.jp/policy/tab_salt/topics/20230801_kouriteika.pdf,4,高
bdf467f90a474549,2023-08-01,令和5年8月1日,変更認可,パイプたばこ,MOTTO GUARANA FLAVOR,MOTTOGUARANAFLAVOR,50.0g箱,50,g,ﾄﾙｺ,1800,,,https://www.mof.go.jp/policy/tab_salt/topics/20230801_kouriteika.pdf,4,高
f28d2e9973295e1a,2023-08-01,令和5年8月1日,変更認可,パイプたばこ,MOTTO HOCHATA FLAVOR,MOTTOHOCHATAFLAVOR,50.0g箱,50,g,ﾄﾙｺ,1800,,,https://www.mof.go.jp/policy/tab_salt/topics/20230801_kouriteika.pdf,4,高
3fd89fee3684f404,2023-08-01,令和5年8月1日,変更認可,パイプたばこ,MOTTO JACK FRUIT FLAVOR,MOTTOJACKFRUITFLAVOR,50.0g箱,50,g,ﾄﾙｺ,1800,,,https://www.mof.go.jp/policy/tab_salt/topics/20230801_kouriteika.pdf,4,高
e70e7e8b153938b5,2023-08-01,令和5年8月1日,変更認可,パイプたばこ,MOTTO LEMONGRASS LAVENDER FLAVOR,MOTTOLEMONGRASSLAVENDERFLAVOR,50.0g箱,50,g,ﾄﾙｺ,1800,,,https://www.mof.go.jp/policy/tab_salt/topics/20230801_kouriteika.pdf,4,高
8aceaa2aa5654339,2023-08-01,令和5年8月1日,変更認可,パイプたばこ,MOTTO NECTARINE FLAVOR,MOTTONECTARINEFLAVOR,50.0g箱,50,g,ﾄﾙｺ,1800,,,https://www.mof.go.jp/policy/tab_salt/topics/20230801_kouriteika.pdf,4,高
bee21d059f0c6ee7,2023-08-01,令和5年8月1日,変更認可,パイプたばこ,MOTTO QUINCE FLAVOR,MOTTOQUINCEFLAVOR,50.0g箱,50,g,ﾄﾙｺ,1800,,,https://www.mof.go.jp/policy/tab_salt/topics/20230801_kouriteika.pdf,4,高
a016437d0a21d42c,2023-08-01,令和5年8月1日,変更認可,パイプたばこ,MOTTO RED SWEET GUAVA FLAVOR,MOTTOREDSWEETGUAVAFLAVOR,50.0g箱,50,g,ﾄﾙｺ,1800,,,https://www.mof.go.jp/policy/tab_salt/topics/20230801_kouriteika.pdf,4,高
904e07e275727ce0,2023-08-01,令和5年8月1日,変更認可,パイプたばこ,ﾌﾞﾗｯｸｽﾊﾟｲﾀﾞｰｼｬｸﾞ･ｷｰﾙﾛﾜｲﾔﾙ,ブラックスパイダーシャグキールロワイヤル,30.0gﾊﾟｳﾁ,30,g,ﾗｵｽ,830,,,https://www.mof.go.jp/policy/tab_salt/topics/20230801_kouriteika.pdf,4,高
a756e803bb456912,2023-08-01,令和5年8月1日,変更認可,パイプたばこ,ﾌﾞﾗｯｸｽﾊﾟｲﾀﾞｰｼｬｸﾞ･ｸﾞﾘｰﾝﾃｨｰ,ブラックスパイダーシャググリーンティー,30.0gﾊﾟｳﾁ,30,g,ﾗｵｽ,830,,,https://www.mof.go.jp/policy/tab_salt/topics/20230801_kouriteika.pdf,4,高
f2282b6508fe3cec,2023-08-01,令和5年8月1日,変更認可,パイプたばこ,Bang Bang Mango,BANGBANGMANGO,50.0g箱,50,g,ﾃﾞﾝﾏｰｸ,1780,,,https://www.mof.go.jp/policy/tab_salt/topics/20230801_kouriteika.pdf,5,高
44943f61d2bb7e31,2023-08-01,令和5年8月1日,変更認可,パイプたばこ,Bang Bang Mestika Gum,BANGBANGMESTIKAGUM,50.0g箱,50,g,ﾃﾞﾝﾏｰｸ,1780,,,https://www.mof.go.jp/policy/tab_salt/topics/20230801_kouriteika.pdf,5,高
b67f5a0eee5ba081,2023-08-01,令和5年8月1日,変更認可,パイプたばこ,Bang Bang Milk,BANGBANGMILK,50.0g箱,50,g,ﾃﾞﾝﾏｰｸ,1780,,,https://www.mof.go.jp/policy/tab_salt/topics/20230801_kouriteika.pdf,5,高
15a81f043a78afe0,2023-08-01,令和5年8月1日,変更認可,パイプたばこ,Bang Bang Mint,BANGBANGMINT,50.0g箱,50,g,ﾃﾞﾝﾏｰｸ,1780,,,https://www.mof.go.jp/policy/tab_salt/topics/20230801_kouriteika.pdf,5,高
fd6d5ec4a6725c4c,2023-08-01,令和5年8月1日,変更認可,パイプたばこ,Bang Bang Mojito,BANGBANGMOJITO,50.0g箱,50,g,ﾃﾞﾝﾏｰｸ,1780,,,https://www.mof.go.jp/policy/tab_salt/topics/20230801_kouriteika.pdf,5,高
9620f79835e1155a,2023-08-01,令和5年8月1日,変更認可,パイプたばこ,Bang Bang Orange,BANGBANGORANGE,50.0g箱,50,g,ﾃﾞﾝﾏｰｸ,1780,,,https://www.mof.go.jp/policy/tab_salt/topics/20230801_kouriteika.pdf,5,高
ce3d2ddd0aeec1b1,2023-08-01,令和5年8月1日,変更認可,パイプたばこ,Bang Bang Orange Cream,BANGBANGORANGECREAM,50.0g箱,50,g,ﾃﾞﾝﾏｰｸ,1780,,,https://www.mof.go.jp/policy/tab_salt/topics/20230801_kouriteika.pdf,5,高
a40b7b034a67c9fd,2023-08-01,令和5年8月1日,変更認可,パイプたばこ,Bang Bang Peach,BANGBANGPEACH,50.0g箱,50,g,ﾃﾞﾝﾏｰｸ,1780,,,https://www.mof.go.jp/policy/tab_salt/topics/20230801_kouriteika.pdf,5,高
5dedafcf2f93c608,2023-08-01,令和5年8月1日,変更認可,パイプたばこ,Bang Bang Pomegranate,BANGBANGPOMEGRANATE,50.0g箱,50,g,ﾃﾞﾝﾏｰｸ,1780,,,https://www.mof.go.jp/policy/tab_salt/topics/20230801_kouriteika.pdf,5,高
a86c335f3e1c8b09,2023-08-01,令和5年8月1日,変更認可,パイプたばこ,Bang Bang Rasberry Crush,BANGBANGRASBERRYCRUSH,50.0g箱,50,g,ﾃﾞﾝﾏｰｸ,1780,,,https://www.mof.go.jp/policy/tab_salt/topics/20230801_kouriteika.pdf,5,高
f1b079b773ba811e,2023-08-01,令和5年8月1日,変更認可,パイプたばこ,Bang Bang Red Power,BANGBANGREDPOWER,50.0g箱,50,g,ﾃﾞﾝﾏｰｸ,1780,,,https://www.mof.go.jp/policy/tab_salt/topics/20230801_kouriteika.pdf,5,高
c362ccd034a40ae1,2023-08-01,令和5年8月1日,変更認可,パイプたばこ,Bang Bang Vanilla,BANGBANGVANILLA,50.0g箱,50,g,ﾃﾞﾝﾏｰｸ,1780,,,https://www.mof.go.jp/policy/tab_salt/topics/20230801_kouriteika.pdf,5,高
22b485f5304174ed,2023-08-01,令和5年8月1日,変更認可,パイプたばこ,Bang Bang Watermelon,BANGBANGWATERMELON,50.0g箱,50,g,ﾃﾞﾝﾏｰｸ,1780,,,https://www.mof.go.jp/policy/tab_salt/topics/20230801_kouriteika.pdf,5,高
9f0aef3feb81848a,2023-08-01,令和5年8月1日,変更認可,刻みたばこ,ｱﾑｽﾃﾙﾀﾞﾏｰ ﾀﾞｰｸ ﾊﾞｰｼﾞﾆｱ,アムステルダマーダークバージニア,30.0gﾊﾟｳﾁ,30,g,ﾃﾞﾝﾏｰｸ,550,,,https://www.mof.go.jp/policy/tab_salt/topics/20230801_kouriteika.pdf,5,高
afeae9471a59186d,2023-08-01,令和5年8月1日,変更認可,かぎたばこ,ｾﾞﾛｽﾀｲﾙ･ｽﾇｰｽ･ｱｯﾌﾟﾙﾐﾝﾄ･ｽﾄﾛﾝｸﾞ,ゼロスタイルスヌースアップルミントストロング,8.1g缶,8.1,g,ｽｳｪｰﾃﾞﾝ,550,,,https://www.mof.go.jp/policy/tab_salt/topics/20230801_kouriteika.pdf,5,高
f711895206a77b4a,2023-08-01,令和5年8月1日,変更認可,かぎたばこ,ｾﾞﾛｽﾀｲﾙ･ｽﾇｰｽ･ﾘｯﾁ･ｽﾄﾛﾝｸﾞ,ゼロスタイルスヌースリッチストロング,8.1g缶,8.1,g,ｽｳｪｰﾃﾞﾝ,550,,,https://www.mof.go.jp/policy/tab_salt/topics/20230801_kouriteika.pdf,5,高
a9a1358509abfe53,2023-07-27,令和5年7月27日,変更認可,加熱式たばこ,ﾒﾋﾞｳｽ･ﾌﾟﾚﾐｱﾑｺﾞｰﾙﾄﾞ･ｼﾙｸ･ﾚｷﾞｭﾗｰ･ｳｨｽﾞ用,メビウスプレミアムゴールドシルクレギュラーウィズ用,5本,5,本,日本,580,,,https://www.mof.go.jp/policy/tab_salt/topics/20230727_kouriteika.pdf,1,高
28734cbdc8f0228c,2023-07-24,令和5年7月24日,変更認可,葉巻たばこ,ﾊﾟﾄﾞﾛﾝ 1964 ﾌﾟﾘﾝｼﾍﾟ,パドロン1964プリンシペ,115mm 1本,1,本,ﾆｶﾗｸﾞｱ,3500,2200,2023-07-25,https://www.mof.go.jp/policy/tab_salt/topics/20230724_kouriteika.pdf,1,高
a7c9dabe989547f7,2023-07-24,令和5年7月24日,変更認可,葉巻たばこ,ﾊﾟﾄﾞﾛﾝ 3000,パドロン3000,140mm 1本,1,本,ﾆｶﾗｸﾞｱ,2800,1400,2023-07-25,https://www.mof.go.jp/policy/tab_salt/topics/20230724_kouriteika.pdf,1,高
24e58d507d76dc25,2023-06-23,令和5年6月23日,変更認可,葉巻たばこ,Auspicious Serie H No.1,AUSPICIOUSSERIEHNO.1,124mm 1本,1,本,ﾎﾝｼﾞｭﾗｽ,2200,,,https://www.mof.go.jp/policy/tab_salt/topics/20230623_kouriteika.pdf,1,高
58544050be3302b9,2023-06-23,令和5年6月23日,変更認可,葉巻たばこ,Cigar Bank Seleccion Robusto,CIGARBANKSELECCIONROBUSTO,124mm 1本,1,本,ﾎﾝｼﾞｭﾗｽ,3000,,,https://www.mof.go.jp/policy/tab_salt/topics/20230623_kouriteika.pdf,1,高
a06d8d1ad6dee090,2023-06-23,令和5年6月23日,変更認可,葉巻たばこ,La Mappa #18 Cañonazo,LAMAPPA#18CAÑONAZO,160mm 1本,1,本,ﾎﾝｼﾞｭﾗｽ,2750,,,https://www.mof.go.jp/policy/tab_salt/topics/20230623_kouriteika.pdf,1,高
0f7a583e811ff379,2023-06-23,令和5年6月23日,変更認可,葉巻たばこ,La Mappa #18 Robusto,LAMAPPA#18ROBUSTO,135mm 1本,1,本,ﾎﾝｼﾞｭﾗｽ,2200,,,https://www.mof.go.jp/policy/tab_salt/topics/20230623_kouriteika.pdf,1,高
0d04096e28f834e7,2023-06-23,令和5年6月23日,変更認可,葉巻たばこ,La Mappa #19 Cañonazo,LAMAPPA#19CAÑONAZO,160mm 1本,1,本,ﾎﾝｼﾞｭﾗｽ,2750,,,https://www.mof.go.jp/policy/tab_salt/topics/20230623_kouriteika.pdf,1,高
be2852944e884adf,2023-06-23,令和5年6月23日,変更認可,葉巻たばこ,La Mappa #19 Robusto,LAMAPPA#19ROBUSTO,135mm 1本,1,本,ﾎﾝｼﾞｭﾗｽ,2200,,,https://www.mof.go.jp/policy/tab_salt/topics/20230623_kouriteika.pdf,1,高
16947e10d0d061c3,2023-06-23,令和5年6月23日,変更認可,パイプたばこ,Malaki Citrus,MALAKICITRUS,箱,,,ﾎﾝｼﾞｭﾗｽ,1850,,,https://www.mof.go.jp/policy/tab_salt/topics/20230623_kouriteika.pdf,1,高
6f8faccda2a36331,2023-06-23,令和5年6月23日,変更認可,パイプたばこ,Malaki Dreamy Love,MALAKIDREAMYLOVE,箱,,,ﾛｼｱ,1850,,,https://www.mof.go.jp/policy/tab_salt/topics/20230623_kouriteika.pdf,1,高
99cd0a941f16a328,2023-06-23,令和5年6月23日,変更認可,パイプたばこ,Malaki Grape,MALAKIGRAPE,箱,,,ﾛｼｱ,1850,,,https://www.mof.go.jp/policy/tab_salt/topics/20230623_kouriteika.pdf,1,高
8bd3f9f6d714aea9,2023-06-23,令和5年6月23日,変更認可,パイプたばこ,Malaki Licorice,MALAKILICORICE,箱,,,ﾎﾝｼﾞｭﾗｽ,1850,,,https://www.mof.go.jp/policy/tab_salt/topics/20230623_kouriteika.pdf,1,高
ada2f8450a6cbd1f,2023-06-23,令和5年6月23日,変更認可,パイプたばこ,Malaki Two Apple Diamond,MALAKITWOAPPLEDIAMOND,箱,,,ﾎﾝｼﾞｭﾗｽ,1850,,,https://www.mof.go.jp/policy/tab_salt/topics/20230623_kouriteika.pdf,1,高
9cb3d919ae4c04a0,2023-06-23,令和5年6月23日,変更認可,パイプたばこ,SEBERO Black Amarena Cherry,SEBEROBLACKAMARENACHERRY,箱,,,ﾛｼｱ,1790,,,https://www.mof.go.jp/policy/tab_salt/topics/20230623_kouriteika.pdf,1,高
fb411ec1bfaccbdc,2023-06-23,令和5年6月23日,変更認可,パイプたばこ,SEBERO Black Apple Juice,SEBEROBLACKAPPLEJUICE,箱,,,ﾛｼｱ,1790,,,https://www.mof.go.jp/policy/tab_salt/topics/20230623_kouriteika.pdf,1,高
fba9771d12066ab1,2023-06-23,令和5年6月23日,変更認可,パイプたばこ,SEBERO Black Cactus,SEBEROBLACKCACTUS,箱,,,ﾛｼｱ,1790,,,https://www.mof.go.jp/policy/tab_salt/topics/20230623_kouriteika.pdf,1,高
679c3f9b08f11388,2023-06-23,令和5年6月23日,変更認可,パイプたばこ,SEBERO Black Garnet,SEBEROBLACKGARNET,箱,,,ﾛｼｱ,1790,,,https://www.mof.go.jp/policy/tab_salt/topics/20230623_kouriteika.pdf,1,高
c1fc7b1cfe44d3fe,2023-06-23,令和5年6月23日,変更認可,パイプたばこ,SEBERO Black Grape,SEBEROBLACKGRAPE,箱,,,ﾛｼｱ,1790,,,https://www.mof.go.jp/policy/tab_salt/topics/20230623_kouriteika.pdf,1,高
8b54745aac9adf3a,2023-06-23,令和5年6月23日,変更認可,パイプたばこ,SEBERO Black Grapefruit,SEBEROBLACKGRAPEFRUIT,箱,,,ﾛｼｱ,1790,,,https://www.mof.go.jp/policy/tab_salt/topics/20230623_kouriteika.pdf,1,高
e9f1a910874dc875,2023-06-23,令和5年6月23日,変更認可,パイプたばこ,SEBERO Black Herbal Currant,SEBEROBLACKHERBALCURRANT,箱,,,ﾛｼｱ,1790,,,https://www.mof.go.jp/policy/tab_salt/topics/20230623_kouriteika.pdf,1,高
d692c9bcbb8e02f4,2023-06-23,令和5年6月23日,変更認可,パイプたばこ,SEBERO Black Mango Yogurt,SEBEROBLACKMANGOYOGURT,箱,,,ﾛｼｱ,1790,,,https://www.mof.go.jp/policy/tab_salt/topics/20230623_kouriteika.pdf,1,高
81f75cd1eff604b6,2023-06-23,令和5年6月23日,変更認可,パイプたばこ,SEBERO Black Prunes,SEBEROBLACKPRUNES,箱,,,ﾛｼｱ,1790,,,https://www.mof.go.jp/policy/tab_salt/topics/20230623_kouriteika.pdf,1,高
ada9f21b942ee6fc,2023-06-23,令和5年6月23日,変更認可,パイプたばこ,SEBERO Black Root Beer,SEBEROBLACKROOTBEER,箱,,,ﾛｼｱ,1790,,,https://www.mof.go.jp/policy/tab_salt/topics/20230623_kouriteika.pdf,1,高
55d822fc5d3e8b5e,2023-06-23,令和5年6月23日,変更認可,パイプたばこ,SEBERO Black Strawberry,SEBEROBLACKSTRAWBERRY,箱,,,ﾛｼｱ,1790,,,https://www.mof.go.jp/policy/tab_salt/topics/20230623_kouriteika.pdf,1,高
7c8dc8c000678595,2023-06-23,令和5年6月23日,変更認可,パイプたばこ,SEBERO Black Watermelon,SEBEROBLACKWATERMELON,箱,,,ﾛｼｱ,1790,,,https://www.mof.go.jp/policy/tab_salt/topics/20230623_kouriteika.pdf,1,高
d4b6a15af3b0c063,2023-06-23,令和5年6月23日,変更認可,パイプたばこ,SEBERO Black Wild Berries,SEBEROBLACKWILDBERRIES,箱,,,ﾛｼｱ,1790,,,https://www.mof.go.jp/policy/tab_salt/topics/20230623_kouriteika.pdf,1,高
fa8498507e7959a5,2023-06-23,令和5年6月23日,変更認可,葉巻たばこ,Tatuaje Cojonu 2006,TATUAJECOJONU2006,140mm 1本,1,本,ｱﾙﾒﾆｱ,2900,,,https://www.mof.go.jp/policy/tab_salt/topics/20230623_kouriteika.pdf,1,高
90696b33878dfa2a,2023-06-23,令和5年6月23日,変更認可,葉巻たばこ,ｴﾙ ﾌﾞﾙﾋｰﾄ Year of Rabbit 2023,エルブルヒートYEAROFRABBIT2023,130mm 1本,1,本,ﾆｶﾗｸﾞｱ,2800,,,https://www.mof.go.jp/policy/tab_salt/topics/20230623_kouriteika.pdf,1,高
3b52e1aaaf78fb9b,2023-06-23,令和5年6月23日,変更認可,紙巻たばこ,ｼｶﾞﾛｰﾈ･ﾏｸﾞﾈｯﾄ,シガローネマグネット,ﾎﾞｯｸｽ,,,ｱﾙﾒﾆｱ,750,,,https://www.mof.go.jp/policy/tab_salt/topics/20230623_kouriteika.pdf,1,高
789dcd2dae88d3e1,2023-06-23,令和5年6月23日,変更認可,パイプたばこ,SEBERO Black Barberry,SEBEROBLACKBARBERRY,箱,,,ﾛｼｱ,1790,,,https://www.mof.go.jp/policy/tab_salt/topics/20230623_kouriteika.pdf,2,高
a2bbe73f8d186111,2023-06-23,令和5年6月23日,変更認可,パイプたばこ,SEBERO Black Blueberry,SEBEROBLACKBLUEBERRY,箱,,,ﾛｼｱ,1790,,,https://www.mof.go.jp/policy/tab_salt/topics/20230623_kouriteika.pdf,2,高
38c37471e28eec41,2023-06-23,令和5年6月23日,変更認可,パイプたばこ,SEBERO Black Bubble Gum,SEBEROBLACKBUBBLEGUM,箱,,,ﾛｼｱ,1790,,,https://www.mof.go.jp/policy/tab_salt/topics/20230623_kouriteika.pdf,2,高
3f78ddf8da2a98a1,2023-06-23,令和5年6月23日,変更認可,パイプたばこ,SEBERO Black Cola,SEBEROBLACKCOLA,箱,,,ﾛｼｱ,1790,,,https://www.mof.go.jp/policy/tab_salt/topics/20230623_kouriteika.pdf,2,高
7df0bb58ea79fe04,2023-06-23,令和5年6月23日,変更認可,パイプたばこ,SEBERO Black Cookie Monster,SEBEROBLACKCOOKIEMONSTER,箱,,,ﾛｼｱ,1790,,,https://www.mof.go.jp/policy/tab_salt/topics/20230623_kouriteika.pdf,2,高
406af8750d510c61,2023-06-23,令和5年6月23日,変更認可,パイプたばこ,SEBERO Black Feiberry,SEBEROBLACKFEIBERRY,箱,,,ﾛｼｱ,1790,,,https://www.mof.go.jp/policy/tab_salt/topics/20230623_kouriteika.pdf,2,高
46f23e0c9b9ee47c,2023-06-23,令和5年6月23日,変更認可,パイプたばこ,SEBERO Black Green Pear,SEBEROBLACKGREENPEAR,箱,,,ﾛｼｱ,1790,,,https://www.mof.go.jp/policy/tab_salt/topics/20230623_kouriteika.pdf,2,高
9208801f103cfe0a,2023-06-23,令和5年6月23日,変更認可,パイプたばこ,SEBERO Black Lemon Candy,SEBEROBLACKLEMONCANDY,箱,,,ﾛｼｱ,1790,,,https://www.mof.go.jp/policy/tab_salt/topics/20230623_kouriteika.pdf,2,高
5be8423db9de2079,2023-06-23,令和5年6月23日,変更認可,パイプたばこ,SEBERO Black Limonchello,SEBEROBLACKLIMONCHELLO,箱,,,ﾛｼｱ,1790,,,https://www.mof.go.jp/policy/tab_salt/topics/20230623_kouriteika.pdf,2,高
f9c0337e45c57176,2023-06-23,令和5年6月23日,変更認可,パイプたばこ,SEBERO Black Mellow Mango,SEBEROBLACKMELLOWMANGO,箱,,,ﾛｼｱ,1790,,,https://www.mof.go.jp/policy/tab_salt/topics/20230623_kouriteika.pdf,2,高
acc9d4b755b893dc,2023-06-23,令和5年6月23日,変更認可,パイプたばこ,SEBERO Black Strawberry Banana,SEBEROBLACKSTRAWBERRYBANANA,箱,,,ﾛｼｱ,1790,,,https://www.mof.go.jp/policy/tab_salt/topics/20230623_kouriteika.pdf,2,高
b1020623159f71e6,2023-06-23,令和5年6月23日,変更認可,パイプたばこ,SEBERO Black Strawberry-Guava,SEBEROBLACKSTRAWBERRY-GUAVA,箱,,,ﾛｼｱ,1790,,,https://www.mof.go.jp/policy/tab_salt/topics/20230623_kouriteika.pdf,2,高
692d6fdcf7d2a905,2023-06-23,令和5年6月23日,変更認可,パイプたばこ,SEBERO Black TOP,SEBEROBLACKTOP,箱,,,ﾛｼｱ,1790,,,https://www.mof.go.jp/policy/tab_salt/topics/20230623_kouriteika.pdf,2,高
845f9caf1a3c497c,2023-06-23,令和5年6月23日,変更認可,パイプたばこ,SEBERO Black Western,SEBEROBLACKWESTERN,箱,,,ﾛｼｱ,1790,,,https://www.mof.go.jp/policy/tab_salt/topics/20230623_kouriteika.pdf,2,高
5d2380297c5499cd,2023-06-16,令和5年6月16日,変更認可,葉巻たばこ,ｱﾙﾄｳ-ﾛ ﾌｴﾝﾃ ｱﾈﾎ60,アルトウ-ロフエンテアネホ60,159mm 1本,1,本,ﾄﾞﾐﾆｶ共和国,5500,3900,2023-07-01,https://www.mof.go.jp/policy/tab_salt/topics/20230616_kouriteikahenkou.pdf,1,高
7bb9ac10018d09c9,2023-06-16,令和5年6月16日,変更認可,葉巻たばこ,ｱﾙﾄｳ-ﾛ ﾌｴﾝﾃ ｵｰﾊﾟｽX 20th BLV,アルトウ-ロフエンテオーパスX20THBLV,146mm 1本,1,本,ﾄﾞﾐﾆｶ共和国,9000,6400,2023-07-01,https://www.mof.go.jp/policy/tab_salt/topics/20230616_kouriteikahenkou.pdf,1,高
3ca57af3713bbe5d,2023-06-16,令和5年6月16日,変更認可,葉巻たばこ,ｱﾙﾄｳ-ﾛ ﾌｴﾝﾃ ｵｰﾊﾟｽX 20th POTD,アルトウ-ロフエンテオーパスX20THPOTD,162mm 1本,1,本,ﾄﾞﾐﾆｶ共和国,9700,6800,2023-07-01,https://www.mof.go.jp/policy/tab_salt/topics/20230616_kouriteikahenkou.pdf,1,高
75a3a691e27febd6,2023-06-16,令和5年6月16日,変更認可,葉巻たばこ,ｱﾙﾄｳ-ﾛ ﾌｴﾝﾃ ｵｰﾊﾟｽX ASﾛﾌﾞｽﾄ,アルトウ-ロフエンテオーパスXASロブスト,127mm 1本,1,本,ﾄﾞﾐﾆｶ共和国,7000,4700,2023-07-01,https://www.mof.go.jp/policy/tab_salt/topics/20230616_kouriteikahenkou.pdf,1,高
e04240ec89cccb17,2023-06-16,令和5年6月16日,変更認可,葉巻たばこ,ｱﾙﾄｳ-ﾛ ﾌｴﾝﾃ ｵｰﾊﾟｽX ﾀﾞﾌﾞﾙｺﾛﾅ,アルトウ-ロフエンテオーパスXダブルコロナ,194mm 1本,1,本,ﾄﾞﾐﾆｶ共和国,8100,5200,2023-07-01,https://www.mof.go.jp/policy/tab_salt/topics/20230616_kouriteikahenkou.pdf,1,高
125305e671ee9df6,2023-06-16,令和5年6月16日,変更認可,葉巻たばこ,ｱﾙﾄｳ-ﾛ ﾌｴﾝﾃ ｵｰﾊﾟｽX ﾊﾟｰﾌｪｸｼｮﾝNo.5,アルトウ-ロフエンテオーパスXパーフェクションNO.5,124mm 1本,1,本,ﾄﾞﾐﾆｶ共和国,4500,3100,2023-07-01,https://www.mof.go.jp/policy/tab_salt/topics/20230616_kouriteikahenkou.pdf,1,高
6c30225a9ca5f2da,2023-06-16,令和5年6月16日,変更認可,葉巻たばこ,ｱﾙﾄｳ-ﾛ ﾌｴﾝﾃ ｵｰﾊﾟｽX ﾊﾟｰﾌｪｸｼｮﾝX,アルトウ-ロフエンテオーパスXパーフェクションX,160mm 1本,1,本,ﾄﾞﾐﾆｶ共和国,7100,4700,2023-07-01,https://www.mof.go.jp/policy/tab_salt/topics/20230616_kouriteikahenkou.pdf,1,高
4bbb4473868f8765,2023-06-16,令和5年6月16日,変更認可,葉巻たばこ,ｱﾙﾄｳ-ﾛ ﾌｴﾝﾃ ｵｰﾊﾟｽX ﾌｴﾝﾃﾌｴﾝﾃ,アルトウ-ロフエンテオーパスXフエンテフエンテ,143mm 1本,1,本,ﾄﾞﾐﾆｶ共和国,5550,3800,2023-07-01,https://www.mof.go.jp/policy/tab_salt/topics/20230616_kouriteikahenkou.pdf,1,高
1e342413a868edfc,2023-06-16,令和5年6月16日,変更認可,葉巻たばこ,ｱﾙﾄｳ-ﾛ ﾌｴﾝﾃ ｵｰﾊﾟｽX ﾍﾟﾃｨﾗﾝｾﾛ,アルトウ-ロフエンテオーパスXペティランセロ,160mm 1本,1,本,ﾄﾞﾐﾆｶ共和国,5850,3500,2023-07-01,https://www.mof.go.jp/policy/tab_salt/topics/20230616_kouriteikahenkou.pdf,1,高
501e2dacff74e6ad,2023-06-16,令和5年6月16日,変更認可,葉巻たばこ,ｱﾙﾄｳ-ﾛ ﾌｴﾝﾃ ｵｰﾊﾟｽX ﾍﾞﾘｺｿXXX,アルトウ-ロフエンテオーパスXベリコソXXX,117mm 1本,1,本,ﾄﾞﾐﾆｶ共和国,5400,3400,2023-07-01,https://www.mof.go.jp/policy/tab_salt/topics/20230616_kouriteikahenkou.pdf,1,高
5e87aa7a9b4d7975,2023-06-16,令和5年6月16日,変更認可,葉巻たばこ,ｱﾙﾄｳ-ﾛ ﾌｴﾝﾃ ｵｰﾊﾟｽX ﾚｾﾞﾙﾊﾞｼｬﾄｰ,アルトウ-ロフエンテオーパスXレゼルバシャトー,178mm 1本,1,本,ﾄﾞﾐﾆｶ共和国,7500,5000,2023-07-01,https://www.mof.go.jp/policy/tab_salt/topics/20230616_kouriteikahenkou.pdf,1,高
d9b3fada8e862a4e,2023-06-16,令和5年6月16日,変更認可,葉巻たばこ,ｱﾙﾄｳ-ﾛ ﾌｴﾝﾃ ｵｰﾊﾟｽX ﾛﾌﾞｽﾄ,アルトウ-ロフエンテオーパスXロブスト,133mm 1本,1,本,ﾄﾞﾐﾆｶ共和国,6800,4500,2023-07-01,https://www.mof.go.jp/policy/tab_salt/topics/20230616_kouriteikahenkou.pdf,1,高
466a26e108f483f8,2023-06-16,令和5年6月16日,変更認可,葉巻たばこ,ｱﾙﾄｳ-ﾛ ﾌｴﾝﾃ ｸﾊﾞﾆﾄｽ,アルトウ-ロフエンテクバニトス,107mm 1本,1,本,ﾄﾞﾐﾆｶ共和国,700,600,2023-07-01,https://www.mof.go.jp/policy/tab_salt/topics/20230616_kouriteikahenkou.pdf,1,高
6eab64f8ce3af425,2023-06-16,令和5年6月16日,変更認可,葉巻たばこ,ｱﾙﾄｳ-ﾛ ﾌｴﾝﾃ ｸﾞﾗﾝﾚｾﾞﾙﾊﾞ ｺﾛﾅ,アルトウ-ロフエンテグランレゼルバコロナ,133mm 1本,1,本,ﾄﾞﾐﾆｶ共和国,2150,1550,2023-07-01,https://www.mof.go.jp/policy/tab_salt/topics/20230616_kouriteikahenkou.pdf,1,高
38241fce8c2d5a6d,2023-06-16,令和5年6月16日,変更認可,葉巻たばこ,ｱﾙﾄｳ-ﾛ ﾌｴﾝﾃ ｸﾞﾗﾝﾚｾﾞﾙﾊﾞ ﾍﾟﾃｨｺﾛﾅ,アルトウ-ロフエンテグランレゼルバペティコロナ,127mm 1本,1,本,ﾄﾞﾐﾆｶ共和国,1950,1350,2023-07-01,https://www.mof.go.jp/policy/tab_salt/topics/20230616_kouriteikahenkou.pdf,1,高
3a41a98cfa802a67,2023-06-16,令和5年6月16日,変更認可,葉巻たばこ,ｱﾙﾄｳ-ﾛ ﾌｴﾝﾃ ｸﾞﾗﾝﾚｾﾞﾙﾊﾞ ﾛｽﾁｬｲﾙﾄﾞ,アルトウ-ロフエンテグランレゼルバロスチャイルド,114mm 1本,1,本,ﾄﾞﾐﾆｶ共和国,2350,1650,2023-07-01,https://www.mof.go.jp/policy/tab_salt/topics/20230616_kouriteikahenkou.pdf,1,高
2a0ec8f3947ec718,2023-06-16,令和5年6月16日,変更認可,葉巻たばこ,ｱﾙﾄｳ-ﾛ ﾌｴﾝﾃ ｼｬﾄｰﾌｴﾝﾃ ｷﾝｸﾞT,アルトウ-ロフエンテシャトーフエンテキングT,178mm 1本,1,本,ﾄﾞﾐﾆｶ共和国,4300,2850,2023-07-01,https://www.mof.go.jp/policy/tab_salt/topics/20230616_kouriteikahenkou.pdf,1,高
36fcb4ffc6d197fb,2023-06-16,令和5年6月16日,変更認可,葉巻たばこ,ｱﾙﾄｳ-ﾛ ﾌｴﾝﾃ ｼｬﾄｰﾌｴﾝﾃ ﾀﾞﾌﾞﾙｼｬﾄｰﾌｴﾝﾃ,アルトウ-ロフエンテシャトーフエンテダブルシャトーフエンテ,171mm 1本,1,本,ﾄﾞﾐﾆｶ共和国,3050,2000,2023-07-01,https://www.mof.go.jp/policy/tab_salt/topics/20230616_kouriteikahenkou.pdf,1,高
274249bf58d74fd2,2023-06-16,令和5年6月16日,変更認可,葉巻たばこ,ｱﾙﾄｳ-ﾛ ﾌｴﾝﾃ ｼｬﾄｰﾌｴﾝﾃ ﾍﾞﾘｺｿ,アルトウ-ロフエンテシャトーフエンテベリコソ,146mm 1本,1,本,ﾄﾞﾐﾆｶ共和国,2950,2050,2023-07-01,https://www.mof.go.jp/policy/tab_salt/topics/20230616_kouriteikahenkou.pdf,1,高
5d09bb461ff07153,2023-06-16,令和5年6月16日,変更認可,葉巻たばこ,ｱﾙﾄｳ-ﾛ ﾌｴﾝﾃ ｼｬﾄｰﾌｴﾝﾃ･ｼｬﾄｰﾌｴﾝﾃ,アルトウ-ロフエンテシャトーフエンテシャトーフエンテ,114mm 1本,1,本,ﾄﾞﾐﾆｶ共和国,2350,1650,2023-07-01,https://www.mof.go.jp/policy/tab_salt/topics/20230616_kouriteikahenkou.pdf,1,高
a5b94dd6bfcd6a88,2023-06-16,令和5年6月16日,変更認可,葉巻たばこ,ｱﾙﾄｳ-ﾛ ﾌｴﾝﾃ ｼｬﾄｰﾌｴﾝﾃSG,アルトウ-ロフエンテシャトーフエンテSG,114mm 1本,1,本,ﾄﾞﾐﾆｶ共和国,2350,1650,2023-07-01,https://www.mof.go.jp/policy/tab_salt/topics/20230616_kouriteikahenkou.pdf,1,高
1573ee88daaa6047,2023-06-16,令和5年6月16日,変更認可,葉巻たばこ,ｱﾙﾄｳ-ﾛ ﾌｴﾝﾃ ﾄﾞﾝｱﾙﾄｩｰﾛ DSﾌｧﾐﾘｱ,アルトウ-ロフエンテドンアルトゥーロDSファミリア,156mm 1本,1,本,ﾄﾞﾐﾆｶ共和国,6950,4800,2023-07-01,https://www.mof.go.jp/policy/tab_salt/topics/20230616_kouriteikahenkou.pdf,1,高
0a17ccaf19001315,2023-06-16,令和5年6月16日,変更認可,葉巻たばこ,ｱﾙﾄｳ-ﾛ ﾌｴﾝﾃ ﾄﾞﾝｱﾙﾄｩｰﾛDSﾊﾟｯｼｮﾝ,アルトウ-ロフエンテドンアルトゥーロDSパッション,168mm 1本,1,本,ﾄﾞﾐﾆｶ共和国,7650,4900,2023-07-01,https://www.mof.go.jp/policy/tab_salt/topics/20230616_kouriteikahenkou.pdf,1,高
f22f11e781c4f2f7,2023-06-16,令和5年6月16日,変更認可,葉巻たばこ,ｱﾙﾄｳ-ﾛ ﾌｴﾝﾃ ﾄﾞﾝｶﾙﾛｽ ｱｲｵﾌﾞｻﾞｼｬｰｸ,アルトウ-ロフエンテドンカルロスアイオブザシャーク,135mm 1本,1,本,ﾄﾞﾐﾆｶ共和国,5500,3650,2023-07-01,https://www.mof.go.jp/policy/tab_salt/topics/20230616_kouriteikahenkou.pdf,1,高
40f3be374a741d72,2023-06-16,令和5年6月16日,変更認可,葉巻たばこ,ｱﾙﾄｳ-ﾛ ﾌｴﾝﾃ ﾄﾞﾝｶﾙﾛｽ ﾛﾌﾞｽﾄ,アルトウ-ロフエンテドンカルロスロブスト,133mm 1本,1,本,ﾄﾞﾐﾆｶ共和国,3800,2650,2023-07-01,https://www.mof.go.jp/policy/tab_salt/topics/20230616_kouriteikahenkou.pdf,1,高
564940173bfcac0f,2023-06-16,令和5年6月16日,変更認可,葉巻たばこ,ｱﾙﾄｳ-ﾛ ﾌｴﾝﾃ ﾄﾞﾝｶﾙﾛｽNo.3,アルトウ-ロフエンテドンカルロスNO.3,140mm 1本,1,本,ﾄﾞﾐﾆｶ共和国,3300,2350,2023-07-01,https://www.mof.go.jp/policy/tab_salt/topics/20230616_kouriteikahenkou.pdf,1,高
9aea8b522e5bf38d,2023-06-16,令和5年6月16日,変更認可,葉巻たばこ,ｱﾙﾄｳ-ﾛ ﾌｴﾝﾃ ﾄﾞﾝｶﾙﾛｽﾍﾞﾘｺｿ,アルトウ-ロフエンテドンカルロスベリコソ,137mm 1本,1,本,ﾄﾞﾐﾆｶ共和国,4100,2850,2023-07-01,https://www.mof.go.jp/policy/tab_salt/topics/20230616_kouriteikahenkou.pdf,1,高
28f2a8c8abdbd31b,2023-06-16,令和5年6月16日,変更認可,葉巻たばこ,ｱﾙﾄｳ-ﾛ ﾌｴﾝﾃ ﾍﾐﾝｸﾞｳｪｲ ｼｸﾞﾈﾁｬｰ,アルトウ-ロフエンテヘミングウェイシグネチャー,152mm 1本,1,本,ﾄﾞﾐﾆｶ共和国,3200,2350,2023-07-01,https://www.mof.go.jp/policy/tab_salt/topics/20230616_kouriteikahenkou.pdf,1,高
693f4be73905c13d,2023-06-16,令和5年6月16日,変更認可,葉巻たばこ,ｱﾙﾄｳ-ﾛ ﾌｴﾝﾃ ﾍﾐﾝｸﾞｳｪｲ ｼｮｰﾄｽﾄｰﾘｰ,アルトウ-ロフエンテヘミングウェイショートストーリー,102mm 1本,1,本,ﾄﾞﾐﾆｶ共和国,2200,1550,2023-07-01,https://www.mof.go.jp/policy/tab_salt/topics/20230616_kouriteikahenkou.pdf,1,高
63dba27dc79741d0,2023-06-16,令和5年6月16日,変更認可,葉巻たばこ,ｱﾙﾄｳ-ﾛ ﾌｴﾝﾃ ﾍﾐﾝｸﾞｳｪｲ ﾍﾞｽﾄｾﾗｰ,アルトウ-ロフエンテヘミングウェイベストセラー,114mm 1本,1,本,ﾄﾞﾐﾆｶ共和国,2700,2050,2023-07-01,https://www.mof.go.jp/policy/tab_salt/topics/20230616_kouriteikahenkou.pdf,1,高
a0713ed0f23d95ec,2023-06-16,令和5年6月16日,変更認可,葉巻たばこ,ｱﾙﾄｳ-ﾛ ﾌｴﾝﾃ ﾍﾐﾝｸﾞｳｪｲ ﾜｰｸｵﾌﾞｱｰﾄ,アルトウ-ロフエンテヘミングウェイワークオブアート,124mm 1本,1,本,ﾄﾞﾐﾆｶ共和国,3600,2650,2023-07-01,https://www.mof.go.jp/policy/tab_salt/topics/20230616_kouriteikahenkou.pdf,1,高
7f0e890d8e81bbaf,2023-06-16,令和5年6月16日,変更認可,葉巻たばこ,ｱﾙﾄｳ-ﾛ ﾌｴﾝﾃ ﾏｸﾞﾅﾑR ﾛｻﾄﾞ 52,アルトウ-ロフエンテマグナムRロサド52,127mm 1本,1,本,ﾄﾞﾐﾆｶ共和国,2800,2000,2023-07-01,https://www.mof.go.jp/policy/tab_salt/topics/20230616_kouriteikahenkou.pdf,1,高
90223ca8623f9a68,2023-06-16,令和5年6月16日,変更認可,葉巻たばこ,ｲﾝｱﾙﾄｳ-ﾛ ﾌｴﾝﾃ ﾍﾐﾝｸﾞｳｪｲ ﾋﾞﾄｳｨｰﾝｻﾞﾗ,インアルトウ-ロフエンテヘミングウェイビトウィーンザラ,114mm 1本,1,本,ﾄﾞﾐﾆｶ共和国,6600,4400,2023-07-01,https://www.mof.go.jp/policy/tab_salt/topics/20230616_kouriteikahenkou.pdf,1,高
3439d0a774e9bc5b,2023-06-16,令和5年6月16日,変更認可,葉巻たばこ,ｻﾘｰｱﾙﾄｳ-ﾛ ﾌｴﾝﾃ ｸﾞﾗﾝﾚｾﾞﾙﾊﾞ 858ｱﾆﾊﾞｰ,サリーアルトウ-ロフエンテグランレゼルバ858アニバー,153mm 1本,1,本,ﾄﾞﾐﾆｶ共和国,2500,1650,2023-07-01,https://www.mof.go.jp/policy/tab_salt/topics/20230616_kouriteikahenkou.pdf,1,高
d91c50c4bb561416,2023-06-12,令和5年6月12日,変更認可,葉巻たばこ,Lampert Don Patron Toro,LAMPERTDONPATRONTORO,150mm 1本,1,本,ｺｽﾀﾘｶ,3990,,,https://www.mof.go.jp/policy/tab_salt/topics/20230612_kouriteika.pdf,1,高
9829c1e11f47edb1,2023-06-12,令和5年6月12日,変更認可,葉巻たばこ,Lampert El Gringo Robusto,LAMPERTELGRINGOROBUSTO,120mm 1本,1,本,ｺｽﾀﾘｶ,3250,,,https://www.mof.go.jp/policy/tab_salt/topics/20230612_kouriteika.pdf,1,高
c8429b70baac7e79,2023-06-12,令和5年6月12日,変更認可,葉巻たばこ,Lampert Gatsby Torpedo,LAMPERTGATSBYTORPEDO,150mm 1本,1,本,ｺｽﾀﾘｶ,3950,,,https://www.mof.go.jp/policy/tab_salt/topics/20230612_kouriteika.pdf,1,高
d88cb9960d7e0947,2023-06-12,令和5年6月12日,変更認可,葉巻たばこ,Lampert Ocean Breeze Magnum,LAMPERTOCEANBREEZEMAGNUM,120mm 1本,1,本,ｺｽﾀﾘｶ,3800,,,https://www.mof.go.jp/policy/tab_salt/topics/20230612_kouriteika.pdf,1,高
178f5e6017e0b695,2023-06-12,令和5年6月12日,変更認可,パイプたばこ,MAZAYA Coffee with Cardamom,MAZAYACOFFEEWITHCARDAMOM,箱,,,ﾖﾙﾀﾞﾝ,1350,,,https://www.mof.go.jp/policy/tab_salt/topics/20230612_kouriteika.pdf,1,高
d9e760658c3ad82d,2023-06-12,令和5年6月12日,変更認可,パイプたばこ,MAZAYA Frozen Green Apple,MAZAYAFROZENGREENAPPLE,箱,,,ﾖﾙﾀﾞﾝ,1350,,,https://www.mof.go.jp/policy/tab_salt/topics/20230612_kouriteika.pdf,1,高
79d8228ae6401790,2023-06-12,令和5年6月12日,変更認可,パイプたばこ,MAZAYA Italian Ice Cream,MAZAYAITALIANICECREAM,箱,,,ﾖﾙﾀﾞﾝ,1350,,,https://www.mof.go.jp/policy/tab_salt/topics/20230612_kouriteika.pdf,1,高
feaecbe26c9066cd,2023-06-12,令和5年6月12日,変更認可,パイプたばこ,MAZAYA Kiwi with Lemon,MAZAYAKIWIWITHLEMON,箱,,,ﾖﾙﾀﾞﾝ,1350,,,https://www.mof.go.jp/policy/tab_salt/topics/20230612_kouriteika.pdf,1,高
2923f9778fc1083c,2023-06-12,令和5年6月12日,変更認可,パイプたばこ,MAZAYA Melon with Milk,MAZAYAMELONWITHMILK,箱,,,ﾖﾙﾀﾞﾝ,1350,,,https://www.mof.go.jp/policy/tab_salt/topics/20230612_kouriteika.pdf,1,高
6b46a0500513f4de,2023-06-12,令和5年6月12日,変更認可,パイプたばこ,MAZAYA Pomelo with Mint,MAZAYAPOMELOWITHMINT,箱,,,ﾖﾙﾀﾞﾝ,1350,,,https://www.mof.go.jp/policy/tab_salt/topics/20230612_kouriteika.pdf,1,高
6efed345b9c2a184,2023-06-12,令和5年6月12日,変更認可,パイプたばこ,MAZAYA Sweet Blue,MAZAYASWEETBLUE,箱,,,ﾖﾙﾀﾞﾝ,1350,,,https://www.mof.go.jp/policy/tab_salt/topics/20230612_kouriteika.pdf,1,高
e6fa1036df38a1c0,2023-06-12,令和5年6月12日,変更認可,パイプたばこ,MAZAYA Tiramisu,MAZAYATIRAMISU,箱,,,ﾖﾙﾀﾞﾝ,1350,,,https://www.mof.go.jp/policy/tab_salt/topics/20230612_kouriteika.pdf,1,高
2bef6fa8cc0fe0b0,2023-06-12,令和5年6月12日,変更認可,パイプたばこ,MAZAYA Yellow Candy,MAZAYAYELLOWCANDY,箱,,,ﾖﾙﾀﾞﾝ,1350,,,https://www.mof.go.jp/policy/tab_salt/topics/20230612_kouriteika.pdf,1,高
cc1e0e794aca6193,2023-06-12,令和5年6月12日,変更認可,紙巻たばこ,ﾗｰｸ･ｾﾚｸﾄ･1･100ﾎﾞｯｸｽ,ラークセレクト1100ボックス,ﾊｰﾄﾞﾊﾟｯｸ,,,ｾﾙﾋﾞｱ,500,,,https://www.mof.go.jp/policy/tab_salt/topics/20230612_kouriteika.pdf,1,高
aa10945e27e13954,2023-06-12,令和5年6月12日,変更認可,紙巻たばこ,ﾗｰｸ･ｾﾚｸﾄ･ﾊﾟｰﾌﾟﾙ･1･100ﾎﾞｯｸｽ,ラークセレクトパープル1100ボックス,ﾊｰﾄﾞﾊﾟｯｸ,,,ｾﾙﾋﾞｱ,500,,,https://www.mof.go.jp/policy/tab_salt/topics/20230612_kouriteika.pdf,1,高
9c73ed87fe5a7fd9,2023-06-12,令和5年6月12日,変更認可,紙巻たばこ,ﾗｰｸ･ｾﾚｸﾄ･ﾒﾝｿｰﾙ･1･100ﾎﾞｯｸｽ,ラークセレクトメンソール1100ボックス,ﾊｰﾄﾞﾊﾟｯｸ,,,ｾﾙﾋﾞｱ,500,,,https://www.mof.go.jp/policy/tab_salt/topics/20230612_kouriteika.pdf,1,高
9aa8bd4ca764cc8f,2023-06-12,令和5年6月12日,変更認可,紙巻たばこ,ﾗｰｸ･ｾﾚｸﾄ･ﾒﾝｿｰﾙ･5･100ﾎﾞｯｸｽ,ラークセレクトメンソール5100ボックス,ﾊｰﾄﾞﾊﾟｯｸ,,,ｾﾙﾋﾞｱ,500,,,https://www.mof.go.jp/policy/tab_salt/topics/20230612_kouriteika.pdf,1,高
ae0036184b488c4b,2023-06-08,令和5年6月8日,変更認可,パイプたばこ,LIRRA CARAMEL,LIRRACARAMEL,箱,,,ﾄﾙｺ,1650,,,https://www.mof.go.jp/policy/tab_salt/topics/20230608_kouriteika.pdf,1,高
f649a3c5e03e8fa0,2023-06-08,令和5年6月8日,変更認可,パイプたばこ,LIRRA CITRUS MOJITO,LIRRACITRUSMOJITO,箱,,,ﾄﾙｺ,1650,,,https://www.mof.go.jp/policy/tab_salt/topics/20230608_kouriteika.pdf,1,高
8c62ac024c90f2a9,2023-06-08,令和5年6月8日,変更認可,パイプたばこ,LIRRA CRAZY LEMON,LIRRACRAZYLEMON,箱,,,ﾄﾙｺ,1650,,,https://www.mof.go.jp/policy/tab_salt/topics/20230608_kouriteika.pdf,1,高
0cdf32f4f77dba49,2023-06-08,令和5年6月8日,変更認可,パイプたばこ,LIRRA DRAGON FRUIT,LIRRADRAGONFRUIT,箱,,,ﾄﾙｺ,1650,,,https://www.mof.go.jp/policy/tab_salt/topics/20230608_kouriteika.pdf,1,高
e5eda94042366d1c,2023-06-08,令和5年6月8日,変更認可,パイプたばこ,LIRRA ENJOY,LIRRAENJOY,箱,,,ﾄﾙｺ,1650,,,https://www.mof.go.jp/policy/tab_salt/topics/20230608_kouriteika.pdf,1,高
0845e54cccf0e456,2023-06-08,令和5年6月8日,変更認可,パイプたばこ,LIRRA GOOD VIBES ONLY,LIRRAGOODVIBESONLY,箱,,,ﾄﾙｺ,1650,,,https://www.mof.go.jp/policy/tab_salt/topics/20230608_kouriteika.pdf,1,高
e9f96bb83fac3a52,2023-06-08,令和5年6月8日,変更認可,パイプたばこ,LIRRA GRAPE,LIRRAGRAPE,箱,,,ﾄﾙｺ,1650,,,https://www.mof.go.jp/policy/tab_salt/topics/20230608_kouriteika.pdf,1,高
3ba6a5143514798e,2023-06-08,令和5年6月8日,変更認可,パイプたばこ,LIRRA GRAPEFRUITS,LIRRAGRAPEFRUITS,箱,,,ﾄﾙｺ,1650,,,https://www.mof.go.jp/policy/tab_salt/topics/20230608_kouriteika.pdf,1,高
df5c20b5ce4be651,2023-06-08,令和5年6月8日,変更認可,パイプたばこ,LIRRA GREEN APPLE,LIRRAGREENAPPLE,箱,,,ﾄﾙｺ,1650,,,https://www.mof.go.jp/policy/tab_salt/topics/20230608_kouriteika.pdf,1,高
4152c047471a70fa,2023-06-08,令和5年6月8日,変更認可,パイプたばこ,LIRRA LEMON,LIRRALEMON,箱,,,ﾄﾙｺ,1650,,,https://www.mof.go.jp/policy/tab_salt/topics/20230608_kouriteika.pdf,1,高
54091f461ffe4639,2023-06-08,令和5年6月8日,変更認可,パイプたばこ,LIRRA LEMON CAKE,LIRRALEMONCAKE,箱,,,ﾄﾙｺ,1650,,,https://www.mof.go.jp/policy/tab_salt/topics/20230608_kouriteika.pdf,1,高
f6d95a883f684387,2023-06-08,令和5年6月8日,変更認可,パイプたばこ,LIRRA PINK LEMONADE,LIRRAPINKLEMONADE,箱,,,ﾄﾙｺ,1650,,,https://www.mof.go.jp/policy/tab_salt/topics/20230608_kouriteika.pdf,1,高
ccb85ea0379672f7,2023-06-08,令和5年6月8日,変更認可,パイプたばこ,LIRRA RASPBERRY,LIRRARASPBERRY,箱,,,ﾄﾙｺ,1650,,,https://www.mof.go.jp/policy/tab_salt/topics/20230608_kouriteika.pdf,1,高
abcfa40b04c7466a,2023-06-08,令和5年6月8日,変更認可,パイプたばこ,LIRRA STRAWBERRY,LIRRASTRAWBERRY,箱,,,ﾄﾙｺ,1650,,,https://www.mof.go.jp/policy/tab_salt/topics/20230608_kouriteika.pdf,1,高
a1408db6189e77e0,2023-06-08,令和5年6月8日,変更認可,パイプたばこ,LIRRA SUMMER,LIRRASUMMER,箱,,,ﾄﾙｺ,1650,,,https://www.mof.go.jp/policy/tab_salt/topics/20230608_kouriteika.pdf,1,高
a83b71d608f81cac,2023-06-08,令和5年6月8日,変更認可,パイプたばこ,LIRRA WORLD BERRY,LIRRAWORLDBERRY,箱,,,ﾄﾙｺ,1650,,,https://www.mof.go.jp/policy/tab_salt/topics/20230608_kouriteika.pdf,1,高
9c753eda27ee8f98,2023-06-08,令和5年6月8日,変更認可,葉巻たばこ,ﾀﾞﾋﾞﾄﾞﾌ ﾆｶﾗｸﾞｱ 10th ｱﾆﾊﾞｰｻﾘｰ,ダビドフニカラグア10THアニバーサリー,152mm 1本,1,本,ﾄﾙｺ,11500,,,https://www.mof.go.jp/policy/tab_salt/topics/20230608_kouriteika.pdf,1,高
f28dfe22d8489978,2023-06-08,令和5年6月8日,変更認可,葉巻たばこ,ﾄﾞﾝ･ﾃﾞｨｴｺﾞ･ﾄﾛ 2023ﾘﾐﾃｯﾄﾞｴﾃﾞｨｼｮﾝ,ドンディエゴトロ2023リミテッドエディション,150mm 1本,1,本,ｵﾗﾝﾀﾞ,1800,,,https://www.mof.go.jp/policy/tab_salt/topics/20230608_kouriteika.pdf,1,高
074323e0c3e08f72,2023-06-08,令和5年6月8日,変更認可,紙巻たばこ,ﾌﾞﾗｯｸﾃﾞﾋﾞﾙ･ﾓｶﾊﾞﾆﾗ ﾘﾐﾃｯﾄﾞｴﾃﾞｨｼｮﾝ,ブラックデビルモカバニラリミテッドエディション,ﾊｰﾄﾞﾊﾟｯｸ,,,ｵﾗﾝﾀﾞ,560,,,https://www.mof.go.jp/policy/tab_salt/topics/20230608_kouriteika.pdf,1,高
14c80c84c6fc3fed,2023-06-07,令和5年6月7日,変更認可,紙巻たばこ,ｷｬﾒﾙ･ｸﾗﾌﾄ･ﾒﾝｿｰﾙ･1･100's･ｽﾘﾑ,キャメルクラフトメンソール1100'Sスリム,FSK 20本ﾊｰﾄﾞﾊﾟｯｸ,20,本,日本,430,,,https://www.mof.go.jp/policy/tab_salt/topics/20230607_kouriteika.pdf,1,高
02509012470202f0,2023-06-07,令和5年6月7日,変更認可,紙巻たばこ,ｷｬﾒﾙ･ｸﾗﾌﾄ･ﾒﾝｿｰﾙ･ﾍﾞﾘｰｶﾌﾟｾﾙ･5･100's･ｽﾘﾑ,キャメルクラフトメンソールベリーカプセル5100'Sスリム,FSK 20本ﾊｰﾄﾞﾊﾟｯｸ,20,本,日本,430,,,https://www.mof.go.jp/policy/tab_salt/topics/20230607_kouriteika.pdf,1,高
42d606bfd756d76c,2023-05-24,令和5年5月24日,変更認可,葉巻たばこ,AJF ｴﾝｸﾗｰﾍﾞ ﾊﾊﾞﾉ ﾄﾛ,AJFエンクラーベハバノトロ,152mm 1本,1,本,ﾆｶﾗｸﾞｱ,2150,1850,2023-05-29,https://www.mof.go.jp/policy/tab_salt/topics/20230524_kouriteikahenkou.pdf,1,高
b2e424ac9e560c62,2023-05-24,令和5年5月24日,変更認可,葉巻たばこ,AJF ｴﾝｸﾗｰﾍﾞ ﾊﾊﾞﾉ ﾛﾌﾞｽﾄ,AJFエンクラーベハバノロブスト,127mm 1本,1,本,ﾆｶﾗｸﾞｱ,2050,1600,2023-05-29,https://www.mof.go.jp/policy/tab_salt/topics/20230524_kouriteikahenkou.pdf,1,高
60a18ff46ba69949,2023-05-24,令和5年5月24日,変更認可,葉巻たばこ,AJF ｴﾝｸﾗｰﾍﾞ ﾌﾞﾛｰﾄﾞﾘｰﾌ ﾛﾌﾞｽﾄ,AJFエンクラーベブロードリーフロブスト,127mm 1本,1,本,ﾆｶﾗｸﾞｱ,2250,1750,2023-05-29,https://www.mof.go.jp/policy/tab_salt/topics/20230524_kouriteikahenkou.pdf,1,高
a7d5520541cde930,2023-05-24,令和5年5月24日,変更認可,葉巻たばこ,AJF ｻﾝﾛﾀｰﾉ ｵｰﾊﾞﾙ ﾊﾊﾞﾉ ﾄﾛ,AJFサンロターノオーバルハバノトロ,165mm 1本,1,本,ﾆｶﾗｸﾞｱ,2750,2300,2023-05-29,https://www.mof.go.jp/policy/tab_salt/topics/20230524_kouriteikahenkou.pdf,1,高
7b04d2c9204e6e11,2023-05-24,令和5年5月24日,変更認可,葉巻たばこ,AJF ｻﾝﾛﾀｰﾉ ｵｰﾊﾞﾙ ﾊﾊﾞﾉ ﾛﾌﾞｽﾄ,AJFサンロターノオーバルハバノロブスト,140mm 1本,1,本,ﾆｶﾗｸﾞｱ,2450,2100,2023-05-29,https://www.mof.go.jp/policy/tab_salt/topics/20230524_kouriteikahenkou.pdf,1,高
b9e738a4a72ee65b,2023-05-24,令和5年5月24日,変更認可,葉巻たばこ,AJF ｻﾝﾛﾀｰﾉ ｺﾈﾁｶｯﾄ ﾄﾛ,AJFサンロターノコネチカットトロ,152mm 1本,1,本,ﾆｶﾗｸﾞｱ,2100,1800,2023-05-29,https://www.mof.go.jp/policy/tab_salt/topics/20230524_kouriteikahenkou.pdf,1,高
cccba2ad02a849d1,2023-05-24,令和5年5月24日,変更認可,葉巻たばこ,AJF ｻﾝﾛﾀｰﾉ ｺﾈﾁｶｯﾄ ﾛﾌﾞｽﾄ,AJFサンロターノコネチカットロブスト,127mm 1本,1,本,ﾆｶﾗｸﾞｱ,1950,1650,2023-05-29,https://www.mof.go.jp/policy/tab_salt/topics/20230524_kouriteikahenkou.pdf,1,高
6d130a33ba44916f,2023-05-24,令和5年5月24日,変更認可,葉巻たばこ,AJF ｻﾝﾛﾀｰﾉ ﾊﾊﾞﾉ ﾄﾛ,AJFサンロターノハバノトロ,152mm 1本,1,本,ﾆｶﾗｸﾞｱ,2300,1950,2023-05-29,https://www.mof.go.jp/policy/tab_salt/topics/20230524_kouriteikahenkou.pdf,1,高
7a7a88de751dc9cd,2023-05-24,令和5年5月24日,変更認可,葉巻たばこ,AJF ｻﾝﾛﾀｰﾉ ﾊﾊﾞﾉ ﾛﾌﾞｽﾄ,AJFサンロターノハバノロブスト,127mm 1本,1,本,ﾆｶﾗｸﾞｱ,2200,1750,2023-05-29,https://www.mof.go.jp/policy/tab_salt/topics/20230524_kouriteikahenkou.pdf,1,高
c7a63c1e4aa144bd,2023-05-24,令和5年5月24日,変更認可,葉巻たばこ,AJF ｻﾝﾛﾀｰﾉ ﾌﾞﾙ ﾄﾛ,AJFサンロターノブルトロ,152mm 1本,1,本,ﾆｶﾗｸﾞｱ,2750,2350,2023-05-29,https://www.mof.go.jp/policy/tab_salt/topics/20230524_kouriteikahenkou.pdf,1,高
c60c29bc75492943,2023-05-24,令和5年5月24日,変更認可,葉巻たばこ,AJF ｻﾝﾛﾀｰﾉ ﾌﾞﾙ ﾛﾌﾞｽﾄ,AJFサンロターノブルロブスト,127mm 1本,1,本,ﾆｶﾗｸﾞｱ,2600,2200,2023-05-29,https://www.mof.go.jp/policy/tab_salt/topics/20230524_kouriteikahenkou.pdf,1,高
e4025aeedb10383c,2023-05-24,令和5年5月24日,変更認可,葉巻たばこ,AJF ｻﾝﾛﾀｰﾉ ﾏﾃﾞｭｰﾛ ﾄﾛ,AJFサンロターノマデューロトロ,152mm 1本,1,本,ﾆｶﾗｸﾞｱ,2300,2000,2023-05-29,https://www.mof.go.jp/policy/tab_salt/topics/20230524_kouriteikahenkou.pdf,1,高
260b4962b2908bdc,2023-05-24,令和5年5月24日,変更認可,葉巻たばこ,AJF ｻﾝﾛﾀｰﾉ ﾏﾃﾞｭｰﾛ ﾛﾌﾞｽﾄ,AJFサンロターノマデューロロブスト,127mm 1本,1,本,ﾆｶﾗｸﾞｱ,2150,1850,2023-05-29,https://www.mof.go.jp/policy/tab_salt/topics/20230524_kouriteikahenkou.pdf,1,高
1d3026c3c431e513,2023-05-24,令和5年5月24日,変更認可,葉巻たばこ,AJF ﾃﾞｨｱｽ ﾃﾞ ｸﾞﾛﾘｱ ﾛﾌﾞｽﾄ,AJFディアスデグロリアロブスト,140mm 1本,1,本,ﾆｶﾗｸﾞｱ,2700,2100,2023-05-29,https://www.mof.go.jp/policy/tab_salt/topics/20230524_kouriteikahenkou.pdf,1,高
ee14f268481c7f1f,2023-05-24,令和5年5月24日,変更認可,葉巻たばこ,AJF ﾆｭｰﾜｰﾙﾄﾞ ｶﾒﾙｰﾝ ｼｮｰﾄ ﾛﾌﾞｽﾄ,AJFニューワールドカメルーンショートロブスト,102mm 1本,1,本,ﾆｶﾗｸﾞｱ,1750,1500,2023-05-29,https://www.mof.go.jp/policy/tab_salt/topics/20230524_kouriteikahenkou.pdf,1,高
e250c2ea702ee99f,2023-05-24,令和5年5月24日,変更認可,葉巻たばこ,AJF ﾆｭｰﾜｰﾙﾄﾞ ｶﾒﾙｰﾝ ﾀﾞﾌﾞﾙﾛﾌﾞｽﾄ,AJFニューワールドカメルーンダブルロブスト,140mm 1本,1,本,ﾆｶﾗｸﾞｱ,2050,1650,2023-05-29,https://www.mof.go.jp/policy/tab_salt/topics/20230524_kouriteikahenkou.pdf,1,高
c2ccf7522648d3b8,2023-05-24,令和5年5月24日,変更認可,葉巻たばこ,AJF ﾆｭｰﾜｰﾙﾄﾞ ｶﾒﾙｰﾝ ﾄﾛ,AJFニューワールドカメルーントロ,152mm 1本,1,本,ﾆｶﾗｸﾞｱ,2050,1800,2023-05-29,https://www.mof.go.jp/policy/tab_salt/topics/20230524_kouriteikahenkou.pdf,1,高
ecd9cc250a9211c9,2023-05-24,令和5年5月24日,変更認可,葉巻たばこ,AJF ﾆｭｰﾜｰﾙﾄﾞ ｺﾈﾁｶｯﾄ ﾄﾛ,AJFニューワールドコネチカットトロ,152mm 1本,1,本,ﾆｶﾗｸﾞｱ,2050,1800,2023-05-29,https://www.mof.go.jp/policy/tab_salt/topics/20230524_kouriteikahenkou.pdf,1,高
3c01703dea20edbd,2023-05-24,令和5年5月24日,変更認可,葉巻たばこ,AJF ﾆｭｰﾜｰﾙﾄﾞ ｺﾈﾁｶｯﾄ ﾛﾌﾞｽﾄ,AJFニューワールドコネチカットロブスト,127mm 1本,1,本,ﾆｶﾗｸﾞｱ,1850,1450,2023-05-29,https://www.mof.go.jp/policy/tab_salt/topics/20230524_kouriteikahenkou.pdf,1,高
19bb44d75bc9bd39,2023-05-24,令和5年5月24日,変更認可,葉巻たばこ,AJF ﾆｭｰﾜｰﾙﾄﾞ ﾌﾟｰﾛｴｽﾍﾟｼｱﾙ ｼｮｰﾄﾁｬｰﾁﾙ,AJFニューワールドプーロエスペシアルショートチャーチル,152mm 1本,1,本,ﾆｶﾗｸﾞｱ,2250,1800,2023-05-29,https://www.mof.go.jp/policy/tab_salt/topics/20230524_kouriteikahenkou.pdf,1,高
3164e5e4ea95452b,2023-05-24,令和5年5月24日,変更認可,葉巻たばこ,AJF ﾆｭｰﾜｰﾙﾄﾞ ﾌﾟｰﾛｴｽﾍﾟｼｱﾙ ﾄﾛ,AJFニューワールドプーロエスペシアルトロ,165mm 1本,1,本,ﾆｶﾗｸﾞｱ,2450,2100,2023-05-29,https://www.mof.go.jp/policy/tab_salt/topics/20230524_kouriteikahenkou.pdf,1,高
69d387a86c00c627,2023-05-24,令和5年5月24日,変更認可,葉巻たばこ,AJF ﾆｭｰﾜｰﾙﾄﾞ ﾌﾟｰﾛｴｽﾍﾟｼｱﾙ ﾛﾌﾞｽﾄ,AJFニューワールドプーロエスペシアルロブスト,140mm 1本,1,本,ﾆｶﾗｸﾞｱ,2300,1900,2023-05-29,https://www.mof.go.jp/policy/tab_salt/topics/20230524_kouriteikahenkou.pdf,1,高
98341d8fd95a0f59,2023-05-24,令和5年5月24日,変更認可,葉巻たばこ,AJF ﾍﾞｰｼﾞｬ ｱﾙﾃｽ ﾏﾃﾞｭｰﾛ ﾄﾛ,AJFベージャアルテスマデューロトロ,152mm 1本,1,本,ﾆｶﾗｸﾞｱ,2900,2300,2023-05-29,https://www.mof.go.jp/policy/tab_salt/topics/20230524_kouriteikahenkou.pdf,1,高
639a3aceaccce9fe,2023-05-24,令和5年5月24日,変更認可,葉巻たばこ,AJF ﾍﾞｰｼﾞｬ ｱﾙﾃｽ ﾏﾃﾞｭｰﾛ ﾛﾌﾞｽﾄ,AJFベージャアルテスマデューロロブスト,140mm 1本,1,本,ﾆｶﾗｸﾞｱ,2800,2200,2023-05-29,https://www.mof.go.jp/policy/tab_salt/topics/20230524_kouriteikahenkou.pdf,1,高
414f25b19502b867,2023-05-24,令和5年5月24日,変更認可,葉巻たばこ,AJF ﾗｽﾄｺｰﾙ ﾊﾊﾞﾉ ﾍﾆｱﾚｽ,AJFラストコールハバノヘニアレス,114mm 1本,1,本,ﾆｶﾗｸﾞｱ,1600,1250,2023-05-29,https://www.mof.go.jp/policy/tab_salt/topics/20230524_kouriteikahenkou.pdf,1,高
c744b51a197e3254,2023-05-24,令和5年5月24日,変更認可,葉巻たばこ,ﾊﾟﾄﾞﾛﾝ 1926 40th ｱﾆﾊﾞｰｻﾘｰ,パドロン192640THアニバーサリー,164mm 1本,1,本,ﾆｶﾗｸﾞｱ,7600,5800,2023-05-28,https://www.mof.go.jp/policy/tab_salt/topics/20230524_kouriteikahenkou.pdf,1,高
5f3366ee44f4a3c5,2023-05-24,令和5年5月24日,変更認可,葉巻たばこ,ﾊﾟﾄﾞﾛﾝ 1926 80th ｱﾆﾊﾞｰｻﾘｰ,パドロン192680THアニバーサリー,178mm 1本,1,本,ﾆｶﾗｸﾞｱ,9100,6900,2023-05-28,https://www.mof.go.jp/policy/tab_salt/topics/20230524_kouriteikahenkou.pdf,1,高
c7b65b8c3760b499,2023-05-24,令和5年5月24日,変更認可,葉巻たばこ,ﾊﾟﾄﾞﾛﾝ 1926 No.6,パドロン1926NO.6,122mm 1本,1,本,ﾆｶﾗｸﾞｱ,4700,3300,2023-05-28,https://www.mof.go.jp/policy/tab_salt/topics/20230524_kouriteikahenkou.pdf,1,高
73fb77e677c1cc25,2023-05-24,令和5年5月24日,変更認可,葉巻たばこ,ﾊﾟﾄﾞﾛﾝ 1926 No.9,パドロン1926NO.9,136mm 1本,1,本,ﾆｶﾗｸﾞｱ,6600,5000,2023-05-28,https://www.mof.go.jp/policy/tab_salt/topics/20230524_kouriteikahenkou.pdf,1,高
4f300fefcc095c31,2023-05-24,令和5年5月24日,変更認可,葉巻たばこ,ﾊﾟﾄﾞﾛﾝ 1964 ｴｸｽｸﾙｰｼﾎﾞ,パドロン1964エクスクルーシボ,140mm 1本,1,本,ﾆｶﾗｸﾞｱ,4100,2900,2023-05-28,https://www.mof.go.jp/policy/tab_salt/topics/20230524_kouriteikahenkou.pdf,1,高
274d345eedaffa8b,2023-05-24,令和5年5月24日,変更認可,葉巻たばこ,ﾊﾟﾄﾞﾛﾝ 1964 ﾄﾙﾍﾟﾄﾞ,パドロン1964トルペド,151mm 1本,1,本,ﾆｶﾗｸﾞｱ,5600,4000,2023-05-28,https://www.mof.go.jp/policy/tab_salt/topics/20230524_kouriteikahenkou.pdf,1,高
26eaa4000276519b,2023-05-24,令和5年5月24日,変更認可,葉巻たばこ,ﾊﾟﾄﾞﾛﾝ 2000,パドロン2000,126mm 1本,1,本,ﾆｶﾗｸﾞｱ,2600,1300,2023-05-28,https://www.mof.go.jp/policy/tab_salt/topics/20230524_kouriteikahenkou.pdf,1,高
11fac96420e58ce2,2023-05-24,令和5年5月24日,変更認可,葉巻たばこ,ﾊﾟﾄﾞﾛﾝ ﾌｧﾐﾘｰﾘｻﾞｰﾌﾞ No.45,パドロンファミリーリザーブNO.45,151mm 1本,1,本,ﾆｶﾗｸﾞｱ,8000,5800,2023-05-28,https://www.mof.go.jp/policy/tab_salt/topics/20230524_kouriteikahenkou.pdf,1,高
1b8d2d20b7700c4e,2023-05-24,令和5年5月24日,変更認可,葉巻たばこ,AJF ｴﾝｸﾗｰﾍﾞ ｺﾈﾁｶｯﾄ ﾄﾛ,AJFエンクラーベコネチカットトロ,152mm 1本,1,本,ﾆｶﾗｸﾞｱ,2150,1850,2023-05-29,https://www.mof.go.jp/policy/tab_salt/topics/20230524_kouriteikahenkou.pdf,2,高
90d26ef5149d38a8,2023-05-24,令和5年5月24日,変更認可,葉巻たばこ,AJF ｴﾝｸﾗｰﾍﾞ ｺﾈﾁｶｯﾄ ﾛﾌﾞｽﾄ,AJFエンクラーベコネチカットロブスト,127mm 1本,1,本,ﾆｶﾗｸﾞｱ,2000,1600,2023-05-29,https://www.mof.go.jp/policy/tab_salt/topics/20230524_kouriteikahenkou.pdf,2,高
751c64480f0cc980,2023-05-24,令和5年5月24日,変更認可,葉巻たばこ,AJF ｴﾝｸﾗｰﾍﾞ ﾌﾞﾛｰﾄﾞﾘｰﾌ ﾄﾛ,AJFエンクラーベブロードリーフトロ,165mm 1本,1,本,ﾆｶﾗｸﾞｱ,2550,2200,2023-05-29,https://www.mof.go.jp/policy/tab_salt/topics/20230524_kouriteikahenkou.pdf,2,高
4588a85da2092620,2023-05-24,令和5年5月24日,変更認可,葉巻たばこ,AJF ﾃﾞｨｱｽ ﾃﾞ ｸﾞﾛﾘｱ ｼｮｰﾄﾁｬｰﾁﾙ,AJFディアスデグロリアショートチャーチル,165mm 1本,1,本,ﾆｶﾗｸﾞｱ,2600,2200,2023-05-29,https://www.mof.go.jp/policy/tab_salt/topics/20230524_kouriteikahenkou.pdf,2,高
b0454a9cae0e4637,2023-05-24,令和5年5月24日,変更認可,葉巻たばこ,AJF ﾃﾞｨｱｽ ﾃﾞ ｸﾞﾛﾘｱ ﾄﾛ,AJFディアスデグロリアトロ,152mm 1本,1,本,ﾆｶﾗｸﾞｱ,2800,2400,2023-05-29,https://www.mof.go.jp/policy/tab_salt/topics/20230524_kouriteikahenkou.pdf,2,高
65be262a60c20748,2023-05-24,令和5年5月24日,変更認可,葉巻たばこ,AJF ﾌﾞﾚﾝﾄﾞ15 ｼｮｰﾄﾛﾌﾞｽﾄ,AJFブレンド15ショートロブスト,89mm 1本,1,本,ﾆｶﾗｸﾞｱ,1050,800,2023-05-29,https://www.mof.go.jp/policy/tab_salt/topics/20230524_kouriteikahenkou.pdf,2,高
58f196bbf07cafa8,2023-05-24,令和5年5月24日,変更認可,葉巻たばこ,AJF ﾌﾞﾚﾝﾄﾞ15 ﾄﾛ,AJFブレンド15トロ,152mm 1本,1,本,ﾆｶﾗｸﾞｱ,1450,1200,2023-05-29,https://www.mof.go.jp/policy/tab_salt/topics/20230524_kouriteikahenkou.pdf,2,高
355048d649b0d2f9,2023-05-24,令和5年5月24日,変更認可,葉巻たばこ,AJF ﾌﾞﾚﾝﾄﾞ15 ﾛﾌﾞｽﾄ,AJFブレンド15ロブスト,127mm 1本,1,本,ﾆｶﾗｸﾞｱ,1350,1100,2023-05-29,https://www.mof.go.jp/policy/tab_salt/topics/20230524_kouriteikahenkou.pdf,2,高
f807a4c8c12f63bc,2023-05-24,令和5年5月24日,変更認可,葉巻たばこ,AJF ﾍﾞｰｼﾞｬ ｱﾙﾃｽ ｼｮｰﾄﾁｬｰﾁﾙ,AJFベージャアルテスショートチャーチル,152mm 1本,1,本,ﾆｶﾗｸﾞｱ,2550,2150,2023-05-29,https://www.mof.go.jp/policy/tab_salt/topics/20230524_kouriteikahenkou.pdf,2,高
12ba3d332431e218,2023-05-24,令和5年5月24日,変更認可,葉巻たばこ,AJF ﾍﾞｰｼﾞｬ ｱﾙﾃｽ ﾄﾛ,AJFベージャアルテストロ,152mm 1本,1,本,ﾆｶﾗｸﾞｱ,2700,2300,2023-05-29,https://www.mof.go.jp/policy/tab_salt/topics/20230524_kouriteikahenkou.pdf,2,高
8dd57de101b8cdac,2023-05-24,令和5年5月24日,変更認可,葉巻たばこ,AJF ﾍﾞｰｼﾞｬ ｱﾙﾃｽ ﾏﾃﾞｭｰﾛ ﾗﾝｾﾛ,AJFベージャアルテスマデューロランセロ,178mm 1本,1,本,ﾆｶﾗｸﾞｱ,2550,2150,2023-05-29,https://www.mof.go.jp/policy/tab_salt/topics/20230524_kouriteikahenkou.pdf,2,高
a345455f41e04707,2023-05-24,令和5年5月24日,変更認可,葉巻たばこ,AJF ﾍﾞｰｼﾞｬ ｱﾙﾃｽ ﾛﾌﾞｽﾄ,AJFベージャアルテスロブスト,140mm 1本,1,本,ﾆｶﾗｸﾞｱ,2650,2250,2023-05-29,https://www.mof.go.jp/policy/tab_salt/topics/20230524_kouriteikahenkou.pdf,2,高
0964983951786631,2023-05-24,令和5年5月24日,変更認可,葉巻たばこ,AJF ﾗｽﾄｺｰﾙ ﾊﾊﾞﾉ ｺﾙﾃｨｶｽ,AJFラストコールハバノコルティカス,102mm 1本,1,本,ﾆｶﾗｸﾞｱ,1650,1400,2023-05-29,https://www.mof.go.jp/policy/tab_salt/topics/20230524_kouriteikahenkou.pdf,2,高
0aa45ecc2c3fdf64,2023-05-24,令和5年5月24日,変更認可,葉巻たばこ,AJF ﾗｽﾄｺｰﾙ ﾊﾊﾞﾉ ﾁｷｰﾀｽ,AJFラストコールハバノチキータス,89mm 1本,1,本,ﾆｶﾗｸﾞｱ,1500,1200,2023-05-29,https://www.mof.go.jp/policy/tab_salt/topics/20230524_kouriteikahenkou.pdf,2,高
3df50cdbefe927e8,2023-05-24,令和5年5月24日,変更認可,葉巻たばこ,AJF ﾗｽﾄｺｰﾙ ﾊﾊﾞﾉ ﾌﾗｷｰﾀｽ,AJFラストコールハバノフラキータス,152mm 1本,1,本,ﾆｶﾗｸﾞｱ,1850,1600,2023-05-29,https://www.mof.go.jp/policy/tab_salt/topics/20230524_kouriteikahenkou.pdf,2,高
222de794119309c8,2023-05-24,令和5年5月24日,変更認可,葉巻たばこ,AJF ﾗｽﾄｺｰﾙ ﾊﾊﾞﾉ ﾍﾟｹｰﾆｬｽ,AJFラストコールハバノペケーニャス,127mm 1本,1,本,ﾆｶﾗｸﾞｱ,1750,1500,2023-05-29,https://www.mof.go.jp/policy/tab_salt/topics/20230524_kouriteikahenkou.pdf,2,高
5926a2436b3f17de,2023-05-24,令和5年5月24日,変更認可,葉巻たばこ,ｳﾞｨｳﾞｧﾗｳﾞｨﾀﾞ ｸﾗﾌﾞ 500,ヴィヴァラヴィダクラブ500,152mm 1本,1,本,ﾆｶﾗｸﾞｱ,3850,3000,2023-05-29,https://www.mof.go.jp/policy/tab_salt/topics/20230524_kouriteikahenkou.pdf,2,高
011609b883996160,2023-05-24,令和5年5月24日,変更認可,葉巻たばこ,ｳﾞｨｳﾞｧﾗｳﾞｨﾀﾞ ﾃﾞｨｱﾃﾞﾏ,ヴィヴァラヴィダディアデマ,165mm 1本,1,本,ﾆｶﾗｸﾞｱ,3550,2800,2023-05-29,https://www.mof.go.jp/policy/tab_salt/topics/20230524_kouriteikahenkou.pdf,2,高
71932e229b14c91a,2023-05-24,令和5年5月24日,変更認可,葉巻たばこ,ｳﾞｨｳﾞｧﾗｳﾞｨﾀﾞ ﾄﾛ,ヴィヴァラヴィダトロ,152mm 1本,1,本,ﾆｶﾗｸﾞｱ,3050,2600,2023-05-29,https://www.mof.go.jp/policy/tab_salt/topics/20230524_kouriteikahenkou.pdf,2,高
85f11ce65123da2e,2023-05-24,令和5年5月24日,変更認可,葉巻たばこ,ｳﾞｨｳﾞｧﾗｳﾞｨﾀﾞ ﾛﾌﾞｽﾄ,ヴィヴァラヴィダロブスト,127mm 1本,1,本,ﾆｶﾗｸﾞｱ,2950,2400,2023-05-29,https://www.mof.go.jp/policy/tab_salt/topics/20230524_kouriteikahenkou.pdf,2,高
0349409f3066aa42,2023-05-24,令和5年5月24日,変更認可,葉巻たばこ,ｴｲｼﾞﾝｸﾞ ﾙｰﾑ ｸﾜﾄﾛ ｴｽﾌﾟﾚｼｰﾎﾞ,エイジングルームクワトロエスプレシーボ,127mm 1本,1,本,ﾆｶﾗｸﾞｱ,2500,2000,2023-05-29,https://www.mof.go.jp/policy/tab_salt/topics/20230524_kouriteikahenkou.pdf,2,高
bc2af699254a9440,2023-05-24,令和5年5月24日,変更認可,葉巻たばこ,ｴｲｼﾞﾝｸﾞ ﾙｰﾑ ｸﾜﾄﾛ ﾋﾞﾌﾞﾗｰﾄ,エイジングルームクワトロビブラート,152mm 1本,1,本,ﾆｶﾗｸﾞｱ,2900,2300,2023-05-29,https://www.mof.go.jp/policy/tab_salt/topics/20230524_kouriteikahenkou.pdf,2,高
3970a297465a2d2a,2023-05-19,令和5年5月19日,変更認可,かぎたばこ,SHIKHAR FILTER KHAINI,SHIKHARFILTERKHAINI,ﾊﾟｳﾁ,,,ｲﾝﾄﾞ,100,,,https://www.mof.go.jp/policy/tab_salt/topics/20230519_kouriteika.pdf,1,高
ccfccaa48276932b,2023-05-19,令和5年5月19日,変更認可,かみたばこ,SUPER LIKE TOBACCO,SUPERLIKETOBACCO,ﾊﾟｳﾁ,,,ﾈﾊﾟｰﾙ,300,,,https://www.mof.go.jp/policy/tab_salt/topics/20230519_kouriteika.pdf,1,高
c028b5727ce14b9f,2023-05-19,令和5年5月19日,変更認可,パイプたばこ,ﾁｮｲｽ･ｷｰﾙﾛﾜｲﾔﾙ,チョイスキールロワイヤル,ﾊﾟｳﾁ,,,ﾃﾞﾝﾏｰｸ,830,,,https://www.mof.go.jp/policy/tab_salt/topics/20230519_kouriteika.pdf,1,高
2ffd2da4b2e11b53,2023-05-19,令和5年5月19日,変更認可,パイプたばこ,ﾁｮｲｽ･ﾙﾊﾞｰﾌﾞ,チョイスルバーブ,ﾊﾟｳﾁ,,,ﾃﾞﾝﾏｰｸ,830,,,https://www.mof.go.jp/policy/tab_salt/topics/20230519_kouriteika.pdf,1,高
296de79e19e29c62,2023-05-19,令和5年5月19日,変更認可,加熱式たばこ,ﾃﾘｱ･ﾌﾞﾗｯｸ･ﾙﾋﾞｰ･ﾒﾝｿｰﾙ,テリアブラックルビーメンソール,ﾊｰﾄﾞﾊﾟｯｸ,,,ｲﾀﾘｱ,580,,,https://www.mof.go.jp/policy/tab_salt/topics/20230519_kouriteika.pdf,1,高
b312fe0238bbeccf,2023-05-19,令和5年5月19日,変更認可,パイプたばこ,ﾌｫﾝ･ｸﾗｰﾚﾝ ﾘﾐﾃｯﾄﾞｴﾃﾞｨｼｮﾝ,フォンクラーレンリミテッドエディション,缶,,,ﾗｵｽ,4800,,,https://www.mof.go.jp/policy/tab_salt/topics/20230519_kouriteika.pdf,1,高
158fbb23db3bcfb5,2023-05-12,令和5年5月12日,変更認可,葉巻たばこ,AMAN TOKYO ROBUSTO,AMANTOKYOROBUSTO,127mm 1本,1,本,ﾆｶﾗｸﾞｱ,3300,,,https://www.mof.go.jp/policy/tab_salt/topics/20230512_kouriteika.pdf,1,高
ef3fbae5e3206e98,2023-05-12,令和5年5月12日,変更認可,葉巻たばこ,AMAN TOKYO SHORT PIRAMIDES,AMANTOKYOSHORTPIRAMIDES,110mm 1本,1,本,ﾆｶﾗｸﾞｱ,2800,,,https://www.mof.go.jp/policy/tab_salt/topics/20230512_kouriteika.pdf,1,高
75dd251438c4a534,2023-05-12,令和5年5月12日,変更認可,葉巻たばこ,CORTOS,CORTOS,92mm 1本,1,本,ﾆｶﾗｸﾞｱ,300,,,https://www.mof.go.jp/policy/tab_salt/topics/20230512_kouriteika.pdf,1,高
0660424fba83452d,2023-05-12,令和5年5月12日,変更認可,葉巻たばこ,Don Pepin Garcia Original Lanceros,DONPEPINGARCIAORIGINALLANCEROS,190mm 1本,1,本,"ｱﾒﾘｶ合衆国,ﾆｶﾗｸﾞｱ",2600,,,https://www.mof.go.jp/policy/tab_salt/topics/20230512_kouriteika.pdf,1,高
04d6afa9d1aee7da,2023-05-12,令和5年5月12日,変更認可,葉巻たばこ,FRESCURA MAGIA,FRESCURAMAGIA,115mm 1本,1,本,ﾆｶﾗｸﾞｱ,1500,,,https://www.mof.go.jp/policy/tab_salt/topics/20230512_kouriteika.pdf,1,高
43bbedbb7270a0af,2023-05-12,令和5年5月12日,変更認可,葉巻たばこ,gica,GICA,180mm 1本,1,本,ﾆｶﾗｸﾞｱ,3900,,,https://www.mof.go.jp/policy/tab_salt/topics/20230512_kouriteika.pdf,1,高
b47f4987d03f1397,2023-05-12,令和5年5月12日,変更認可,葉巻たばこ,My Father Le Bijou 1922 Petit,MYFATHERLEBIJOU1922PETIT,114mm 1本,1,本,ﾆｶﾗｸﾞｱ,2100,,,https://www.mof.go.jp/policy/tab_salt/topics/20230512_kouriteika.pdf,1,中
5f9e93973ebea2de,2023-05-12,令和5年5月12日,変更認可,葉巻たばこ,Robusto,ROBUSTO,114mm 1本,1,本,ﾆｶﾗｸﾞｱ,2100,,,https://www.mof.go.jp/policy/tab_salt/topics/20230512_kouriteika.pdf,1,高
00e3e09d3bced718,2023-05-12,令和5年5月12日,変更認可,葉巻たばこ,Sin Compromiso Selección Intrépido,SINCOMPROMISOSELECCIÓNINTRÉPIDO,144mm 1本,1,本,ﾆｶﾗｸﾞｱ,3800,,,https://www.mof.go.jp/policy/tab_salt/topics/20230512_kouriteika.pdf,1,高
ad5c769bf78453f0,2023-05-12,令和5年5月12日,変更認可,葉巻たばこ,Sin Compromiso Selección No.2,SINCOMPROMISOSELECCIÓNNO.2,150mm 1本,1,本,ﾆｶﾗｸﾞｱ,4300,,,https://www.mof.go.jp/policy/tab_salt/topics/20230512_kouriteika.pdf,1,高
494586bf0edbc044,2023-05-12,令和5年5月12日,変更認可,葉巻たばこ,Sin Compromiso Selección No.5,SINCOMPROMISOSELECCIÓNNO.5,152mm 1本,1,本,ﾆｶﾗｸﾞｱ,4400,,,https://www.mof.go.jp/policy/tab_salt/topics/20230512_kouriteika.pdf,1,高
b9ce47da3434b90d,2023-05-12,令和5年5月12日,変更認可,葉巻たばこ,Sin Compromiso Selección No.7,SINCOMPROMISOSELECCIÓNNO.7,178mm 1本,1,本,ﾆｶﾗｸﾞｱ,4800,,,https://www.mof.go.jp/policy/tab_salt/topics/20230512_kouriteika.pdf,1,高
fcfe6c3d61a5e55b,2023-05-12,令和5年5月12日,変更認可,葉巻たばこ,Sin Compromiso Selección Varita Má,SINCOMPROMISOSELECCIÓNVARITAMÁ,180mm 1本,1,本,ﾆｶﾗｸﾞｱ,3900,,,https://www.mof.go.jp/policy/tab_salt/topics/20230512_kouriteika.pdf,1,中
3a16c3b552dc556f,2023-05-12,令和5年5月12日,変更認可,葉巻たばこ,Sobremesa Brulee Gordo,SOBREMESABRULEEGORDO,159mm 1本,1,本,ﾆｶﾗｸﾞｱ,3300,,,https://www.mof.go.jp/policy/tab_salt/topics/20230512_kouriteika.pdf,1,高
8d9e8ffd5ad3e011,2023-05-12,令和5年5月12日,変更認可,葉巻たばこ,Sobremesa Brulee Robusto,SOBREMESABRULEEROBUSTO,135mm 1本,1,本,ﾆｶﾗｸﾞｱ,2800,,,https://www.mof.go.jp/policy/tab_salt/topics/20230512_kouriteika.pdf,1,高
667dc60d7a588e67,2023-05-12,令和5年5月12日,変更認可,葉巻たばこ,Sobremesa Brulee Toro,SOBREMESABRULEETORO,152mm 1本,1,本,ﾆｶﾗｸﾞｱ,3000,,,https://www.mof.go.jp/policy/tab_salt/topics/20230512_kouriteika.pdf,1,高
c6ee92e30e2d2851,2023-05-12,令和5年5月12日,変更認可,葉巻たばこ,Sobremesa El Americano,SOBREMESAELAMERICANO,153mm 1本,1,本,ﾆｶﾗｸﾞｱ,2700,,,https://www.mof.go.jp/policy/tab_salt/topics/20230512_kouriteika.pdf,1,高
63d57c17a7f94d57,2023-05-12,令和5年5月12日,変更認可,葉巻たばこ,Sobremesa Elegante en Cedros,SOBREMESAELEGANTEENCEDROS,180mm 1本,1,本,ﾆｶﾗｸﾞｱ,3100,,,https://www.mof.go.jp/policy/tab_salt/topics/20230512_kouriteika.pdf,1,高
923271edd1ebb316,2023-05-12,令和5年5月12日,変更認可,葉巻たばこ,Sobremesa Gran Imperiales,SOBREMESAGRANIMPERIALES,180mm 1本,1,本,ﾆｶﾗｸﾞｱ,3000,,,https://www.mof.go.jp/policy/tab_salt/topics/20230512_kouriteika.pdf,1,高
0516e6ec5d9bf26b,2023-05-12,令和5年5月12日,変更認可,葉巻たばこ,Sobremesa Short Churchill,SOBREMESASHORTCHURCHILL,122mm 1本,1,本,ﾆｶﾗｸﾞｱ,2500,,,https://www.mof.go.jp/policy/tab_salt/topics/20230512_kouriteika.pdf,1,高
2692df741a23b436,2023-05-12,令和5年5月12日,変更認可,葉巻たばこ,ｺｲｰﾊﾞ･ｼｮｰﾄ ﾋｭﾐﾄﾞｰﾙ88 2023ED,コイーバショートヒュミドール882023ED,82mm 88本,88,本,ｷｭｰﾊﾞ,45000,,,https://www.mof.go.jp/policy/tab_salt/topics/20230512_kouriteika.pdf,1,高
f054c383e6d3a612,2023-05-12,令和5年5月12日,変更認可,葉巻たばこ,ﾄﾞﾝ ﾄｰﾏｽ ﾌﾞﾗｼﾞﾙ ﾛｽﾁｬｲﾙﾄﾞ,ドントーマスブラジルロスチャイルド,114mm 1本,1,本,ﾎﾝｼﾞｭﾗｽ,930,,,https://www.mof.go.jp/policy/tab_salt/topics/20230512_kouriteika.pdf,1,高
0c2608c626f0a89f,2023-05-12,令和5年5月12日,変更認可,葉巻たばこ,ﾄﾞﾝ ﾄｰﾏｽ ﾌﾞﾗｼﾞﾙ ﾛﾌﾞｽﾄ,ドントーマスブラジルロブスト,140mm 1本,1,本,ﾎﾝｼﾞｭﾗｽ,980,,,https://www.mof.go.jp/policy/tab_salt/topics/20230512_kouriteika.pdf,1,高
f7a3638effd83813,2023-05-12,令和5年5月12日,変更認可,葉巻たばこ,ﾊﾟﾄﾞﾛﾝ 1926 No.47,パドロン1926NO.47,138mm 1本,1,本,ﾆｶﾗｸﾞｱ,5600,,,https://www.mof.go.jp/policy/tab_salt/topics/20230512_kouriteika.pdf,1,高
4764cac3dd166cdf,2023-05-12,令和5年5月12日,変更認可,葉巻たばこ,ﾊﾟﾄﾞﾛﾝ 1926 No.90 ﾁｭｰﾌﾞ,パドロン1926NO.90チューブ,142mm 1本,1,本,ﾆｶﾗｸﾞｱ,8100,,,https://www.mof.go.jp/policy/tab_salt/topics/20230512_kouriteika.pdf,1,高
a1e8c3c199e95356,2023-05-12,令和5年5月12日,変更認可,葉巻たばこ,ﾊﾟﾄﾞﾛﾝ 1964 ｿﾍﾞﾗﾉ ｽｸｴｱﾁｭｰﾌﾞ,パドロン1964ソベラノスクエアチューブ,130mm 1本,1,本,ﾆｶﾗｸﾞｱ,6500,,,https://www.mof.go.jp/policy/tab_salt/topics/20230512_kouriteika.pdf,1,高
f04597052277665a,2023-05-12,令和5年5月12日,変更認可,葉巻たばこ,ﾊﾟﾄﾞﾛﾝ 1964 ﾌﾟﾚｼﾞﾃﾞﾝﾃ ｽｸｴｱﾁｭｰﾌﾞ,パドロン1964プレジデンテスクエアチューブ,154mm 1本,1,本,ﾆｶﾗｸﾞｱ,6700,,,https://www.mof.go.jp/policy/tab_salt/topics/20230512_kouriteika.pdf,1,高
b836b8e8a50f0b5c,2023-05-12,令和5年5月12日,変更認可,葉巻たばこ,ﾊﾟﾄﾞﾛﾝ 50th ｱﾆﾊﾞｰｻﾘｰ,パドロン50THアニバーサリー,165mm 1本,1,本,ﾆｶﾗｸﾞｱ,13800,,,https://www.mof.go.jp/policy/tab_salt/topics/20230512_kouriteika.pdf,1,高
21dc04e9bca02e03,2023-05-12,令和5年5月12日,変更認可,葉巻たばこ,ﾛﾍﾞﾙﾄ･P･ﾃﾞｭﾗﾝ･ﾊﾞﾗｺｱ ﾛﾌﾞｽﾄ,ロベルトPデュランバラコアロブスト,123mm 1本,1,本,ﾆｶﾗｸﾞｱ,1000,,,https://www.mof.go.jp/policy/tab_salt/topics/20230512_kouriteika.pdf,1,高
c7d81ff1f7b80519,2023-05-12,令和5年5月12日,変更認可,加熱式たばこ,H.O.T. ﾌﾞﾙｰ,H.O.T.ブルー,1本,1,本,ｱﾒﾘｶ合衆国,520,,,https://www.mof.go.jp/policy/tab_salt/topics/20230512_kouriteika.pdf,2,高
097b917534daaba1,2023-05-12,令和5年5月12日,変更認可,加熱式たばこ,H.O.T. ﾒﾝｿｰﾙ,H.O.T.メンソール,1本,1,本,ｱﾒﾘｶ合衆国,520,,,https://www.mof.go.jp/policy/tab_salt/topics/20230512_kouriteika.pdf,2,高
dc6765fdfda32141,2023-05-12,令和5年5月12日,変更認可,加熱式たばこ,H.O.T. ﾚｯﾄﾞ,H.O.T.レッド,1本,1,本,ｱﾒﾘｶ合衆国,520,,,https://www.mof.go.jp/policy/tab_salt/topics/20230512_kouriteika.pdf,2,高
3f1c3b308e76450d,2023-05-12,令和5年5月12日,変更認可,葉巻たばこ,Sobremesa Cervantes Fino,SOBREMESACERVANTESFINO,158mm 1本,1,本,ﾆｶﾗｸﾞｱ,2400,,,https://www.mof.go.jp/policy/tab_salt/topics/20230512_kouriteika.pdf,2,高
73113467e5341761,2023-05-12,令和5年5月12日,変更認可,葉巻たばこ,Sobremesa Robusto Largo,SOBREMESAROBUSTOLARGO,134mm 1本,1,本,ﾆｶﾗｸﾞｱ,2600,,,https://www.mof.go.jp/policy/tab_salt/topics/20230512_kouriteika.pdf,2,高
d529a47cb7d39335,2023-04-24,令和5年4月24日,変更認可,パイプたばこ,BALLI BAGDADI,BALLIBAGDADI,箱,,,ﾄﾙｺ,1600,,,https://www.mof.go.jp/policy/tab_salt/topics/20230424_kouriteika.pdf,1,高
54a4056981838433,2023-04-24,令和5年4月24日,変更認可,パイプたばこ,BALLI BISCUIT,BALLIBISCUIT,箱,,,ﾄﾙｺ,1600,,,https://www.mof.go.jp/policy/tab_salt/topics/20230424_kouriteika.pdf,1,高
e1b297290a4bdac7,2023-04-24,令和5年4月24日,変更認可,パイプたばこ,BALLI CAPPUCCINO,BALLICAPPUCCINO,箱,,,ﾄﾙｺ,1600,,,https://www.mof.go.jp/policy/tab_salt/topics/20230424_kouriteika.pdf,1,高
50eee515c82aef75,2023-04-24,令和5年4月24日,変更認可,パイプたばこ,BALLI COLA,BALLICOLA,箱,,,ﾄﾙｺ,1600,,,https://www.mof.go.jp/policy/tab_salt/topics/20230424_kouriteika.pdf,1,高
e0df34fe0310c4bb,2023-04-24,令和5年4月24日,変更認可,パイプたばこ,BALLI COLA LEMON,BALLICOLALEMON,箱,,,ﾄﾙｺ,1600,,,https://www.mof.go.jp/policy/tab_salt/topics/20230424_kouriteika.pdf,1,高
d16f23646d9d67f3,2023-04-24,令和5年4月24日,変更認可,パイプたばこ,BALLI COLA ORANGE,BALLICOLAORANGE,箱,,,ﾄﾙｺ,1600,,,https://www.mof.go.jp/policy/tab_salt/topics/20230424_kouriteika.pdf,1,高
4cddc3ac502acee9,2023-04-24,令和5年4月24日,変更認可,パイプたばこ,BALLI DRAGON BLUE,BALLIDRAGONBLUE,箱,,,ﾄﾙｺ,1600,,,https://www.mof.go.jp/policy/tab_salt/topics/20230424_kouriteika.pdf,1,高
57fe9d6c7c073fc6,2023-04-24,令和5年4月24日,変更認可,パイプたばこ,BALLI FRESH,BALLIFRESH,箱,,,ﾄﾙｺ,1600,,,https://www.mof.go.jp/policy/tab_salt/topics/20230424_kouriteika.pdf,1,高
f10e866b462bf4fb,2023-04-24,令和5年4月24日,変更認可,パイプたばこ,BALLI GRAPE,BALLIGRAPE,箱,,,ﾄﾙｺ,1600,,,https://www.mof.go.jp/policy/tab_salt/topics/20230424_kouriteika.pdf,1,高
e37b4672ac35e073,2023-04-24,令和5年4月24日,変更認可,パイプたばこ,BALLI GRAPEBERRY,BALLIGRAPEBERRY,箱,,,ﾄﾙｺ,1600,,,https://www.mof.go.jp/policy/tab_salt/topics/20230424_kouriteika.pdf,1,高
a916c2479a1dca51,2023-04-24,令和5年4月24日,変更認可,パイプたばこ,BALLI GUM,BALLIGUM,箱,,,ﾄﾙｺ,1600,,,https://www.mof.go.jp/policy/tab_salt/topics/20230424_kouriteika.pdf,1,高
b6f922c1ce2d8279,2023-04-24,令和5年4月24日,変更認可,パイプたばこ,BALLI LOL,BALLILOL,箱,,,ﾄﾙｺ,1600,,,https://www.mof.go.jp/policy/tab_salt/topics/20230424_kouriteika.pdf,1,高
b61b0fb6e441163a,2023-04-24,令和5年4月24日,変更認可,パイプたばこ,BALLI MANGO PEACH ICE,BALLIMANGOPEACHICE,箱,,,ﾄﾙｺ,1600,,,https://www.mof.go.jp/policy/tab_salt/topics/20230424_kouriteika.pdf,1,高
57cd2e147f1dbeab,2023-04-24,令和5年4月24日,変更認可,パイプたばこ,BALLI MATADOR,BALLIMATADOR,箱,,,ﾄﾙｺ,1600,,,https://www.mof.go.jp/policy/tab_salt/topics/20230424_kouriteika.pdf,1,高
39a03a4023966062,2023-04-24,令和5年4月24日,変更認可,パイプたばこ,BALLI MELON,BALLIMELON,箱,,,ﾄﾙｺ,1600,,,https://www.mof.go.jp/policy/tab_salt/topics/20230424_kouriteika.pdf,1,高
757e4308c7f3c422,2023-04-24,令和5年4月24日,変更認可,パイプたばこ,BALLI MINT,BALLIMINT,箱,,,ﾄﾙｺ,1600,,,https://www.mof.go.jp/policy/tab_salt/topics/20230424_kouriteika.pdf,1,高
bc9f9614c5bf8f0d,2023-04-24,令和5年4月24日,変更認可,パイプたばこ,BALLI NIRVANA,BALLINIRVANA,箱,,,ﾄﾙｺ,1600,,,https://www.mof.go.jp/policy/tab_salt/topics/20230424_kouriteika.pdf,1,高
b4c91d591a648a32,2023-04-24,令和5年4月24日,変更認可,パイプたばこ,BALLI PEACH,BALLIPEACH,箱,,,ﾄﾙｺ,1600,,,https://www.mof.go.jp/policy/tab_salt/topics/20230424_kouriteika.pdf,1,高
222f56fbee07b8df,2023-04-24,令和5年4月24日,変更認可,パイプたばこ,BALLI PINEAPPLE ICE,BALLIPINEAPPLEICE,箱,,,ﾄﾙｺ,1600,,,https://www.mof.go.jp/policy/tab_salt/topics/20230424_kouriteika.pdf,1,高
4be51fe7494df0f4,2023-04-24,令和5年4月24日,変更認可,パイプたばこ,BALLI ROSSA BELLA,BALLIROSSABELLA,箱,,,ﾄﾙｺ,1600,,,https://www.mof.go.jp/policy/tab_salt/topics/20230424_kouriteika.pdf,1,高
15f568e53d2d6a16,2023-04-24,令和5年4月24日,変更認可,パイプたばこ,BALLI SPICED PEACH,BALLISPICEDPEACH,箱,,,ﾄﾙｺ,1600,,,https://www.mof.go.jp/policy/tab_salt/topics/20230424_kouriteika.pdf,1,高
1dece0a61e0799db,2023-04-24,令和5年4月24日,変更認可,パイプたばこ,BALLI STRAWBERRY,BALLISTRAWBERRY,箱,,,ﾄﾙｺ,1600,,,https://www.mof.go.jp/policy/tab_salt/topics/20230424_kouriteika.pdf,1,高
b6f72f0d6d8d5201,2023-04-24,令和5年4月24日,変更認可,パイプたばこ,BALLI TROPICAL,BALLITROPICAL,箱,,,ﾄﾙｺ,1600,,,https://www.mof.go.jp/policy/tab_salt/topics/20230424_kouriteika.pdf,1,高
1c2f25f7bac2d522,2023-04-24,令和5年4月24日,変更認可,パイプたばこ,BALLI WILDBERRY CHILL,BALLIWILDBERRYCHILL,箱,,,ﾄﾙｺ,1600,,,https://www.mof.go.jp/policy/tab_salt/topics/20230424_kouriteika.pdf,1,高
bd6e33b8336c6d60,2023-04-24,令和5年4月24日,変更認可,紙巻たばこ,VLN,VLN,ﾊｰﾄﾞﾊﾟｯｸ,,,ﾄﾙｺ,600,,,https://www.mof.go.jp/policy/tab_salt/topics/20230424_kouriteika.pdf,1,高
70c7a176a958f5cb,2023-04-24,令和5年4月24日,変更認可,紙巻たばこ,VLN ﾒﾝｿｰﾙ,VLNメンソール,ﾊｰﾄﾞﾊﾟｯｸ,,,ﾄﾙｺ,600,,,https://www.mof.go.jp/policy/tab_salt/topics/20230424_kouriteika.pdf,1,高
f57b6d4dc8c14d0f,2023-04-24,令和5年4月24日,変更認可,加熱式たばこ,ｸｰﾙ･ｴｯｸｽ･ﾈｵ･ｱｲｽ･ﾒﾝｿｰﾙ･glo hyper用,クールエックスネオアイスメンソールGLOHYPER用,ﾊｰﾄﾞﾊﾟｯｸ,,,ﾄﾙｺ,540,,,https://www.mof.go.jp/policy/tab_salt/topics/20230424_kouriteika.pdf,1,高
ddda39afe2d4dc41,2023-04-24,令和5年4月24日,変更認可,パイプたばこ,BALLI AFRICAN QUEEN,BALLIAFRICANQUEEN,箱,,,ﾄﾙｺ,1600,,,https://www.mof.go.jp/policy/tab_salt/topics/20230424_kouriteika.pdf,2,高
7358975071742309,2023-04-24,令和5年4月24日,変更認可,パイプたばこ,BALLI BUBBLE GUM,BALLIBUBBLEGUM,箱,,,ﾄﾙｺ,1600,,,https://www.mof.go.jp/policy/tab_salt/topics/20230424_kouriteika.pdf,2,高
b9b3400d6807e32e,2023-04-24,令和5年4月24日,変更認可,パイプたばこ,BALLI DEWAJ,BALLIDEWAJ,箱,,,ﾄﾙｺ,1600,,,https://www.mof.go.jp/policy/tab_salt/topics/20230424_kouriteika.pdf,2,高
108caaf7eff43353,2023-04-24,令和5年4月24日,変更認可,パイプたばこ,BALLI EVEREST,BALLIEVEREST,箱,,,ﾄﾙｺ,1600,,,https://www.mof.go.jp/policy/tab_salt/topics/20230424_kouriteika.pdf,2,高
e479c56e1f18a193,2023-04-24,令和5年4月24日,変更認可,パイプたばこ,BALLI FRESH GUM MINT,BALLIFRESHGUMMINT,箱,,,ﾄﾙｺ,1600,,,https://www.mof.go.jp/policy/tab_salt/topics/20230424_kouriteika.pdf,2,高
0a15a99567dc6dad,2023-04-24,令和5年4月24日,変更認可,パイプたばこ,BALLI GRAPE MINT,BALLIGRAPEMINT,箱,,,ﾄﾙｺ,1600,,,https://www.mof.go.jp/policy/tab_salt/topics/20230424_kouriteika.pdf,2,高
525cb89119cfd203,2023-04-24,令和5年4月24日,変更認可,パイプたばこ,BALLI GUM CINNAMON,BALLIGUMCINNAMON,箱,,,ﾄﾙｺ,1600,,,https://www.mof.go.jp/policy/tab_salt/topics/20230424_kouriteika.pdf,2,高
fff21e6bf1dcf9a1,2023-04-24,令和5年4月24日,変更認可,パイプたばこ,BALLI LEMON,BALLILEMON,箱,,,ﾄﾙｺ,1600,,,https://www.mof.go.jp/policy/tab_salt/topics/20230424_kouriteika.pdf,2,高
9670837c014a0471,2023-04-24,令和5年4月24日,変更認可,パイプたばこ,BALLI LEMON MINT,BALLILEMONMINT,箱,,,ﾄﾙｺ,1600,,,https://www.mof.go.jp/policy/tab_salt/topics/20230424_kouriteika.pdf,2,高
71f5d3a1fc4ed8f7,2023-04-24,令和5年4月24日,変更認可,パイプたばこ,BALLI MOSKOW,BALLIMOSKOW,箱,,,ﾄﾙｺ,1600,,,https://www.mof.go.jp/policy/tab_salt/topics/20230424_kouriteika.pdf,2,高
d7e6c3c571ba86f4,2023-04-24,令和5年4月24日,変更認可,パイプたばこ,BALLI ORANGE,BALLIORANGE,箱,,,ﾄﾙｺ,1600,,,https://www.mof.go.jp/policy/tab_salt/topics/20230424_kouriteika.pdf,2,高
9b37b5823e142484,2023-04-24,令和5年4月24日,変更認可,パイプたばこ,BALLI ORANGE MANGO,BALLIORANGEMANGO,箱,,,ﾄﾙｺ,1600,,,https://www.mof.go.jp/policy/tab_salt/topics/20230424_kouriteika.pdf,2,高
4ab07eea07cf0180,2023-04-24,令和5年4月24日,変更認可,パイプたばこ,BALLI ORANGE MINT ICE,BALLIORANGEMINTICE,箱,,,ﾄﾙｺ,1600,,,https://www.mof.go.jp/policy/tab_salt/topics/20230424_kouriteika.pdf,2,高
770f39de6bb0bd10,2023-04-24,令和5年4月24日,変更認可,パイプたばこ,BALLI RASPBERRY ICE,BALLIRASPBERRYICE,箱,,,ﾄﾙｺ,1600,,,https://www.mof.go.jp/policy/tab_salt/topics/20230424_kouriteika.pdf,2,高
e50a7e5e57d877ab,2023-04-24,令和5年4月24日,変更認可,パイプたばこ,BALLI TURKISH GUM,BALLITURKISHGUM,箱,,,ﾄﾙｺ,1600,,,https://www.mof.go.jp/policy/tab_salt/topics/20230424_kouriteika.pdf,2,高
5ef17ea8ec38cdd2,2023-04-24,令和5年4月24日,変更認可,パイプたばこ,BALLI WATERMELON CHILL,BALLIWATERMELONCHILL,箱,,,ﾄﾙｺ,1600,,,https://www.mof.go.jp/policy/tab_salt/topics/20230424_kouriteika.pdf,2,高
05c307bc91895c4a,2023-04-19,令和5年4月19日,変更認可,加熱式たばこ,ﾒﾋﾞｳｽ･ﾐｯｸｽ･ﾐﾝﾄ･ﾒﾝｿｰﾙ･ﾌﾟﾙｰﾑ･ｴｯｸｽ用,メビウスミックスミントメンソールプルームエックス用,4.9g20本,4.9,g,日本,500,,,https://www.mof.go.jp/policy/tab_salt/topics/20230419_kouriteika.pdf,1,高
63fa5a8b91284ab1,2023-04-10,令和5年4月10日,変更認可,パイプたばこ,"Azure hookah tobacco, Black Line","AZUREHOOKAHTOBACCO,BLACKLINE",100.0g,100,g,ﾄﾞｲﾂ,3500,,,https://www.mof.go.jp/policy/tab_salt/topics/20230410_kouriteika.pdf,1,中
6f5e6363b49544cc,2023-04-10,令和5年4月10日,変更認可,パイプたばこ,Beans,BEANS,ﾊﾟｳﾁ,,,ﾄﾞｲﾂ,3500,,,https://www.mof.go.jp/policy/tab_salt/topics/20230410_kouriteika.pdf,1,高
0d6cac3a37dc689c,2023-04-10,令和5年4月10日,変更認可,パイプたばこ,Butter,BUTTER,ﾊﾟｳﾁ,,,ﾄﾞｲﾂ,3500,,,https://www.mof.go.jp/policy/tab_salt/topics/20230410_kouriteika.pdf,1,高
b5519877c4ac8d67,2023-04-10,令和5年4月10日,変更認可,パイプたばこ,Fruit,FRUIT,ﾊﾟｳﾁ,,,ﾄﾞｲﾂ,3500,,,https://www.mof.go.jp/policy/tab_salt/topics/20230410_kouriteika.pdf,1,高
abbef9cc4438a76f,2023-04-10,令和5年4月10日,変更認可,パイプたばこ,Green Tea,GREENTEA,ﾊﾟｳﾁ,,,ﾄﾞｲﾂ,3500,,,https://www.mof.go.jp/policy/tab_salt/topics/20230410_kouriteika.pdf,1,高
1d18a3db270de33a,2023-04-10,令和5年4月10日,変更認可,パイプたばこ,Milk,MILK,ﾊﾟｳﾁ,,,ﾄﾞｲﾂ,3500,,,https://www.mof.go.jp/policy/tab_salt/topics/20230410_kouriteika.pdf,1,高
e838335cf6966e61,2023-04-10,令和5年4月10日,変更認可,パイプたばこ,Passion Fruit,PASSIONFRUIT,ﾊﾟｳﾁ,,,ﾄﾞｲﾂ,3500,,,https://www.mof.go.jp/policy/tab_salt/topics/20230410_kouriteika.pdf,1,高
4cb1b23c4074648a,2023-04-10,令和5年4月10日,変更認可,パイプたばこ,Pineapple,PINEAPPLE,ﾊﾟｳﾁ,,,ﾄﾞｲﾂ,3500,,,https://www.mof.go.jp/policy/tab_salt/topics/20230410_kouriteika.pdf,1,高
5c4fd6d8e19fb496,2023-04-10,令和5年4月10日,変更認可,パイプたばこ,Royal Orange,ROYALORANGE,ﾊﾟｳﾁ,,,ﾄﾞｲﾂ,3500,,,https://www.mof.go.jp/policy/tab_salt/topics/20230410_kouriteika.pdf,1,高
64f3461327ea64fd,2023-04-10,令和5年4月10日,変更認可,パイプたばこ,Sesame,SESAME,ﾊﾟｳﾁ,,,ﾄﾞｲﾂ,3500,,,https://www.mof.go.jp/policy/tab_salt/topics/20230410_kouriteika.pdf,1,高
760316ba752dd79d,2023-04-10,令和5年4月10日,変更認可,パイプたばこ,Tea,TEA,ﾊﾟｳﾁ,,,ﾄﾞｲﾂ,3500,,,https://www.mof.go.jp/policy/tab_salt/topics/20230410_kouriteika.pdf,1,高
9697f03ff2a42011,2023-04-10,令和5年4月10日,変更認可,パイプたばこ,"Tokyo Shisha, Gold Line Black","TOKYOSHISHA,GOLDLINEBLACK",100.0g,100,g,ﾄﾞｲﾂ,3500,,,https://www.mof.go.jp/policy/tab_salt/topics/20230410_kouriteika.pdf,1,中
4abf5bc28dfa2d53,2023-04-10,令和5年4月10日,変更認可,パイプたばこ,"Tokyo Shisha, Gold Line Chestnut","TOKYOSHISHA,GOLDLINECHESTNUT",ﾊﾟｳﾁ,,,ﾄﾞｲﾂ,3500,,,https://www.mof.go.jp/policy/tab_salt/topics/20230410_kouriteika.pdf,1,高
e50beb6ae03418a3,2023-04-10,令和5年4月10日,変更認可,パイプたばこ,"Tokyo Shisha, Gold Line Coconut","TOKYOSHISHA,GOLDLINECOCONUT",100.0g,100,g,ﾄﾞｲﾂ,3500,,,https://www.mof.go.jp/policy/tab_salt/topics/20230410_kouriteika.pdf,1,中
d99dca0c341f0af5,2023-04-10,令和5年4月10日,変更認可,パイプたばこ,"Tokyo Shisha, Gold Line Down Under","TOKYOSHISHA,GOLDLINEDOWNUNDER",ﾊﾟｳﾁ,,,ﾄﾞｲﾂ,3500,,,https://www.mof.go.jp/policy/tab_salt/topics/20230410_kouriteika.pdf,1,高
921fa7738a4a6cb7,2023-04-10,令和5年4月10日,変更認可,パイプたばこ,"Tokyo Shisha, Gold Line Grapefruit","TOKYOSHISHA,GOLDLINEGRAPEFRUIT",ﾊﾟｳﾁ,,,ﾄﾞｲﾂ,3500,,,https://www.mof.go.jp/policy/tab_salt/topics/20230410_kouriteika.pdf,1,高
1cb09b595a9d0d13,2023-04-10,令和5年4月10日,変更認可,パイプたばこ,"Tokyo Shisha, Gold Line Kiwi","TOKYOSHISHA,GOLDLINEKIWI",ﾊﾟｳﾁ,,,ﾄﾞｲﾂ,3500,,,https://www.mof.go.jp/policy/tab_salt/topics/20230410_kouriteika.pdf,1,高
1c9848c18e7cec60,2023-04-10,令和5年4月10日,変更認可,パイプたばこ,"Tokyo Shisha, Gold Line Kokutou","TOKYOSHISHA,GOLDLINEKOKUTOU",ﾊﾟｳﾁ,,,ﾄﾞｲﾂ,3500,,,https://www.mof.go.jp/policy/tab_salt/topics/20230410_kouriteika.pdf,1,高
aeeb46ff3a2dd870,2023-04-10,令和5年4月10日,変更認可,パイプたばこ,"Tokyo Shisha, Gold Line Osaka","TOKYOSHISHA,GOLDLINEOSAKA",ﾊﾟｳﾁ,,,ﾄﾞｲﾂ,3500,,,https://www.mof.go.jp/policy/tab_salt/topics/20230410_kouriteika.pdf,1,高
828ba0bc031fcc1b,2023-04-10,令和5年4月10日,変更認可,パイプたばこ,"Tokyo Shisha, Gold Line Passion","TOKYOSHISHA,GOLDLINEPASSION",100.0g,100,g,ﾄﾞｲﾂ,3500,,,https://www.mof.go.jp/policy/tab_salt/topics/20230410_kouriteika.pdf,1,中
8afdf095917a3dd1,2023-04-10,令和5年4月10日,変更認可,パイプたばこ,"Tokyo Shisha, Gold Line Peanut","TOKYOSHISHA,GOLDLINEPEANUT",100.0g,100,g,ﾄﾞｲﾂ,3500,,,https://www.mof.go.jp/policy/tab_salt/topics/20230410_kouriteika.pdf,1,中
0e2ca1e5164a8937,2023-04-10,令和5年4月10日,変更認可,パイプたばこ,"Tokyo Shisha, Gold Line Pineapple","TOKYOSHISHA,GOLDLINEPINEAPPLE",ﾊﾟｳﾁ,,,ﾄﾞｲﾂ,3500,,,https://www.mof.go.jp/policy/tab_salt/topics/20230410_kouriteika.pdf,1,高
c7155c71c3f68818,2023-04-10,令和5年4月10日,変更認可,パイプたばこ,"Tokyo Shisha, Gold Line Red Bean","TOKYOSHISHA,GOLDLINEREDBEAN",ﾊﾟｳﾁ,,,ﾄﾞｲﾂ,3500,,,https://www.mof.go.jp/policy/tab_salt/topics/20230410_kouriteika.pdf,1,高
4f3e0658daeff23c,2023-04-10,令和5年4月10日,変更認可,パイプたばこ,"Tokyo Shisha, Gold Line Roasted","TOKYOSHISHA,GOLDLINEROASTED",100.0g,100,g,ﾄﾞｲﾂ,3500,,,https://www.mof.go.jp/policy/tab_salt/topics/20230410_kouriteika.pdf,1,中
5177863d1e8d6940,2023-04-10,令和5年4月10日,変更認可,パイプたばこ,"Tokyo Shisha, Gold Line Royal Milk","TOKYOSHISHA,GOLDLINEROYALMILK",100.0g,100,g,ﾄﾞｲﾂ,3500,,,https://www.mof.go.jp/policy/tab_salt/topics/20230410_kouriteika.pdf,1,中
2ab3a532b568bbec,2023-04-10,令和5年4月10日,変更認可,パイプたばこ,"Tokyo Shisha, Gold Line Rum Raisin","TOKYOSHISHA,GOLDLINERUMRAISIN",ﾊﾟｳﾁ,,,ﾄﾞｲﾂ,3500,,,https://www.mof.go.jp/policy/tab_salt/topics/20230410_kouriteika.pdf,1,高
1372e51d3e0a85f8,2023-04-10,令和5年4月10日,変更認可,パイプたばこ,"Tokyo Shisha, Gold Line Sakura","TOKYOSHISHA,GOLDLINESAKURA",ﾊﾟｳﾁ,,,ﾄﾞｲﾂ,3500,,,https://www.mof.go.jp/policy/tab_salt/topics/20230410_kouriteika.pdf,1,高
b7710485e60d6c23,2023-04-10,令和5年4月10日,変更認可,パイプたばこ,"Tokyo Shisha, Gold Line Tokyo","TOKYOSHISHA,GOLDLINETOKYO",ﾊﾟｳﾁ,,,ﾄﾞｲﾂ,3500,,,https://www.mof.go.jp/policy/tab_salt/topics/20230410_kouriteika.pdf,1,高
3cd6182b2ebcaa7e,2023-04-10,令和5年4月10日,変更認可,パイプたばこ,"Tokyo Shisha, Gold Line Vanilla","TOKYOSHISHA,GOLDLINEVANILLA",100.0g,100,g,ﾄﾞｲﾂ,3500,,,https://www.mof.go.jp/policy/tab_salt/topics/20230410_kouriteika.pdf,1,中
3514e54d0bf03c06,2023-04-10,令和5年4月10日,変更認可,パイプたばこ,"Tokyo Shisha, Gold Line Wasabi","TOKYOSHISHA,GOLDLINEWASABI",ﾊﾟｳﾁ,,,ﾄﾞｲﾂ,3500,,,https://www.mof.go.jp/policy/tab_salt/topics/20230410_kouriteika.pdf,1,高
78b258e2f9dc6194,2023-04-10,令和5年4月10日,変更認可,パイプたばこ,ｷｬﾌﾟﾃﾝﾌﾞﾗｯｸ ﾊﾟｲﾌﾟ ｳｫｰﾀｰﾒﾛﾝ 42.5,キャプテンブラックパイプウォーターメロン42.5,ﾊﾟｳﾁ,,,ﾃﾞﾝﾏｰｸ,1400,,,https://www.mof.go.jp/policy/tab_salt/topics/20230410_kouriteika.pdf,1,高
d6a01f5da74405bd,2023-04-10,令和5年4月10日,変更認可,パイプたばこ,ｷｬﾌﾟﾃﾝﾌﾞﾗｯｸ ﾊﾟｲﾌﾟ ｸﾞﾘｰﾝｱｯﾌﾟﾙ 42.5,キャプテンブラックパイプグリーンアップル42.5,ﾊﾟｳﾁ,,,ﾃﾞﾝﾏｰｸ,1400,,,https://www.mof.go.jp/policy/tab_salt/topics/20230410_kouriteika.pdf,1,高
e8f901b04a8a1f80,2023-04-10,令和5年4月10日,変更認可,葉巻たばこ,ｼｰｴｰｵｰ ﾌｧｲﾔｰｳｫｰｶｰ LE,シーエーオーファイヤーウォーカーLE,165mm 1本,1,本,ﾆｶﾗｸﾞｱ,2000,,,https://www.mof.go.jp/policy/tab_salt/topics/20230410_kouriteika.pdf,1,高
0a83d7754658be10,2023-04-10,令和5年4月10日,変更認可,パイプたばこ,ﾌﾟｴﾌﾞﾛﾅﾁｭﾗﾙ ｼｬｸﾞﾌﾞﾙｰ 100,プエブロナチュラルシャグブルー100,円柱ﾎﾞｯｸｽ,,,ﾄﾞｲﾂ,2690,,,https://www.mof.go.jp/policy/tab_salt/topics/20230410_kouriteika.pdf,1,高
5e874429791932c3,2023-04-10,令和5年4月10日,変更認可,パイプたばこ,Chocolate,CHOCOLATE,ﾊﾟｳﾁ,,,ﾄﾙｺ,3500,,,https://www.mof.go.jp/policy/tab_salt/topics/20230410_kouriteika.pdf,2,高
a7db75b17f6a6cb7,2023-04-10,令和5年4月10日,変更認可,パイプたばこ,Eat a Pancake,EATAPANCAKE,ﾊﾟｳﾁ,,,ﾄﾙｺ,3500,,,https://www.mof.go.jp/policy/tab_salt/topics/20230410_kouriteika.pdf,2,高
d7df566ada7a3471,2023-04-10,令和5年4月10日,変更認可,パイプたばこ,Flavored,FLAVORED,箱,,,ﾄﾙｺ,1750,,,https://www.mof.go.jp/policy/tab_salt/topics/20230410_kouriteika.pdf,2,高
c398b573fc723614,2023-04-10,令和5年4月10日,変更認可,パイプたばこ,Hazelnut,HAZELNUT,ﾊﾟｳﾁ,,,ﾄﾙｺ,3500,,,https://www.mof.go.jp/policy/tab_salt/topics/20230410_kouriteika.pdf,2,高
5b645c7102e8603b,2023-04-10,令和5年4月10日,変更認可,パイプたばこ,REVOSHI TOBACCO Mastic Flavored,REVOSHITOBACCOMASTICFLAVORED,箱,,,ﾄﾙｺ,1750,,,https://www.mof.go.jp/policy/tab_salt/topics/20230410_kouriteika.pdf,2,高
4956a37ec2b132e7,2023-04-10,令和5年4月10日,変更認可,パイプたばこ,REVOSHI TOBACCO Sweet Pineapple,REVOSHITOBACCOSWEETPINEAPPLE,50.0g,50,g,ﾄﾙｺ,1750,,,https://www.mof.go.jp/policy/tab_salt/topics/20230410_kouriteika.pdf,2,中
64304db8be47e154,2023-04-10,令和5年4月10日,変更認可,パイプたばこ,Shisha,SHISHA,ﾊﾟｳﾁ,,,ﾄﾙｺ,3500,,,https://www.mof.go.jp/policy/tab_salt/topics/20230410_kouriteika.pdf,2,高
6aad008909fcb4a9,2023-04-10,令和5年4月10日,変更認可,パイプたばこ,Special,SPECIAL,ﾊﾟｳﾁ,,,ﾄﾙｺ,3500,,,https://www.mof.go.jp/policy/tab_salt/topics/20230410_kouriteika.pdf,2,高
af8bdcbe5874ee4b,2023-04-10,令和5年4月10日,変更認可,パイプたばこ,Syrup,SYRUP,ﾊﾟｳﾁ,,,ﾄﾙｺ,3500,,,https://www.mof.go.jp/policy/tab_salt/topics/20230410_kouriteika.pdf,2,高
53ea18ee5930cf2a,2023-04-10,令和5年4月10日,変更認可,パイプたばこ,Tangiers Cane Mint Alpha,TANGIERSCANEMINTALPHA,ﾊﾟｳﾁ,,,ﾄﾙｺ,3600,,,https://www.mof.go.jp/policy/tab_salt/topics/20230410_kouriteika.pdf,2,高
af469fce18808a0b,2023-04-10,令和5年4月10日,変更認可,パイプたばこ,Tangiers Foreplay on the Peach,TANGIERSFOREPLAYONTHEPEACH,ﾊﾟｳﾁ,,,ﾄﾙｺ,3600,,,https://www.mof.go.jp/policy/tab_salt/topics/20230410_kouriteika.pdf,2,高
7d055753e3520982,2023-04-10,令和5年4月10日,変更認可,パイプたばこ,Tangiers Pink Grapefruit,TANGIERSPINKGRAPEFRUIT,ﾊﾟｳﾁ,,,ﾄﾙｺ,3600,,,https://www.mof.go.jp/policy/tab_salt/topics/20230410_kouriteika.pdf,2,高
05009e8556c11f36,2023-04-10,令和5年4月10日,変更認可,パイプたばこ,"Tokyo Shisha, Gold Line Banana","TOKYOSHISHA,GOLDLINEBANANA",100.0g,100,g,ﾄﾙｺ,3500,,,https://www.mof.go.jp/policy/tab_salt/topics/20230410_kouriteika.pdf,2,中
7e0aa81aaac3113c,2023-04-10,令和5年4月10日,変更認可,パイプたばこ,"Tokyo Shisha, Gold Line Honey Comb","TOKYOSHISHA,GOLDLINEHONEYCOMB",ﾊﾟｳﾁ,,,ﾄﾙｺ,3500,,,https://www.mof.go.jp/policy/tab_salt/topics/20230410_kouriteika.pdf,2,高
894bf626a472fd76,2023-04-10,令和5年4月10日,変更認可,パイプたばこ,"Tokyo Shisha, Gold Line I Want to","TOKYOSHISHA,GOLDLINEIWANTTO",100.0g,100,g,ﾄﾙｺ,3500,,,https://www.mof.go.jp/policy/tab_salt/topics/20230410_kouriteika.pdf,2,中
602bf239ee1e216b,2023-04-10,令和5年4月10日,変更認可,パイプたばこ,"Tokyo Shisha, Gold Line Maple","TOKYOSHISHA,GOLDLINEMAPLE",100.0g,100,g,ﾄﾙｺ,3500,,,https://www.mof.go.jp/policy/tab_salt/topics/20230410_kouriteika.pdf,2,中
184beb9a5ed3f031,2023-04-10,令和5年4月10日,変更認可,パイプたばこ,"Tokyo Shisha, Gold Line Milk","TOKYOSHISHA,GOLDLINEMILK",ﾊﾟｳﾁ,,,ﾄﾙｺ,3500,,,https://www.mof.go.jp/policy/tab_salt/topics/20230410_kouriteika.pdf,2,高
b1619d1423277ec7,2023-04-10,令和5年4月10日,変更認可,パイプたばこ,"Tokyo Shisha, Gold Line Ramune","TOKYOSHISHA,GOLDLINERAMUNE",ﾊﾟｳﾁ,,,ﾄﾙｺ,3500,,,https://www.mof.go.jp/policy/tab_salt/topics/20230410_kouriteika.pdf,2,高
f10c595908803cc0,2023-04-10,令和5年4月10日,変更認可,パイプたばこ,"Tokyo Shisha, Gold Line Relax and","TOKYOSHISHA,GOLDLINERELAXAND",100.0g,100,g,ﾄﾙｺ,3500,,,https://www.mof.go.jp/policy/tab_salt/topics/20230410_kouriteika.pdf,2,中
1fbffdfbf8e80464,2023-04-10,令和5年4月10日,変更認可,パイプたばこ,"Tokyo Shisha, Gold Line Ube","TOKYOSHISHA,GOLDLINEUBE",ﾊﾟｳﾁ,,,ﾄﾙｺ,3500,,,https://www.mof.go.jp/policy/tab_salt/topics/20230410_kouriteika.pdf,2,高
1a6eae448be813c2,2023-04-10,令和5年4月10日,変更認可,パイプたばこ,"Tokyo Shisha, Gold Line Vangvieng","TOKYOSHISHA,GOLDLINEVANGVIENG",100.0g,100,g,ﾄﾙｺ,3500,,,https://www.mof.go.jp/policy/tab_salt/topics/20230410_kouriteika.pdf,2,中
e254d2edc5be1171,2023-04-10,令和5年4月10日,変更認可,パイプたばこ,"Tokyo Shisha, Gold Line White","TOKYOSHISHA,GOLDLINEWHITE",100.0g,100,g,ﾄﾙｺ,3500,,,https://www.mof.go.jp/policy/tab_salt/topics/20230410_kouriteika.pdf,2,中
